data;horario;n_da_ocorrencia;tipo_de_ocorrencia;km;trecho;sentido;tipo_de_acidente;automovel;bicicleta;caminhao;moto;onibus;outros;tracao_animal;transporte_de_cargas_especiais;trator_maquinas;utilitarios;ilesos;levemente_feridos;moderadamente_feridos;gravemente_feridos;mortos
"09/08/2019";"19:51:00";"188";"Sem vítima";"93";"BR-290/RS";"Oeste";"Colisão - Lateral";1;0;1;0;0;0;0;0;0;0;7;0;0;0;0
"10/08/2019";"11:14:00";"106";"Sem vítima";"92";"BR-290/RS";"Leste";"Colisão - Lateral";0;0;1;0;0;0;0;0;0;0;3;0;0;0;0
"10/08/2019";"17:24:00";"142";"com vítima";"91";"BR-290/RS";"Oeste";"Queda de ribanceira";2;0;0;0;0;0;0;0;0;0;0;0;1;0;0
"11/08/2019";"02:51:00";"25";"Sem vítima";"36";"BR-290/RS";"Leste";"Atropelamento de Animal";1;0;0;1;0;0;0;0;0;0;4;0;0;0;0
"11/08/2019";"07:16:00";"31";"com vítima";"34";"BR-290/RS";"Oeste";"Saída de pista";1;0;0;0;0;0;0;0;0;0;7;1;0;0;0
"11/08/2019";"11:09:00";"51";"Sem vítima";"90";"BR-290/RS";"Leste";"Queda de ribanceira";2;0;0;0;0;0;0;0;0;0;1;0;0;0;0
"11/08/2019";"13:42:00";"58";"com vítima";"53";"BR-290/RS";"Oeste";"Choque - Canaleta";1;0;0;0;0;0;0;0;0;0;0;1;0;0;0
"11/08/2019";"16:01:00";"64";"Sem vítima";"54";"BR-290/RS";"Leste";"Queda de ribanceira";1;0;0;0;0;0;0;0;0;0;1;0;0;0;0
"11/08/2019";"16:48:00";"69";"Sem vítima";"98";"BR-290/RS";"Oeste";;1;0;0;0;0;0;0;0;0;0;4;0;0;0;0
"11/08/2019";"19:53:00";"91";"Sem vítima";"72";"BR-290/RS";"Leste";"Outros";1;0;1;0;0;0;0;0;0;0;1;0;0;0;0
"12/08/2019";"08:57:00";"74";"Sem vítima";"79";"BR-290/RS";"Leste";;0;0;2;0;0;0;0;0;0;0;1;0;0;0;0
"12/08/2019";"12:11:00";"129";"Sem vítima";"92";"BR-290/RS";"Oeste";;1;0;0;0;0;0;0;0;0;0;1;0;0;0;0
"12/08/2019";"14:42:00";"157";"Sem vítima";"76,08";"BR-290/RS";"Oeste";"Colisão - Traseira";0;0;1;0;0;0;0;0;0;0;2;0;0;0;0
"12/08/2019";"16:09:00";"176";"com vítima";"354";"BR-386/RS";"Norte";"Colisão - Traseira";1;0;0;0;0;0;0;0;0;0;1;2;0;0;0
"12/08/2019";"16:16:00";"177";"com vítima";"415";"BR-386/RS";"Norte";"Colisão - Transversal";1;0;0;0;0;0;0;0;0;0;0;4;0;0;0
"12/08/2019";"17:10:00";"191";"Sem vítima";"94,07";"BR-290/RS";"Oeste";"Choque Defensa";1;0;1;0;0;0;0;0;0;0;1;0;0;0;0
"12/08/2019";"17:46:00";"203";"Sem vítima";"411,15";"BR-386/RS";"Norte";"Queda de ribanceira";1;0;0;0;0;0;0;0;0;0;1;0;0;0;0
"12/08/2019";"18:34:00";"220";"Sem vítima";"440";"BR-386/RS";"Norte";"Queda de ribanceira";2;0;0;0;0;0;0;0;0;0;1;0;0;0;0
"12/08/2019";"19:25:00";"228";"Sem vítima";"13";"BR-290/RS";"Leste";;4;0;0;0;1;0;0;0;0;0;1;0;0;0;0
"12/08/2019";"19:49:00";"231";"Sem vítima";"37";"BR-290/RS";"Leste";"Saída de pista";1;0;0;0;0;0;0;0;0;0;1;0;0;0;0
"12/08/2019";"21:31:00";"239";"Sem vítima";"400";"BR-386/RS";"Sul";"Choque Talude";0;0;2;0;0;0;0;0;0;0;3;0;0;0;0
"13/08/2019";"00:03:00";"3";"com vítima";"369,38";"BR-386/RS";"Sul";"Queda de moto";1;0;0;0;0;0;0;0;0;0;0;0;1;0;0
"13/08/2019";"05:24:00";"32";"Sem vítima";"370";"BR-386/RS";"Sul";"Capotamento";1;0;0;0;0;0;0;0;0;0;1;0;0;0;0
"13/08/2019";"05:40:00";"35";"Sem vítima";"236";"BR-386/RS";"Sul";;2;0;0;0;0;0;0;0;0;0;1;0;0;0;0
"13/08/2019";"12:50:00";"147";"com vítima";"216";"BR-386/RS";"Norte";"Colisão - Traseira";1;0;0;0;0;0;0;0;0;0;1;0;1;0;0
"14/08/2019";"01:40:00";"19";"Sem vítima";"87";"BR-290/RS";"Leste";"Queda de ribanceira";2;0;0;0;0;0;0;0;0;0;1;0;0;0;0
"15/08/2019";"01:49:00";"13";"Sem vítima";"346,17";"BR-386/RS";"Norte";"Queda de ribanceira";0;0;0;1;0;0;0;0;0;0;1;0;0;0;0
"15/08/2019";"12:19:00";"68";"Sem vítima";"19";"BR-290/RS";"Oeste";;1;0;0;0;0;0;0;0;0;0;1;0;0;0;0
"15/08/2019";"13:46:00";"79";"Sem vítima";"82";"BR-101/RS";"Ambos";"Colisão - Lateral";1;0;1;0;0;0;0;0;0;0;1;0;0;0;0
"15/08/2019";"15:32:00";"92";"Sem vítima";"35";"BR-101/RS";"Norte";"Queda de ribanceira";1;0;0;0;0;0;0;0;0;0;1;0;0;0;0
"15/08/2019";"18:08:00";"124";"Sem vítima";"95";"BR-290/RS";"Oeste";"Colisão - Traseira";3;0;0;0;0;0;0;0;0;0;3;0;0;0;0
"16/08/2019";"03:23:00";"10";"Sem vítima";"59";"BR-290/RS";"Oeste";"Capotamento";2;0;0;0;0;0;0;0;0;0;1;0;0;0;0
"16/08/2019";"07:20:00";"19";"com vítima";"12";"BR-448/RS";"Norte";"Choque Barreira";1;0;0;1;0;0;0;0;0;0;0;1;0;0;0
"16/08/2019";"07:29:00";"23";"com vítima";"93";"BR-290/RS";"Oeste";;0;0;0;1;0;0;0;0;0;0;0;0;1;0;0
"16/08/2019";"09:18:00";"62";"Sem vítima";"19";"BR-290/RS";"Oeste";;0;0;1;0;0;0;0;0;0;0;2;0;0;0;0
"16/08/2019";"09:47:00";"71";"Sem vítima";"258";"BR-386/RS";"Ambos";"Tombamento";2;0;0;0;0;0;0;0;0;0;1;0;0;0;0
"16/08/2019";"15:20:00";"159";"Sem vítima";"33";"BR-101/RS";"Sul";"Colisão - Lateral";0;0;0;1;0;0;0;0;0;0;2;0;0;0;0
"16/08/2019";"15:41:00";"166";"Sem vítima";"34";"BR-101/RS";"Norte";"Queda de ribanceira";1;0;0;0;0;0;0;0;0;0;1;0;0;0;0
"16/08/2019";"17:08:00";"189";"com vítima";"92";"BR-290/RS";"Leste";"Colisão - Traseira";0;0;2;0;0;0;0;0;0;0;1;1;0;0;0
"16/08/2019";"22:01:00";"246";"com vítima";"97";"BR-290/RS";"Oeste";"Colisão - Traseira";1;0;0;0;0;0;0;0;0;0;1;0;1;0;0
"16/08/2019";"23:35:00";"260";"Sem vítima";"245";"BR-386/RS";"Sul";"Atropelamento de Animal";1;0;0;0;0;0;0;0;0;0;1;0;0;0;0
"17/08/2019";"10:56:00";"153";"Sem vítima";"342";"BR-386/RS";"Norte";"Choque com veículo no acostamento";1;0;0;0;0;0;0;0;0;0;2;0;0;0;0
"17/08/2019";"15:25:00";"217";"com vítima";"9";"BR-101/RS";"Ambos";"Colisão - Lateral";1;0;0;0;0;0;0;0;0;0;0;2;0;0;0
"17/08/2019";"15:26:00";"218";"com vítima";"54";"BR-290/RS";"Oeste";"Colisão - Traseira";1;0;0;1;0;0;0;0;0;0;0;1;1;0;0
"18/08/2019";"02:44:00";"26";"com vítima";"92";"BR-290/RS";"Oeste";"Queda de moto";1;0;0;0;0;0;0;0;0;0;0;0;0;1;0
"18/08/2019";"04:46:00";"39";"Sem vítima";"48";"BR-101/RS";"Sul";"Choque Defensa";0;0;1;0;0;0;0;0;0;0;1;0;0;0;0
"18/08/2019";"19:25:00";"189";"Sem vítima";"402,56";"BR-386/RS";"Sul";"Queda de ribanceira";1;0;0;0;0;0;0;0;0;0;2;0;0;0;0
"19/08/2019";"00:05:00";"1";"Sem vítima";"65";"BR-101/RS";"Norte";"Queda de ribanceira";1;0;0;0;0;0;0;0;0;0;2;0;0;0;0
"19/08/2019";"03:05:00";"12";"Sem vítima";"47";"BR-290/RS";"Oeste";"Saída de pista";1;0;0;0;0;0;0;0;0;0;3;0;0;0;0
"19/08/2019";"03:38:00";"14";"com vítima";"52";"BR-290/RS";"Oeste";"Colisão - Traseira";1;0;2;0;0;0;0;0;0;0;0;0;1;0;0
"19/08/2019";"09:53:00";"52";"Sem vítima";"77";"BR-290/RS";"Oeste";"Choque Praça - Cabine";1;0;0;0;0;0;0;0;0;0;3;0;0;0;0
"19/08/2019";"14:17:00";"94";"com vítima";"35";"BR-101/RS";"Norte";"Queda de moto";2;0;0;0;0;0;0;0;0;0;0;1;0;0;0
"19/08/2019";"14:56:00";"102";"com vítima";"75";"BR-290/RS";"Oeste";;1;0;0;0;0;0;0;0;0;0;0;1;0;0;0
"19/08/2019";"17:15:00";"122";"com vítima";"336";"BR-386/RS";"Norte";"Engavetamento";1;0;0;0;0;0;0;0;0;0;2;1;0;0;0
"19/08/2019";"19:21:00";"130";"com vítima";"242";"BR-386/RS";"Norte";"Colisão - Lateral";0;0;1;0;0;0;0;0;0;0;0;2;0;0;0
"19/08/2019";"19:27:00";"131";"Sem vítima";"68";"BR-290/RS";"Oeste";;1;0;0;0;0;0;0;0;0;0;4;0;0;0;0
"20/08/2019";"01:45:00";"5";"Sem vítima";"91";"BR-290/RS";"Leste";"Queda de ribanceira";1;0;0;0;0;0;0;0;0;0;1;0;0;0;0
"20/08/2019";"06:31:00";"14";"com vítima";"282";"BR-386/RS";"Norte";"Colisão - Traseira";1;0;0;0;0;0;0;0;0;0;1;1;0;0;0
"20/08/2019";"07:02:00";"17";"Sem vítima";"290";"BR-386/RS";"Ambos";"Choque com veículo no acostamento";1;0;0;0;0;0;0;0;0;0;1;0;0;0;0
"20/08/2019";"07:34:00";"21";"Sem vítima";"299";"BR-386/RS";"Norte";"Queda de ribanceira";1;0;0;1;0;0;0;0;0;0;1;0;0;0;0
"20/08/2019";"09:39:00";"40";"com vítima";"352";"BR-386/RS";"Sul";"Colisão - Lateral";0;0;0;1;0;0;0;0;0;0;2;2;0;0;0
"20/08/2019";"14:33:00";"72";"Sem vítima";"92";"BR-290/RS";"Leste";"Colisão - Lateral";4;0;0;0;0;0;0;0;0;0;2;0;0;0;0
"20/08/2019";"17:44:00";"96";"Sem vítima";"338";"BR-386/RS";"Norte";"Colisão - Transversal";4;0;0;0;0;0;0;0;0;0;4;0;0;0;0
"20/08/2019";"18:08:00";"101";"Sem vítima";"338";"BR-386/RS";"Norte";;2;0;0;0;0;0;0;0;0;0;1;0;0;0;0
"20/08/2019";"21:42:00";"129";"com vítima";"265";"BR-386/RS";"Norte";"Colisão - Frontal";2;0;0;0;0;0;0;0;0;0;1;1;2;0;0
"21/08/2019";"10:27:00";"78";"Sem vítima";"325";"BR-386/RS";"Norte";"Colisão - Traseira";0;0;1;0;0;0;0;0;0;0;2;0;0;0;0
"21/08/2019";"18:50:00";"196";"Sem vítima";"94";"BR-290/RS";"Leste";"Colisão - Traseira";0;0;2;0;0;0;0;0;0;0;2;0;0;0;0
"22/08/2019";"04:06:00";"32";"Sem vítima";"52";"BR-101/RS";"Sul";"Choque Defensa";3;0;0;0;0;0;0;0;0;0;1;0;0;0;0
"22/08/2019";"05:52:00";"40";"Sem vítima";"95";"BR-290/RS";"Leste";"Colisão - Lateral";1;0;0;0;0;0;0;0;0;0;3;0;0;0;0
"22/08/2019";"07:31:00";"57";"com vítima";"95";"BR-290/RS";"Oeste";"Colisão - Lateral";0;0;0;0;0;0;0;0;0;0;3;1;0;0;0
"22/08/2019";"08:29:00";"84";"com vítima";"61";"BR-101/RS";"Sul";"Queda de moto";0;0;0;0;0;0;0;0;0;0;0;0;1;0;0
"22/08/2019";"10:53:00";"124";"Sem vítima";"26";"BR-290/RS";"Leste";"Queda de ribanceira";0;0;0;0;0;0;0;0;0;0;1;0;0;0;0
"22/08/2019";"16:03:00";"185";"Sem vítima";"438";"BR-386/RS";"Sul";"Colisão - Lateral";0;0;0;0;0;0;0;0;0;0;2;0;0;0;0
"22/08/2019";"19:08:00";"220";"Sem vítima";"88,1";"BR-290/RS";"Leste";"Colisão - Lateral";0;0;0;0;0;0;0;0;0;0;2;0;0;0;0
"23/08/2019";"07:12:00";"56";"Sem vítima";"70";"BR-101/RS";"Sul";"Queda de ribanceira";0;0;0;0;0;0;0;0;0;0;1;0;0;0;0
"23/08/2019";"10:33:00";"84";"com vítima";"8";"BR-290/RS";"Oeste";"Queda de ribanceira";0;0;0;0;0;0;0;0;0;0;0;1;0;0;0
"23/08/2019";"12:34:00";"120";"Sem vítima";"432";"BR-386/RS";"Sul";"Colisão - Traseira";0;0;0;0;0;0;0;0;0;0;2;0;0;0;0
"23/08/2019";"15:50:00";"153";"Sem vítima";"430";"BR-386/RS";"Sul";"Colisão - Traseira";0;0;0;0;0;0;0;0;0;0;2;0;0;0;0
"23/08/2019";"19:20:00";"202";"Sem vítima";"296";"BR-386/RS";"Norte";"Tombamento";0;0;0;0;0;0;0;0;0;0;1;0;0;0;0
"24/08/2019";"07:56:00";"28";"Sem vítima";"77";"BR-290/RS";"Leste";"Colisão - Traseira";0;0;0;0;0;0;0;0;0;0;6;0;0;0;0
"24/08/2019";"08:26:00";"30";"com vítima";"17";"BR-448/RS";"Sul";"Choque Defensa";0;0;0;0;0;0;0;0;0;0;0;0;1;0;0
"24/08/2019";"10:54:00";"49";"com vítima";"334";"BR-386/RS";"Sul";"Colisão - Traseira";0;0;0;0;0;0;0;0;0;0;1;1;1;0;0
"24/08/2019";"12:25:00";"65";"com vítima";"222";"BR-386/RS";"Norte";"Capotamento";0;0;0;0;0;0;0;0;0;0;0;0;1;0;0
"25/08/2019";"04:06:00";"11";"Sem vítima";"52";"BR-290/RS";"Oeste";"Queda de ribanceira";0;0;0;0;0;0;0;0;0;0;1;0;0;0;0
"25/08/2019";"05:44:00";"14";"Sem vítima";"51";"BR-101/RS";"Sul";"Capotamento";0;0;0;0;0;0;0;0;0;0;1;0;0;0;0
"25/08/2019";"11:47:00";"43";"Sem vítima";"92";"BR-290/RS";"Oeste";"Choque Defensa";0;0;0;0;0;0;0;0;0;0;2;0;0;0;0
"25/08/2019";"15:07:00";"62";"com vítima";"366";"BR-386/RS";"Norte";"Colisão - Traseira";0;0;0;0;0;0;0;0;0;0;6;1;0;0;0
"25/08/2019";"18:37:00";"97";"com vítima";"412";"BR-386/RS";"Norte";;0;0;0;0;0;0;0;0;0;0;0;0;0;1;0
"25/08/2019";"23:25:00";"117";"Sem vítima";"333";"BR-386/RS";"Norte";"Colisão - Lateral";0;0;0;0;0;0;0;0;0;0;2;0;0;0;0
"26/08/2019";"11:33:00";"100";"com vítima";"242";"BR-386/RS";"Ambos";"Colisão - Transversal";0;0;0;0;0;0;0;0;0;0;2;0;1;0;0
"26/08/2019";"16:22:00";"153";"Sem vítima";"226";"BR-386/RS";"Norte";"Queda de ribanceira";0;0;0;0;0;0;0;0;0;0;1;0;0;0;0
"26/08/2019";"16:28:00";"155";"Sem vítima";"97,13";"BR-290/RS";"Leste";"Colisão - Lateral";0;0;0;0;0;0;0;0;0;0;3;0;0;0;0
"26/08/2019";"17:58:00";"172";"Sem vítima";"278";"BR-386/RS";"Sul";"Colisão - Lateral";0;0;0;0;0;0;0;0;0;0;1;0;0;0;0
"26/08/2019";"19:03:00";"185";"com vítima";"352";"BR-386/RS";"Norte";"Colisão - Lateral";0;0;0;0;0;0;0;0;0;0;0;1;0;0;0
"26/08/2019";"20:30:00";"199";"Sem vítima";"215";"BR-386/RS";"Norte";"Colisão - Lateral";0;0;0;0;0;0;0;0;0;0;4;0;0;0;0
"26/08/2019";"23:24:00";"222";"Sem vítima";"232,1";"BR-386/RS";"Sul";;0;0;0;0;0;0;0;0;0;0;2;0;0;0;0
"27/08/2019";"09:39:00";"90";"Sem vítima";"233";"BR-386/RS";"Norte";"Engavetamento";0;0;0;0;0;0;0;0;0;0;1;0;0;0;0
"27/08/2019";"11:16:00";"109";"Sem vítima";"349";"BR-386/RS";"Norte";"Colisão - Traseira";0;0;0;0;0;0;0;0;0;0;2;0;0;0;0
"27/08/2019";"14:29:00";"152";"Sem vítima";"367";"BR-386/RS";"Sul";"Queda de ribanceira";0;0;0;0;0;0;0;0;0;0;2;0;0;0;0
"27/08/2019";"16:32:00";"177";"com vítima";"373";"BR-386/RS";"Sul";"Choque com veículo na faixa de rolamento";0;0;0;0;0;0;0;0;0;0;1;3;0;0;0
"27/08/2019";"17:01:00";"188";"com vítima";"13,25";"BR-448/RS";"Sul";"Choque com veículo no acostamento";0;0;0;0;0;0;0;0;0;0;0;0;1;2;0
"27/08/2019";"22:00:00";"223";"Sem vítima";"92";"BR-290/RS";"Leste";"Queda de moto";0;0;0;0;0;0;0;0;0;0;1;0;0;0;0
"28/08/2019";"05:26:00";"28";"Sem vítima";"36";"BR-290/RS";"Leste";"Colisão - Traseira";0;0;0;0;0;0;0;0;0;0;3;0;0;0;0
"28/08/2019";"06:48:00";"35";"com vítima";"347";"BR-386/RS";"Norte";"Colisão - Frontal";0;0;0;0;0;0;0;0;0;0;1;1;0;0;0
"28/08/2019";"16:56:00";"152";"com vítima";"32";"BR-101/RS";"Sul";"Colisão - Traseira";0;0;0;0;0;0;0;0;0;0;0;1;0;0;0
"28/08/2019";"19:31:00";"175";"com vítima";"354";"BR-386/RS";"Sul";"Colisão - Lateral";0;0;0;0;0;0;0;0;0;0;1;1;0;0;0
"28/08/2019";"19:31:00";"176";"com vítima";"97";"BR-290/RS";"Oeste";"Queda de moto";0;0;0;0;0;0;0;0;0;0;0;1;0;0;0
"28/08/2019";"20:00:00";"183";"Sem vítima";"97";"BR-290/RS";"Oeste";"Engavetamento";0;0;0;0;0;0;0;0;0;0;3;0;0;0;0
"29/08/2019";"05:14:00";"14";"com vítima";"38";"BR-290/RS";"Oeste";"Colisão - Traseira";0;0;0;0;0;0;0;0;0;0;1;0;0;0;1
"29/08/2019";"13:47:00";"88";"com vítima";"200,23";"BR-386/RS";"Norte";"Colisão - Lateral";0;0;0;0;0;0;0;0;0;0;0;0;1;0;0
"29/08/2019";"15:29:00";"108";"com vítima";"368";"BR-386/RS";"Norte";"Queda de moto";0;0;0;0;0;0;0;0;0;0;0;1;0;0;0
"29/08/2019";"17:09:00";"124";"com vítima";"90";"BR-290/RS";"Oeste";"Queda de moto";0;0;0;0;0;0;0;0;0;0;0;2;0;0;0
"29/08/2019";"19:12:00";"150";"Sem vítima";"95";"BR-290/RS";"Oeste";"Engavetamento";0;0;0;0;0;0;0;0;0;0;3;0;0;0;0
"29/08/2019";"20:14:00";"157";"com vítima";"436";"BR-386/RS";"Norte";"Engavetamento";0;0;0;0;0;0;0;0;0;0;1;3;1;0;0
"29/08/2019";"23:46:00";"179";"com vítima";"348";"BR-386/RS";"Norte";"Colisão - Lateral";0;0;0;0;0;0;0;0;0;0;0;1;0;0;0
"30/08/2019";"04:11:00";"5";"com vítima";"238";"BR-386/RS";"Sul";"Colisão - Frontal";0;0;0;0;0;0;0;0;0;0;0;0;0;2;5
"30/08/2019";"05:29:00";"7";"Sem vítima";"371";"BR-386/RS";"Sul";"Colisão - Traseira";0;0;0;0;0;0;0;0;0;0;7;0;0;0;0
"30/08/2019";"06:28:00";"12";"com vítima";"70";"BR-290/RS";"Oeste";"Colisão - Lateral";0;0;0;0;0;0;0;0;0;0;0;2;0;0;0
"30/08/2019";"08:19:00";"45";"Sem vítima";"12";"BR-448/RS";"Sul";"Colisão - Traseira";0;0;0;0;0;0;0;0;0;0;3;0;0;0;0
"30/08/2019";"08:23:00";"46";"com vítima";"8";"BR-101/RS";"Norte";"Atropelamento - Usuário";0;0;0;0;0;0;0;0;0;0;0;1;0;0;0
"30/08/2019";"09:50:00";"84";"Sem vítima";"329";"BR-386/RS";"Sul";"Colisão - Traseira";0;0;0;0;0;0;0;0;0;0;2;0;0;0;0
"30/08/2019";"10:10:00";"87";"Sem vítima";"92";"BR-290/RS";"Leste";"Outros";0;0;0;0;0;0;0;0;0;0;2;0;0;0;0
"30/08/2019";"11:35:00";"107";"Sem vítima";"233";"BR-386/RS";"Norte";"Colisão - Traseira";0;0;0;0;0;0;0;0;0;0;3;0;0;0;0
"30/08/2019";"17:13:00";"180";"com vítima";"306";"BR-386/RS";"Sul";"Capotamento";0;0;0;0;0;0;0;0;0;0;1;0;1;0;0
"30/08/2019";"17:27:00";"189";"Sem vítima";"433,25";"BR-386/RS";"Norte";"Choque com veículo na faixa de rolamento";0;0;0;0;0;0;0;0;0;0;4;0;0;0;0
"30/08/2019";"20:42:00";"232";"com vítima";"277";"BR-386/RS";"Norte";"Capotamento";0;0;0;0;0;0;0;0;0;0;0;1;0;0;0
"30/08/2019";"20:55:00";"235";"Sem vítima";"427";"BR-386/RS";"Norte";"Colisão - Traseira";0;0;0;0;0;0;0;0;0;0;2;0;0;0;0
"30/08/2019";"22:32:00";"252";"Sem vítima";"429";"BR-386/RS";"Sul";"Queda de ribanceira";0;0;0;0;0;0;0;0;0;0;1;0;0;0;0
"30/08/2019";"23:04:00";"255";"Sem vítima";"405";"BR-386/RS";"Norte";"Queda de ribanceira";0;0;0;0;0;0;0;0;0;0;3;0;0;0;0
"01/09/2019";"00:09:00";"1";"Sem vítima";"51";"BR-101/RS";"Sul";"Choque - Pilar";1;0;0;0;0;0;0;0;0;0;1;0;0;0;0
"01/09/2019";"05:34:00";"21";"Sem vítima";"348";"BR-386/RS";"Sul";"Queda de ribanceira";1;0;0;0;0;0;0;0;0;0;1;0;0;0;0
"01/09/2019";"18:24:00";"131";"Sem vítima";"92";"BR-290/RS";"Leste";"Colisão - Lateral";0;0;1;1;0;0;0;0;0;0;1;0;0;0;0
"01/09/2019";"19:21:00";"145";"com vítima";"387";"BR-386/RS";"Ambos";"Colisão - Traseira";2;0;0;0;0;0;0;0;0;0;3;1;0;0;0
"01/09/2019";"20:04:00";"154";"Sem vítima";"89";"BR-290/RS";"Oeste";"Queda de ribanceira";1;0;0;0;0;0;0;0;0;0;1;0;0;0;0
"02/09/2019";"02:29:00";"7";"Sem vítima";"307";"BR-386/RS";"Norte";;1;0;0;0;0;0;0;0;0;0;1;0;0;0;0
"02/09/2019";"07:57:00";"43";"Sem vítima";"418";"BR-386/RS";"Norte";"Saída de pista";1;0;0;0;0;0;0;0;0;0;1;0;0;0;0
"02/09/2019";"18:06:00";"153";"com vítima";"10";"BR-448/RS";"Sul";"Colisão - Lateral";2;0;1;0;0;0;0;0;0;0;0;1;0;0;0
"02/09/2019";"20:54:00";"168";"com vítima";"51";"BR-290/RS";"Oeste";"Queda de moto";0;0;0;1;0;0;0;0;0;0;0;0;1;0;0
"02/09/2019";"22:57:00";"175";"Sem vítima";"434";"BR-386/RS";"Sul";"Colisão - Traseira";2;0;0;0;0;0;0;0;0;0;3;0;0;0;0
"03/09/2019";"07:49:00";"31";"Sem vítima";"94";"BR-290/RS";"Oeste";"Colisão - Traseira";1;0;0;0;0;0;0;0;0;0;1;0;0;0;0
"03/09/2019";"09:06:00";"49";"Sem vítima";"405";"BR-386/RS";"Norte";;1;0;0;0;1;0;0;0;1;0;1;0;0;0;0
"03/09/2019";"10:29:00";"68";"Sem vítima";"90";"BR-290/RS";"Leste";"Saída de pista";1;0;0;0;0;0;0;0;0;0;2;0;0;0;0
"03/09/2019";"13:31:00";"95";"com vítima";"357";"BR-386/RS";"Sul";"Colisão - Lateral";2;0;0;0;0;0;0;0;0;0;1;1;0;0;0
"03/09/2019";"15:11:00";"104";"com vítima";"340";"BR-386/RS";"Sul";"Colisão - Lateral";2;0;0;0;0;0;0;0;0;0;0;1;1;0;0
"03/09/2019";"18:43:00";"137";"com vítima";"96";"BR-290/RS";"Leste";"Queda de moto";0;0;0;1;0;0;0;0;0;0;0;1;0;0;0
"03/09/2019";"21:49:00";"148";"Sem vítima";"35";"BR-101/RS";"Norte";"Saída de pista";0;0;0;0;1;0;0;0;1;0;1;0;0;0;0
"04/09/2019";"07:06:00";"17";"com vítima";"9";"BR-290/RS";"Leste";"Capotamento";1;0;0;0;0;0;0;0;0;0;0;1;0;0;0
"04/09/2019";"08:11:00";"38";"Sem vítima";"7,18";"BR-448/RS";"Norte";"Colisão - Traseira";1;0;1;0;0;0;0;0;0;0;4;0;0;0;0
"04/09/2019";"10:13:00";"87";"com vítima";"30";"BR-290/RS";"Oeste";"Engavetamento";2;0;1;0;0;0;0;0;0;0;2;2;0;0;0
"04/09/2019";"15:05:00";"128";"com vítima";"86,32";"BR-290/RS";"Oeste";"Colisão - Traseira";0;0;0;1;0;1;0;0;0;0;1;1;0;0;0
"04/09/2019";"17:02:00";"149";"com vítima";"73,02";"BR-290/RS";"Leste";"Colisão - Traseira";2;0;0;0;0;0;0;0;0;0;1;1;0;0;0
"04/09/2019";"20:28:00";"193";"Sem vítima";"85";"BR-101/RS";"Norte";"Tombamento";0;0;1;0;1;0;0;0;1;0;1;0;0;0;0
"04/09/2019";"21:53:00";"202";"com vítima";"344";"BR-386/RS";"Norte";"Choque - Sinalização";1;0;0;0;0;0;0;0;0;0;0;1;0;0;0
"05/09/2019";"07:23:00";"25";"Sem vítima";"92";"BR-290/RS";"Leste";"Colisão - Transversal";1;0;0;1;0;0;0;0;0;0;2;0;0;0;0
"05/09/2019";"07:24:00";"27";"com vítima";"335";"BR-386/RS";"Sul";"Colisão - Traseira";1;0;0;1;0;0;0;0;0;0;1;1;0;0;0
"05/09/2019";"08:02:00";"36";"com vítima";"429";"BR-386/RS";"Sul";"Queda de ribanceira";1;0;0;0;0;0;0;0;0;0;0;0;0;0;1
"05/09/2019";"08:20:00";"45";"Sem vítima";"429";"BR-386/RS";"Norte";"Colisão - Traseira";2;0;0;0;0;0;0;0;0;0;2;0;0;0;0
"05/09/2019";"16:25:00";"154";"Sem vítima";"235";"BR-386/RS";"Sul";"Colisão - Traseira";2;0;1;0;0;0;0;0;0;0;3;0;0;0;0
"05/09/2019";"16:27:00";"155";"Sem vítima";"277";"BR-386/RS";"Norte";"Queda de ribanceira";0;0;0;0;1;0;0;0;1;0;1;0;0;0;0
"05/09/2019";"16:45:00";"157";"Sem vítima";"388";"BR-386/RS";"Ambos";"Colisão - Traseira";2;0;0;0;0;0;0;0;0;0;3;0;0;0;0
"05/09/2019";"18:03:00";"168";"Sem vítima";"97,33";"BR-290/RS";"Oeste";"Engavetamento";3;0;0;0;0;0;0;0;0;0;4;0;0;0;0
"05/09/2019";"18:50:00";"174";"com vítima";"271";"BR-386/RS";"Sul";"Atropelamento - Andarilho";1;0;0;0;0;0;0;0;0;0;0;0;0;0;1
"06/09/2019";"00:23:00";"3";"com vítima";"423";"BR-386/RS";"Norte";"Atropelamento - Morador/Trabalhador/Estudante";0;0;1;0;0;0;0;0;0;0;0;0;0;1;0
"06/09/2019";"13:28:00";"100";"Sem vítima";"362";"BR-386/RS";"Ambos";"Choque Defensa";1;0;0;0;0;0;0;0;0;0;1;0;0;0;0
"06/09/2019";"13:34:00";"101";"Sem vítima";"435";"BR-386/RS";"Ambos";"Colisão - Lateral";2;0;0;0;0;0;0;0;0;0;3;0;0;0;0
"06/09/2019";"14:45:00";"112";"com vítima";"381";"BR-386/RS";"Sul";"Colisão - Traseira";2;0;0;0;0;1;0;0;0;0;1;2;0;0;0
"06/09/2019";"15:11:00";"117";"com vítima";"332";"BR-386/RS";"Norte";"Colisão - Frontal";2;0;1;0;0;0;0;0;0;0;3;2;0;0;1
"06/09/2019";"16:10:00";"130";"Sem vítima";"361";"BR-386/RS";"Norte";"Queda de ribanceira";1;0;0;0;0;0;0;0;0;0;1;0;0;0;0
"06/09/2019";"16:12:00";"129";"Sem vítima";"32";"BR-101/RS";"Norte";"Saída de pista";1;0;0;0;0;0;0;0;0;0;1;0;0;0;0
"06/09/2019";"17:02:00";"138";"Sem vítima";"361";"BR-386/RS";"Sul";"Colisão - Frontal";1;0;1;0;0;0;0;0;0;0;34;0;0;0;0
"06/09/2019";"18:41:00";"154";"com vítima";"11";"BR-290/RS";"Leste";"Saída de pista";1;0;0;0;0;0;0;0;0;0;0;1;0;0;0
"06/09/2019";"19:15:00";"158";"Sem vítima";"74";"BR-290/RS";"Leste";"Colisão - Traseira";3;0;1;0;0;0;0;0;0;0;4;0;0;0;0