data;horario;n_da_ocorrencia;tipo_de_ocorrencia;km;trecho;sentido;tipo_de_acidente;automovel;bicicleta;caminhao;moto;onibus;outros;tracao_animal;transporte_de_cargas_especiais;trator_maquinas;utilitarios;ilesos;levemente_feridos;moderadamente_feridos;gravemente_feridos;mortos
"14/10/2019";"20:22:00";"186";"Sem vítima";"12";"BR-101/RS";"Norte";"Colisão - Traseira";1;0;0;0;0;0;0;0;0;0;2;0;0;0;0
"14/10/2019";"20:22:00";"3";"Sem vítima";"75";"BR-290/RS";"Leste";"Choque Defensa";1;0;0;0;0;0;0;0;0;0;2;0;0;0;0
"14/10/2019";"22:51:00";"189";"com vítima";"6";"BR-290/RS";"Leste";"Capotamento";1;0;0;0;0;0;0;0;0;0;0;1;0;0;0
"15/10/2019";"08:35:00";"38";"Sem vítima";"192";"BR-386/RS";"Norte";"Outros";1;0;0;0;0;0;0;0;0;0;1;0;0;0;0
"15/10/2019";"12:03:00";"87";"Sem vítima";"76";"BR-101/RS";"Sul";"Queda de ribanceira";1;0;0;0;0;0;0;0;0;0;2;0;0;0;0
"15/10/2019";"13:48:00";"107";"com vítima";"5";"BR-290/RS";"Leste";"Capotamento";1;0;0;0;0;0;0;0;0;0;2;2;0;0;0
"15/10/2019";"14:03:00";"112";"Sem vítima";"22";"BR-101/RS";"Sul";"Colisão - Traseira";2;0;-1;0;1;0;0;0;0;0;2;0;0;0;0
"15/10/2019";"16:19:00";"135";"Sem vítima";"13";"BR-290/RS";"Oeste";"Queda de ribanceira";1;0;0;0;0;0;0;0;0;0;1;0;0;0;0
"15/10/2019";"23:27:00";"183";"Sem vítima";"281,25";"BR-386/RS";"Norte";"Queda de ribanceira";1;0;0;0;0;0;0;0;0;0;1;0;0;0;0
"15/10/2019";"23:39:00";"185";"com vítima";"61";"BR-290/RS";"Leste";"Capotamento";1;0;0;0;0;0;0;0;0;0;0;1;0;1;0
"16/10/2019";"01:13:00";"4";"Sem vítima";"44";"BR-290/RS";"Oeste";"Queda de ribanceira";1;0;-1;0;1;0;0;0;0;0;1;0;0;0;0
"16/10/2019";"02:21:00";"7";"Sem vítima";"70";"BR-290/RS";"Oeste";"Queda de ribanceira";0;0;1;0;0;0;0;0;0;0;2;0;0;0;0
"16/10/2019";"03:53:00";"10";"com vítima";"7";"BR-101/RS";"Norte";"Atropelamento - Usuário";1;0;-1;0;1;0;0;0;0;0;0;1;0;0;1
"16/10/2019";"07:39:00";"30";"Sem vítima";"95";"BR-290/RS";"Oeste";"Colisão - Traseira";0;0;0;2;0;0;0;0;0;0;2;0;0;0;0
"16/10/2019";"08:12:00";"39";"Sem vítima";"344";"BR-386/RS";"Sul";"Colisão - Traseira";1;0;3;0;0;0;0;0;0;0;4;0;0;0;0
"16/10/2019";"10:36:00";"68";"Sem vítima";"294";"BR-386/RS";"Sul";"Colisão - Traseira";2;0;0;0;0;0;0;0;0;0;2;0;0;0;0
"16/10/2019";"10:55:00";"72";"Sem vítima";"86";"BR-290/RS";"Leste";"Queda de ribanceira";1;0;0;0;0;0;0;0;0;0;1;0;0;0;0
"16/10/2019";"11:08:00";"76";"com vítima";"200";"BR-386/RS";"Norte";"Colisão - Frontal";2;0;0;0;0;0;0;0;0;0;0;2;0;0;0
"16/10/2019";"14:57:00";"104";"com vítima";"34";"BR-101/RS";"Norte";"Colisão - Frontal";2;0;0;0;0;0;0;0;0;0;3;0;1;0;0
"16/10/2019";"17:03:00";"122";"Sem vítima";"33";"BR-101/RS";"Norte";"Queda de ribanceira";0;0;1;0;0;0;0;0;0;0;1;0;0;0;0
"17/10/2019";"01:25:00";"11";"Sem vítima";"17";"BR-290/RS";"Oeste";"Capotamento";1;0;0;0;0;0;0;0;0;0;1;0;0;0;0
"17/10/2019";"08:00:00";"50";"Sem vítima";"50";"BR-290/RS";"Leste";"Queda de ribanceira";1;0;0;0;0;0;0;0;0;0;1;0;0;0;0
"17/10/2019";"08:06:00";"53";"Sem vítima";"19,4";"BR-290/RS";"Leste";"Colisão - Lateral";2;0;-1;0;1;0;0;0;0;0;3;0;0;0;0
"17/10/2019";"08:39:00";"58";"com vítima";"95";"BR-290/RS";"Oeste";"Colisão - Traseira";1;0;0;1;0;0;0;0;0;0;3;1;0;0;0
"17/10/2019";"08:46:00";"60";"Sem vítima";"94";"BR-290/RS";"Oeste";"Colisão - Lateral";1;0;1;0;0;0;0;0;0;0;2;0;0;0;0
"17/10/2019";"09:33:00";"72";"Sem vítima";"77";"BR-290/RS";"Leste";"Colisão - Traseira";2;0;1;0;0;0;0;0;0;0;2;0;0;0;0
"17/10/2019";"11:47:00";"92";"Sem vítima";"57";"BR-290/RS";"Leste";"Queda de ribanceira";1;0;0;0;0;0;0;0;0;0;1;0;0;0;0
"17/10/2019";"17:17:00";"141";"Sem vítima";"356";"BR-386/RS";"Sul";"Queda de ribanceira";1;0;0;0;0;0;0;0;0;0;3;0;0;0;0
"17/10/2019";"17:56:00";"156";"Sem vítima";"396";"BR-386/RS";"Norte";"Queda de ribanceira";1;0;0;0;0;0;0;0;0;0;1;0;0;0;0
"17/10/2019";"18:04:00";"157";"Sem vítima";"22";"BR-448/RS";"Sul";"Capotamento";1;0;0;0;0;0;0;0;0;0;1;0;0;0;0
"17/10/2019";"23:52:00";"200";"Sem vítima";"279";"BR-386/RS";"Ambos";"Colisão - Lateral";2;0;0;0;0;0;0;0;0;0;2;0;0;0;0
"18/10/2019";"03:32:00";"12";"Sem vítima";"334";"BR-386/RS";"Sul";"Queda de ribanceira";1;0;0;0;0;0;0;0;0;0;1;0;0;0;0
"18/10/2019";"05:35:00";"20";"Sem vítima";"86";"BR-290/RS";"Leste";"Queda de ribanceira";1;0;0;0;0;0;0;0;0;0;1;0;0;0;0
"18/10/2019";"06:59:00";"24";"Sem vítima";"20";"BR-448/RS";"Sul";"Choque Defensa";1;0;0;0;0;0;0;0;0;0;3;0;0;0;0
"18/10/2019";"11:19:00";"108";"com vítima";"347";"BR-386/RS";"Sul";"Colisão - Traseira";3;0;0;0;0;0;0;0;0;0;2;2;0;0;0
"18/10/2019";"18:07:00";"191";"Sem vítima";"53";"BR-290/RS";"Oeste";"Colisão - Lateral";1;0;0;1;0;0;0;0;0;0;2;0;0;0;0
"18/10/2019";"19:24:00";"199";"Sem vítima";"404";"BR-386/RS";"Norte";"Colisão - Traseira";2;0;1;0;0;0;0;0;0;0;6;0;0;0;0
"18/10/2019";"19:57:00";"203";"Sem vítima";"355";"BR-386/RS";"Sul";"Colisão - Traseira";1;0;0;1;0;0;0;0;0;0;1;0;0;0;0
"18/10/2019";"22:54:00";"225";"Sem vítima";"2";"BR-101/RS";"Ambos";"Saída de pista";1;0;0;0;0;0;0;0;0;0;1;0;0;0;0
"18/10/2019";"23:14:00";"226";"com vítima";"16";"BR-290/RS";"Oeste";"Choque Defensa";0;0;0;0;0;0;0;0;0;0;0;1;1;0;0
"19/10/2019";"03:21:00";"18";"com vítima";"60";"BR-290/RS";"Leste";"Queda de ribanceira";1;0;0;0;0;0;0;0;0;0;2;1;0;0;0
"19/10/2019";"06:07:00";"35";"com vítima";"3";"BR-290/RS";"Leste";"Queda de ribanceira";1;0;0;0;0;0;0;0;0;0;0;0;2;0;0
"19/10/2019";"13:37:00";"125";"Sem vítima";"78";"BR-290/RS";"Oeste";"Queda de ribanceira";1;0;0;0;0;0;0;0;0;0;1;0;0;0;0
"19/10/2019";"16:00:00";"163";"com vítima";"347";"BR-386/RS";"Sul";"Colisão - Traseira";2;0;0;0;0;0;0;0;0;0;1;1;0;0;0
"20/10/2019";"11:34:00";"79";"Sem vítima";"61";"BR-290/RS";"Leste";"Queda de moto";1;0;0;0;0;0;0;0;0;0;1;0;0;0;0
"20/10/2019";"15:42:00";"118";"Sem vítima";"41";"BR-290/RS";"Oeste";"Queda de ribanceira";1;0;0;0;0;0;0;0;0;0;1;0;0;0;0
"20/10/2019";"16:25:00";"127";"com vítima";"351";"BR-386/RS";"Norte";"Colisão - Traseira";2;0;0;1;0;0;0;0;0;0;3;1;0;0;0
"20/10/2019";"16:38:00";"131";"Sem vítima";"350";"BR-386/RS";"Norte";"Colisão - Traseira";2;0;0;0;0;0;0;0;0;0;2;0;0;0;0
"20/10/2019";"19:42:00";"158";"com vítima";"215";"BR-386/RS";"Norte";"Colisão - Lateral";2;0;0;0;0;0;0;0;0;0;1;1;0;1;0
"20/10/2019";"20:54:00";"172";"com vítima";"392";"BR-386/RS";"Sul";"Queda de moto";0;0;0;1;0;0;0;0;0;0;1;1;0;0;0
"21/10/2019";"03:47:00";"14";"com vítima";"361";"BR-386/RS";"Sul";"Choque Barreira";1;0;0;0;0;0;0;0;0;0;0;3;0;0;0
"21/10/2019";"13:20:00";"110";"Sem vítima";"441";"BR-386/RS";"Norte";"Saída de pista";1;0;0;0;0;0;0;0;0;0;1;0;0;0;0
"21/10/2019";"16:40:00";"135";"Sem vítima";"16";"BR-290/RS";"Oeste";"Queda de ribanceira";1;0;-1;0;1;0;0;0;0;0;3;0;0;0;0
"21/10/2019";"16:42:00";"136";"Sem vítima";"81";"BR-290/RS";"Oeste";"Choque Barreira";1;0;0;0;0;0;0;0;0;0;1;0;0;0;0
"22/10/2019";"03:35:00";"10";"Sem vítima";"426";"BR-386/RS";"Norte";"Atropelamento de Animal";0;0;2;0;0;0;0;0;0;0;2;0;0;0;0
"22/10/2019";"04:07:00";"11";"com vítima";"14";"BR-290/RS";"Leste";"Queda de ribanceira";1;0;0;0;0;0;0;0;0;0;0;0;1;1;0
"22/10/2019";"10:43:00";"83";"Sem vítima";"346";"BR-386/RS";"Ambos";"Colisão - Lateral";1;0;0;0;1;0;0;0;0;0;8;0;0;0;0
"22/10/2019";"16:56:00";"135";"com vítima";"373";"BR-386/RS";"Norte";"Saída de pista";1;0;0;0;0;0;0;0;0;0;2;1;0;0;0
"22/10/2019";"21:09:00";"167";"Sem vítima";"347";"BR-386/RS";"Sul";"Outros";1;0;0;0;0;0;0;0;0;0;1;0;0;0;0
"22/10/2019";"23:38:00";"183";"Sem vítima";"51";"BR-101/RS";"Sul";"Queda de ribanceira";1;0;0;0;0;0;0;0;0;0;2;0;0;0;0
"23/10/2019";"08:48:00";"75";"Sem vítima";"76";"BR-101/RS";"Norte";"Queda de ribanceira";1;0;1;0;0;0;0;0;0;0;3;0;0;0;0
"23/10/2019";"11:22:00";"115";"Sem vítima";"295";"BR-386/RS";"Norte";"Colisão - Lateral";1;0;1;0;0;0;0;0;0;0;3;0;0;0;0
"23/10/2019";"15:48:00";"161";"com vítima";"350";"BR-386/RS";"Sul";"Colisão - Traseira";2;0;0;0;0;0;0;0;0;0;1;1;0;0;0
"23/10/2019";"17:48:00";"176";"com vítima";"437";"BR-386/RS";"Sul";"Colisão - Transversal";0;0;0;2;0;0;0;0;0;0;0;2;0;0;0
"23/10/2019";"20:26:00";"204";"Sem vítima";"78";"BR-101/RS";"Sul";"Colisão - Traseira";1;0;0;0;1;0;0;0;0;0;2;0;0;0;0
"24/10/2019";"01:10:00";"3";"com vítima";"348";"BR-386/RS";"Norte";"Colisão - Traseira";1;0;0;0;0;0;0;0;0;0;0;0;1;0;0
"24/10/2019";"02:18:00";"5";"Sem vítima";"94";"BR-290/RS";"Leste";"Colisão - Lateral";2;0;0;0;0;0;0;0;0;0;3;0;0;0;0
"24/10/2019";"08:10:00";"47";"Sem vítima";"391";"BR-386/RS";"Sul";"Queda de ribanceira";1;0;-1;0;1;0;0;0;0;0;2;0;0;0;0
"24/10/2019";"08:40:00";"59";"Sem vítima";"95";"BR-290/RS";"Oeste";"Colisão - Traseira";3;0;0;0;0;0;0;0;0;0;6;0;0;0;0
"24/10/2019";"12:20:00";"100";"Sem vítima";"38";"BR-290/RS";"Leste";"Colisão - Traseira";2;0;0;0;0;0;0;0;0;0;2;0;0;0;0
"24/10/2019";"13:45:00";"115";"Sem vítima";"21";"BR-448/RS";"Norte";"Colisão - Lateral";1;0;1;0;0;0;0;0;0;0;3;0;0;0;0
"24/10/2019";"18:08:00";"152";"Sem vítima";"271";"BR-386/RS";"Sul";"Choque Defensa";1;0;0;0;0;0;0;0;0;0;2;0;0;0;0
"24/10/2019";"18:42:00";"160";"Sem vítima";"440";"BR-386/RS";"Sul";"Choque Defensa";1;0;0;1;0;0;0;0;0;0;2;0;0;0;0
"24/10/2019";"21:50:00";"175";"com vítima";"345";"BR-386/RS";"Sul";"Saída de pista";1;0;0;0;0;0;0;0;0;0;0;1;0;0;0
"24/10/2019";"22:13:00";"179";"Sem vítima";"50";"BR-101/RS";"Norte";"Queda de ribanceira";0;0;1;0;0;0;0;0;0;0;1;0;0;0;0
"25/10/2019";"04:44:00";"9";"com vítima";"56";"BR-290/RS";"Oeste";"Capotamento";2;0;0;0;0;0;0;0;0;0;1;0;0;0;1
"25/10/2019";"07:20:00";"37";"Sem vítima";"87,52";"BR-290/RS";"Oeste";"Colisão - Traseira";1;0;0;1;0;0;0;0;0;0;1;0;0;0;0
"25/10/2019";"07:53:00";"43";"Sem vítima";"86";"BR-290/RS";"Oeste";"Colisão - Traseira";1;0;0;0;0;0;0;0;0;0;1;0;0;0;0
"25/10/2019";"08:13:00";"48";"Sem vítima";"86";"BR-290/RS";"Oeste";"Colisão - Traseira";2;0;0;0;0;0;0;0;0;0;2;0;0;0;0
"25/10/2019";"08:31:00";"55";"Sem vítima";"86";"BR-290/RS";"Oeste";"Colisão - Traseira";2;0;0;0;0;0;0;0;0;0;2;0;0;0;0
"25/10/2019";"10:21:00";"83";"com vítima";"355";"BR-386/RS";"Sul";"Capotamento";1;0;0;0;0;0;0;0;0;0;0;0;2;0;0
"25/10/2019";"10:52:00";"87";"com vítima";"343";"BR-386/RS";"Norte";"Colisão - Lateral";1;0;0;1;0;0;0;0;0;0;1;1;0;0;0
"25/10/2019";"13:16:00";"106";"Sem vítima";"98";"BR-290/RS";"Oeste";"Colisão - Traseira";2;0;0;0;0;0;0;0;0;0;2;0;0;0;0
"25/10/2019";"14:09:00";"118";"com vítima";"346";"BR-386/RS";"Norte";"Colisão - Traseira";3;0;0;0;0;0;0;0;0;0;2;1;0;0;0
"25/10/2019";"16:14:00";"148";"Sem vítima";"58";"BR-290/RS";"Leste";"Colisão - Traseira";2;0;0;0;0;0;0;0;0;0;2;0;0;0;0
"25/10/2019";"16:23:00";"153";"Sem vítima";"426";"BR-386/RS";"Norte";"Colisão - Lateral";2;0;-1;0;1;0;0;0;0;0;3;0;0;0;0
"25/10/2019";"16:23:00";"152";"Sem vítima";"29";"BR-290/RS";"Oeste";"Capotamento";1;0;0;0;0;0;0;0;0;0;1;0;0;0;0
"25/10/2019";"16:54:00";"161";"Sem vítima";"58";"BR-290/RS";"Leste";"Colisão - Traseira";2;0;-1;0;1;0;0;0;0;0;2;0;0;0;0
"25/10/2019";"18:09:00";"175";"Sem vítima";"255";"BR-386/RS";"Norte";"Capotamento";1;0;0;0;0;0;0;0;0;0;1;0;0;0;0
"25/10/2019";"23:28:00";"234";"com vítima";"36";"BR-101/RS";"Norte";"Choque Defensa";1;0;0;0;0;0;0;0;0;0;0;0;1;0;0
"26/10/2019";"01:22:00";"5";"Sem vítima";"36";"BR-290/RS";"Oeste";"Queda de ribanceira";0;0;1;0;0;0;0;0;0;0;1;0;0;0;0
"26/10/2019";"01:55:00";"9";"Sem vítima";"392";"BR-386/RS";"Norte";"Queda de ribanceira";1;0;0;0;0;0;0;0;0;0;1;0;0;0;0
"26/10/2019";"06:08:00";"26";"com vítima";"247";"BR-386/RS";"Norte";"Colisão - Lateral";1;0;1;0;0;0;0;0;0;0;2;0;0;1;0
"26/10/2019";"11:53:00";"117";"Sem vítima";"303";"BR-386/RS";"Norte";"Colisão - Frontal";1;0;0;0;0;0;0;0;0;0;2;0;0;0;0
"26/10/2019";"12:16:00";"121";"Sem vítima";"98";"BR-290/RS";"Leste";"Colisão - Traseira";2;0;1;0;0;0;0;0;0;0;4;0;0;0;0
"26/10/2019";"14:28:00";"142";"Sem vítima";"95";"BR-290/RS";"Oeste";"Colisão - Traseira";2;0;0;0;0;0;0;0;0;0;3;0;0;0;0
"26/10/2019";"16:54:00";"166";"com vítima";"43";"BR-290/RS";"Oeste";"Capotamento";1;0;0;0;0;0;0;0;0;0;1;2;2;0;0
"26/10/2019";"17:15:00";"170";"Sem vítima";"14";"BR-290/RS";"Leste";"Colisão - Traseira";2;0;0;0;0;0;0;0;0;0;4;0;0;0;0
"27/10/2019";"00:45:00";"6";"Sem vítima";"70";"BR-290/RS";"Oeste";"Queda de ribanceira";1;0;0;0;0;0;0;0;0;0;1;0;0;0;0
"27/10/2019";"03:11:00";"14";"com vítima";"39";"BR-290/RS";"Oeste";"Tombamento";0;0;1;0;0;0;0;0;0;0;1;1;1;0;0
"27/10/2019";"06:40:00";"26";"com vítima";"43";"BR-290/RS";"Leste";"Capotamento";1;0;0;0;0;0;0;0;0;0;2;1;0;0;0
"27/10/2019";"09:26:00";"38";"Sem vítima";"11";"BR-290/RS";"Leste";"Capotamento";1;0;0;0;0;0;0;0;0;0;3;0;0;0;0
"27/10/2019";"09:41:00";"40";"Sem vítima";"37";"BR-290/RS";"Oeste";"Capotamento";1;0;0;0;0;0;0;0;0;0;1;0;0;0;0
"27/10/2019";"09:56:00";"42";"com vítima";"24";"BR-290/RS";"Oeste";"Colisão - Traseira";2;0;0;0;0;0;0;0;0;0;2;2;0;0;0
"27/10/2019";"10:00:00";"43";"com vítima";"352";"BR-386/RS";"Norte";"Outros";1;0;0;0;0;0;0;0;0;0;3;0;1;0;0
"27/10/2019";"10:36:00";"49";"Sem vítima";"53";"BR-290/RS";"Oeste";"Saída de pista";1;0;0;0;0;0;0;0;0;0;1;0;0;0;0
"27/10/2019";"11:05:00";"53";"Sem vítima";"16";"BR-290/RS";"Oeste";"Colisão - Traseira";2;0;0;0;0;0;0;0;0;0;5;0;0;0;0
"27/10/2019";"13:01:00";"63";"com vítima";"38";"BR-290/RS";"Leste";"Capotamento";1;0;0;0;0;0;0;0;0;0;0;3;0;0;0
"27/10/2019";"13:18:00";"65";"Sem vítima";"236";"BR-386/RS";"Sul";"Saída de pista";1;0;0;0;0;0;0;0;0;0;1;0;0;0;0
"27/10/2019";"13:22:00";"67";"Sem vítima";"37";"BR-101/RS";"Sul";"Capotamento";1;0;0;0;0;0;0;0;0;0;1;0;0;0;0
"27/10/2019";"13:47:00";"70";"Sem vítima";"29";"BR-101/RS";"Norte";"Choque Defensa";1;0;0;0;0;0;0;0;0;0;1;0;0;0;0
"27/10/2019";"14:55:00";"75";"Sem vítima";"83";"BR-101/RS";"Sul";"Queda de ribanceira";0;0;1;0;0;0;0;0;0;0;3;0;0;0;0
"27/10/2019";"15:46:00";"81";"Sem vítima";"401";"BR-386/RS";"Norte";"Saída de pista";1;0;0;0;0;0;0;0;0;0;2;0;0;0;0
"27/10/2019";"17:12:00";"94";"Sem vítima";"441";"BR-386/RS";"Sul";"Saída de pista";1;0;0;0;0;0;0;0;0;0;2;0;0;0;0
"27/10/2019";"17:23:00";"96";"Sem vítima";"441";"BR-386/RS";"Norte";"Saída de pista";1;0;0;0;0;0;0;0;0;0;3;0;0;0;0
"27/10/2019";"17:46:00";"100";"Sem vítima";"238";"BR-386/RS";"Ambos";"Saída de pista";1;0;0;0;0;0;0;0;0;0;1;0;0;0;0
"27/10/2019";"18:15:00";"102";"Sem vítima";"423";"BR-386/RS";"Sul";"Queda de ribanceira";1;0;0;0;0;0;0;0;0;0;1;0;0;0;0
"28/10/2019";"00:10:00";"1";"Sem vítima";"32";"BR-290/RS";"Leste";"Choque com veículo na faixa de rolamento";2;0;0;0;0;0;0;0;0;0;3;0;0;0;0
"28/10/2019";"13:20:00";"119";"com vítima";"191";"BR-386/RS";"Sul";"Atropelamento - Morador/Trabalhador/Estudante";1;0;0;0;0;0;0;0;0;0;0;0;0;1;0
"28/10/2019";"14:30:00";"131";"com vítima";"246";"BR-386/RS";"Sul";"Colisão - Transversal";2;0;0;0;0;0;0;0;0;0;3;1;0;0;0
"28/10/2019";"20:26:00";"186";"com vítima";"350";"BR-386/RS";"Norte";"Choque Defensa";1;0;0;0;0;0;0;0;0;0;0;1;0;0;0
"29/10/2019";"05:01:00";"14";"com vítima";"17";"BR-290/RS";"Leste";"Queda de ribanceira";0;0;1;0;0;0;0;0;0;0;0;2;0;0;0
"29/10/2019";"05:33:00";"15";"com vítima";"90";"BR-290/RS";"Leste";"Queda de ribanceira";1;0;-1;0;1;0;0;0;0;0;0;1;0;0;0
"29/10/2019";"09:33:00";"82";"Sem vítima";"96";"BR-290/RS";"Oeste";"Colisão - Lateral";2;0;-1;0;1;0;0;0;0;0;2;0;0;0;0
"29/10/2019";"12:58:00";"113";"com vítima";"39";"BR-290/RS";"Leste";"Queda de ribanceira";1;0;0;0;0;0;0;0;0;0;1;1;0;0;0
"29/10/2019";"13:38:00";"118";"Sem vítima";"39";"BR-290/RS";"Leste";"Queda de ribanceira";1;0;0;0;0;0;0;0;0;0;1;0;0;0;0
"29/10/2019";"13:41:00";"119";"Sem vítima";"34";"BR-290/RS";"Oeste";"Queda de ribanceira";1;0;0;0;0;0;0;0;0;0;1;0;0;0;0
"29/10/2019";"14:05:00";"121";"Sem vítima";"440";"BR-386/RS";"Sul";"Colisão - Lateral";2;0;0;0;0;0;0;0;0;0;2;0;0;0;0
"29/10/2019";"14:53:00";"127";"Sem vítima";"86";"BR-290/RS";"Oeste";"Queda de ribanceira";1;0;0;0;0;0;0;0;0;0;1;0;0;0;0
"29/10/2019";"15:54:00";"134";"Sem vítima";"53";"BR-101/RS";"Norte";"Colisão - Traseira";1;0;0;0;0;0;0;0;0;0;2;0;0;0;0
"29/10/2019";"23:37:00";"189";"Sem vítima";"92";"BR-290/RS";"Leste";"Colisão - Lateral";1;0;0;0;0;0;0;0;0;0;1;0;0;0;0
"30/10/2019";"00:24:00";"3";"Sem vítima";"68";"BR-290/RS";"Oeste";"Queda de ribanceira";1;0;0;0;0;0;0;0;0;0;1;0;0;0;0
"30/10/2019";"05:05:00";"10";"com vítima";"82";"BR-290/RS";"Leste";"Colisão - Traseira";0;0;1;1;0;0;0;0;0;0;1;0;0;1;1
"30/10/2019";"14:42:00";"101";"com vítima";"360";"BR-386/RS";"Sul";"Capotamento";1;0;0;0;0;0;0;0;0;0;0;0;1;0;0
"30/10/2019";"20:26:00";"132";"Sem vítima";"16";"BR-290/RS";"Oeste";"Outros";1;0;0;0;0;0;0;0;0;0;1;0;0;0;0
"31/10/2019";"01:12:00";"3";"Sem vítima";"273";"BR-386/RS";"Sul";"Queda de ribanceira";1;0;0;0;0;0;0;0;0;0;2;0;0;0;0
"31/10/2019";"01:16:00";"4";"Sem vítima";"384";"BR-386/RS";"Sul";"Queda de ribanceira";1;0;0;0;0;0;0;0;0;0;2;0;0;0;0
"31/10/2019";"03:40:00";"7";"Sem vítima";"347";"BR-386/RS";"Sul";"Capotamento";1;0;0;0;0;0;0;0;0;0;1;0;0;0;0
"31/10/2019";"04:47:00";"9";"Sem vítima";"75";"BR-101/RS";"Norte";;0;0;1;0;0;0;0;0;0;0;1;0;0;0;0
"31/10/2019";"05:12:00";"12";"Sem vítima";"68";"BR-290/RS";"Leste";"Queda de ribanceira";0;0;1;0;0;0;0;0;0;0;1;0;0;0;0
"31/10/2019";"07:49:00";"32";"Sem vítima";"92";"BR-290/RS";"Leste";"Choque Defensa";1;0;0;0;0;0;0;0;0;0;1;0;0;0;0
"31/10/2019";"08:00:00";"35";"Sem vítima";"88";"BR-290/RS";"Oeste";"Colisão - Traseira";1;0;0;0;0;1;0;0;0;0;2;0;0;0;0
"31/10/2019";"09:02:00";"55";"Sem vítima";"77";"BR-290/RS";"Leste";"Choque - Pilar";1;0;0;0;0;0;0;0;0;0;4;0;0;0;0
"31/10/2019";"11:33:00";"88";"Sem vítima";"297";"BR-386/RS";"Norte";"Colisão - Lateral";0;0;2;0;0;0;0;0;0;0;2;0;0;0;0
"31/10/2019";"14:02:00";"108";"com vítima";"15";"BR-290/RS";"Oeste";"Saída de pista";1;0;0;0;0;0;0;0;0;0;3;1;0;0;0
"31/10/2019";"15:09:00";"115";"com vítima";"42";"BR-290/RS";"Leste";"Capotamento";1;0;0;0;0;0;0;0;0;0;1;0;1;0;0
"31/10/2019";"19:00:00";"155";"Sem vítima";"77";"BR-290/RS";"Leste";"Colisão - Lateral";1;0;1;0;0;0;0;0;0;0;2;0;0;0;0
"31/10/2019";"20:27:00";"165";"Sem vítima";"76";"BR-290/RS";"Oeste";"Colisão - Traseira";1;0;0;0;0;0;0;0;0;0;1;0;0;0;0
"31/10/2019";"21:32:00";"170";"Sem vítima";"352";"BR-386/RS";"Norte";"Queda de ribanceira";1;0;0;0;0;0;0;0;0;0;2;0;0;0;0
"01/11/2019";"05:19:00";"13";"Sem vítima";"22";"BR-290/RS";"Leste";"Queda de ribanceira";1;0;0;0;0;0;0;0;0;0;1;0;0;0;0
"01/11/2019";"07:10:00";"22";"Sem vítima";"305";"BR-386/RS";"Norte";"Queda de ribanceira";0;0;1;0;0;0;0;0;0;0;1;0;0;0;0
"01/11/2019";"08:45:00";"55";"Sem vítima";"96";"BR-290/RS";"Oeste";"Colisão - Lateral";2;0;0;0;0;0;0;0;0;0;4;0;0;0;0
"01/11/2019";"13:14:00";"108";"com vítima";"92";"BR-290/RS";"Oeste";"Queda de moto";0;0;0;1;0;0;0;0;0;0;0;1;0;0;0
"01/11/2019";"13:33:00";"112";"com vítima";"11";"BR-448/RS";"Sul";"Queda de ribanceira";1;0;0;0;0;0;0;0;0;0;0;0;0;1;0
"01/11/2019";"20:17:00";"199";"Sem vítima";"232";"BR-386/RS";"Sul";"Colisão - Lateral";1;0;1;0;0;0;0;0;0;0;4;0;0;0;0
"02/11/2019";"04:53:00";"24";"com vítima";"69";"BR-290/RS";"Leste";"Queda de ribanceira";1;0;0;0;0;0;0;0;0;0;4;1;0;0;0
"02/11/2019";"07:24:00";"43";"Sem vítima";"429";"BR-386/RS";"Norte";"Colisão - Lateral";1;0;1;0;0;0;0;0;0;0;2;0;0;0;0
"02/11/2019";"13:22:00";"119";"com vítima";"81";"BR-290/RS";"Oeste";"Colisão - Traseira";2;0;0;0;0;0;0;0;0;0;2;1;1;0;0
"02/11/2019";"17:41:00";"163";"Sem vítima";"394";"BR-386/RS";"Sul";"Saída de pista";1;0;0;0;0;0;0;0;0;0;1;0;0;0;0
"03/11/2019";"00:08:00";"1";"com vítima";"10,8";"BR-101/RS";"Sul";"Queda de ribanceira";1;0;0;0;0;0;0;0;0;0;0;0;0;1;0
"03/11/2019";"00:30:00";"3";"Sem vítima";"68";"BR-290/RS";"Oeste";"Saída de pista";1;0;0;0;0;0;0;0;0;0;3;0;0;0;0
"03/11/2019";"05:28:00";"12";"com vítima";"35";"BR-290/RS";"Oeste";"Queda de ribanceira";1;0;0;0;0;0;0;0;0;0;1;1;0;0;0
"03/11/2019";"05:39:00";"13";"Sem vítima";"82";"BR-101/RS";"Sul";"Queda de ribanceira";0;0;0;0;1;0;0;0;0;0;1;0;0;0;0
"03/11/2019";"06:11:00";"16";"com vítima";"209";"BR-386/RS";"Sul";"Colisão - Frontal";1;0;0;0;1;0;0;0;0;0;0;15;3;3;1
"03/11/2019";"06:20:00";"17";"Sem vítima";"305";"BR-386/RS";"Norte";"Choque Defensa";0;0;0;0;0;0;0;0;0;0;1;0;0;0;0
"03/11/2019";"13:34:00";"90";"Sem vítima";"77";"BR-290/RS";"Oeste";"Colisão - Traseira";2;0;0;0;0;0;0;0;0;0;5;0;0;0;0
"03/11/2019";"15:03:00";"104";"Sem vítima";"346";"BR-386/RS";"Sul";;2;0;0;0;0;0;0;0;0;0;3;0;0;0;0
"03/11/2019";"17:32:00";"141";"Sem vítima";"231";"BR-386/RS";"Sul";"Queda de ribanceira";1;0;0;0;0;0;0;0;0;0;1;0;0;0;0
"03/11/2019";"20:30:00";"172";"Sem vítima";"224";"BR-386/RS";"Sul";"Saída de pista";1;0;0;0;0;0;0;0;0;0;3;0;0;0;0
"04/11/2019";"06:10:00";"23";"Sem vítima";"395";"BR-386/RS";"Norte";"Saída de pista";0;0;0;0;1;0;0;0;0;0;1;0;0;0;0
"04/11/2019";"11:44:00";"87";"Sem vítima";"347";"BR-386/RS";"Sul";"Choque com veículo no acostamento";2;0;0;0;0;0;0;0;0;0;2;0;0;0;0