data;horario;n_da_ocorrencia;tipo_de_ocorrencia;km;trecho;sentido;tipo_de_acidente;automovel;bicicleta;caminhao;moto;onibus;outros;tracao_animal;transporte_de_cargas_especiais;trator_maquinas;utilitarios;ilesos;levemente_feridos;moderadamente_feridos;gravemente_feridos;mortos
"09/12/2019";"12:09:00";"124";"com vítima";"52";"BR-101/RS";"Norte";"Tombamento";0;0;0;0;1;0;0;0;0;0;1;1;0;0;0
"09/12/2019";"14:03:00";"153";"Sem vítima";"74";"BR-290/RS";"Leste";"Choque com veículo na faixa de rolamento";1;0;0;0;1;0;0;0;0;0;2;0;0;0;0
"09/12/2019";"16:16:00";"184";"Sem vítima";"220";"BR-386/RS";"Norte";"Colisão - Lateral";2;0;0;0;0;0;0;0;0;0;3;0;0;0;0
"10/12/2019";"00:05:00";"3";"Sem vítima";"3";"BR-290/RS";"Ambos";"Colisão - Traseira";2;0;0;0;0;0;0;0;0;0;3;0;0;0;0
"10/12/2019";"07:40:00";"41";"com vítima";"88";"BR-290/RS";"Oeste";"Engavetamento";4;0;0;1;0;0;0;0;0;0;4;1;0;0;0
"10/12/2019";"08:13:00";"63";"Sem vítima";"253";"BR-386/RS";"Norte";"Colisão - Traseira";1;0;1;0;0;0;0;0;0;0;4;0;0;0;0
"10/12/2019";"11:18:00";"134";"Sem vítima";"402";"BR-386/RS";"Sul";;0;0;1;0;1;0;0;0;0;0;1;0;0;0;0
"10/12/2019";"11:20:00";"135";"com vítima";"435";"BR-386/RS";"Ambos";"Colisão - Lateral";1;0;0;0;1;0;0;0;0;0;4;1;1;0;0
"10/12/2019";"14:19:00";"176";"com vítima";"369";"BR-386/RS";"Norte";"Colisão - Traseira";0;0;0;0;1;0;0;0;0;0;0;1;0;0;0
"10/12/2019";"15:14:00";"191";"Sem vítima";"86";"BR-290/RS";"Oeste";"Colisão - Traseira";1;0;0;1;0;0;0;0;0;0;3;0;0;0;0
"10/12/2019";"17:28:00";"230";"Sem vítima";"66";"BR-290/RS";"Leste";"Choque Defensa";1;0;0;0;0;0;0;0;0;0;1;0;0;0;0
"10/12/2019";"18:50:00";"247";"Sem vítima";"95";"BR-290/RS";"Oeste";"Colisão - Lateral";1;0;0;1;0;0;0;0;0;0;1;0;0;0;0
"11/12/2019";"01:47:00";"4";"Sem vítima";"44";"BR-101/RS";"Norte";"Colisão - Traseira";1;0;1;0;0;0;0;0;0;0;2;0;0;0;0
"11/12/2019";"06:00:00";"52";"Sem vítima";"433";"BR-386/RS";"Sul";"Colisão - Traseira";0;0;0;0;1;0;0;0;0;0;1;0;0;0;0
"11/12/2019";"07:44:00";"8";"Sem vítima";"95,8";"BR-290/RS";"Oeste";"Colisão - Traseira";1;0;1;0;0;0;0;0;0;0;3;0;0;0;0
"11/12/2019";"07:45:00";"79";"com vítima";"348";"BR-386/RS";"Norte";"Colisão - Lateral";0;0;0;2;0;0;0;0;0;0;1;1;0;0;0
"11/12/2019";"08:32:00";"6";"com vítima";"228";"BR-386/RS";"Sul";"Colisão - Traseira";2;0;0;0;0;0;0;0;0;0;4;2;0;0;0
"11/12/2019";"09:19:00";"21";"Sem vítima";"37";"BR-101/RS";"Sul";"Capotamento";1;0;0;0;0;0;0;0;0;0;1;0;0;0;0
"11/12/2019";"10:47:00";"46";"Sem vítima";"36";"BR-101/RS";"Sul";"Saída de pista";0;0;1;0;1;0;0;0;0;0;2;0;0;0;0
"11/12/2019";"15:45:00";"117";"com vítima";"345";"BR-386/RS";"Norte";"Queda de moto";1;0;0;1;0;0;0;0;0;0;2;1;0;0;0
"11/12/2019";"17:43:00";"136";"com vítima";"346";"BR-386/RS";"Sul";"Colisão - Traseira";2;0;0;0;0;0;0;0;0;0;2;1;0;0;0
"12/12/2019";"07:57:00";"59";"com vítima";"11";"BR-448/RS";"Sul";"Queda de moto";0;0;0;1;0;0;0;0;0;0;0;0;2;0;0
"12/12/2019";"10:57:00";"98";"Sem vítima";"281";"BR-386/RS";"Norte";"Colisão - Traseira";2;0;0;0;0;0;0;0;0;0;2;0;0;0;0
"12/12/2019";"12:15:00";"112";"Sem vítima";"19,23";"BR-290/RS";"Leste";"Colisão - Traseira";1;0;1;0;0;0;0;0;0;0;40;0;0;0;0
"12/12/2019";"16:29:00";"157";"Sem vítima";"1";"BR-101/RS";"Sul";"Colisão - Traseira";2;0;0;0;0;0;0;0;0;0;1;0;0;0;0
"12/12/2019";"16:35:00";"161";"Sem vítima";"362";"BR-386/RS";"Sul";"Colisão - Transversal";1;0;0;0;1;0;0;0;0;0;2;0;0;0;0
"12/12/2019";"17:21:00";"169";"Sem vítima";"369,35";"BR-386/RS";"Ambos";"Colisão - Lateral";1;0;0;1;0;0;0;0;0;0;2;0;0;0;0
"12/12/2019";"17:26:00";"170";"Sem vítima";"422";"BR-386/RS";"Sul";"Capotamento";1;0;0;0;0;0;0;0;0;0;1;0;0;0;0
"12/12/2019";"19:31:00";"191";"Sem vítima";"73";"BR-290/RS";"Leste";"Queda de moto";0;0;0;1;0;0;0;0;0;0;1;0;0;0;0
"12/12/2019";"21:42:00";"215";"Sem vítima";"45";"BR-290/RS";"Leste";"Queda de ribanceira";1;0;0;0;0;0;0;0;0;0;1;0;0;0;0
"13/12/2019";"04:40:00";"13";"com vítima";"52";"BR-101/RS";"Ambos";"Queda de ribanceira";0;0;0;1;0;0;0;0;0;0;0;0;1;0;0
"13/12/2019";"10:41:00";"102";"Sem vítima";"262";"BR-386/RS";"Sul";"Colisão - Traseira";1;0;1;0;0;0;0;0;0;0;5;0;0;0;0
"13/12/2019";"14:54:00";"156";"Sem vítima";"35";"BR-290/RS";"Leste";"Colisão - Lateral";1;0;0;0;2;0;0;0;0;0;3;0;0;0;0
"13/12/2019";"16:10:00";"176";"com vítima";"350";"BR-386/RS";"Norte";"Colisão - Traseira";2;0;0;0;0;0;0;0;0;0;1;0;1;0;0
"13/12/2019";"17:19:00";"190";"com vítima";"86";"BR-101/RS";"Sul";"Choque Barreira";0;0;2;0;0;0;0;0;0;0;2;1;0;0;0
"13/12/2019";"17:51:00";"197";"Sem vítima";"87";"BR-290/RS";"Leste";"Colisão - Transversal";2;0;0;0;0;0;0;0;0;0;1;0;0;0;0
"13/12/2019";"18:18:00";"203";"com vítima";"435";"BR-386/RS";"Sul";"Colisão - Transversal";2;0;0;0;0;0;0;0;0;0;0;3;1;0;0
"13/12/2019";"18:39:00";"207";"Sem vítima";"346";"BR-386/RS";"Sul";"Colisão - Traseira";0;0;1;0;1;0;0;0;0;0;1;0;0;0;0
"13/12/2019";"18:49:00";"208";"Sem vítima";"86";"BR-101/RS";"Norte";"Colisão - Traseira";1;0;1;0;0;0;0;0;0;0;2;0;0;0;0
"14/12/2019";"02:44:00";"10";"Sem vítima";"14";"BR-290/RS";"Leste";"Queda de ribanceira";1;0;0;0;0;0;0;0;0;0;3;0;0;0;0
"14/12/2019";"03:36:00";"13";"com vítima";"50";"BR-290/RS";"Oeste";"Queda de ribanceira";1;0;0;0;0;0;0;0;0;0;0;2;0;0;0
"14/12/2019";"09:06:00";"72";"com vítima";"350";"BR-386/RS";"Norte";"Atropelamento - Esportista";1;0;0;0;0;0;0;0;0;0;0;0;0;1;0
"14/12/2019";"11:11:00";"99";"com vítima";"389";"BR-386/RS";"Norte";"Colisão - Transversal";1;0;0;0;1;0;0;0;0;0;2;1;0;0;0
"14/12/2019";"17:01:00";"172";"com vítima";"296";"BR-386/RS";"Norte";"Saída de pista";1;0;0;0;0;0;0;0;0;0;3;2;0;0;0
"14/12/2019";"21:29:00";"204";"com vítima";"65";"BR-290/RS";"Leste";"Queda de ribanceira";1;0;1;0;0;0;0;0;0;0;3;0;1;0;0
"15/12/2019";"03:35:00";"17";"Sem vítima";"84";"BR-290/RS";"Oeste";"Queda de ribanceira";1;0;0;0;0;0;0;0;0;0;1;0;0;0;0
"15/12/2019";"05:17:00";"22";"com vítima";"384";"BR-386/RS";"Norte";"Queda de ribanceira";1;0;0;0;0;0;0;0;0;0;0;0;3;0;1
"15/12/2019";"05:23:00";"23";"Sem vítima";"346";"BR-386/RS";"Norte";"Choque - Arvore";1;0;0;0;0;0;0;0;0;0;1;0;0;0;0
"15/12/2019";"07:11:00";"35";"Sem vítima";"70";"BR-101/RS";"Norte";"Colisão - Traseira";1;0;0;0;0;0;0;0;0;0;5;0;0;0;0
"15/12/2019";"07:23:00";"38";"Sem vítima";"88";"BR-290/RS";"Leste";"Colisão - Traseira";1;0;0;0;1;0;0;0;0;0;3;0;0;0;0
"15/12/2019";"10:39:00";"81";"Sem vítima";"35";"BR-101/RS";"Sul";"Choque Praça - Cabine";0;0;1;0;0;0;0;0;0;0;1;0;0;0;0
"15/12/2019";"13:38:00";"117";"Sem vítima";"12";"BR-101/RS";"Sul";"Queda de ribanceira";1;0;0;0;0;0;0;0;0;0;2;0;0;0;0
"15/12/2019";"16:54:00";"174";"Sem vítima";"306";"BR-386/RS";"Sul";"Queda de ribanceira";1;0;0;0;0;0;0;0;0;0;3;0;0;0;0
"15/12/2019";"20:06:00";"223";"Sem vítima";"1";"BR-290/RS";"Oeste";"Queda de ribanceira";1;0;0;0;0;0;0;0;0;0;2;0;0;0;0
"16/12/2019";"04:56:00";"12";"Sem vítima";"307";"BR-386/RS";"Sul";"Choque - Sinalização";1;0;0;0;0;0;0;0;0;0;1;0;0;0;0
"16/12/2019";"07:49:00";"47";"Sem vítima";"83";"BR-290/RS";"Oeste";"Choque Barreira";1;0;0;0;0;0;0;0;0;0;1;0;0;0;0
"16/12/2019";"12:27:00";"143";"Sem vítima";"4";"BR-448/RS";"Norte";"Colisão - Traseira";2;0;0;0;0;0;0;0;0;0;2;0;0;0;0
"16/12/2019";"12:39:00";"147";"Sem vítima";"77";"BR-290/RS";"Oeste";"Choque Barreira";1;0;0;0;0;0;0;0;0;0;1;0;0;0;0
"16/12/2019";"15:51:00";"189";"com vítima";"247";"BR-386/RS";"Norte";"Colisão - Lateral";1;0;0;1;0;0;0;0;0;0;1;0;1;0;0
"16/12/2019";"17:21:00";"205";"com vítima";"31";"BR-101/RS";"Norte";"Colisão - Lateral";1;0;0;1;0;0;0;0;0;0;0;2;1;0;0
"16/12/2019";"17:54:00";"210";"Sem vítima";"392";"BR-386/RS";"Norte";"Colisão - Lateral";1;0;1;0;0;0;0;0;0;0;2;0;0;0;0
"16/12/2019";"18:03:00";"215";"Sem vítima";"390";"BR-386/RS";"Sul";"Colisão - Lateral";1;0;1;0;0;0;0;0;0;0;4;0;0;0;0
"16/12/2019";"19:32:00";"229";"Sem vítima";"430";"BR-386/RS";"Sul";"Colisão - Lateral";2;0;0;0;0;0;0;0;0;0;6;0;0;0;0
"17/12/2019";"16:32:00";"170";"Sem vítima";"342";"BR-386/RS";"Norte";"Choque - Poste";0;0;1;0;0;0;0;0;0;0;2;0;0;0;0
"17/12/2019";"18:21:00";"194";"Sem vítima";"63";"BR-290/RS";"Oeste";"Queda de ribanceira";1;0;0;0;0;0;0;0;0;0;1;0;0;0;0
"17/12/2019";"20:02:00";"212";"com vítima";"219";"BR-386/RS";"Norte";"Capotamento";1;0;0;0;0;0;0;0;0;0;0;0;1;1;0
"18/12/2019";"01:23:00";"4";"Sem vítima";"43";"BR-290/RS";"Oeste";"Colisão - Lateral";1;0;0;0;0;0;0;0;0;0;2;0;0;0;0
"18/12/2019";"04:44:00";"13";"Sem vítima";"305";"BR-386/RS";"Norte";"Saída de pista";0;0;0;0;1;0;0;0;0;0;2;0;0;0;0
"18/12/2019";"05:02:00";"14";"com vítima";"37";"BR-290/RS";"Oeste";"Colisão - Traseira";2;0;0;0;0;0;0;0;0;0;7;1;0;0;0
"18/12/2019";"06:31:00";"22";"Sem vítima";"86";"BR-290/RS";"Leste";"Colisão - Lateral";1;0;1;0;0;0;0;0;0;0;2;0;0;0;0
"18/12/2019";"06:45:00";"26";"Sem vítima";"384";"BR-386/RS";"Ambos";"Queda de ribanceira";1;0;0;0;0;0;0;0;0;0;3;0;0;0;0
"18/12/2019";"07:48:00";"51";"Sem vítima";"95";"BR-290/RS";"Oeste";"Colisão - Lateral";1;0;0;0;1;0;0;0;0;0;2;0;0;0;0
"18/12/2019";"08:26:00";"74";"Sem vítima";"92";"BR-290/RS";"Oeste";"Colisão - Traseira";3;0;0;0;0;0;0;0;0;0;3;0;0;0;0
"18/12/2019";"12:42:00";"148";"com vítima";"12";"BR-101/RS";"Sul";"Colisão - Traseira";2;0;0;0;0;0;0;0;0;0;7;1;0;0;0
"18/12/2019";"13:58:00";"162";"Sem vítima";"304";"BR-386/RS";"Norte";"Queda de ribanceira";1;0;0;0;0;0;0;0;0;0;2;0;0;0;0
"19/12/2019";"09:32:00";"99";"com vítima";"271";"BR-386/RS";"Sul";"Colisão - Traseira";1;0;0;1;0;0;0;0;0;0;0;0;2;0;0
"19/12/2019";"10:35:00";"124";"Sem vítima";"6";"BR-290/RS";"Leste";"Colisão - Lateral";2;0;0;0;0;0;0;0;0;0;1;0;0;0;0
"19/12/2019";"17:29:00";"185";"Sem vítima";"52,14";"BR-290/RS";"Leste";"Colisão - Traseira";2;0;0;0;0;0;0;0;0;0;2;0;0;0;0
"19/12/2019";"18:20:00";"196";"Sem vítima";"87";"BR-290/RS";"Leste";"Colisão - Traseira";2;0;0;0;0;0;0;0;0;0;1;0;0;0;0
"19/12/2019";"21:50:00";"222";"com vítima";"406";"BR-386/RS";"Norte";"Colisão - Traseira";0;0;1;0;1;0;0;0;0;0;2;1;0;0;0
"20/12/2019";"06:12:00";"24";"Sem vítima";"54";"BR-290/RS";"Oeste";"Colisão - Traseira";1;0;1;0;0;0;0;0;0;0;3;0;0;0;0
"20/12/2019";"08:22:00";"70";"Sem vítima";"245";"BR-386/RS";"Norte";"Colisão - Traseira";2;0;0;0;0;0;0;0;0;0;7;0;0;0;0
"20/12/2019";"11:07:00";"115";"com vítima";"74";"BR-290/RS";"Oeste";"Colisão - Traseira";3;0;0;0;0;0;0;0;0;0;2;0;1;0;0
"20/12/2019";"11:08:00";"116";"com vítima";"34";"BR-101/RS";"Sul";"Queda de moto";0;0;0;1;0;0;0;0;0;0;0;1;0;0;0
"20/12/2019";"11:16:00";"120";"Sem vítima";"251";"BR-386/RS";"Norte";"Colisão - Traseira";2;0;0;0;0;0;0;0;0;0;6;0;0;0;0
"20/12/2019";"11:51:00";"126";"com vítima";"360";"BR-386/RS";"Sul";"Saída de pista";1;0;0;0;0;0;0;0;0;0;4;1;0;0;0
"20/12/2019";"12:24:00";"135";"Sem vítima";"430";"BR-386/RS";"Norte";"Saída de pista";1;0;0;0;0;0;0;0;0;0;1;0;0;0;0
"20/12/2019";"12:35:00";"138";"Sem vítima";"53";"BR-290/RS";"Oeste";"Colisão - Frontal";2;0;0;0;0;0;0;0;0;0;2;0;0;0;0
"20/12/2019";"14:29:00";"165";"com vítima";"357";"BR-386/RS";"Sul";"Capotamento";1;0;0;0;0;0;0;0;0;0;0;0;0;1;0
"20/12/2019";"17:04:00";"204";"Sem vítima";"75";"BR-290/RS";"Leste";"Saída de pista";1;0;0;0;0;0;0;0;0;0;1;0;0;0;0
"20/12/2019";"20:37:00";"255";"com vítima";"336";"BR-386/RS";"Norte";"Queda de ribanceira";1;0;0;0;0;0;0;0;0;0;0;0;1;0;0
"21/12/2019";"03:40:00";"20";"com vítima";"298";"BR-386/RS";"Norte";"Capotamento";1;0;0;0;0;0;0;0;0;0;0;2;2;0;0
"21/12/2019";"05:32:00";"37";"Sem vítima";"301";"BR-386/RS";"Sul";"Colisão - Traseira";2;0;0;0;0;0;0;0;0;0;2;0;0;0;0
"21/12/2019";"07:09:00";"57";"Sem vítima";"346";"BR-386/RS";"Norte";"Colisão - Traseira";2;0;0;0;0;0;0;0;0;0;8;0;0;0;0
"21/12/2019";"09:17:00";"114";"Sem vítima";"11";"BR-290/RS";"Oeste";"Saída de pista";1;0;0;0;0;0;0;0;0;0;2;0;0;0;0
"21/12/2019";"10:21:00";"131";"com vítima";"249";"BR-386/RS";"Sul";"Colisão - Traseira";1;0;1;0;0;0;0;0;0;0;1;0;0;1;0
"21/12/2019";"11:36:00";"154";"com vítima";"41";"BR-290/RS";"Leste";"Colisão - Traseira";2;0;0;0;0;0;0;0;0;0;2;2;0;0;0
"21/12/2019";"12:17:00";"163";"com vítima";"23";"BR-290/RS";"Oeste";"Saída de pista";0;0;0;0;1;0;0;0;0;0;0;1;0;0;0
"21/12/2019";"13:40:00";"180";"com vítima";"80";"BR-290/RS";"Leste";"Colisão - Lateral";1;0;0;0;0;0;0;0;0;0;0;1;0;0;0
"21/12/2019";"15:10:00";"204";"Sem vítima";"35";"BR-101/RS";"Norte";"Saída de pista";0;0;1;0;0;0;0;0;0;0;2;0;0;0;0
"21/12/2019";"17:43:00";"249";"com vítima";"246";"BR-386/RS";"Norte";"Colisão - Lateral";1;0;0;1;0;0;0;0;0;0;1;1;0;0;0
"21/12/2019";"17:58:00";"251";"Sem vítima";"77";"BR-290/RS";"Oeste";"Colisão - Traseira";2;0;0;0;0;0;0;0;0;0;4;0;0;0;0
"21/12/2019";"18:15:00";"256";"com vítima";"18";"BR-101/RS";"Sul";"Queda de moto";0;0;0;1;0;1;0;0;0;0;0;0;1;0;0
"21/12/2019";"18:56:00";"267";"com vítima";"30";"BR-290/RS";"Leste";"Capotamento";1;0;0;0;0;0;0;0;0;0;0;0;0;2;0
"22/12/2019";"01:11:00";"8";"com vítima";"388";"BR-386/RS";"Norte";"Saída de pista";1;0;0;0;0;0;0;0;0;0;0;0;1;0;0
"22/12/2019";"12:37:00";"125";"Sem vítima";"35";"BR-101/RS";"Sul";"Queda de ribanceira";1;0;0;0;0;0;0;0;0;0;2;0;0;0;0
"22/12/2019";"13:34:00";"137";"com vítima";"11";"BR-290/RS";"Oeste";"Capotamento";1;0;0;0;0;0;0;0;0;0;0;0;0;1;0
"23/12/2019";"06:45:00";"41";"com vítima";"269";"BR-386/RS";"Sul";"Colisão - Frontal";0;0;1;1;0;0;0;0;0;0;1;0;1;0;0
"23/12/2019";"10:30:00";"135";"com vítima";"92";"BR-290/RS";"Leste";"Colisão - Traseira";2;0;0;0;0;0;0;0;0;0;2;1;0;0;0
"23/12/2019";"10:48:00";"147";"Sem vítima";"285";"BR-386/RS";"Norte";"Colisão - Traseira";2;0;0;0;0;0;0;0;0;0;5;0;0;0;0
"23/12/2019";"13:06:00";"183";"Sem vítima";"426";"BR-386/RS";"Ambos";"Choque Praça - Cabine";0;0;0;0;1;0;0;0;0;0;1;0;0;0;0
"23/12/2019";"17:02:00";"238";"com vítima";"58";"BR-290/RS";"Oeste";"Choque - Arvore";1;0;0;0;0;0;0;0;0;0;0;1;0;0;0
"23/12/2019";"20:10:00";"277";"com vítima";"22";"BR-448/RS";"Norte";"Queda de moto";0;0;0;1;0;0;0;0;0;0;0;2;0;0;0
"24/12/2019";"02:03:00";"8";"Sem vítima";"341";"BR-386/RS";"Norte";"Saída de pista";1;0;0;0;0;0;0;0;0;0;1;0;0;0;0
"24/12/2019";"10:11:00";"63";"Sem vítima";"247";"BR-386/RS";"Norte";"Engavetamento";3;0;0;0;0;0;0;0;0;0;11;0;0;0;0
"24/12/2019";"12:10:00";"89";"Sem vítima";"62";"BR-101/RS";"Sul";"Atropelamento de Animal";1;0;0;0;0;0;0;0;0;0;1;0;0;0;0
"24/12/2019";"16:18:00";"165";"com vítima";"68";"BR-290/RS";"Leste";"Choque Defensa";1;0;0;0;0;0;0;0;0;0;0;1;0;0;0
"24/12/2019";"20:46:00";"217";"Sem vítima";"281";"BR-386/RS";"Sul";"Saída de pista";1;0;0;0;0;0;0;0;0;0;1;0;0;0;0
"25/12/2019";"11:16:00";"81";"com vítima";"432";"BR-386/RS";"Norte";"Queda de moto";0;0;0;1;0;0;0;0;0;0;0;1;1;0;0
"26/12/2019";"03:34:00";"20";"com vítima";"60";"BR-290/RS";"Oeste";"Capotamento";1;0;0;0;0;0;0;0;0;0;0;1;1;1;0
"26/12/2019";"07:12:00";"56";"Sem vítima";"276";"BR-386/RS";"Norte";"Engavetamento";3;0;0;0;0;0;0;0;0;0;7;0;0;0;0
"26/12/2019";"07:28:00";"63";"Sem vítima";"276,04";"BR-386/RS";"Norte";"Colisão - Traseira";2;0;0;0;0;0;0;0;0;0;5;0;0;0;0
"26/12/2019";"08:33:00";"98";"Sem vítima";"80";"BR-101/RS";"Norte";"Colisão - Lateral";2;0;0;0;0;0;0;0;0;0;2;0;0;0;0
"26/12/2019";"08:50:00";"107";"Sem vítima";"296";"BR-386/RS";"Sul";"Colisão - Traseira";1;0;0;0;0;0;0;0;0;0;1;0;0;0;0
"26/12/2019";"09:18:00";"124";"Sem vítima";"302";"BR-386/RS";"Sul";"Colisão - Traseira";2;0;0;0;0;0;0;0;0;0;2;0;0;0;0
"26/12/2019";"09:49:00";"141";"Sem vítima";"82";"BR-101/RS";"Norte";"Saída de pista";1;0;0;0;0;0;0;0;0;0;3;0;0;0;0
"26/12/2019";"10:04:00";"147";"Sem vítima";"68";"BR-290/RS";"Leste";"Choque Defensa";1;0;0;0;0;0;0;0;0;0;1;0;0;0;0
"26/12/2019";"10:37:00";"159";"com vítima";"9";"BR-101/RS";"Sul";"Colisão - Traseira";2;0;0;0;0;0;0;0;0;0;3;1;0;0;0
"26/12/2019";"12:32:00";"197";"Sem vítima";"98";"BR-290/RS";"Leste";"Engavetamento";4;0;0;0;0;0;0;0;0;0;4;0;0;0;0
"26/12/2019";"13:51:00";"224";"Sem vítima";"91";"BR-290/RS";"Leste";"Saída de pista";1;0;0;0;0;0;0;0;0;0;1;0;0;0;0
"26/12/2019";"13:51:00";"223";"Sem vítima";"69";"BR-290/RS";"Leste";"Engavetamento";3;0;0;0;0;0;0;0;0;0;3;0;0;0;0
"26/12/2019";"14:45:00";"240";"Sem vítima";"75";"BR-290/RS";"Oeste";"Choque Defensa";1;0;0;0;0;0;0;0;0;0;1;0;0;0;0
"26/12/2019";"15:25:00";"249";"com vítima";"26";"BR-290/RS";"Oeste";"Saída de pista";0;0;0;1;0;0;0;0;0;0;0;1;0;0;0
"26/12/2019";"16:46:00";"281";"com vítima";"75";"BR-101/RS";"Norte";"Queda de moto";0;0;0;1;0;0;0;0;0;0;0;1;1;0;0
"26/12/2019";"17:39:00";"301";"com vítima";"48";"BR-290/RS";"Leste";"Colisão - Lateral";0;0;0;1;0;0;0;0;0;0;0;0;2;0;0
"26/12/2019";"17:47:00";"303";"com vítima";"32";"BR-101/RS";"Sul";"Queda de moto";0;0;0;1;0;0;0;0;0;0;0;0;1;0;0
"26/12/2019";"18:37:00";"319";"com vítima";"16";"BR-448/RS";"Norte";"Capotamento";1;0;0;0;0;0;0;0;0;0;0;1;0;0;0
"27/12/2019";"06:37:00";"43";"Sem vítima";"413";"BR-386/RS";"Sul";"Choque Defensa";1;0;0;0;0;0;0;0;0;0;2;0;0;0;0
"27/12/2019";"07:24:00";"53";"com vítima";"334";"BR-386/RS";"Sul";"Colisão - Traseira";1;0;0;1;0;0;0;0;0;0;1;2;0;0;0
"27/12/2019";"08:26:00";"83";"Sem vítima";"52";"BR-101/RS";"Norte";"Tombamento";0;0;1;0;0;0;0;0;0;0;1;0;0;0;0
"27/12/2019";"08:35:00";"89";"Sem vítima";"338";"BR-386/RS";"Sul";"Queda de ribanceira";1;0;0;0;0;0;0;0;0;0;1;0;0;0;0
"27/12/2019";"08:48:00";"96";"com vítima";"393";"BR-386/RS";"Norte";"Colisão - Lateral";2;0;0;0;0;0;0;0;0;0;3;1;0;0;0
"27/12/2019";"08:51:00";"97";"Sem vítima";"19,41";"BR-290/RS";"Leste";"Engavetamento";3;0;0;0;0;0;0;0;0;0;2;0;0;0;0
"27/12/2019";"09:28:00";"111";"com vítima";"7";"BR-101/RS";"Sul";"Capotamento";1;0;0;0;0;0;0;0;0;0;0;3;0;0;0
"27/12/2019";"09:51:00";"118";"com vítima";"248";"BR-386/RS";"Norte";"Colisão - Traseira";2;0;0;0;0;0;0;0;0;0;3;1;0;0;0
"27/12/2019";"10:14:00";"128";"Sem vítima";"247";"BR-386/RS";"Norte";"Colisão - Traseira";2;0;0;0;0;0;0;0;0;0;5;0;0;0;0
"27/12/2019";"10:56:00";"142";"Sem vítima";"290";"BR-386/RS";"Sul";"Colisão - Traseira";1;0;0;0;0;1;0;0;0;0;2;0;0;0;0
"27/12/2019";"11:19:00";"153";"com vítima";"64";"BR-290/RS";"Oeste";"Capotamento";1;0;0;0;0;0;0;0;0;0;0;4;0;0;0
"27/12/2019";"11:23:00";"154";"Sem vítima";"42";"BR-290/RS";"Leste";"Colisão - Traseira";3;0;0;0;0;0;0;0;0;0;6;0;0;0;0
"27/12/2019";"11:46:00";"163";"Sem vítima";"40";"BR-290/RS";"Leste";"Queda de ribanceira";1;0;0;0;0;0;0;0;0;0;2;0;0;0;0
"27/12/2019";"12:56:00";"189";"com vítima";"296";"BR-386/RS";"Sul";"Tombamento";0;0;1;0;0;0;0;0;0;0;0;1;0;0;0
"27/12/2019";"13:05:00";"194";"com vítima";"38";"BR-290/RS";"Leste";"Colisão - Traseira";2;0;0;0;0;0;0;0;0;0;2;0;1;0;0
"27/12/2019";"13:15:00";"197";"Sem vítima";"40,08";"BR-290/RS";"Leste";"Colisão - Traseira";1;0;0;0;0;0;0;0;0;0;1;0;0;0;0
"27/12/2019";"14:27:00";"213";"Sem vítima";"48";"BR-290/RS";"Leste";"Colisão - Lateral";2;0;0;0;0;0;0;0;0;0;2;0;0;0;0
"27/12/2019";"15:12:00";"228";"Sem vítima";"48";"BR-290/RS";"Leste";"Colisão - Traseira";1;0;0;1;0;0;0;0;0;0;1;0;0;0;0
"27/12/2019";"15:21:00";"232";"Sem vítima";"42";"BR-290/RS";"Leste";"Engavetamento";4;0;0;0;0;0;0;0;0;0;4;0;0;0;0
"27/12/2019";"15:40:00";"238";"com vítima";"60";"BR-290/RS";"Oeste";"Saída de pista";0;0;0;0;1;0;0;0;0;0;1;0;1;0;0
"27/12/2019";"15:55:00";"244";"Sem vítima";"48";"BR-290/RS";"Leste";"Colisão - Traseira";2;0;0;0;0;0;0;0;0;0;1;0;0;0;0
"27/12/2019";"17:52:00";"283";"Sem vítima";"248";"BR-386/RS";"Sul";"Colisão - Traseira";2;0;0;0;0;0;0;0;0;0;2;0;0;0;0
"27/12/2019";"23:40:00";"360";"Sem vítima";"70";"BR-290/RS";"Oeste";"Colisão - Traseira";2;0;0;0;0;0;0;0;0;0;2;0;0;0;0
"28/12/2019";"04:08:00";"29";"Sem vítima";"30";"BR-290/RS";"Oeste";"Saída de pista";1;0;0;0;0;0;0;0;0;0;2;0;0;0;0
"28/12/2019";"06:32:00";"49";"com vítima";"387";"BR-386/RS";"Sul";"Queda de moto";1;0;0;0;0;0;0;0;0;0;0;1;0;0;0
"28/12/2019";"06:50:00";"53";"Sem vítima";"11";"BR-448/RS";"Norte";"Choque Barreira";1;0;0;0;0;0;0;0;0;0;2;0;0;0;0
"28/12/2019";"07:03:00";"61";"Sem vítima";"22";"BR-290/RS";"Leste";"Colisão - Traseira";3;0;0;0;0;0;0;0;0;0;8;0;0;0;0
"28/12/2019";"07:46:00";"81";"Sem vítima";"63";"BR-290/RS";"Leste";"Colisão - Traseira";2;0;0;0;0;0;0;0;0;0;2;0;0;0;0
"28/12/2019";"07:52:00";"85";"com vítima";"350";"BR-386/RS";"Norte";"Colisão - Traseira";2;0;0;0;0;0;0;0;0;0;1;0;1;0;0
"28/12/2019";"08:28:00";"107";"com vítima";"272";"BR-386/RS";"Sul";"Queda de ribanceira";1;0;0;0;0;0;0;0;0;0;3;0;1;0;0
"28/12/2019";"10:13:00";"164";"Sem vítima";"192";"BR-386/RS";"Norte";"Engavetamento";3;0;0;0;0;0;0;0;0;0;7;0;0;0;0
"28/12/2019";"10:52:00";"181";"Sem vítima";"198";"BR-386/RS";"Norte";"Engavetamento";3;0;0;0;0;0;0;0;0;0;10;0;0;0;0
"28/12/2019";"11:11:00";"186";"com vítima";"344";"BR-386/RS";"Norte";"Colisão - Traseira";1;0;0;1;0;0;0;0;0;0;3;1;0;0;0