data;horario;n_da_ocorrencia;tipo_de_ocorrencia;km;trecho;sentido;tipo_de_acidente;automovel;bicicleta;caminhao;moto;onibus;outros;tracao_animal;transporte_de_cargas_especiais;trator_maquinas;utilitarios;ilesos;levemente_feridos;moderadamente_feridos;gravemente_feridos;mortos
"28/12/2019";"14:17:00";"255";"Sem vítima";"33";"BR-290/RS";"Leste";"Colisão - Traseira";3;0;0;0;0;0;0;0;0;0;3;0;0;0;0
"28/12/2019";"16:51:00";"312";"Sem vítima";"360";"BR-386/RS";"Sul";"Queda de ribanceira";1;0;0;0;0;0;0;0;0;0;1;0;0;0;0
"28/12/2019";"16:54:00";"315";"Sem vítima";"77";"BR-290/RS";"Leste";"Colisão - Traseira";1;0;0;0;1;0;0;0;0;0;2;0;0;0;0
"28/12/2019";"18:38:00";"349";"com vítima";"377";"BR-386/RS";"Sul";"Capotamento";1;0;0;0;0;0;0;0;0;0;1;0;4;0;0
"29/12/2019";"02:40:00";"13";"com vítima";"44";"BR-290/RS";"Leste";"Choque - Arvore";1;0;0;0;0;0;0;0;0;0;0;1;0;0;0
"29/12/2019";"03:01:00";"15";"com vítima";"227";"BR-386/RS";"Sul";"Colisão - Frontal";1;0;1;0;0;0;0;0;0;0;0;2;1;0;1
"29/12/2019";"08:31:00";"82";"Sem vítima";"86";"BR-290/RS";"Oeste";"Colisão - Traseira";1;0;0;0;0;0;0;0;0;0;1;0;0;0;0
"29/12/2019";"09:53:00";"118";"com vítima";"279";"BR-386/RS";"Norte";"Colisão - Frontal";2;0;0;0;0;0;0;0;0;0;0;0;5;0;0
"29/12/2019";"11:35:00";"157";"Sem vítima";"417";"BR-386/RS";"Sul";"Choque Defensa";1;0;0;0;0;0;0;0;0;0;5;0;0;0;0
"29/12/2019";"14:04:00";"190";"Sem vítima";"21";"BR-101/RS";"Norte";"Queda de ribanceira";1;0;0;0;0;0;0;0;0;0;4;0;0;0;0
"29/12/2019";"16:05:00";"230";"Sem vítima";"362";"BR-386/RS";"Sul";"Queda de ribanceira";1;0;0;0;0;0;0;0;0;0;3;0;0;0;0
"29/12/2019";"16:23:00";"237";"Sem vítima";"435";"BR-386/RS";"Norte";"Colisão - Transversal";1;0;0;0;0;0;0;0;0;0;2;0;0;0;0
"29/12/2019";"16:27:00";"240";"com vítima";"65";"BR-290/RS";"Oeste";"Capotamento";1;0;0;0;0;0;0;0;0;0;0;1;0;0;0
"29/12/2019";"18:43:00";"283";"com vítima";"34";"BR-290/RS";"Leste";"Saída de pista";1;0;0;0;0;0;0;0;0;0;0;1;0;0;0
"29/12/2019";"20:19:00";"307";"Sem vítima";"87";"BR-101/RS";"Sul";"Colisão - Lateral";1;0;1;0;0;0;0;0;0;0;2;0;0;0;0
"29/12/2019";"23:23:00";"338";"Sem vítima";"333";"BR-386/RS";"Sul";"Capotamento";1;0;0;0;0;0;0;0;0;0;2;0;0;0;0
"30/12/2019";"00:07:00";"2";"com vítima";"46";"BR-290/RS";"Leste";"Queda de moto";0;0;0;1;0;0;0;0;0;0;1;1;0;0;0
"30/12/2019";"05:24:00";"37";"com vítima";"51";"BR-101/RS";"Norte";"Capotamento";1;0;0;0;0;0;0;0;0;0;0;3;0;1;0
"30/12/2019";"08:14:00";"77";"com vítima";"91";"BR-290/RS";"Oeste";"Colisão - Lateral";1;0;0;1;0;0;0;0;0;0;1;0;1;0;0
"30/12/2019";"10:28:00";"122";"com vítima";"63";"BR-290/RS";"Leste";"Capotamento";1;0;0;0;0;0;0;0;0;0;2;1;0;0;0
"30/12/2019";"11:00:00";"130";"Sem vítima";"46";"BR-290/RS";"Leste";"Colisão - Lateral";1;0;1;0;0;0;0;0;0;0;2;0;0;0;0
"30/12/2019";"13:16:00";"173";"Sem vítima";"226";"BR-386/RS";"Norte";"Colisão - Traseira";1;0;1;0;0;0;0;0;0;0;4;0;0;0;0
"30/12/2019";"15:23:00";"208";"Sem vítima";"92";"BR-290/RS";"Leste";"Colisão - Lateral";1;0;0;1;0;0;0;0;0;0;1;0;0;0;0
"30/12/2019";"16:02:00";"217";"com vítima";"15";"BR-101/RS";"Norte";"Colisão - Traseira";2;0;0;0;0;0;0;0;0;0;2;0;1;0;0
"30/12/2019";"17:04:00";"238";"Sem vítima";"92";"BR-290/RS";"Leste";"Engavetamento";1;0;0;0;0;0;0;0;0;0;1;0;0;0;0
"31/12/2019";"03:57:00";"34";"Sem vítima";"42";"BR-290/RS";"Leste";"Queda de ribanceira";1;0;0;0;0;0;0;0;0;0;2;0;0;0;0
"31/12/2019";"08:06:00";"76";"com vítima";"61";"BR-290/RS";"Oeste";"Capotamento";1;0;0;0;0;0;0;0;0;0;0;1;0;0;0
"31/12/2019";"08:20:00";"81";"com vítima";"3";"BR-290/RS";"Leste";"Queda de moto";0;0;0;1;0;0;0;0;0;0;1;0;1;0;0
"31/12/2019";"12:54:00";"146";"Sem vítima";"19,27";"BR-290/RS";"Leste";"Colisão - Traseira";2;0;0;0;0;0;0;0;0;0;2;0;0;0;0
"31/12/2019";"12:56:00";"150";"com vítima";"98";"BR-290/RS";"Oeste";"Queda de moto";0;0;0;1;0;0;0;0;0;0;0;1;0;0;0
"31/12/2019";"13:35:00";"160";"com vítima";"197";"BR-386/RS";"Norte";"Queda de ribanceira";1;0;0;0;0;0;0;0;0;0;2;1;0;0;0
"31/12/2019";"14:51:00";"183";"Sem vítima";"19";"BR-101/RS";"Sul";"Saída de pista";1;0;0;0;0;0;0;0;0;0;2;0;0;0;0
"31/12/2019";"15:15:00";"192";"com vítima";"1";"BR-290/RS";"Leste";"Choque Defensa";1;0;0;0;0;0;0;0;0;0;1;1;0;0;0
"31/12/2019";"15:42:00";"204";"Sem vítima";"234";"BR-386/RS";"Norte";"Saída de pista";1;0;0;0;0;0;0;0;0;0;2;0;0;0;0
"31/12/2019";"16:25:00";"223";"Sem vítima";"355";"BR-386/RS";"Norte";"Capotamento";1;0;0;0;0;0;0;0;0;0;2;0;0;0;0
"31/12/2019";"18:11:00";"255";"Sem vítima";"362";"BR-386/RS";"Sul";"Capotamento";1;0;0;0;0;0;0;0;0;0;2;0;0;0;0
"31/12/2019";"18:35:00";"263";"Sem vítima";"91";"BR-290/RS";"Leste";"Queda de ribanceira";1;0;0;0;0;0;0;0;0;0;2;0;0;0;0
"31/12/2019";"19:26:00";"275";"com vítima";"71";"BR-290/RS";"Leste";"Colisão - Traseira";2;0;0;0;0;0;0;0;0;0;0;1;1;3;1
"31/12/2019";"22:04:00";"308";"Sem vítima";"20";"BR-290/RS";"Leste";"Colisão - Traseira";3;0;0;0;0;0;0;0;0;0;8;0;0;0;0
"31/12/2019";"23:13:00";"317";"com vítima";"72";"BR-290/RS";"Ambos";"Capotamento";1;0;0;0;0;0;0;0;0;0;0;0;1;0;0
"01/01/2020";"00:38:00";"3";"com vítima";"97";"BR-290/RS";"Leste";"Queda de moto";0;0;0;1;0;0;0;0;0;0;1;1;0;0;0
"01/01/2020";"07:03:00";"38";"Sem vítima";"14";"BR-290/RS";"Leste";"Queda de ribanceira";1;0;0;0;0;0;0;0;0;0;3;0;0;0;0
"01/01/2020";"14:26:00";"172";"Sem vítima";"273";"BR-386/RS";"Sul";"Colisão - Traseira";2;0;0;0;0;0;0;0;0;0;6;0;0;0;0
"01/01/2020";"14:35:00";"176";"Sem vítima";"53";"BR-290/RS";"Oeste";"Colisão - Traseira";2;0;0;0;0;0;0;0;0;0;2;0;0;0;0
"01/01/2020";"14:46:00";"179";"Sem vítima";"49";"BR-290/RS";"Oeste";"Colisão - Traseira";2;0;0;0;0;0;0;0;0;0;6;0;0;0;0
"01/01/2020";"14:56:00";"182";"Sem vítima";"22";"BR-448/RS";"Norte";"Choque Barreira";1;0;0;0;0;0;0;0;0;0;1;0;0;0;0
"01/01/2020";"15:20:00";"187";"Sem vítima";"53";"BR-290/RS";"Leste";"Colisão - Traseira";2;0;0;0;0;0;0;0;0;0;2;0;0;0;0
"01/01/2020";"15:31:00";"191";"Sem vítima";"43";"BR-290/RS";"Oeste";"Colisão - Traseira";4;0;0;0;0;0;0;0;0;0;4;0;0;0;0
"01/01/2020";"16:58:00";"215";"Sem vítima";"16";"BR-290/RS";"Oeste";"Engavetamento";3;0;0;0;0;0;0;0;0;0;3;0;0;0;0
"01/01/2020";"17:24:00";"230";"Sem vítima";"57";"BR-290/RS";"Oeste";"Colisão - Traseira";2;0;0;0;0;0;0;0;0;0;2;0;0;0;0
"01/01/2020";"17:43:00";"239";"Sem vítima";"58";"BR-290/RS";"Oeste";"Colisão - Traseira";2;0;0;0;0;0;0;0;0;0;2;0;0;0;0
"01/01/2020";"18:06:00";"245";"Sem vítima";"190";"BR-386/RS";"Norte";"Colisão - Traseira";2;0;0;0;0;0;0;0;0;0;2;0;0;0;0
"01/01/2020";"19:03:00";"260";"Sem vítima";"70";"BR-101/RS";"Sul";"Saída de pista";1;0;0;0;0;0;0;0;0;0;3;0;0;0;0
"02/01/2020";"07:28:00";"65";"Sem vítima";"14";"BR-290/RS";"Oeste";"Queda de ribanceira";1;0;0;0;0;0;0;0;0;0;1;0;0;0;0
"02/01/2020";"08:55:00";"104";"com vítima";"24";"BR-290/RS";"Oeste";"Queda de moto";0;0;0;1;0;0;0;0;0;0;1;0;1;0;0
"02/01/2020";"08:58:00";"103";"com vítima";"38";"BR-290/RS";"Leste";"Capotamento";1;0;0;0;0;0;0;0;0;0;0;0;0;3;0
"02/01/2020";"09:45:00";"126";"Sem vítima";"35";"BR-290/RS";"Oeste";"Colisão - Traseira";2;0;0;0;0;0;0;0;0;0;2;0;0;0;0
"02/01/2020";"10:34:00";"139";"Sem vítima";"15";"BR-290/RS";"Oeste";"Colisão - Traseira";2;0;0;0;0;0;0;0;0;0;2;0;0;0;0
"02/01/2020";"10:46:00";"143";"com vítima";"14";"BR-290/RS";"Oeste";"Colisão - Traseira";1;0;0;1;0;0;0;0;0;0;1;1;0;0;0
"02/01/2020";"10:51:00";"144";"Sem vítima";"15,22";"BR-290/RS";"Oeste";"Colisão - Traseira";2;0;0;0;0;0;0;0;0;0;2;0;0;0;0
"02/01/2020";"11:48:00";"163";"Sem vítima";"1";"BR-290/RS";"Oeste";"Engavetamento";3;0;0;0;0;0;0;0;0;0;3;0;0;0;0
"02/01/2020";"12:12:00";"166";"com vítima";"374";"BR-386/RS";"Sul";"Colisão - Traseira";1;0;1;0;0;0;0;0;0;0;1;0;1;0;0
"02/01/2020";"12:46:00";"184";"Sem vítima";"20";"BR-290/RS";"Oeste";"Colisão - Traseira";2;0;0;0;0;0;0;0;0;0;2;0;0;0;0
"02/01/2020";"14:29:00";"212";"Sem vítima";"43";"BR-290/RS";"Oeste";"Colisão - Lateral";2;0;0;0;0;0;0;0;0;0;2;0;0;0;0
"02/01/2020";"18:49:00";"269";"Sem vítima";"93";"BR-290/RS";"Leste";"Queda de moto";1;0;0;0;0;0;0;0;0;0;2;0;0;0;0
"02/01/2020";"20:14:00";"294";"com vítima";"50";"BR-101/RS";"Norte";"Saída de pista";1;0;0;0;0;0;0;0;0;0;2;1;0;0;0
"02/01/2020";"20:32:00";"299";"Sem vítima";"32";"BR-101/RS";"Sul";"Atropelamento de Animal";1;0;0;0;0;0;0;0;0;0;5;0;0;0;0
"03/01/2020";"05:28:00";"22";"com vítima";"423";"BR-386/RS";"Norte";"Saída de pista";0;0;1;0;0;0;0;0;0;0;0;1;0;0;0
"03/01/2020";"08:37:00";"77";"com vítima";"26";"BR-290/RS";"Oeste";"Colisão - Lateral";0;0;0;1;0;0;0;1;0;0;2;0;1;1;0
"03/01/2020";"11:14:00";"128";"Sem vítima";"17";"BR-290/RS";"Oeste";"Engavetamento";3;0;0;0;0;0;0;0;0;0;12;0;0;0;0
"03/01/2020";"11:35:00";"131";"Sem vítima";"15";"BR-290/RS";"Ambos";"Saída de pista";1;0;0;0;0;0;0;0;0;0;2;0;0;0;0
"03/01/2020";"12:01:00";"139";"Sem vítima";"196";"BR-386/RS";"Sul";"Queda de ribanceira";2;0;0;0;0;0;0;0;0;0;5;0;0;0;0
"03/01/2020";"12:33:00";"146";"Sem vítima";"53";"BR-290/RS";"Leste";"Atropelamento de Animal";1;0;0;0;0;0;0;0;0;0;1;0;0;0;0
"03/01/2020";"13:27:00";"164";"Sem vítima";"3";"BR-290/RS";"Leste";"Colisão - Lateral";2;0;0;0;0;0;0;1;0;0;6;0;0;0;0
"03/01/2020";"14:14:00";"169";"Sem vítima";"417";"BR-386/RS";"Sul";"Saída de pista";1;0;0;0;0;0;0;0;0;0;1;0;0;0;0
"03/01/2020";"14:58:00";"173";"Sem vítima";"94";"BR-290/RS";"Leste";"Choque Barreira";1;0;0;0;0;0;0;0;0;0;1;0;0;0;0
"03/01/2020";"15:16:00";"176";"Sem vítima";"3";"BR-101/RS";"Norte";"Colisão - Lateral";1;0;1;0;0;0;0;0;0;0;6;0;0;0;0
"03/01/2020";"16:07:00";"187";"Sem vítima";"340";"BR-386/RS";"Sul";"Colisão - Traseira";2;0;0;0;0;0;0;0;0;0;7;0;0;0;0
"03/01/2020";"16:17:00";"191";"Sem vítima";"442";"BR-386/RS";"Sul";"Choque - Poste";0;0;0;0;0;0;0;0;0;0;1;0;0;0;0
"03/01/2020";"16:21:00";"193";"Sem vítima";"33";"BR-101/RS";"Norte";"Choque Praça - Cabine";1;0;1;1;0;0;0;0;0;0;2;0;0;0;0
"03/01/2020";"16:42:00";"202";"Sem vítima";"82";"BR-101/RS";"Norte";"Saída de pista";1;0;0;0;0;0;0;0;0;0;1;0;0;0;0
"04/01/2020";"00:25:00";"6";"com vítima";"348";"BR-386/RS";"Sul";"Queda de ribanceira";1;0;0;0;0;0;0;0;0;0;0;1;0;0;0
"04/01/2020";"02:52:00";"14";"Sem vítima";"47";"BR-290/RS";"Oeste";"Queda de ribanceira";1;0;0;0;0;0;0;0;0;0;1;0;0;0;0
"04/01/2020";"07:46:00";"44";"com vítima";"215";"BR-386/RS";"Norte";"Colisão - Lateral";2;0;0;0;0;0;0;0;0;0;2;2;0;0;0
"04/01/2020";"09:59:00";"77";"Sem vítima";"71";"BR-290/RS";"Leste";"Colisão - Lateral";2;0;0;0;0;0;0;0;0;0;5;0;0;0;0
"04/01/2020";"12:49:00";"116";"Sem vítima";"2";"BR-290/RS";"Oeste";"Saída de pista";1;0;0;0;0;0;0;0;0;0;1;0;0;0;0
"04/01/2020";"14:36:00";"146";"Sem vítima";"78,39";"BR-290/RS";"Oeste";"Colisão - Lateral";2;0;0;0;0;0;0;0;0;0;6;0;0;0;0
"04/01/2020";"14:45:00";"150";"com vítima";"67";"BR-290/RS";"Leste";"Capotamento";1;0;0;0;0;0;0;0;0;0;0;1;0;0;0
"04/01/2020";"15:28:00";"164";"Sem vítima";"65";"BR-290/RS";"Oeste";"Colisão - Traseira";2;0;0;0;0;0;0;0;0;0;1;0;0;0;0
"04/01/2020";"16:16:00";"176";"Sem vítima";"71";"BR-101/RS";"Sul";"Colisão - Traseira";2;0;0;0;0;0;0;0;0;0;4;0;0;0;0
"04/01/2020";"16:29:00";"180";"Sem vítima";"351";"BR-386/RS";"Norte";"Colisão - Lateral";2;0;0;0;0;0;0;0;0;0;2;0;0;0;0
"04/01/2020";"19:30:00";"234";"com vítima";"7";"BR-101/RS";"Sul";"Colisão - Traseira";2;0;0;0;0;0;0;0;0;0;3;0;1;0;0
"04/01/2020";"20:37:00";"245";"com vítima";"72";"BR-290/RS";"Oeste";"Capotamento";1;0;0;0;0;0;0;0;0;0;1;1;1;1;0
"05/01/2020";"04:41:00";"19";"Sem vítima";"59";"BR-290/RS";"Oeste";"Queda de ribanceira";1;0;0;0;0;0;0;0;0;0;1;0;0;0;0
"05/01/2020";"06:47:00";"28";"Sem vítima";"42";"BR-290/RS";"Oeste";"Capotamento";1;0;0;0;0;0;0;0;0;0;2;0;0;0;0
"05/01/2020";"11:50:00";"98";"Sem vítima";"28";"BR-290/RS";"Ambos";"Saída de pista";1;0;0;0;0;0;0;0;0;0;4;0;0;0;0
"05/01/2020";"14:10:00";"137";"com vítima";"404";"BR-386/RS";"Norte";"Queda de moto";0;0;0;1;0;0;0;0;0;0;1;1;0;0;0
"05/01/2020";"15:33:00";"154";"Sem vítima";"1";"BR-290/RS";"Oeste";"Choque Barreira";2;0;0;0;0;0;0;0;0;0;5;0;0;0;0
"05/01/2020";"15:35:00";"155";"Sem vítima";"59";"BR-290/RS";"Oeste";"Queda de ribanceira";1;0;0;0;0;0;0;0;0;0;2;0;0;0;0
"05/01/2020";"16:16:00";"165";"Sem vítima";"70";"BR-101/RS";"Sul";"Capotamento";1;0;0;0;0;0;0;0;0;0;2;0;0;0;0
"05/01/2020";"16:50:00";"181";"com vítima";"38";"BR-290/RS";"Oeste";"Queda de moto";0;0;0;1;0;0;0;0;0;0;1;1;0;0;0
"05/01/2020";"17:48:00";"205";"Sem vítima";"18";"BR-290/RS";"Oeste";"Colisão - Traseira";2;0;0;0;0;0;0;0;0;0;6;0;0;0;0
"05/01/2020";"20:21:00";"249";"com vítima";"342";"BR-386/RS";"Norte";"Colisão - Traseira";0;0;0;1;0;0;0;0;0;0;0;0;2;0;0
"06/01/2020";"10:05:00";"99";"com vítima";"245";"BR-386/RS";"Norte";"Colisão - Transversal";1;0;0;1;0;0;0;0;0;0;4;1;0;0;0
"06/01/2020";"11:40:00";"121";"Sem vítima";"372";"BR-386/RS";"Sul";"Colisão - Lateral";2;0;0;0;0;0;0;0;0;0;3;0;0;0;0
"06/01/2020";"14:01:00";"169";"com vítima";"409";"BR-386/RS";"Sul";"Queda de ribanceira";1;0;0;0;0;0;0;0;0;0;0;0;1;1;2
"06/01/2020";"14:41:00";"177";"Sem vítima";"21";"BR-448/RS";"Norte";"Choque Barreira";1;0;0;0;0;0;0;0;0;0;1;0;0;0;0
"06/01/2020";"15:05:00";"183";"Sem vítima";"77";"BR-290/RS";"Oeste";"Colisão - Traseira";2;0;0;0;0;0;0;0;0;0;2;0;0;0;0
"06/01/2020";"15:28:00";"190";"Sem vítima";"77";"BR-290/RS";"Oeste";"Colisão - Traseira";2;0;0;0;0;0;0;0;0;0;2;0;0;0;0
"06/01/2020";"16:20:00";"212";"Sem vítima";"65";"BR-290/RS";"Oeste";"Engavetamento";3;0;0;0;0;0;0;0;0;0;3;0;0;0;0
"06/01/2020";"20:33:00";"274";"Sem vítima";"7";"BR-101/RS";"Sul";"Queda de ribanceira";1;0;1;0;0;0;0;0;0;0;2;0;0;0;0
"06/01/2020";"20:57:00";"277";"Sem vítima";"44";"BR-290/RS";"Leste";"Colisão - Lateral";1;0;1;0;0;0;0;0;0;0;2;0;0;0;0
"06/01/2020";"21:59:00";"285";"Sem vítima";"417";"BR-386/RS";"Sul";"Queda de ribanceira";1;0;0;0;0;0;0;0;0;0;1;0;0;0;0
"06/01/2020";"23:25:00";"290";"Sem vítima";"77";"BR-290/RS";"Leste";"Colisão - Traseira";1;0;1;0;0;0;0;0;0;0;2;0;0;0;0
"07/01/2020";"01:04:00";"10";"Sem vítima";"55";"BR-290/RS";"Leste";"Colisão - Lateral";1;0;0;1;0;0;0;0;0;0;2;0;0;0;0
"07/01/2020";"01:50:00";"8";"Sem vítima";"74";"BR-290/RS";"Oeste";"Atropelamento de Animal";1;0;0;0;0;0;0;0;0;0;1;0;0;0;0
"07/01/2020";"08:54:00";"75";"Sem vítima";"356";"BR-386/RS";"Norte";"Choque Defensa";1;0;0;0;0;0;0;0;0;0;2;0;0;0;0
"07/01/2020";"12:37:00";"121";"Sem vítima";"75";"BR-101/RS";"Ambos";"Capotamento";1;0;0;0;0;0;0;0;0;0;1;0;0;0;0
"07/01/2020";"23:40:00";"242";"com vítima";"89";"BR-290/RS";"Leste";"Queda de ribanceira";1;0;0;0;0;0;0;0;0;0;0;0;1;0;0
"08/01/2020";"01:37:00";"6";"Sem vítima";"11";"BR-290/RS";"Leste";"Queda de ribanceira";0;0;1;0;0;0;0;0;0;0;1;0;0;0;0
"08/01/2020";"04:18:00";"8";"com vítima";"49";"BR-290/RS";"Oeste";"Queda de moto";0;0;0;1;0;0;0;0;0;0;0;0;1;0;0
"08/01/2020";"04:31:00";"10";"Sem vítima";"287";"BR-386/RS";"Norte";"Saída de pista";1;0;0;0;0;0;0;0;0;0;1;0;0;0;0
"08/01/2020";"04:46:00";"12";"Sem vítima";"44";"BR-290/RS";"Leste";"Queda de moto";0;0;0;1;0;0;0;0;0;0;1;0;0;0;0
"08/01/2020";"05:22:00";"13";"com vítima";"60";"BR-290/RS";"Oeste";"Saída de pista";1;0;0;0;0;0;0;0;0;0;0;2;0;0;0
"08/01/2020";"07:47:00";"43";"Sem vítima";"84,33";"BR-290/RS";"Leste";"Choque com objeto sobre a pista";2;0;0;0;0;0;0;0;0;0;2;0;0;0;0
"08/01/2020";"08:26:00";"60";"Sem vítima";"28";"BR-101/RS";"Norte";"Saída de pista";1;0;0;0;0;0;0;0;0;0;1;0;0;0;0
"08/01/2020";"10:23:00";"107";"com vítima";"34,44";"BR-101/RS";"Norte";"Colisão - Lateral";2;0;0;0;0;0;0;0;0;0;0;1;1;0;0
"08/01/2020";"13:03:00";"128";"Sem vítima";"350";"BR-386/RS";"Sul";"Colisão - Traseira";1;0;1;0;0;0;0;0;0;0;3;0;0;0;0
"08/01/2020";"15:03:00";"158";"Sem vítima";"387";"BR-386/RS";"Sul";"Colisão - Lateral";2;0;0;0;0;0;0;0;0;0;6;0;0;0;0
"08/01/2020";"15:14:00";"162";"com vítima";"344";"BR-386/RS";"Norte";"Colisão - Lateral";2;0;0;0;0;0;0;0;0;0;1;0;1;0;0
"08/01/2020";"15:34:00";"166";"Sem vítima";"48";"BR-290/RS";"Leste";"Choque com objeto sobre a pista";2;0;0;0;0;0;0;0;0;0;1;0;0;0;0
"08/01/2020";"17:53:00";"197";"com vítima";"363";"BR-386/RS";"Sul";"Capotamento";1;0;1;0;0;0;0;0;0;0;0;1;0;2;0
"08/01/2020";"20:37:00";"230";"Sem vítima";"34";"BR-101/RS";"Sul";"Queda de ribanceira";0;0;0;0;1;0;0;0;0;0;1;0;0;0;0
"09/01/2020";"05:01:00";"15";"Sem vítima";"94";"BR-290/RS";"Leste";"Colisão - Traseira";2;0;0;0;0;0;0;0;0;0;2;0;0;0;0
"09/01/2020";"09:58:00";"92";"Sem vítima";"424";"BR-386/RS";"Sul";"Colisão - Lateral";1;0;1;0;0;0;0;0;0;0;3;0;0;0;0
"09/01/2020";"10:08:00";"101";"com vítima";"298";"BR-386/RS";"Norte";"Engavetamento";3;0;0;0;0;0;0;0;0;0;6;1;0;0;0
"09/01/2020";"11:12:00";"124";"com vítima";"7";"BR-101/RS";"Sul";"Colisão - Traseira";1;0;0;1;0;0;0;0;0;0;1;2;0;0;0
"09/01/2020";"14:04:00";"162";"com vítima";"368";"BR-386/RS";"Norte";"Tombamento";0;0;1;0;0;0;0;0;0;0;0;1;0;0;0
"10/01/2020";"03:42:00";"16";"Sem vítima";"1";"BR-448/RS";"Norte";"Choque Defensa";1;0;0;0;0;0;0;0;0;0;2;0;0;0;0
"10/01/2020";"08:42:00";"73";"Sem vítima";"57,53";"BR-290/RS";"Oeste";"Colisão - Traseira";0;0;1;0;0;0;0;1;0;0;2;0;0;0;0
"10/01/2020";"09:28:00";"90";"com vítima";"35";"BR-101/RS";"Norte";"Choque Praça - Cabine";1;0;0;0;0;0;0;0;0;0;0;2;0;0;0
"10/01/2020";"10:33:00";"107";"com vítima";"62";"BR-101/RS";"Sul";"Queda de ribanceira";1;0;0;0;0;0;0;0;0;0;0;2;0;0;0
"10/01/2020";"10:45:00";"112";"Sem vítima";"437";"BR-386/RS";"Norte";"Colisão - Traseira";1;0;0;0;0;0;0;1;0;0;4;0;0;0;0
"10/01/2020";"10:51:00";"113";"Sem vítima";"43";"BR-101/RS";"Sul";"Colisão - Traseira";2;0;0;0;0;0;0;0;0;0;3;0;0;0;0
"10/01/2020";"16:32:00";"188";"Sem vítima";"95";"BR-290/RS";"Oeste";"Queda de ribanceira";1;0;0;0;0;0;0;0;0;0;1;0;0;0;0
"10/01/2020";"18:23:00";"209";"Sem vítima";"401";"BR-386/RS";"Ambos";"Saída de pista";2;0;0;0;0;0;0;0;0;0;6;0;0;0;0
"10/01/2020";"18:45:00";"217";"Sem vítima";"411";"BR-386/RS";"Norte";"Saída de pista";0;0;0;0;0;0;0;0;0;0;1;0;0;0;0
"10/01/2020";"20:25:00";"243";"Sem vítima";"257";"BR-386/RS";"Norte";"Colisão - Traseira";1;0;1;0;0;0;0;0;0;0;2;0;0;0;0
"10/01/2020";"20:26:00";"242";"Sem vítima";"377";"BR-386/RS";"Norte";"Saída de pista";1;0;0;0;0;0;0;0;0;0;1;0;0;0;0
"11/01/2020";"02:03:00";"10";"Sem vítima";"74";"BR-290/RS";"Oeste";"Colisão - Traseira";2;0;0;0;0;0;0;0;0;0;1;0;0;0;0
"11/01/2020";"04:32:00";"20";"Sem vítima";"90";"BR-290/RS";"Leste";"Saída de pista";1;0;0;0;0;0;0;0;0;0;2;0;0;0;0
"11/01/2020";"09:54:00";"85";"Sem vítima";"22";"BR-101/RS";"Sul";"Colisão - Lateral";1;0;1;0;0;0;0;0;0;0;2;0;0;0;0
"11/01/2020";"16:41:00";"177";"Sem vítima";"12";"BR-290/RS";"Oeste";"Queda de ribanceira";1;0;0;0;0;0;0;0;0;0;2;0;0;0;0
"11/01/2020";"16:51:00";"179";"Sem vítima";"11";"BR-290/RS";"Leste";"Queda de ribanceira";1;0;0;0;0;0;0;0;0;0;1;0;0;0;0
"11/01/2020";"17:36:00";"190";"com vítima";"343";"BR-386/RS";"Sul";"Saída de pista";1;0;0;0;0;0;0;0;0;0;0;2;0;0;0
"11/01/2020";"23:59:00";"1";"com vítima";"24";"BR-290/RS";"Leste";"Queda de ribanceira";0;0;1;0;0;0;0;0;0;0;3;6;4;1;0
"12/01/2020";"00:39:00";"4";"Sem vítima";"42";"BR-290/RS";"Oeste";"Saída de pista";1;0;0;0;0;0;0;0;0;0;1;0;0;0;0
"12/01/2020";"04:02:00";"16";"Sem vítima";"279";"BR-386/RS";"Norte";"Saída de pista";1;0;0;0;0;0;0;0;0;0;2;0;0;0;0
"12/01/2020";"10:07:00";"58";"Sem vítima";"2";"BR-290/RS";"Leste";"Colisão - Lateral";1;0;0;0;1;0;0;0;0;0;2;0;0;0;0
"12/01/2020";"10:18:00";"61";"Sem vítima";"74";"BR-101/RS";"Sul";"Capotamento";1;0;0;0;0;0;0;0;0;0;1;0;0;0;0
"12/01/2020";"10:29:00";"67";"Sem vítima";"19";"BR-290/RS";"Leste";"Colisão - Traseira";2;0;0;0;0;0;0;0;0;0;2;0;0;0;0
"12/01/2020";"10:34:00";"70";"com vítima";"385";"BR-386/RS";"Sul";"Queda de ribanceira";1;0;0;0;0;0;0;0;0;0;1;2;0;0;0
"12/01/2020";"17:23:00";"158";"Sem vítima";"77";"BR-290/RS";"Oeste";"Colisão - Traseira";2;0;0;0;0;0;0;0;0;0;2;0;0;0;0
"12/01/2020";"19:16:00";"178";"Sem vítima";"334";"BR-386/RS";"Sul";"Engavetamento";3;0;0;0;0;0;0;0;0;0;3;0;0;0;0
"12/01/2020";"21:15:00";"204";"com vítima";"15";"BR-448/RS";"Sul";"Colisão - Traseira";2;0;0;0;0;0;0;0;0;0;2;1;0;0;0
"13/01/2020";"02:17:00";"20";"Sem vítima";"16";"BR-101/RS";"Norte";"Saída de pista";1;0;0;0;0;0;0;0;0;0;1;0;0;0;0
"13/01/2020";"07:02:00";"43";"Sem vítima";"77";"BR-290/RS";"Oeste";"Engavetamento";3;0;0;0;0;0;0;0;0;0;5;0;0;0;0
"13/01/2020";"07:21:00";"47";"Sem vítima";"87";"BR-290/RS";"Oeste";"Engavetamento";3;0;0;0;0;0;0;0;0;0;11;0;0;0;0
"13/01/2020";"08:24:00";"72";"Sem vítima";"86";"BR-290/RS";"Oeste";"Colisão - Lateral";1;0;0;0;1;0;0;0;0;0;2;0;0;0;0
"13/01/2020";"11:35:00";"152";"Sem vítima";"14";"BR-290/RS";"Leste";"Saída de pista";1;0;0;0;0;0;0;0;0;0;1;0;0;0;0
"13/01/2020";"12:12:00";"161";"com vítima";"14";"BR-101/RS";"Norte";"Capotamento";1;0;0;0;0;0;0;0;0;0;0;1;0;0;0