data;horario;n_da_ocorrencia;tipo_de_ocorrencia;km;trecho;sentido;tipo_de_acidente;automovel;bicicleta;caminhao;moto;onibus;outros;tracao_animal;transporte_de_cargas_especiais;trator_maquinas;utilitarios;ilesos;levemente_feridos;moderadamente_feridos;gravemente_feridos;mortos
"13/01/2020";"14:43:00";"192";"Sem vítima";"413";"BR-386/RS";"Sul";"Colisão - Lateral";1;0;1;0;0;0;0;0;0;0;2;0;0;0;0
"13/01/2020";"17:43:00";"237";"Sem vítima";"74";"BR-290/RS";"Oeste";"Colisão - Lateral";1;0;0;0;1;0;0;0;0;0;2;0;0;0;0
"13/01/2020";"18:12:00";"244";"Sem vítima";"55";"BR-290/RS";"Oeste";"Saída de pista";0;0;0;0;1;0;0;0;0;0;1;0;0;0;0
"13/01/2020";"18:18:00";"246";"Sem vítima";"369";"BR-386/RS";"Sul";"Colisão - Lateral";2;0;0;0;0;0;0;0;0;0;2;0;0;0;0
"13/01/2020";"21:26:00";"276";"Sem vítima";"309";"BR-386/RS";"Sul";"Saída de pista";1;0;0;0;0;0;0;0;0;0;2;0;0;0;0
"13/01/2020";"21:51:00";"280";"Sem vítima";"73";"BR-101/RS";"Sul";"Queda de ribanceira";1;0;0;0;0;0;0;0;0;0;4;0;0;0;0
"13/01/2020";"23:05:00";"289";"com vítima";"6";"BR-290/RS";"Oeste";"Colisão - Traseira";1;0;0;0;0;0;0;0;0;0;4;1;0;0;0
"14/01/2020";"02:54:00";"12";"Sem vítima";"54";"BR-290/RS";"Oeste";"Queda de ribanceira";1;0;0;0;0;0;0;0;0;0;5;0;0;0;0
"14/01/2020";"07:24:00";"30";"Sem vítima";"22";"BR-448/RS";"Sul";"Choque Barreira";0;0;1;0;0;0;0;0;0;0;1;0;0;0;0
"14/01/2020";"08:25:00";"55";"com vítima";"235";"BR-386/RS";"Sul";"Saída de pista";1;0;0;0;0;0;0;0;0;0;0;2;0;0;0
"14/01/2020";"09:36:00";"78";"Sem vítima";"40";"BR-290/RS";"Leste";"Saída de pista";1;0;0;0;0;0;0;0;0;0;2;0;0;0;0
"14/01/2020";"10:01:00";"89";"com vítima";"21";"BR-448/RS";"Norte";"Tombamento";1;0;0;0;0;0;0;0;0;0;0;3;0;0;0
"14/01/2020";"12:06:00";"119";"Sem vítima";"22";"BR-290/RS";"Oeste";"Colisão - Traseira";2;0;0;0;0;0;0;0;0;0;7;0;0;0;0
"14/01/2020";"15:42:00";"181";"Sem vítima";"400";"BR-386/RS";"Norte";"Capotamento";1;0;0;0;0;0;0;0;0;0;1;0;0;0;0
"14/01/2020";"17:52:00";"202";"Sem vítima";"180";"BR-386/RS";"Sul";"Tombamento";0;0;1;0;0;0;0;0;0;0;1;0;0;0;0
"15/01/2020";"08:51:00";"83";"Sem vítima";"182";"BR-386/RS";"Sul";"Colisão - Lateral";1;0;0;1;0;0;0;0;0;0;2;0;0;0;0
"15/01/2020";"14:38:00";"164";"Sem vítima";"5";"BR-448/RS";"Sul";"Choque Defensa";1;0;0;0;0;0;0;0;0;0;1;0;0;0;0
"15/01/2020";"16:43:00";"194";"Sem vítima";"370";"BR-386/RS";"Sul";"Choque Barreira";1;0;0;0;0;0;0;0;0;0;1;0;0;0;0
"15/01/2020";"17:52:00";"211";"com vítima";"405";"BR-386/RS";"Norte";"Colisão - Frontal";2;0;0;0;0;0;0;0;0;0;0;0;0;1;2
"15/01/2020";"21:43:00";"252";"Sem vítima";"86";"BR-290/RS";"Leste";"Queda de ribanceira";0;0;0;0;0;0;0;0;0;0;1;0;0;0;0
"15/01/2020";"22:41:00";"261";"Sem vítima";"260";"BR-386/RS";"Norte";"Saída de pista";1;0;0;0;0;0;0;0;0;0;1;0;0;0;0
"15/01/2020";"23:49:00";"265";"Sem vítima";"91";"BR-290/RS";"Oeste";"Queda de ribanceira";1;0;0;0;0;0;0;0;0;0;1;0;0;0;0
"16/01/2020";"00:28:00";"4";"Sem vítima";"7";"BR-290/RS";"Leste";"Queda de ribanceira";1;0;0;0;0;0;0;0;0;0;1;0;0;0;0
"16/01/2020";"00:35:00";"6";"Sem vítima";"39";"BR-290/RS";"Ambos";"Capotamento";1;0;0;0;0;0;0;0;0;0;1;0;0;0;0
"16/01/2020";"02:49:00";"11";"Sem vítima";"19";"BR-290/RS";"Leste";"Choque Praça - Submarino";1;0;0;0;0;0;0;0;0;0;1;0;0;0;0
"16/01/2020";"08:08:00";"50";"Sem vítima";"94";"BR-290/RS";"Leste";"Colisão - Lateral";2;0;0;0;0;0;0;0;0;0;2;0;0;0;0
"16/01/2020";"08:17:00";"58";"Sem vítima";"86";"BR-290/RS";"Leste";"Queda de ribanceira";1;0;0;0;0;0;0;0;0;0;1;0;0;0;0
"16/01/2020";"16:17:00";"174";"Sem vítima";"35";"BR-101/RS";"Norte";"Choque Praça - Cabine";0;0;1;0;0;0;0;0;0;0;1;0;0;0;0
"16/01/2020";"17:02:00";"179";"Sem vítima";"53";"BR-290/RS";"Leste";"Colisão - Traseira";1;0;1;0;0;0;0;0;0;0;2;0;0;0;0
"16/01/2020";"17:28:00";"184";"Sem vítima";"92";"BR-290/RS";"Oeste";"Choque Barreira";2;0;0;0;0;0;0;0;0;0;2;0;0;0;0
"16/01/2020";"17:59:00";"189";"com vítima";"346";"BR-386/RS";"Sul";"Atropelamento - Andarilho";0;0;0;1;0;0;0;0;0;0;0;1;0;1;0
"16/01/2020";"18:57:00";"200";"com vítima";"18";"BR-290/RS";"Leste";"Capotamento";1;0;0;0;0;0;0;0;0;0;0;4;1;0;0
"17/01/2020";"02:36:00";"10";"Sem vítima";"92";"BR-290/RS";"Oeste";"Choque Barreira";1;0;0;0;0;0;0;0;0;0;1;0;0;0;0
"17/01/2020";"08:30:00";"53";"com vítima";"95";"BR-290/RS";"Oeste";"Colisão - Traseira";1;0;0;1;0;0;0;0;0;0;2;1;0;0;0
"17/01/2020";"08:47:00";"61";"Sem vítima";"446";"BR-386/RS";"Norte";"Engavetamento";3;0;0;0;0;0;0;0;0;0;3;0;0;0;0
"17/01/2020";"10:37:00";"103";"Sem vítima";"80";"BR-290/RS";"Oeste";"Colisão - Lateral";2;0;0;0;0;0;0;0;0;0;2;0;0;0;0
"17/01/2020";"14:43:00";"151";"com vítima";"345";"BR-386/RS";"Sul";"Colisão - Traseira";1;0;0;1;0;0;0;0;0;0;1;1;0;0;0
"17/01/2020";"15:26:00";"158";"Sem vítima";"351";"BR-386/RS";"Norte";"Colisão - Traseira";2;0;0;0;0;0;0;0;0;0;2;0;0;0;0
"17/01/2020";"15:37:00";"160";"Sem vítima";"95";"BR-290/RS";"Leste";"Queda de moto";0;0;0;1;0;0;0;0;0;0;1;0;0;0;0
"17/01/2020";"17:00:00";"189";"Sem vítima";"68";"BR-290/RS";"Leste";"Colisão - Traseira";2;0;0;0;0;0;0;0;0;0;2;0;0;0;0
"17/01/2020";"17:31:00";"198";"com vítima";"320";"BR-386/RS";"Sul";"Queda de moto";0;0;0;1;0;0;0;0;0;0;0;1;0;0;0
"17/01/2020";"17:32:00";"200";"Sem vítima";"88";"BR-290/RS";"Leste";"Colisão - Traseira";2;0;0;0;0;0;0;0;0;0;2;0;0;0;0
"17/01/2020";"17:40:00";"205";"Sem vítima";"53";"BR-290/RS";"Oeste";"Colisão - Traseira";2;0;1;0;0;0;0;0;0;0;3;0;0;0;0
"17/01/2020";"17:48:00";"206";"Sem vítima";"344";"BR-386/RS";"Sul";"Engavetamento";2;0;1;0;1;0;0;0;0;0;9;0;0;0;0
"17/01/2020";"21:53:00";"271";"com vítima";"3";"BR-290/RS";"Leste";"Colisão - Traseira";2;0;0;0;0;0;0;0;0;0;5;1;0;0;0
"17/01/2020";"23:35:00";"290";"com vítima";"350";"BR-386/RS";"Ambos";"Capotamento";1;0;0;0;0;0;0;0;0;0;0;0;1;0;0
"18/01/2020";"06:31:00";"34";"Sem vítima";"19,23";"BR-290/RS";"Leste";"Colisão - Traseira";2;0;0;0;0;0;0;0;0;0;7;0;0;0;0
"18/01/2020";"07:17:00";"43";"com vítima";"14,09";"BR-101/RS";"Sul";"Capotamento";1;0;0;0;0;0;0;0;0;0;0;2;1;0;0
"18/01/2020";"10:28:00";"111";"Sem vítima";"61,31";"BR-290/RS";"Oeste";"Choque com objeto sobre a pista";2;0;0;0;0;0;0;0;0;0;4;0;0;0;0
"18/01/2020";"12:14:00";"132";"Sem vítima";"310";"BR-386/RS";"Norte";"Engavetamento";3;0;1;0;1;0;0;0;0;0;5;0;0;0;0
"18/01/2020";"13:03:00";"142";"com vítima";"46,38";"BR-290/RS";"Leste";"Colisão - Lateral";2;0;0;0;0;0;0;0;0;0;4;1;1;1;0
"18/01/2020";"14:33:00";"160";"com vítima";"50";"BR-290/RS";"Leste";"Queda de moto";0;0;0;1;0;0;0;0;0;0;0;2;0;0;0
"18/01/2020";"15:57:00";"180";"Sem vítima";"328";"BR-386/RS";"Sul";"Capotamento";1;0;0;0;0;0;0;0;0;0;4;0;0;0;0
"18/01/2020";"17:22:00";"193";"Sem vítima";"20";"BR-101/RS";"Norte";"Colisão - Traseira";1;0;1;0;0;0;0;0;0;0;3;0;0;0;0
"18/01/2020";"19:25:00";"225";"Sem vítima";"89";"BR-290/RS";"Leste";"Queda de moto";0;0;0;1;0;0;0;0;0;0;1;0;0;0;0
"18/01/2020";"20:13:00";"232";"com vítima";"365";"BR-386/RS";"Sul";"Atropelamento - Andarilho";1;0;0;0;0;0;0;0;0;0;0;0;1;0;0
"19/01/2020";"04:46:00";"22";"com vítima";"58";"BR-290/RS";"Oeste";"Queda de ribanceira";1;0;0;0;0;0;0;0;0;0;4;1;0;0;0
"19/01/2020";"05:21:00";"24";"Sem vítima";"346";"BR-386/RS";"Sul";"Capotamento";1;0;0;0;0;0;0;0;0;0;1;0;0;0;0
"19/01/2020";"07:34:00";"39";"com vítima";"64";"BR-101/RS";"Sul";"Choque Barreira";1;0;0;0;0;0;0;0;0;0;2;0;1;0;0
"19/01/2020";"07:49:00";"42";"Sem vítima";"87";"BR-290/RS";"Oeste";"Saída de pista";1;0;0;0;0;0;0;0;0;0;1;0;0;0;0
"19/01/2020";"11:44:00";"101";"com vítima";"1";"BR-101/RS";"Sul";"Colisão - Traseira";2;0;0;0;0;0;0;0;0;0;0;0;2;0;0
"19/01/2020";"17:00:00";"157";"com vítima";"1";"BR-290/RS";"Oeste";"Colisão - Traseira";1;0;0;1;0;0;0;0;0;0;0;2;0;0;0
"19/01/2020";"19:37:00";"199";"Sem vítima";"87";"BR-101/RS";"Sul";"Colisão - Traseira";1;0;0;0;0;0;0;0;0;0;5;0;0;0;0
"19/01/2020";"22:42:00";"248";"Sem vítima";"56";"BR-290/RS";"Oeste";"Colisão - Traseira";1;0;0;0;0;0;0;0;0;0;1;0;0;0;0
"19/01/2020";"23:38:00";"257";"com vítima";"410";"BR-386/RS";"Sul";"Queda de ribanceira";1;0;0;0;0;0;0;0;0;0;0;1;0;0;0
"20/01/2020";"02:56:00";"18";"Sem vítima";"59,3";"BR-101/RS";"Norte";"Saída de pista";1;0;0;0;0;0;0;0;0;0;1;0;0;0;0
"20/01/2020";"06:04:00";"33";"com vítima";"68";"BR-290/RS";"Leste";"Atropelamento - Andarilho";1;0;0;0;0;0;0;0;0;0;1;0;0;1;0
"20/01/2020";"08:57:00";"80";"com vítima";"95";"BR-290/RS";"Oeste";"Queda de moto";1;0;0;1;0;0;0;0;0;0;0;1;0;0;0
"20/01/2020";"11:16:00";"131";"Sem vítima";"1";"BR-290/RS";"Oeste";;2;0;1;0;0;0;0;0;0;0;2;0;0;0;0
"20/01/2020";"12:30:00";"149";"com vítima";"335";"BR-386/RS";"Ambos";"Colisão - Lateral";1;0;1;0;0;0;0;0;0;0;1;2;0;0;0
"20/01/2020";"13:35:00";"164";"com vítima";"423";"BR-386/RS";"Norte";"Colisão - Transversal";1;0;0;0;1;0;0;0;0;0;1;0;1;0;0
"20/01/2020";"13:46:00";"167";"Sem vítima";"267";"BR-386/RS";"Norte";"Queda de ribanceira";1;0;0;0;0;0;0;0;0;0;1;0;0;0;0
"20/01/2020";"16:11:00";"200";"Sem vítima";"246";"BR-386/RS";"Sul";"Colisão - Traseira";2;0;0;0;0;0;0;0;0;0;7;0;0;0;0
"20/01/2020";"18:13:00";"223";"Sem vítima";"91";"BR-290/RS";"Leste";"Colisão - Traseira";2;0;0;0;0;0;0;0;0;0;3;0;0;0;0
"20/01/2020";"18:17:00";"225";"com vítima";"417";"BR-386/RS";"Norte";"Capotamento";0;0;1;0;0;0;0;0;0;0;0;1;0;0;0
"20/01/2020";"18:52:00";"229";"com vítima";"79";"BR-101/RS";"Norte";"Queda de moto";0;0;0;1;0;0;0;0;0;0;1;1;0;0;0
"20/01/2020";"23:24:00";"272";"com vítima";"282";"BR-386/RS";"Sul";"Colisão - Lateral";1;0;1;0;0;0;0;0;0;0;2;1;0;0;0
"21/01/2020";"05:13:00";"6";"Sem vítima";"367";"BR-386/RS";"Norte";"Colisão - Lateral";1;0;0;0;0;0;0;0;0;0;3;0;0;0;0
"21/01/2020";"07:23:00";"26";"Sem vítima";"354";"BR-386/RS";"Sul";"Queda de ribanceira";1;0;0;0;0;0;0;0;0;0;1;0;0;0;0
"21/01/2020";"08:08:00";"45";"com vítima";"352";"BR-386/RS";"Norte";"Queda de moto";0;0;0;1;0;0;0;0;0;0;0;0;1;0;0
"21/01/2020";"12:22:00";"128";"Sem vítima";"392";"BR-386/RS";"Norte";"Colisão - Lateral";0;0;2;0;0;0;0;0;0;0;2;0;0;0;0
"21/01/2020";"14:09:00";"145";"Sem vítima";"332";"BR-386/RS";"Sul";"Choque Barreira";1;0;0;0;0;0;0;0;0;0;2;0;0;0;0
"21/01/2020";"16:10:00";"170";"Sem vítima";"371";"BR-386/RS";"Norte";"Capotamento";1;0;0;0;0;0;0;0;0;0;3;0;0;0;0
"21/01/2020";"16:30:00";"189";"Sem vítima";"34";"BR-290/RS";"Oeste";"Colisão - Lateral";1;0;0;0;1;0;0;0;0;0;2;0;0;0;0
"21/01/2020";"16:54:00";"184";"com vítima";"64";"BR-290/RS";"Oeste";"Capotamento";1;0;0;0;0;0;0;0;0;0;1;1;0;0;0
"21/01/2020";"16:56:00";"185";"com vítima";"84";"BR-101/RS";"Sul";"Colisão - Traseira";2;0;0;0;0;0;0;0;0;0;1;1;0;0;0
"21/01/2020";"18:49:00";"201";"com vítima";"413";"BR-386/RS";"Sul";"Colisão - Lateral";2;0;0;0;0;0;0;0;0;0;3;0;1;0;0
"21/01/2020";"19:14:00";"205";"Sem vítima";"22";"BR-448/RS";"Sul";"Choque Defensa";1;0;0;0;0;0;0;0;0;0;2;0;0;0;0
"22/01/2020";"05:33:00";"13";"com vítima";"361";"BR-386/RS";"Norte";"Capotamento";1;0;0;0;0;0;0;0;0;0;0;0;1;0;0
"22/01/2020";"07:07:00";"22";"com vítima";"22";"BR-448/RS";"Sul";"Choque Barreira";1;0;0;0;0;0;0;0;0;0;1;2;0;0;0
"22/01/2020";"10:52:00";"93";"Sem vítima";"19,23";"BR-290/RS";"Leste";"Colisão - Traseira";2;0;0;0;0;0;0;0;0;0;2;0;0;0;0
"22/01/2020";"14:25:00";"132";"Sem vítima";"89";"BR-290/RS";"Leste";"Queda de ribanceira";1;0;0;0;0;0;0;0;0;0;1;0;0;0;0
"22/01/2020";"17:27:00";"175";"Sem vítima";"92";"BR-290/RS";"Leste";"Colisão - Lateral";1;0;1;0;0;0;0;0;0;0;2;0;0;0;0
"23/01/2020";"07:37:00";"31";"Sem vítima";"426";"BR-386/RS";"Sul";"Colisão - Traseira";2;0;0;0;0;0;0;0;0;0;8;0;0;0;0
"23/01/2020";"10:08:00";"87";"Sem vítima";"13";"BR-101/RS";"Sul";"Saída de pista";1;0;0;0;0;0;0;0;0;0;3;0;0;0;0
"23/01/2020";"11:16:00";"104";"Sem vítima";"77";"BR-290/RS";"Oeste";"Choque Praça - Cabine";1;0;0;0;0;0;0;0;0;0;1;0;0;0;0
"23/01/2020";"12:53:00";"123";"com vítima";"354";"BR-386/RS";"Sul";"Capotamento";1;0;0;0;0;0;0;0;0;0;0;0;1;0;0
"23/01/2020";"14:31:00";"144";"com vítima";"72";"BR-101/RS";"Sul";"Colisão - Lateral";1;0;0;0;0;0;0;1;0;0;1;2;0;0;0
"23/01/2020";"17:52:00";"183";"com vítima";"30";"BR-290/RS";"Leste";"Capotamento";1;0;0;0;0;0;0;0;0;0;0;1;0;0;0
"23/01/2020";"18:19:00";"191";"Sem vítima";"383";"BR-386/RS";"Norte";"Capotamento";1;0;0;0;0;0;0;0;0;0;1;0;0;0;0
"23/01/2020";"21:56:00";"231";"com vítima";"97";"BR-290/RS";"Oeste";"Atropelamento - Andarilho";0;0;0;1;0;0;0;0;0;0;0;2;0;0;0
"24/01/2020";"00:10:00";"5";"com vítima";"54";"BR-290/RS";"Leste";"Capotamento";0;0;1;0;0;0;0;0;0;0;0;0;1;0;0
"24/01/2020";"07:51:00";"53";"Sem vítima";"348";"BR-386/RS";"Norte";"Colisão - Traseira";2;0;0;0;0;0;0;0;0;0;4;0;0;0;0
"24/01/2020";"09:55:00";"101";"Sem vítima";"415";"BR-386/RS";"Sul";"Colisão - Traseira";2;0;0;0;0;0;0;0;0;0;4;0;0;0;0
"24/01/2020";"13:39:00";"153";"Sem vítima";"27";"BR-290/RS";"Oeste";"Queda de ribanceira";1;0;0;0;0;0;0;0;0;0;1;0;0;0;0
"24/01/2020";"16:37:00";"205";"Sem vítima";"61";"BR-290/RS";"Leste";"Colisão - Traseira";2;0;0;0;0;0;0;0;0;0;3;0;0;0;0
"24/01/2020";"16:51:00";"209";"Sem vítima";"14";"BR-448/RS";"Norte";"Colisão - Traseira";1;0;0;0;0;0;0;0;0;0;1;0;0;0;0
"24/01/2020";"19:16:00";"243";"Sem vítima";"26";"BR-290/RS";"Leste";"Colisão - Traseira";2;0;0;0;0;0;0;0;0;0;4;0;0;0;0
"24/01/2020";"19:32:00";"249";"Sem vítima";"47";"BR-290/RS";"Leste";"Colisão - Traseira";3;0;0;0;0;0;0;0;0;0;6;0;0;0;0
"24/01/2020";"21:23:00";"274";"com vítima";"351";"BR-386/RS";"Sul";"Capotamento";1;0;0;0;0;0;0;0;0;0;0;2;0;0;0
"24/01/2020";"22:39:00";"293";"com vítima";"446";"BR-386/RS";"Norte";"Atropelamento de Animal";1;0;0;0;0;0;0;0;0;0;0;1;0;0;0
"25/01/2020";"01:43:00";"6";"Sem vítima";"67";"BR-290/RS";"Oeste";"Saída de pista";1;0;0;0;0;0;0;0;0;0;1;0;0;0;0
"25/01/2020";"08:52:00";"56";"Sem vítima";"19";"BR-290/RS";"Leste";"Colisão - Lateral";2;0;0;0;0;0;0;0;0;0;4;0;0;0;0
"25/01/2020";"09:17:00";"61";"Sem vítima";"339";"BR-386/RS";"Sul";"Queda de ribanceira";0;0;0;0;1;0;0;0;0;0;2;0;0;0;0
"25/01/2020";"11:41:00";"103";"Sem vítima";"419";"BR-386/RS";"Norte";"Choque Defensa";1;0;0;0;0;0;0;0;0;0;1;0;0;0;0
"25/01/2020";"14:25:00";"139";"Sem vítima";"282";"BR-386/RS";"Sul";"Queda de moto";0;0;0;1;0;0;0;0;0;0;1;0;0;0;0
"25/01/2020";"17:00:00";"179";"Sem vítima";"8";"BR-290/RS";"Leste";"Queda de moto";0;0;0;1;0;0;0;0;0;0;1;0;0;0;0
"25/01/2020";"20:55:00";"220";"com vítima";"67";"BR-101/RS";"Sul";"Colisão - Frontal";2;0;0;0;0;0;0;0;0;0;2;1;0;0;0
"25/01/2020";"23:16:00";"238";"Sem vítima";"80";"BR-290/RS";"Leste";"Queda de ribanceira";0;0;1;0;0;0;0;0;0;0;1;0;0;0;0
"26/01/2020";"04:46:00";"23";"Sem vítima";"45";"BR-290/RS";"Leste";"Queda de ribanceira";1;0;0;0;0;0;0;0;0;0;2;0;0;0;0
"26/01/2020";"07:04:00";"28";"Sem vítima";"12";"BR-101/RS";"Sul";"Capotamento";1;0;0;0;0;0;0;0;0;0;1;0;0;0;0
"26/01/2020";"20:02:00";"211";"com vítima";"50";"BR-290/RS";"Oeste";"Queda de moto";0;0;0;1;0;0;0;0;0;0;0;1;1;0;0
"27/01/2020";"07:35:00";"49";"Sem vítima";"4";"BR-448/RS";"Sul";"Saída de pista";1;0;0;0;0;0;0;0;0;0;2;0;0;0;0
"27/01/2020";"10:06:00";"115";"Sem vítima";"278";"BR-386/RS";"Norte";"Colisão - Traseira";2;0;0;0;0;0;0;0;0;0;2;0;0;0;0
"27/01/2020";"11:34:00";"142";"com vítima";"348";"BR-386/RS";"Norte";"Saída de pista";1;0;0;0;0;0;0;0;0;0;0;1;0;0;0
"27/01/2020";"11:53:00";"145";"com vítima";"1";"BR-101/RS";"Sul";"Colisão - Traseira";2;0;0;0;0;0;0;0;0;0;4;2;0;0;0
"27/01/2020";"14:34:00";"184";"Sem vítima";"71";"BR-290/RS";"Oeste";"Capotamento";1;0;0;0;0;0;0;0;0;0;4;0;0;0;0
"27/01/2020";"15:12:00";"190";"com vítima";"194";"BR-386/RS";"Sul";"Colisão - Lateral";2;0;0;0;0;0;0;0;0;0;4;1;0;0;0
"27/01/2020";"15:44:00";"198";"com vítima";"55,1";"BR-290/RS";"Leste";"Capotamento";1;0;0;0;0;0;0;0;0;0;2;1;0;0;0
"27/01/2020";"16:50:00";"216";"com vítima";"258";"BR-386/RS";"Norte";"Colisão - Frontal";1;0;0;1;0;0;0;0;0;0;2;0;0;0;1
"27/01/2020";"18:15:00";"232";"Sem vítima";"350";"BR-386/RS";"Norte";"Saída de pista";1;0;0;0;0;0;0;0;0;0;2;0;0;0;0
"28/01/2020";"12:09:00";"126";"com vítima";"41";"BR-290/RS";"Ambos";"Capotamento";1;0;0;0;0;0;0;0;0;0;0;1;0;0;0
"28/01/2020";"12:51:00";"137";"Sem vítima";"92";"BR-290/RS";"Leste";"Engavetamento";3;0;2;0;0;0;0;0;0;0;10;0;0;0;0
"28/01/2020";"23:23:00";"246";"Sem vítima";"240";"BR-386/RS";"Norte";"Atropelamento de Animal";0;0;1;0;0;0;0;0;0;0;1;0;0;0;0
"29/01/2020";"01:16:00";"4";"Sem vítima";"378";"BR-386/RS";"Sul";"Tombamento";0;0;0;0;1;0;0;0;0;0;1;0;0;0;0
"29/01/2020";"11:42:00";"136";"com vítima";"22";"BR-448/RS";"Sul";"Engavetamento";5;0;1;0;0;0;0;0;0;0;9;1;3;0;0
"29/01/2020";"11:46:00";"138";"Sem vítima";"62";"BR-290/RS";"Oeste";"Queda de ribanceira";1;0;0;0;0;0;0;0;0;0;1;0;0;0;0
"29/01/2020";"11:56:00";"140";"Sem vítima";"73";"BR-290/RS";"Oeste";"Queda de ribanceira";1;0;0;0;0;0;0;0;0;0;3;0;0;0;0
"29/01/2020";"12:10:00";"143";"Sem vítima";"425";"BR-386/RS";"Norte";"Colisão - Lateral";1;0;1;0;0;0;0;0;0;0;4;0;0;0;0
"29/01/2020";"15:28:00";"184";"Sem vítima";"214";"BR-386/RS";"Norte";"Colisão - Transversal";2;0;0;0;0;0;0;0;0;0;2;0;0;0;0
"29/01/2020";"16:57:00";"210";"com vítima";"262";"BR-386/RS";"Ambos";"Colisão - Traseira";1;0;0;0;1;0;0;0;0;0;5;1;0;0;0
"30/01/2020";"01:49:00";"7";"com vítima";"300";"BR-386/RS";"Sul";"Saída de pista";1;0;0;0;0;0;0;0;0;0;1;1;0;0;0
"30/01/2020";"02:54:00";"9";"Sem vítima";"42";"BR-290/RS";"Oeste";"Queda de ribanceira";0;0;1;0;0;0;0;0;0;0;1;0;0;0;0
"30/01/2020";"07:25:00";"31";"com vítima";"391";"BR-386/RS";"Sul";"Colisão - Transversal";2;0;0;0;0;0;0;0;0;0;2;0;1;0;0
"30/01/2020";"08:05:00";"48";"Sem vítima";"349";"BR-386/RS";"Norte";"Colisão - Lateral";2;0;0;0;0;0;0;0;0;0;5;0;0;0;0
"30/01/2020";"08:18:00";"57";"Sem vítima";"96";"BR-290/RS";"Leste";"Colisão - Lateral";2;0;0;0;0;0;0;0;0;0;2;0;0;0;0
"30/01/2020";"10:32:00";"92";"Sem vítima";"70";"BR-290/RS";"Oeste";"Colisão - Traseira";2;0;0;0;0;0;0;0;0;0;2;0;0;0;0
"30/01/2020";"16:42:00";"155";"com vítima";"436";"BR-386/RS";"Sul";"Queda de moto";1;0;0;0;0;0;0;0;0;0;0;0;1;0;0
"30/01/2020";"19:51:00";"183";"Sem vítima";"19,23";"BR-290/RS";"Leste";"Colisão - Lateral";2;0;0;0;0;0;0;0;0;0;2;0;0;0;0
"30/01/2020";"20:38:00";"191";"Sem vítima";"346";"BR-386/RS";"Norte";"Colisão - Traseira";2;0;0;0;0;0;0;0;0;0;2;0;0;0;0
"30/01/2020";"21:46:00";"201";"com vítima";"441";"BR-386/RS";"Sul";"Choque com veículo no acostamento";1;0;0;1;0;0;0;0;0;0;1;1;0;0;0
"31/01/2020";"05:08:00";"15";"Sem vítima";"68";"BR-290/RS";"Leste";"Colisão - Lateral";1;0;1;0;0;0;0;0;0;0;3;0;0;0;0
"31/01/2020";"06:16:00";"20";"com vítima";"347";"BR-386/RS";"Norte";"Atropelamento - Usuário";0;0;0;1;0;0;0;0;0;0;0;0;1;1;0
"31/01/2020";"13:27:00";"166";"com vítima";"297";"BR-386/RS";"Sul";"Colisão - Lateral";2;0;0;0;0;1;0;0;0;0;4;0;1;2;0
"31/01/2020";"13:29:00";"167";"Sem vítima";"13";"BR-101/RS";"Norte";"Saída de pista";1;0;0;0;0;0;0;0;0;0;2;0;0;0;0
"31/01/2020";"13:34:00";"164";"Sem vítima";"44";"BR-290/RS";"Oeste";"Saída de pista";1;0;0;0;0;0;0;0;0;0;2;0;0;0;0
"31/01/2020";"15:46:00";"209";"Sem vítima";"60";"BR-290/RS";"Leste";"Colisão - Traseira";1;0;1;0;0;0;0;0;0;0;4;0;0;0;0
"31/01/2020";"15:50:00";"207";"Sem vítima";"20";"BR-448/RS";"Sul";"Colisão - Lateral";2;0;0;0;0;0;0;0;0;0;2;0;0;0;0
"31/01/2020";"16:10:00";"212";"Sem vítima";"85";"BR-101/RS";"Sul";"Saída de pista";1;0;0;0;0;0;0;0;0;0;1;0;0;0;0
"31/01/2020";"16:21:00";"218";"Sem vítima";"20";"BR-448/RS";"Sul";"Colisão - Traseira";2;0;0;0;0;0;0;0;0;0;2;0;0;0;0
"31/01/2020";"16:31:00";"221";"com vítima";"94";"BR-290/RS";"Leste";"Colisão - Traseira";0;0;0;1;0;0;0;0;0;0;0;1;0;0;0
"31/01/2020";"16:35:00";"223";"Sem vítima";"88,09";"BR-290/RS";"Leste";"Colisão - Traseira";2;0;0;0;1;0;0;0;0;0;3;0;0;0;0
"31/01/2020";"17:24:00";"235";"Sem vítima";"2";"BR-290/RS";"Oeste";"Queda de ribanceira";0;0;1;0;0;0;0;0;0;0;2;0;0;0;0
"31/01/2020";"17:56:00";"249";"Sem vítima";"46";"BR-290/RS";"Leste";"Saída de pista";1;0;0;0;0;0;0;0;0;0;1;0;0;0;0
"31/01/2020";"18:00:00";"251";"Sem vítima";"2";"BR-290/RS";"Leste";"Queda de ribanceira";1;0;1;0;0;0;0;0;0;0;5;0;0;0;0
"31/01/2020";"18:27:00";"261";"Sem vítima";"430";"BR-386/RS";"Sul";"Engavetamento";1;0;0;0;0;0;0;2;0;0;3;0;0;0;0
"31/01/2020";"18:51:00";"268";"Sem vítima";"29";"BR-101/RS";"Norte";"Queda de ribanceira";1;0;0;0;0;0;0;0;0;0;3;0;0;0;0
"31/01/2020";"19:28:00";"276";"com vítima";"33";"BR-101/RS";"Norte";"Queda de moto";0;0;0;1;0;0;0;0;0;0;0;1;1;0;0
"31/01/2020";"20:15:00";"288";"com vítima";"73";"BR-101/RS";"Norte";"Atropelamento - Andarilho";1;0;0;0;0;0;0;0;0;0;0;0;0;1;0
"01/02/2020";"02:57:00";"14";"com vítima";"17";"BR-448/RS";"Norte";"Outros";0;0;0;1;0;0;0;0;0;0;0;1;0;0;0
"01/02/2020";"12:35:00";"116";"Sem vítima";"19";"BR-290/RS";"Leste";"Colisão - Traseira";2;0;0;0;0;0;0;0;0;0;4;0;0;0;0