data;horario;n_da_ocorrencia;tipo_de_ocorrencia;km;trecho;sentido;tipo_de_acidente;automovel;bicicleta;caminhao;moto;onibus;outros;tracao_animal;transporte_de_cargas_especiais;trator_maquinas;utilitarios;ilesos;levemente_feridos;moderadamente_feridos;gravemente_feridos;mortos
"01/02/2020";"17:33:00";"191";"Sem vítima";"19";"BR-290/RS";"Leste";"Colisão - Frontal";3;0;0;0;0;0;0;0;0;0;1;0;0;0;0
"02/02/2020";"00:54:00";"6";"Sem vítima";"436";"BR-386/RS";"Norte";"Saída de pista";1;0;0;0;0;0;0;0;0;0;2;0;0;0;0
"02/02/2020";"06:59:00";"35";"Sem vítima";"348";"BR-386/RS";"Sul";"Queda de ribanceira";1;0;0;0;0;0;0;0;0;0;1;0;0;0;0
"02/02/2020";"10:36:00";"89";"com vítima";"333";"BR-386/RS";"Sul";"Colisão - Transversal";2;0;0;0;0;0;0;0;0;0;3;0;1;0;0
"02/02/2020";"12:29:00";"107";"com vítima";"333";"BR-386/RS";"Norte";"Queda de ribanceira";0;0;0;0;0;0;0;0;0;0;0;0;1;0;0
"02/02/2020";"14:53:00";"141";"Sem vítima";"45";"BR-101/RS";"Sul";"Colisão - Lateral";1;0;3;0;0;0;0;0;0;0;5;0;0;0;0
"02/02/2020";"15:08:00";"145";"Sem vítima";"390";"BR-386/RS";"Norte";"Colisão - Lateral";1;0;1;0;0;0;0;0;0;0;5;0;0;0;0
"02/02/2020";"16:45:00";"167";"Sem vítima";"78,38";"BR-290/RS";"Oeste";"Colisão - Lateral";1;0;1;0;0;0;0;0;0;0;5;0;0;0;0
"02/02/2020";"18:35:00";"207";"Sem vítima";"49";"BR-290/RS";"Leste";"Colisão - Traseira";2;0;0;0;0;0;0;0;0;0;2;0;0;0;0
"02/02/2020";"18:43:00";"208";"Sem vítima";"57";"BR-290/RS";"Oeste";"Engavetamento";4;0;0;0;0;0;0;0;0;0;6;0;0;0;0
"02/02/2020";"21:43:00";"244";"Sem vítima";"87";"BR-101/RS";"Norte";"Queda de ribanceira";1;0;0;0;0;0;0;0;0;0;5;0;0;0;0
"02/02/2020";"22:30:00";"252";"com vítima";"231";"BR-386/RS";"Norte";"Colisão - Frontal";2;0;0;0;0;0;0;0;0;0;0;0;4;0;0
"02/02/2020";"22:38:00";"253";"Sem vítima";"62";"BR-290/RS";"Oeste";"Colisão - Traseira";2;0;0;0;0;0;0;0;0;0;2;0;0;0;0
"03/02/2020";"03:47:00";"14";"com vítima";"26";"BR-290/RS";"Oeste";"Queda de moto";1;0;0;0;0;0;0;0;0;0;0;1;0;0;0
"03/02/2020";"07:19:00";"41";"com vítima";"95";"BR-290/RS";"Oeste";"Colisão - Traseira";1;0;0;1;0;0;0;0;0;0;0;2;0;0;0
"03/02/2020";"07:40:00";"50";"com vítima";"93";"BR-290/RS";"Leste";"Colisão - Lateral";1;0;0;1;0;0;0;0;0;0;0;1;0;0;0
"03/02/2020";"10:25:00";"111";"Sem vítima";"332";"BR-386/RS";"Norte";"Colisão - Traseira";1;0;0;0;0;0;0;0;0;0;1;0;0;0;0
"03/02/2020";"17:05:00";"207";"Sem vítima";"35";"BR-101/RS";"Norte";"Queda de ribanceira";1;0;0;0;0;0;0;0;0;0;1;0;0;0;0
"03/02/2020";"19:27:00";"231";"com vítima";"405";"BR-386/RS";"Sul";"Colisão - Frontal";2;0;0;0;0;0;0;0;0;0;3;1;0;0;0
"03/02/2020";"19:27:00";"230";"Sem vítima";"59";"BR-290/RS";"Oeste";"Queda de ribanceira";1;0;0;0;0;0;0;0;0;0;6;0;0;0;0
"04/02/2020";"05:43:00";"15";"Sem vítima";"426";"BR-386/RS";"Norte";"Colisão - Traseira";0;0;2;0;0;0;0;0;0;0;3;0;0;0;0
"04/02/2020";"07:37:00";"49";"com vítima";"345";"BR-386/RS";"Sul";"Engavetamento";3;0;0;1;0;0;0;0;0;0;6;1;0;0;0
"04/02/2020";"18:07:00";"219";"com vítima";"354";"BR-386/RS";"Sul";"Saída de pista";2;0;0;0;0;0;0;0;0;0;3;1;0;0;0
"05/02/2020";"07:21:00";"29";"Sem vítima";"35";"BR-101/RS";"Sul";"Choque Praça - Cabine";0;0;1;0;0;0;0;0;0;0;2;0;0;0;0
"05/02/2020";"10:21:00";"106";"com vítima";"353";"BR-386/RS";"Norte";"Colisão - Lateral";1;0;0;0;0;0;0;0;0;0;2;1;0;0;0
"05/02/2020";"11:31:00";"122";"Sem vítima";"60";"BR-290/RS";"Oeste";"Colisão - Lateral";1;0;1;0;0;0;0;0;0;0;2;0;0;0;0
"05/02/2020";"12:32:00";"136";"Sem vítima";"92";"BR-290/RS";"Leste";"Capotamento";1;0;0;0;0;0;0;0;0;0;2;0;0;0;0
"05/02/2020";"15:34:00";"194";"com vítima";"95";"BR-290/RS";"Leste";"Queda de moto";0;0;0;1;0;0;0;0;0;0;0;0;1;0;0
"05/02/2020";"16:41:00";"209";"Sem vítima";"92";"BR-290/RS";"Leste";"Colisão - Traseira";2;0;0;0;0;0;0;0;0;0;2;0;0;0;0
"05/02/2020";"19:18:00";"246";"Sem vítima";"33";"BR-290/RS";"Oeste";"Queda de ribanceira";1;0;0;0;0;0;0;0;0;0;1;0;0;0;0
"06/02/2020";"01:58:00";"5";"Sem vítima";"230";"BR-386/RS";"Norte";"Tombamento";0;0;1;0;0;0;0;0;0;0;1;0;0;0;0
"06/02/2020";"07:18:00";"30";"com vítima";"69";"BR-290/RS";"Oeste";"Colisão - Lateral";2;0;0;0;0;0;0;0;0;0;1;1;0;0;0
"06/02/2020";"07:30:00";"35";"Sem vítima";"324";"BR-386/RS";"Ambos";"Colisão - Lateral";1;0;2;0;0;0;0;0;0;0;3;0;0;0;0
"06/02/2020";"11:49:00";"102";"Sem vítima";"440";"BR-386/RS";"Norte";"Colisão - Traseira";2;0;1;0;0;0;0;0;0;0;5;0;0;0;0
"06/02/2020";"12:17:00";"105";"com vítima";"11";"BR-448/RS";"Sul";"Colisão - Traseira";2;0;0;0;0;0;0;0;0;0;2;2;0;0;0
"06/02/2020";"15:37:00";"151";"Sem vítima";"88";"BR-290/RS";"Leste";"Colisão - Lateral";2;0;1;0;0;0;0;0;0;0;4;0;0;0;0
"06/02/2020";"15:54:00";"159";"Sem vítima";"333";"BR-386/RS";"Norte";"Saída de pista";1;0;0;0;0;0;0;0;0;0;2;0;0;0;0
"06/02/2020";"16:24:00";"167";"Sem vítima";"420";"BR-386/RS";"Ambos";"Colisão - Frontal";1;0;0;0;0;1;0;0;0;0;2;0;0;0;0
"06/02/2020";"16:30:00";"169";"Sem vítima";"295";"BR-386/RS";"Norte";"Saída de pista";0;0;1;0;0;0;0;0;0;0;2;0;0;0;0
"06/02/2020";"17:44:00";"188";"com vítima";"79";"BR-290/RS";"Oeste";"Outros";0;0;0;1;0;0;0;0;0;0;0;1;0;0;0
"07/02/2020";"02:23:00";"17";"Sem vítima";"91";"BR-290/RS";"Oeste";"Saída de pista";0;0;1;0;0;0;0;0;0;0;1;0;0;0;0
"07/02/2020";"02:59:00";"19";"com vítima";"72";"BR-290/RS";"Oeste";"Queda de moto";0;0;0;1;0;0;0;0;0;0;0;0;0;1;0
"07/02/2020";"06:15:00";"39";"Sem vítima";"440";"BR-386/RS";"Sul";"Colisão - Traseira";1;0;0;0;0;1;0;0;0;0;5;0;0;0;0
"07/02/2020";"06:32:00";"41";"Sem vítima";"91";"BR-290/RS";"Leste";"Colisão - Lateral";1;0;0;0;0;0;0;0;0;0;3;0;0;0;0
"07/02/2020";"09:18:00";"101";"Sem vítima";"262";"BR-386/RS";"Norte";"Colisão - Traseira";2;0;1;0;0;0;0;0;0;0;1;0;0;0;0
"07/02/2020";"09:37:00";"108";"Sem vítima";"60";"BR-290/RS";"Oeste";"Queda de ribanceira";1;0;0;0;0;0;0;0;0;0;2;0;0;0;0
"07/02/2020";"12:02:00";"146";"Sem vítima";"56";"BR-290/RS";"Oeste";"Colisão - Traseira";1;0;1;0;0;0;0;0;0;0;1;0;0;0;0
"07/02/2020";"13:59:00";"170";"com vítima";"65";"BR-290/RS";"Oeste";"Queda de moto";0;0;0;1;0;0;0;0;0;0;0;1;0;0;0
"07/02/2020";"14:38:00";"180";"com vítima";"302";"BR-386/RS";"Norte";"Colisão - Frontal";2;0;0;0;0;0;0;0;0;0;0;4;2;0;0
"07/02/2020";"16:15:00";"208";"Sem vítima";"30";"BR-290/RS";"Leste";"Queda de ribanceira";1;0;0;0;0;0;0;0;0;0;2;0;0;0;0
"07/02/2020";"16:32:00";"216";"com vítima";"37";"BR-290/RS";"Leste";"Engavetamento";3;0;0;0;0;0;0;0;0;0;6;1;0;0;0
"07/02/2020";"17:42:00";"234";"Sem vítima";"86";"BR-290/RS";"Leste";"Colisão - Lateral";2;0;0;0;0;0;0;0;1;0;3;0;0;0;0
"07/02/2020";"18:13:00";"245";"Sem vítima";"6";"BR-101/RS";"Norte";"Colisão - Lateral";2;0;0;0;0;0;0;0;0;0;2;0;0;0;0
"07/02/2020";"18:36:00";"252";"com vítima";"359";"BR-386/RS";"Norte";"Colisão - Traseira";1;0;0;1;0;0;0;0;0;0;1;0;1;0;0
"07/02/2020";"23:35:00";"317";"com vítima";"435,41";"BR-386/RS";"Norte";"Queda de moto";0;0;0;1;0;0;0;0;0;0;0;1;0;0;0
"08/02/2020";"02:27:00";"15";"Sem vítima";"18";"BR-290/RS";"Oeste";"Choque - Arvore";1;0;0;0;0;0;0;0;0;0;1;0;0;0;0
"08/02/2020";"05:13:00";"18";"Sem vítima";"439";"BR-386/RS";"Sul";"Atropelamento de Animal";1;0;0;0;0;0;0;0;0;0;1;0;0;0;0
"08/02/2020";"07:27:00";"32";"com vítima";"25";"BR-290/RS";"Oeste";"Atropelamento - Esportista";1;0;0;0;0;0;0;0;0;0;1;1;0;0;0
"08/02/2020";"08:01:00";"36";"Sem vítima";"35";"BR-101/RS";"Sul";"Colisão - Traseira";1;0;0;0;0;0;0;0;0;0;1;0;0;0;0
"08/02/2020";"12:31:00";"109";"com vítima";"4";"BR-448/RS";"Sul";"Queda de moto";0;0;0;1;0;0;0;0;0;0;0;1;1;0;0
"08/02/2020";"12:58:00";"118";"com vítima";"45";"BR-290/RS";"Leste";"Queda de ribanceira";1;0;0;0;0;0;0;0;0;0;0;1;0;0;0
"08/02/2020";"15:05:00";"147";"com vítima";"49";"BR-101/RS";"Sul";"Capotamento";1;0;0;0;0;0;0;0;0;0;0;1;0;0;0
"08/02/2020";"15:50:00";"163";"Sem vítima";"64";"BR-290/RS";"Oeste";"Queda de ribanceira";1;0;0;0;0;0;0;0;0;0;2;0;0;0;0
"08/02/2020";"16:02:00";"165";"com vítima";"7";"BR-101/RS";"Ambos";"Colisão - Lateral";2;0;0;0;0;0;0;0;0;0;0;1;0;0;0
"08/02/2020";"16:11:00";"169";"com vítima";"65";"BR-290/RS";"Oeste";"Queda de moto";1;0;0;0;0;0;0;0;0;0;0;1;0;0;0
"08/02/2020";"16:33:00";"179";"com vítima";"37";"BR-101/RS";"Sul";"Queda de ribanceira";1;0;0;0;0;0;0;0;0;0;0;0;1;0;0
"08/02/2020";"18:21:00";"198";"Sem vítima";"93,57";"BR-290/RS";"Oeste";"Choque Defensa";1;0;0;0;0;0;0;0;0;0;1;0;0;0;0
"08/02/2020";"19:58:00";"213";"Sem vítima";"43";"BR-290/RS";"Oeste";"Queda de ribanceira";1;0;0;0;0;0;0;0;0;0;3;0;0;0;0
"08/02/2020";"22:36:00";"241";"Sem vítima";"20";"BR-448/RS";"Sul";"Choque Defensa";1;0;0;0;0;0;0;0;0;0;2;0;0;0;0
"09/02/2020";"01:03:00";"8";"com vítima";"393";"BR-386/RS";"Sul";"Queda de ribanceira";0;0;1;0;0;0;0;0;0;0;0;2;0;0;0
"09/02/2020";"01:53:00";"14";"com vítima";"356";"BR-386/RS";"Norte";"Queda de moto";0;0;0;1;0;0;0;0;0;0;0;1;0;0;0
"09/02/2020";"02:02:00";"16";"com vítima";"57";"BR-290/RS";"Oeste";"Queda de ribanceira";1;0;0;0;0;0;0;0;0;0;1;4;0;0;0
"09/02/2020";"04:23:00";"25";"com vítima";"31";"BR-290/RS";"Leste";"Queda de ribanceira";1;0;0;0;0;0;0;0;0;0;0;1;1;1;0
"09/02/2020";"05:22:00";"27";"Sem vítima";"226";"BR-386/RS";"Sul";"Queda de ribanceira";1;0;0;0;0;0;0;0;0;0;2;0;0;0;0
"09/02/2020";"06:24:00";"31";"Sem vítima";"41";"BR-290/RS";"Oeste";"Queda de ribanceira";1;0;0;0;0;0;0;0;0;0;1;0;0;0;0
"09/02/2020";"07:49:00";"43";"Sem vítima";"92";"BR-290/RS";"Oeste";"Queda de moto";0;0;0;1;0;0;0;0;0;0;1;0;0;0;0
"09/02/2020";"08:54:00";"51";"Sem vítima";"20";"BR-448/RS";"Norte";"Choque Barreira";1;0;0;0;0;0;0;0;0;0;1;0;0;0;0
"09/02/2020";"09:26:00";"57";"Sem vítima";"43";"BR-290/RS";"Leste";"Colisão - Lateral";1;0;1;0;0;0;0;0;0;0;2;0;0;0;0
"09/02/2020";"09:28:00";"55";"Sem vítima";"91";"BR-290/RS";"Leste";"Queda de ribanceira";1;0;0;0;0;0;0;0;0;0;1;0;0;0;0
"09/02/2020";"09:53:00";"64";"Sem vítima";"96,1";"BR-290/RS";"Oeste";"Colisão - Traseira";2;0;0;0;0;0;0;0;0;0;4;0;0;0;0
"09/02/2020";"09:55:00";"65";"Sem vítima";"75";"BR-290/RS";"Leste";"Choque Defensa";1;0;0;0;0;0;0;0;0;0;1;0;0;0;0
"10/02/2020";"00:33:00";"6";"com vítima";"71";"BR-290/RS";"Oeste";"Atropelamento - Andarilho";1;0;0;0;0;0;0;0;0;0;0;1;0;0;0
"10/02/2020";"04:27:00";"20";"Sem vítima";"35";"BR-101/RS";"Sul";"Choque - Poste";1;0;0;0;0;0;0;0;0;0;1;0;0;0;0
"10/02/2020";"08:34:00";"77";"com vítima";"25";"BR-290/RS";"Oeste";"Queda de moto";0;0;0;1;0;0;0;0;0;0;1;0;1;0;0
"10/02/2020";"09:42:00";"113";"Sem vítima";"82";"BR-290/RS";"Oeste";"Engavetamento";4;0;0;0;0;0;0;0;0;0;14;0;0;0;0
"10/02/2020";"10:33:00";"135";"com vítima";"26";"BR-290/RS";"Oeste";"Engavetamento";3;0;0;0;0;0;0;0;0;0;5;4;0;0;0
"10/02/2020";"15:40:00";"217";"Sem vítima";"13,37";"BR-101/RS";"Norte";"Capotamento";1;0;0;0;0;0;0;0;0;0;1;0;0;0;0
"10/02/2020";"17:38:00";"240";"Sem vítima";"401";"BR-386/RS";"Norte";"Colisão - Lateral";2;0;0;0;0;0;0;0;0;0;4;0;0;0;0
"11/02/2020";"08:30:00";"74";"Sem vítima";"63";"BR-101/RS";"Sul";"Saída de pista";1;0;0;0;0;0;0;0;0;0;2;0;0;0;0
"11/02/2020";"08:46:00";"78";"com vítima";"96";"BR-290/RS";"Oeste";"Engavetamento";3;0;0;2;0;0;0;0;0;0;3;0;3;0;0
"11/02/2020";"08:56:00";"79";"Sem vítima";"92";"BR-290/RS";"Oeste";"Colisão - Traseira";2;0;0;0;0;0;0;0;0;0;2;0;0;0;0
"11/02/2020";"11:03:00";"121";"Sem vítima";"424";"BR-386/RS";"Norte";"Colisão - Lateral";1;0;1;0;0;0;0;0;0;0;1;0;0;0;0
"11/02/2020";"11:30:00";"132";"Sem vítima";"426";"BR-386/RS";"Norte";"Colisão - Traseira";2;0;0;0;0;0;0;0;0;0;1;0;0;0;0
"11/02/2020";"13:29:00";"160";"Sem vítima";"23";"BR-290/RS";"Leste";"Colisão - Traseira";2;0;0;0;0;0;0;0;0;0;4;0;0;0;0
"11/02/2020";"16:11:00";"198";"Sem vítima";"77";"BR-290/RS";"Oeste";"Colisão - Traseira";2;0;0;0;0;0;0;0;0;0;2;0;0;0;0
"11/02/2020";"16:18:00";"202";"Sem vítima";"19";"BR-290/RS";"Oeste";"Colisão - Traseira";2;0;0;0;0;0;0;0;0;0;6;0;0;0;0
"11/02/2020";"18:14:00";"239";"com vítima";"371";"BR-386/RS";"Norte";"Queda de moto";0;0;0;1;0;0;0;0;0;0;0;1;0;0;0
"11/02/2020";"20:05:00";"260";"Sem vítima";"354";"BR-386/RS";"Norte";"Colisão - Lateral";1;0;0;0;0;0;0;0;0;0;2;0;0;0;0
"11/02/2020";"20:10:00";"262";"Sem vítima";"45";"BR-290/RS";"Oeste";"Colisão - Traseira";2;0;1;0;0;0;0;0;0;0;2;0;0;0;0
"12/02/2020";"01:04:00";"7";"Sem vítima";"26";"BR-290/RS";"Oeste";"Saída de pista";0;0;0;0;0;0;0;0;1;0;1;0;0;0;0
"12/02/2020";"07:32:00";"45";"Sem vítima";"98";"BR-290/RS";"Ambos";"Colisão - Lateral";1;0;1;0;0;0;0;0;0;0;2;0;0;0;0
"12/02/2020";"09:22:00";"90";"com vítima";"333";"BR-386/RS";"Sul";"Colisão - Lateral";1;0;0;0;0;0;0;0;0;0;1;1;0;0;0
"12/02/2020";"10:18:00";"109";"Sem vítima";"75";"BR-290/RS";"Leste";"Queda de ribanceira";1;0;0;0;0;0;0;0;0;0;1;0;0;0;0
"12/02/2020";"10:30:00";"114";"com vítima";"347";"BR-386/RS";"Norte";"Colisão - Traseira";2;0;0;0;0;0;0;0;0;0;0;2;2;0;0
"12/02/2020";"11:19:00";"125";"Sem vítima";"385";"BR-386/RS";"Norte";"Queda de ribanceira";1;0;0;0;0;0;0;0;0;0;1;0;0;0;0
"12/02/2020";"12:52:00";"144";"com vítima";"98";"BR-290/RS";"Oeste";"Colisão - Traseira";1;0;0;0;0;0;0;0;0;0;3;2;0;0;0
"12/02/2020";"12:55:00";"145";"Sem vítima";"278";"BR-386/RS";"Norte";"Queda de ribanceira";0;0;0;0;0;0;0;0;0;0;1;0;0;0;0
"12/02/2020";"16:32:00";"186";"Sem vítima";"78,37";"BR-290/RS";"Oeste";"Colisão - Traseira";2;0;1;0;0;0;0;0;0;0;2;0;0;0;0
"12/02/2020";"19:26:00";"215";"com vítima";"276";"BR-386/RS";"Norte";"Colisão - Traseira";2;0;1;0;0;0;0;0;0;0;4;1;2;1;0
"12/02/2020";"21:41:00";"228";"com vítima";"86";"BR-290/RS";"Oeste";"Atropelamento - Esportista";1;0;0;0;0;0;0;0;0;0;0;1;0;0;0
"13/02/2020";"08:40:00";"64";"Sem vítima";"91";"BR-290/RS";"Leste";"Choque Barreira";2;0;0;0;0;0;0;0;0;0;2;0;0;0;0
"13/02/2020";"10:06:00";"94";"Sem vítima";"386";"BR-386/RS";"Norte";"Colisão - Traseira";0;0;2;0;0;0;0;0;0;0;2;0;0;0;0
"13/02/2020";"10:29:00";"101";"Sem vítima";"3";"BR-448/RS";"Sul";"Choque Barreira";1;0;0;0;0;0;0;0;0;0;1;0;0;0;0
"13/02/2020";"12:45:00";"136";"Sem vítima";"413";"BR-386/RS";"Norte";"Saída de pista";1;0;0;0;0;0;0;0;0;0;1;0;0;0;0
"13/02/2020";"18:11:00";"203";"com vítima";"353";"BR-386/RS";"Sul";"Choque - Pilar";1;0;0;0;0;0;0;0;0;0;0;1;0;0;0
"14/02/2020";"05:24:00";"20";"Sem vítima";"75";"BR-290/RS";"Oeste";"Tombamento";0;0;0;0;0;0;0;0;1;0;1;0;0;0;0
"14/02/2020";"06:54:00";"30";"Sem vítima";"89";"BR-290/RS";"Leste";"Colisão - Lateral";1;0;0;0;0;0;0;0;0;0;2;0;0;0;0
"14/02/2020";"09:43:00";"101";"Sem vítima";"437";"BR-386/RS";"Norte";"Colisão - Traseira";1;0;0;0;0;0;0;0;0;0;1;0;0;0;0
"14/02/2020";"13:37:00";"161";"com vítima";"73";"BR-290/RS";"Leste";"Colisão - Lateral";0;0;2;1;0;0;0;0;0;0;1;1;0;0;0
"14/02/2020";"14:28:00";"172";"Sem vítima";"85";"BR-290/RS";"Leste";"Colisão - Lateral";1;0;0;0;0;0;0;0;0;0;2;0;0;0;0
"14/02/2020";"18:15:00";"242";"com vítima";"346";"BR-386/RS";"Sul";"Colisão - Lateral";1;0;1;1;0;0;0;0;0;0;0;1;0;0;0
"14/02/2020";"20:26:00";"284";"Sem vítima";"436";"BR-386/RS";"Norte";"Atropelamento de Animal";1;0;0;0;0;0;0;0;0;0;1;0;0;0;0
"14/02/2020";"22:41:00";"310";"com vítima";"92";"BR-290/RS";"Leste";"Colisão - Traseira";2;0;1;0;0;0;0;0;0;0;3;1;0;0;0
"15/02/2020";"06:37:00";"40";"Sem vítima";"303";"BR-386/RS";"Norte";"Saída de pista";0;0;1;0;0;0;0;0;0;0;2;0;0;0;0
"15/02/2020";"09:06:00";"70";"Sem vítima";"86";"BR-101/RS";"Sul";"Tombamento";2;0;0;0;0;0;0;0;0;0;1;0;0;0;0
"15/02/2020";"10:24:00";"89";"Sem vítima";"440";"BR-386/RS";"Sul";"Saída de pista";1;0;0;0;0;0;0;0;0;0;1;0;0;0;0
"15/02/2020";"13:39:00";"143";"Sem vítima";"403";"BR-386/RS";"Sul";"Colisão - Traseira";2;0;0;0;0;0;0;0;0;0;6;0;0;0;0
"15/02/2020";"15:41:00";"168";"Sem vítima";"347";"BR-386/RS";"Norte";"Colisão - Lateral";2;0;0;0;0;0;0;0;0;0;3;0;0;0;0
"15/02/2020";"15:41:00";"169";"Sem vítima";"290";"BR-386/RS";"Sul";"Queda de ribanceira";1;0;0;0;0;0;0;0;0;0;1;0;0;0;0
"15/02/2020";"15:59:00";"171";"Sem vítima";"325";"BR-386/RS";"Sul";"Colisão - Frontal";2;0;0;0;0;0;0;0;0;0;2;0;0;0;0
"15/02/2020";"17:43:00";"198";"Sem vítima";"95";"BR-290/RS";"Oeste";"Colisão - Lateral";2;0;0;0;0;0;0;0;0;0;2;0;0;0;0
"15/02/2020";"19:38:00";"221";"com vítima";"24";"BR-101/RS";"Norte";"Atropelamento - Morador/Trabalhador/Estudante";1;0;0;0;0;0;0;0;0;0;0;0;1;1;0
"15/02/2020";"20:23:00";"229";"com vítima";"92";"BR-290/RS";"Oeste";"Queda de moto";0;0;0;1;0;0;0;0;0;0;0;0;0;1;0
"15/02/2020";"20:52:00";"235";"Sem vítima";"69";"BR-290/RS";"Leste";"Atropelamento de Animal";1;0;0;0;0;0;0;0;0;0;2;0;0;0;0
"16/02/2020";"00:18:00";"1";"com vítima";"440";"BR-386/RS";"Sul";"Capotamento";1;0;0;0;0;0;0;0;0;0;0;0;0;1;0
"16/02/2020";"04:26:00";"17";"Sem vítima";"36";"BR-290/RS";"Leste";"Queda de ribanceira";1;0;0;0;0;0;0;0;0;0;1;0;0;0;0
"16/02/2020";"14:51:00";"123";"com vítima";"43";"BR-290/RS";"Leste";"Capotamento";1;0;0;0;0;0;0;0;0;0;3;2;0;0;0
"16/02/2020";"15:57:00";"132";"Sem vítima";"77";"BR-290/RS";"Oeste";"Engavetamento";3;0;0;0;0;0;0;0;0;0;3;0;0;0;0
"16/02/2020";"17:30:00";"175";"com vítima";"393";"BR-386/RS";"Sul";"Capotamento";1;0;0;0;0;0;0;0;0;0;1;0;1;0;0
"16/02/2020";"18:28:00";"197";"Sem vítima";"392";"BR-386/RS";"Sul";"Engavetamento";3;0;0;0;0;0;0;0;0;0;3;0;0;0;0
"16/02/2020";"18:57:00";"211";"Sem vítima";"361";"BR-386/RS";"Sul";"Saída de pista";1;0;0;0;0;0;0;0;0;0;1;0;0;0;0
"16/02/2020";"19:10:00";"217";"Sem vítima";"406";"BR-386/RS";"Sul";"Choque Defensa";2;0;0;0;0;0;0;0;0;0;3;0;0;0;0
"16/02/2020";"20:03:00";"237";"com vítima";"405";"BR-386/RS";"Sul";"Saída de pista";1;0;0;0;0;0;0;0;0;0;1;1;0;0;0
"16/02/2020";"21:07:00";"254";"Sem vítima";"18";"BR-290/RS";"Oeste";"Colisão - Traseira";2;0;0;0;0;0;0;0;0;0;4;0;0;0;0
"16/02/2020";"21:34:00";"267";"com vítima";"26";"BR-290/RS";"Oeste";"Queda de moto";0;0;0;1;0;0;0;0;0;0;0;1;0;0;0
"17/02/2020";"05:53:00";"26";"Sem vítima";"406";"BR-386/RS";"Sul";"Atropelamento de Animal";1;0;0;0;0;0;0;0;0;0;1;0;0;0;0
"17/02/2020";"07:25:00";"43";"Sem vítima";"88";"BR-290/RS";"Oeste";"Colisão - Traseira";2;0;0;0;0;0;0;0;0;0;2;0;0;0;0
"17/02/2020";"07:40:00";"50";"com vítima";"89";"BR-290/RS";"Oeste";"Engavetamento";3;0;0;1;0;0;0;0;0;0;8;0;1;0;0
"17/02/2020";"08:04:00";"62";"com vítima";"7";"BR-101/RS";"Sul";"Colisão - Lateral";1;0;0;1;0;0;0;0;0;0;1;0;1;0;0
"17/02/2020";"08:12:00";"64";"com vítima";"345";"BR-386/RS";"Norte";"Colisão - Frontal";4;0;0;0;0;0;0;0;0;0;4;0;1;0;0
"17/02/2020";"10:00:00";"120";"Sem vítima";"430";"BR-386/RS";"Norte";"Colisão - Lateral";1;0;0;0;0;0;0;0;1;0;2;0;0;0;0
"17/02/2020";"15:24:00";"212";"Sem vítima";"411";"BR-386/RS";"Ambos";"Colisão - Traseira";0;0;2;0;0;0;0;0;0;0;2;0;0;0;0
"17/02/2020";"16:55:00";"240";"Sem vítima";"56";"BR-290/RS";"Oeste";"Queda de ribanceira";1;0;0;0;0;0;0;0;0;0;1;0;0;0;0
"17/02/2020";"17:50:00";"254";"Sem vítima";"11";"BR-290/RS";"Leste";"Queda de ribanceira";1;0;0;0;0;0;0;0;0;0;3;0;0;0;0
"17/02/2020";"21:13:00";"292";"com vítima";"78";"BR-290/RS";"Leste";"Capotamento";1;0;0;0;0;0;0;0;0;0;0;3;1;0;0
"17/02/2020";"21:39:00";"294";"Sem vítima";"35";"BR-101/RS";"Sul";"Choque Praça - Cabine";0;0;1;0;0;0;0;0;0;0;1;0;0;0;0
"18/02/2020";"01:54:00";"10";"Sem vítima";"10";"BR-101/RS";"Sul";"Atropelamento de Animal";1;0;0;0;0;0;0;0;0;0;1;0;0;0;0
"18/02/2020";"12:40:00";"133";"Sem vítima";"407";"BR-386/RS";"Norte";"Queda de ribanceira";1;0;0;0;0;0;0;0;0;0;1;0;0;0;0
"18/02/2020";"13:14:00";"139";"com vítima";"352";"BR-386/RS";"Norte";"Choque Defensa";1;0;0;0;0;0;0;0;0;0;0;3;0;0;0
"18/02/2020";"13:46:00";"150";"Sem vítima";"299";"BR-386/RS";"Norte";"Saída de pista";1;0;0;0;0;0;0;0;0;0;2;0;0;0;0
"18/02/2020";"14:01:00";"151";"Sem vítima";"63";"BR-101/RS";"Norte";"Colisão - Lateral";1;0;1;0;0;0;0;0;0;0;2;0;0;0;0
"18/02/2020";"14:34:00";"156";"Sem vítima";"65";"BR-290/RS";"Oeste";"Queda de ribanceira";0;0;1;0;0;0;0;0;0;0;3;0;0;0;0
"18/02/2020";"20:44:00";"214";"Sem vítima";"436";"BR-386/RS";"Sul";"Colisão - Lateral";2;0;0;0;0;0;0;0;0;0;2;0;0;0;0
"18/02/2020";"20:48:00";"216";"Sem vítima";"92";"BR-290/RS";"Leste";"Colisão - Traseira";2;0;0;0;0;0;0;0;0;0;3;0;0;0;0
"18/02/2020";"21:18:00";"218";"Sem vítima";"57";"BR-101/RS";"Norte";"Capotamento";1;0;0;0;0;0;0;0;0;0;1;0;0;0;0
"19/02/2020";"01:08:00";"5";"com vítima";"41";"BR-290/RS";"Oeste";"Colisão - Traseira";2;0;0;0;0;0;0;0;0;0;2;0;1;0;0
"19/02/2020";"04:17:00";"16";"Sem vítima";"26";"BR-290/RS";"Leste";"Queda de ribanceira";1;0;0;0;0;0;0;0;0;0;1;0;0;0;0
"19/02/2020";"10:33:00";"96";"Sem vítima";"2";"BR-101/RS";"Sul";"Colisão - Traseira";1;0;0;1;0;0;0;0;0;0;3;0;0;0;0
"19/02/2020";"12:59:00";"127";"com vítima";"392";"BR-386/RS";"Norte";"Queda de moto";0;0;0;1;0;0;0;0;0;0;0;0;1;0;0
"19/02/2020";"14:49:00";"155";"Sem vítima";"77";"BR-290/RS";"Oeste";"Colisão - Traseira";2;0;0;0;0;0;0;0;0;0;6;0;0;0;0