data;horario;n_da_ocorrencia;tipo_de_ocorrencia;km;trecho;sentido;tipo_de_acidente;automovel;bicicleta;caminhao;moto;onibus;outros;tracao_animal;transporte_de_cargas_especiais;trator_maquinas;utilitarios;ilesos;levemente_feridos;moderadamente_feridos;gravemente_feridos;mortos
"24/04/2020";"08:06:00";"42";"com vítima";"379";"BR-386/RS";"Norte";"Tombamento";0;0;0;0;0;0;0;1;0;0;0;1;0;0;0
"24/04/2020";"08:26:00";"48";"Sem vítima";"414";"BR-386/RS";"Norte";"Choque com objeto sobre a pista";2;0;0;0;0;0;0;0;0;0;2;0;0;0;0
"24/04/2020";"11:58:00";"96";"Sem vítima";"91";"BR-290/RS";"Leste";"Queda de ribanceira";1;0;0;0;0;0;0;0;0;0;1;0;0;0;0
"24/04/2020";"15:17:00";"124";"Sem vítima";"86";"BR-290/RS";"Leste";"Queda de ribanceira";1;0;0;0;0;0;0;0;0;0;1;0;0;0;0
"24/04/2020";"17:12:00";"144";"com vítima";"344";"BR-386/RS";"Norte";"Colisão - Traseira";1;0;0;1;0;0;0;0;0;0;2;1;0;0;0
"24/04/2020";"19:17:00";"161";"com vítima";"246";"BR-386/RS";"Norte";"Atropelamento - Morador/Trabalhador/Estudante";0;0;0;0;0;0;0;0;0;0;0;0;0;0;1
"25/04/2020";"04:03:00";"10";"Sem vítima";"29";"BR-290/RS";"Leste";"Atropelamento de Animal";1;0;0;0;0;0;0;0;0;0;1;0;0;0;0
"25/04/2020";"05:16:00";"15";"Sem vítima";"26";"BR-290/RS";"Oeste";"Atropelamento de Animal";1;0;0;0;0;0;0;0;0;0;1;0;0;0;0
"25/04/2020";"12:12:00";"83";"com vítima";"96";"BR-290/RS";"Oeste";"Colisão - Lateral";2;0;0;0;0;0;0;0;0;0;2;0;1;0;0
"25/04/2020";"12:30:00";"87";"com vítima";"333";"BR-386/RS";"Norte";"Tombamento";1;0;0;0;0;0;0;1;0;0;0;0;3;0;0
"25/04/2020";"17:18:00";"145";"com vítima";"98";"BR-290/RS";"Oeste";"Colisão - Traseira";0;0;1;1;0;0;0;0;0;0;1;1;0;0;0
"25/04/2020";"17:42:00";"151";"Sem vítima";"98";"BR-290/RS";"Oeste";"Colisão - Traseira";2;0;0;0;0;0;0;0;0;0;2;0;0;0;0
"25/04/2020";"19:08:00";"165";"com vítima";"7";"BR-101/RS";"Norte";"Atropelamento - Morador/Trabalhador/Estudante";0;0;0;2;0;1;0;0;0;0;0;0;2;0;1
"26/04/2020";"06:21:00";"13";"com vítima";"435";"BR-386/RS";"Norte";"Colisão - Transversal";2;0;0;0;0;0;0;0;0;0;0;0;1;0;1
"26/04/2020";"11:08:00";"55";"Sem vítima";"50";"BR-290/RS";"Leste";"Tombamento";2;0;0;0;0;0;0;0;0;0;1;0;0;0;0
"26/04/2020";"12:00:00";"62";"com vítima";"226";"BR-386/RS";"Sul";"Choque com objeto sobre a pista";0;0;1;0;0;0;0;0;0;0;2;1;0;0;0
"26/04/2020";"13:49:00";"72";"com vítima";"82";"BR-101/RS";"Ambos";"Outros";1;0;0;0;0;0;0;0;0;0;0;1;0;0;0
"26/04/2020";"16:53:00";"100";"com vítima";"346";"BR-386/RS";"Norte";"Colisão - Traseira";0;0;0;2;0;0;0;0;0;0;2;0;1;0;0
"26/04/2020";"21:26:00";"141";"Sem vítima";"6";"BR-290/RS";"Oeste";"Queda de ribanceira";1;0;0;0;0;0;0;0;0;0;2;0;0;0;0
"27/04/2020";"08:34:00";"37";"com vítima";"329";"BR-386/RS";"Sul";"Colisão - Traseira";1;0;0;0;0;1;0;0;0;0;0;1;0;0;0
"27/04/2020";"08:46:00";"44";"com vítima";"395";"BR-386/RS";"Sul";"Colisão - Frontal";1;0;1;0;0;0;0;0;0;0;1;0;0;0;1
"27/04/2020";"08:50:00";"47";"Sem vítima";"30";"BR-101/RS";"Norte";"Queda de ribanceira";1;0;0;0;0;0;0;0;0;0;1;0;0;0;0
"27/04/2020";"10:04:00";"65";"Sem vítima";"282";"BR-386/RS";"Sul";"Tombamento";0;0;0;0;0;0;0;1;0;0;1;0;0;0;0
"28/04/2020";"01:21:00";"3";"Sem vítima";"13";"BR-101/RS";"Sul";"Queda de ribanceira";1;0;0;0;0;0;0;0;0;0;1;0;0;0;0
"28/04/2020";"04:58:00";"8";"Sem vítima";"401";"BR-386/RS";"Norte";;0;0;1;0;0;0;0;0;0;0;1;0;0;0;0
"28/04/2020";"11:43:00";"95";"com vítima";"390";"BR-386/RS";"Norte";"Colisão - Traseira";1;0;0;0;0;0;0;1;0;0;1;2;0;0;0
"28/04/2020";"22:34:00";"177";"com vítima";"68,18";"BR-290/RS";"Oeste";"Colisão - Transversal";1;0;1;0;0;0;0;0;0;0;1;1;0;0;0
"29/04/2020";"06:28:00";"11";"Sem vítima";"291";"BR-386/RS";"Sul";"Atropelamento de Animal";0;0;0;0;0;1;0;0;0;0;1;0;0;0;0
"29/04/2020";"17:42:00";"185";"com vítima";"390";"BR-386/RS";"Sul";"Colisão - Lateral";1;0;0;0;0;0;0;1;0;0;1;1;1;0;0
"30/04/2020";"02:33:00";"6";"Sem vítima";"307";"BR-386/RS";"Sul";"Capotamento";0;0;1;0;0;0;0;0;0;0;1;0;0;0;0
"30/04/2020";"09:39:00";"69";"com vítima";"38";"BR-290/RS";"Leste";"Queda de ribanceira";1;0;0;0;0;0;0;0;0;0;0;1;0;0;0
"30/04/2020";"10:58:00";"86";"com vítima";"349";"BR-386/RS";"Norte";"Colisão - Transversal";0;0;0;2;0;0;0;0;0;0;1;1;0;0;0
"30/04/2020";"16:44:00";"151";"com vítima";"344";"BR-386/RS";"Sul";"Colisão - Lateral";2;0;0;0;0;0;0;0;0;0;2;0;1;0;0
"30/04/2020";"19:27:00";"177";"com vítima";"2";"BR-290/RS";"Oeste";"Queda de moto";0;0;0;1;0;0;0;0;0;0;0;0;1;0;0
"30/04/2020";"21:19:00";"194";"com vítima";"384";"BR-386/RS";"Norte";"Atropelamento - Usuário";0;0;0;0;0;0;0;0;0;0;0;0;0;0;1
"01/05/2020";"04:35:00";"17";"com vítima";"15";"BR-101/RS";"Sul";"Atropelamento - Andarilho";0;0;0;0;0;1;0;0;0;0;0;0;0;1;0
"01/05/2020";"07:31:00";"27";"Sem vítima";"92";"BR-290/RS";"Oeste";"Choque Barreira";1;0;0;0;0;0;0;0;0;0;1;0;0;0;0
"01/05/2020";"18:18:00";"137";"com vítima";"346";"BR-386/RS";"Norte";"Queda de moto";0;0;0;1;0;0;0;0;0;0;0;0;1;0;0
"01/05/2020";"18:37:00";"140";"com vítima";"390";"BR-386/RS";"Norte";"Colisão - Frontal";2;0;0;0;0;0;0;0;0;0;2;2;0;0;0
"01/05/2020";"19:46:00";"145";"Sem vítima";"19";"BR-290/RS";"Leste";"Colisão - Traseira";3;0;0;0;0;0;0;0;0;0;7;0;0;0;0
"02/05/2020";"00:15:00";"1";"Sem vítima";"217";"BR-386/RS";"Norte";"Queda de ribanceira";1;0;0;0;0;0;0;0;0;0;2;0;0;0;0
"02/05/2020";"02:37:00";"8";"Sem vítima";"360";"BR-386/RS";"Sul";"Queda de ribanceira";1;0;0;0;0;0;0;0;0;0;3;0;0;0;0
"02/05/2020";"06:45:00";"12";"com vítima";"73";"BR-290/RS";"Leste";"Queda de ribanceira";0;0;0;0;1;0;0;0;0;0;0;1;0;1;0
"02/05/2020";"20:30:00";"113";"Sem vítima";"19,2";"BR-290/RS";"Leste";"Choque - Sinalização";1;0;0;0;0;0;0;0;0;0;1;0;0;0;0
"02/05/2020";"21:01:00";"116";"Sem vítima";"85";"BR-290/RS";"Leste";"Atropelamento de Animal";1;0;0;0;0;0;0;0;0;0;3;0;0;0;0
"02/05/2020";"22:08:00";"122";"Sem vítima";"421";"BR-386/RS";"Sul";"Atropelamento de Animal";1;0;0;0;0;0;0;0;0;0;1;0;0;0;0
"02/05/2020";"23:19:00";"129";"com vítima";"443";"BR-386/RS";"Norte";"Queda de moto";0;0;0;1;0;0;0;0;0;0;0;0;1;0;0
"02/05/2020";"23:51:00";"131";"Sem vítima";"409";"BR-386/RS";"Sul";"Choque com objeto sobre a pista";1;0;0;0;0;0;0;0;0;0;2;0;0;0;0
"03/05/2020";"12:32:00";"68";"Sem vítima";"179";"BR-386/RS";"Norte";"Colisão - Traseira";2;0;0;0;0;0;0;0;0;0;6;0;0;0;0
"03/05/2020";"13:35:00";"73";"com vítima";"347";"BR-386/RS";"Sul";"Queda de moto";0;0;0;1;0;0;0;0;0;0;0;0;1;0;0
"03/05/2020";"17:28:00";"107";"com vítima";"362";"BR-386/RS";"Norte";"Queda de moto";0;0;1;0;0;0;0;0;0;0;0;0;1;0;0
"03/05/2020";"18:52:00";"118";"com vítima";"403";"BR-386/RS";"Sul";"Tombamento";0;0;1;0;0;0;0;0;0;0;0;1;0;0;0
"03/05/2020";"19:27:00";"123";"com vítima";"347";"BR-386/RS";"Norte";"Colisão - Lateral";0;0;0;1;0;1;0;0;0;0;1;0;1;0;0
"03/05/2020";"19:34:00";"125";"Sem vítima";"402";"BR-386/RS";"Norte";"Choque Defensa";1;0;0;0;0;0;0;0;0;0;2;0;0;0;0
"04/05/2020";"06:23:00";"13";"Sem vítima";"402";"BR-386/RS";"Sul";"Colisão - Lateral";2;0;0;0;0;0;0;0;0;0;3;0;0;0;0
"04/05/2020";"10:47:00";"80";"Sem vítima";"18";"BR-290/RS";"Oeste";"Colisão - Traseira";2;0;0;0;0;0;0;0;0;0;4;0;0;0;0
"04/05/2020";"17:25:00";"140";"Sem vítima";"426";"BR-386/RS";"Sul";"Queda de moto";1;0;0;0;0;0;0;0;0;0;1;0;0;0;0
"04/05/2020";"22:36:00";"171";"Sem vítima";"440";"BR-386/RS";"Sul";"Saída de pista";1;0;0;0;0;0;0;0;0;0;1;0;0;0;0
"04/05/2020";"22:55:00";"174";"Sem vítima";"277";"BR-386/RS";"Norte";"Queda de ribanceira";0;0;0;0;1;0;0;0;0;0;2;0;0;0;0
"05/05/2020";"03:52:00";"10";"com vítima";"402";"BR-386/RS";"Sul";"Saída de pista";0;0;1;0;0;0;0;0;0;0;0;0;1;0;0
"05/05/2020";"05:39:00";"14";"Sem vítima";"439";"BR-386/RS";"Sul";"Saída de pista";1;0;0;0;0;0;0;0;0;0;1;0;0;0;0
"05/05/2020";"06:34:00";"17";"Sem vítima";"22";"BR-448/RS";"Norte";"Colisão - Lateral";2;0;0;0;0;0;0;0;0;0;2;0;0;0;0
"05/05/2020";"06:36:00";"18";"Sem vítima";"394";"BR-386/RS";"Norte";"Queda de Carga";0;0;1;0;0;0;0;0;0;0;1;0;0;0;0
"05/05/2020";"08:28:00";"48";"Sem vítima";"20";"BR-101/RS";"Sul";"Colisão - Traseira";2;0;0;0;0;0;0;0;0;0;2;0;0;0;0
"05/05/2020";"08:42:00";"51";"Sem vítima";"87";"BR-290/RS";"Oeste";"Colisão - Lateral";1;0;1;0;0;0;0;0;0;0;2;0;0;0;0
"05/05/2020";"11:52:00";"102";"Sem vítima";"35";"BR-101/RS";"Norte";"Choque Barreira";1;0;0;0;0;0;0;0;0;0;1;0;0;0;0
"05/05/2020";"15:23:00";"136";"Sem vítima";"27";"BR-290/RS";"Oeste";"Queda de ribanceira";1;0;0;0;0;0;0;0;0;0;1;0;0;0;0
"05/05/2020";"17:27:00";"167";"Sem vítima";"28";"BR-290/RS";"Oeste";"Queda de ribanceira";1;0;0;0;0;0;0;0;0;0;3;0;0;0;0
"05/05/2020";"19:55:00";"174";"Sem vítima";"296";"BR-386/RS";"Sul";"Queda de ribanceira";0;0;0;0;1;0;0;0;0;0;2;0;0;0;0
"05/05/2020";"21:08:00";"180";"Sem vítima";"401";"BR-386/RS";"Norte";"Choque Defensa";2;0;0;0;0;0;0;0;0;0;5;0;0;0;0
"06/05/2020";"10:05:00";"71";"Sem vítima";"95";"BR-290/RS";"Oeste";"Colisão - Traseira";1;0;1;0;0;0;0;0;0;0;2;0;0;0;0
"06/05/2020";"10:22:00";"74";"com vítima";"40";"BR-290/RS";"Leste";"Capotamento";1;0;0;0;0;0;0;0;0;0;2;1;0;0;0
"06/05/2020";"12:14:00";"86";"com vítima";"2";"BR-101/RS";"Norte";"Colisão - Frontal";0;0;0;1;0;0;0;0;0;0;0;2;0;0;0
"06/05/2020";"17:21:00";"139";"com vítima";"370";"BR-386/RS";"Norte";"Colisão - Traseira";0;0;0;1;0;0;0;1;0;0;1;0;1;0;0
"06/05/2020";"18:27:00";"154";"Sem vítima";"380";"BR-386/RS";"Norte";"Queda de ribanceira";1;0;0;0;0;0;0;0;0;0;1;0;0;0;0
"07/05/2020";"09:37:00";"68";"Sem vítima";"426";"BR-386/RS";"Sul";"Colisão - Traseira";1;0;1;0;0;0;0;0;0;0;2;0;0;0;0
"07/05/2020";"12:13:00";"92";"Sem vítima";"351,26";"BR-386/RS";"Norte";"Colisão - Traseira";1;0;1;0;0;0;0;0;0;0;2;0;0;0;0
"07/05/2020";"15:19:00";"121";"Sem vítima";"78";"BR-290/RS";"Oeste";"Colisão - Traseira";2;0;0;0;0;0;0;0;0;0;2;0;0;0;0
"07/05/2020";"15:22:00";"122";"com vítima";"437";"BR-386/RS";"Norte";"Colisão - Traseira";0;0;0;1;1;0;0;0;0;0;1;0;0;0;1
"07/05/2020";"16:09:00";"128";"Sem vítima";"305";"BR-386/RS";"Sul";"Queda de ribanceira";0;0;1;0;0;0;0;0;0;0;1;0;0;0;0
"08/05/2020";"09:32:00";"65";"Sem vítima";"393";"BR-386/RS";"Norte";"Choque Barreira";1;0;0;0;0;0;0;0;0;0;2;0;0;0;0
"08/05/2020";"11:57:00";"98";"Sem vítima";"234,41";"BR-386/RS";"Norte";"Colisão - Lateral";1;0;0;0;0;0;0;0;0;0;2;0;0;0;0
"08/05/2020";"12:58:00";"106";"com vítima";"343";"BR-386/RS";"Sul";"Colisão - Lateral";2;0;1;0;0;0;0;0;0;0;1;1;1;0;0
"08/05/2020";"14:31:00";"122";"Sem vítima";"328";"BR-386/RS";"Sul";"Colisão - Traseira";1;0;1;0;0;0;0;0;0;0;5;0;0;0;0
"08/05/2020";"17:28:00";"151";"Sem vítima";"19";"BR-290/RS";"Leste";"Colisão - Traseira";1;0;0;0;0;0;0;1;0;0;3;0;0;0;0
"08/05/2020";"18:08:00";"161";"Sem vítima";"433";"BR-386/RS";"Norte";"Colisão - Traseira";0;0;0;0;2;0;0;0;0;0;2;0;0;0;0
"08/05/2020";"19:36:00";"183";"Sem vítima";"343";"BR-386/RS";"Sul";"Colisão - Lateral";2;0;0;0;0;0;0;0;0;0;3;0;0;0;0
"08/05/2020";"21:21:00";"196";"Sem vítima";"27";"BR-290/RS";"Oeste";"Queda de ribanceira";0;0;0;0;1;0;0;0;0;0;1;0;0;0;0
"09/05/2020";"07:29:00";"15";"Sem vítima";"21";"BR-101/RS";"Norte";"Choque Barreira";1;0;0;0;0;0;0;0;0;0;1;0;0;0;0
"09/05/2020";"08:28:00";"24";"Sem vítima";"30";"BR-290/RS";"Leste";"Queda de ribanceira";1;0;0;0;0;0;0;0;0;0;1;0;0;0;0
"09/05/2020";"11:27:00";"50";"Sem vítima";"76";"BR-101/RS";"Sul";"Capotamento";1;0;0;0;0;0;0;0;0;0;1;0;0;0;0
"09/05/2020";"14:14:00";"69";"com vítima";"261";"BR-386/RS";"Sul";"Atropelamento - Esportista";0;0;0;1;1;0;0;0;0;0;3;0;0;1;0
"09/05/2020";"19:06:00";"122";"Sem vítima";"426";"BR-386/RS";"Sul";"Colisão - Lateral";2;0;0;0;0;0;0;0;0;0;2;0;0;0;0
"09/05/2020";"21:24:00";"136";"Sem vítima";"320";"BR-386/RS";"Norte";"Atropelamento de Animal";0;0;0;0;0;0;0;1;0;0;1;0;0;0;0
"10/05/2020";"00:31:00";"4";"Sem vítima";"17";"BR-101/RS";"Norte";"Choque Barreira";1;0;0;0;0;0;0;0;0;0;2;0;0;0;0
"10/05/2020";"10:20:00";"54";"com vítima";"11";"BR-448/RS";"Sul";"Outros";0;0;0;0;0;1;0;0;0;0;0;1;0;0;0
"10/05/2020";"12:08:00";"65";"Sem vítima";"96";"BR-290/RS";"Leste";"Choque Barreira";0;0;0;1;0;0;0;0;0;0;1;0;0;0;0
"10/05/2020";"16:48:00";"104";"com vítima";"30";"BR-290/RS";"Oeste";"Capotamento";1;0;0;0;0;0;0;0;0;0;1;0;1;0;0
"10/05/2020";"19:36:00";"137";"com vítima";"40";"BR-290/RS";"Oeste";"Atropelamento de Animal";3;0;0;0;0;0;0;0;0;0;5;1;1;1;0
"10/05/2020";"21:28:00";"158";"com vítima";"232";"BR-386/RS";"Norte";"Colisão - Lateral";1;0;0;1;0;0;0;0;0;0;2;0;1;0;0
"11/05/2020";"07:02:00";"14";"Sem vítima";"35";"BR-101/RS";"Sul";"Colisão - Traseira";1;0;1;0;0;0;0;0;0;0;2;0;0;0;0
"11/05/2020";"08:06:00";"33";"com vítima";"399";"BR-386/RS";"Sul";"Saída de pista";1;0;0;0;0;0;0;0;0;0;0;1;0;0;0
"11/05/2020";"09:14:00";"58";"Sem vítima";"393";"BR-386/RS";"Norte";"Colisão - Traseira";1;0;1;0;0;0;0;0;0;0;2;0;0;0;0
"11/05/2020";"14:19:00";"131";"Sem vítima";"77";"BR-290/RS";"Leste";"Colisão - Traseira";2;0;0;0;0;0;0;0;0;0;2;0;0;0;0
"11/05/2020";"16:50:00";"168";"Sem vítima";"27";"BR-290/RS";"Oeste";"Saída de pista";1;0;0;0;0;0;0;0;0;0;1;0;0;0;0
"11/05/2020";"17:52:00";"182";"com vítima";"94";"BR-290/RS";"Oeste";"Queda de moto";0;0;0;1;0;0;0;0;0;0;0;0;1;0;0
"11/05/2020";"17:58:00";"183";"Sem vítima";"351";"BR-386/RS";"Norte";"Colisão - Lateral";2;0;0;0;0;1;0;0;0;0;3;0;0;0;0
"11/05/2020";"19:08:00";"193";"Sem vítima";"80";"BR-290/RS";"Leste";"Choque Defensa";1;0;0;0;0;0;0;0;0;0;3;0;0;0;0
"11/05/2020";"19:50:00";"200";"Sem vítima";"94";"BR-290/RS";"Leste";"Choque Praça - Cabine";1;0;0;0;0;0;0;0;0;0;1;0;0;0;0
"11/05/2020";"20:01:00";"202";"Sem vítima";"347";"BR-386/RS";"Norte";"Queda de ribanceira";1;0;0;0;0;0;0;0;0;0;1;0;0;0;0
"12/05/2020";"06:14:00";"15";"Sem vítima";"42";"BR-290/RS";"Leste";"Capotamento";1;0;0;0;0;0;0;0;0;0;3;0;0;0;0
"12/05/2020";"06:42:00";"21";"Sem vítima";"290";"BR-386/RS";"Norte";"Capotamento";1;0;0;0;0;0;0;0;0;0;1;0;0;0;0
"12/05/2020";"07:13:00";"23";"com vítima";"8";"BR-290/RS";"Oeste";"Colisão - Lateral";2;0;0;0;0;0;0;0;0;0;1;2;0;0;0
"12/05/2020";"07:56:00";"27";"Sem vítima";"86";"BR-290/RS";"Leste";"Choque Barreira";1;0;0;0;0;0;0;0;0;0;1;0;0;0;0
"12/05/2020";"14:10:00";"90";"Sem vítima";"11";"BR-290/RS";"Leste";"Queda de ribanceira";1;0;0;0;0;0;0;0;0;0;1;0;0;0;0
"12/05/2020";"14:22:00";"92";"Sem vítima";"362";"BR-386/RS";"Sul";"Queda de ribanceira";1;0;0;0;0;0;0;0;0;0;1;0;0;0;0
"12/05/2020";"14:31:00";"94";"Sem vítima";"50";"BR-290/RS";"Leste";"Queda de ribanceira";1;0;0;0;0;0;0;0;0;0;1;0;0;0;0
"12/05/2020";"14:40:00";"96";"Sem vítima";"350";"BR-386/RS";"Norte";"Saída de pista";1;0;0;0;0;0;0;0;0;0;1;0;0;0;0
"12/05/2020";"14:46:00";"98";"Sem vítima";"79";"BR-290/RS";"Oeste";"Queda de ribanceira";1;0;0;0;0;0;0;0;0;0;1;0;0;0;0
"12/05/2020";"14:54:00";"101";"Sem vítima";"374";"BR-386/RS";"Norte";"Queda de ribanceira";1;0;0;0;0;0;0;0;0;0;1;0;0;0;0
"12/05/2020";"16:27:00";"117";"Sem vítima";"351";"BR-386/RS";"Sul";"Colisão - Lateral";2;0;0;0;0;0;0;0;0;0;3;0;0;0;0
"12/05/2020";"17:14:00";"121";"Sem vítima";"405";"BR-386/RS";"Norte";"Queda de ribanceira";1;0;0;0;0;0;0;0;0;0;5;0;0;0;0
"13/05/2020";"06:46:00";"8";"com vítima";"411";"BR-386/RS";"Sul";"Colisão - Frontal";1;0;0;0;1;0;0;0;0;0;1;1;0;0;0
"13/05/2020";"08:17:00";"25";"com vítima";"82";"BR-101/RS";"Ambos";"Colisão - Traseira";1;0;1;0;0;0;0;0;0;0;1;1;0;0;0
"13/05/2020";"09:35:00";"58";"com vítima";"22";"BR-290/RS";"Leste";"Capotamento";1;0;0;0;0;0;0;0;0;0;0;1;1;0;0
"13/05/2020";"11:49:00";"83";"Sem vítima";"79";"BR-290/RS";"Oeste";"Queda de moto";0;0;0;1;0;0;0;0;0;0;1;0;0;0;0
"13/05/2020";"18:11:00";"139";"Sem vítima";"401";"BR-386/RS";"Norte";"Choque com objeto sobre a pista";1;0;0;0;0;1;0;0;0;0;1;0;0;0;0
"14/05/2020";"05:36:00";"16";"com vítima";"82";"BR-290/RS";"Leste";"Queda de ribanceira";1;0;0;0;0;0;0;0;0;0;2;1;0;0;0
"14/05/2020";"07:28:00";"21";"Sem vítima";"10";"BR-448/RS";"Sul";"Colisão - Traseira";1;0;0;0;1;0;0;0;0;0;2;0;0;0;0
"14/05/2020";"09:27:00";"66";"Sem vítima";"60";"BR-101/RS";"Sul";"Choque Talude";1;0;0;0;0;0;0;0;0;0;2;0;0;0;0
"14/05/2020";"16:09:00";"141";"Sem vítima";"19";"BR-290/RS";"Oeste";"Colisão - Traseira";0;0;1;1;0;0;0;0;0;0;2;0;0;0;0
"14/05/2020";"18:45:00";"171";"Sem vítima";"14";"BR-101/RS";"Sul";"Colisão - Traseira";0;0;2;0;0;0;0;0;0;0;2;0;0;0;0
"14/05/2020";"20:38:00";"187";"Sem vítima";"17";"BR-290/RS";"Leste";"Queda de ribanceira";1;0;0;0;0;0;0;0;0;0;1;0;0;0;0
"14/05/2020";"21:18:00";"194";"Sem vítima";"258";"BR-386/RS";"Sul";"Saída de pista";1;0;0;0;0;0;0;0;0;0;3;0;0;0;0
"15/05/2020";"07:19:00";"26";"com vítima";"343";"BR-386/RS";"Norte";"Colisão - Lateral";0;0;0;1;1;0;0;0;0;0;1;1;0;0;0
"15/05/2020";"11:27:00";"96";"Sem vítima";"95";"BR-290/RS";"Oeste";"Colisão - Traseira";2;0;0;0;0;0;0;0;0;0;2;0;0;0;0
"15/05/2020";"20:55:00";"173";"com vítima";"432";"BR-386/RS";"Sul";"Queda de ribanceira";1;0;0;0;0;0;0;0;0;0;1;1;0;0;0
"15/05/2020";"21:17:00";"175";"Sem vítima";"39";"BR-290/RS";"Leste";"Colisão - Traseira";1;0;0;0;1;0;0;0;0;0;3;0;0;0;0
"16/05/2020";"13:51:00";"80";"Sem vítima";"17";"BR-101/RS";"Sul";"Queda de ribanceira";1;0;0;0;0;0;0;0;0;0;1;0;0;0;0
"16/05/2020";"19:28:00";"132";"com vítima";"377";"BR-386/RS";"Norte";"Atropelamento - Andarilho";0;0;0;0;0;1;0;0;0;0;1;0;1;0;0
"16/05/2020";"21:34:00";"153";"Sem vítima";"19";"BR-290/RS";"Leste";"Tombamento";1;0;0;0;0;0;0;0;0;0;3;0;0;0;0
"16/05/2020";"21:46:00";"155";"Sem vítima";"210";"BR-386/RS";"Norte";"Queda de ribanceira";1;0;0;0;0;0;0;0;0;0;3;0;0;0;0
"17/05/2020";"00:31:00";"6";"Sem vítima";"96";"BR-290/RS";"Leste";"Queda de ribanceira";0;0;1;0;0;0;0;0;0;0;2;0;0;0;0
"17/05/2020";"02:21:00";"15";"com vítima";"49";"BR-101/RS";"Sul";"Capotamento";1;0;0;0;0;0;0;0;0;0;2;0;2;0;0
"17/05/2020";"05:52:00";"27";"Sem vítima";"39";"BR-101/RS";"Sul";"Atropelamento de Animal";1;0;0;0;0;0;0;0;0;0;1;0;0;0;0
"17/05/2020";"07:07:00";"28";"Sem vítima";"88";"BR-290/RS";"Leste";"Colisão - Lateral";2;0;0;0;0;0;0;0;0;0;4;0;0;0;0
"17/05/2020";"07:29:00";"32";"Sem vítima";"87";"BR-290/RS";"Leste";"Queda de ribanceira";1;0;0;0;0;0;0;0;0;0;1;0;0;0;0
"17/05/2020";"10:26:00";"60";"Sem vítima";"222";"BR-386/RS";"Norte";"Queda de ribanceira";1;0;0;0;0;0;0;0;0;0;2;0;0;0;0
"17/05/2020";"14:47:00";"93";"Sem vítima";"324";"BR-386/RS";"Norte";"Colisão - Traseira";2;0;0;0;0;0;0;0;0;0;2;0;0;0;0
"17/05/2020";"15:08:00";"98";"Sem vítima";"34";"BR-101/RS";"Norte";"Engavetamento";2;0;1;0;0;0;0;0;0;0;3;0;0;0;0
"18/05/2020";"08:11:00";"31";"Sem vítima";"78";"BR-290/RS";"Leste";"Outros";1;0;0;0;0;0;0;0;0;0;1;0;0;0;0
"18/05/2020";"10:32:00";"69";"com vítima";"9";"BR-101/RS";"Sul";"Capotamento";1;0;0;0;0;0;0;0;0;0;0;1;0;0;0
"18/05/2020";"13:11:00";"100";"Sem vítima";"342";"BR-386/RS";"Norte";"Colisão - Transversal";1;0;0;0;0;0;0;1;0;0;2;0;0;0;0
"18/05/2020";"18:55:00";"164";"com vítima";"439";"BR-386/RS";"Norte";"Atropelamento - Morador/Trabalhador/Estudante";0;0;0;0;1;0;0;0;0;0;2;0;0;1;0
"19/05/2020";"04:47:00";"10";"Sem vítima";"72";"BR-290/RS";"Oeste";"Queda de ribanceira";0;0;1;0;0;0;0;0;0;0;1;0;0;0;0
"19/05/2020";"06:23:00";"12";"com vítima";"90";"BR-290/RS";"Oeste";"Queda de ribanceira";1;0;0;0;0;0;0;0;0;0;0;0;2;0;0
"19/05/2020";"06:35:00";"14";"Sem vítima";"19";"BR-290/RS";"Leste";"Tombamento";0;0;0;0;0;0;0;2;0;0;1;0;0;0;0
"19/05/2020";"17:18:00";"140";"com vítima";"352";"BR-386/RS";"Norte";"Queda de ribanceira";1;0;0;0;0;0;0;0;0;0;0;0;1;0;0
"19/05/2020";"23:27:00";"185";"Sem vítima";"40";"BR-290/RS";"Leste";"Queda de ribanceira";0;0;0;0;0;0;0;1;0;0;1;0;0;0;0
"20/05/2020";"08:34:00";"46";"com vítima";"445";"BR-386/RS";"Sul";"Colisão - Traseira";1;0;0;0;0;0;0;1;0;0;1;1;0;0;0
"20/05/2020";"11:59:00";"94";"Sem vítima";"92";"BR-290/RS";"Leste";"Queda de moto";0;0;0;1;0;0;0;0;0;0;1;0;0;0;0
"20/05/2020";"22:39:00";"201";"com vítima";"95";"BR-290/RS";"Leste";"Atropelamento - Usuário";1;0;0;0;0;0;0;0;0;0;0;1;0;0;0
"21/05/2020";"05:41:00";"5";"com vítima";"416";"BR-386/RS";"Sul";"Colisão - Traseira";0;0;0;0;0;0;0;2;0;0;1;0;1;0;0
"21/05/2020";"09:41:00";"66";"Sem vítima";"98";"BR-290/RS";"Oeste";"Colisão - Lateral";1;0;1;0;0;0;0;0;0;0;2;0;0;0;0
"21/05/2020";"09:51:00";"68";"com vítima";"39";"BR-290/RS";"Leste";"Queda de ribanceira";0;0;0;0;1;0;0;0;0;0;0;2;0;0;0
"21/05/2020";"11:39:00";"93";"Sem vítima";"251";"BR-386/RS";"Sul";"Colisão - Traseira";0;0;0;0;1;0;0;0;0;0;2;0;0;0;0
"21/05/2020";"12:15:00";"96";"com vítima";"70";"BR-290/RS";"Oeste";"Queda de ribanceira";1;0;0;0;0;0;0;0;0;0;0;1;0;0;0
"21/05/2020";"13:17:00";"104";"com vítima";"348";"BR-386/RS";"Norte";"Colisão - Traseira";2;0;0;0;0;0;0;0;0;0;1;0;1;0;0
"21/05/2020";"14:40:00";"112";"com vítima";"357";"BR-386/RS";"Sul";"Saída de pista";1;0;0;0;0;0;0;0;0;0;0;1;0;0;0