data;horario;n_da_ocorrencia;tipo_de_ocorrencia;km;trecho;sentido;tipo_de_acidente;automovel;bicicleta;caminhao;moto;onibus;outros;tracao_animal;transporte_de_cargas_especiais;trator_maquinas;utilitarios;ilesos;levemente_feridos;moderadamente_feridos;gravemente_feridos;mortos
"17/09/2020";"08:26:00";"75";"Acidente s";"77";"BR-290/RS";"Leste";"Choque Praça - Cabine";0;0;0;0;0;0;0;1;0;0;1;0;0;0;0
"17/09/2020";"19:35:00";"232";"Acidente c";"344";"BR-386/RS";"Norte";"Colisão - Lateral";1;0;0;1;0;0;0;0;0;0;0;2;0;0;0
"17/09/2020";"20:40:00";"245";"Acidente s";"75";"BR-290/RS";"Oeste";"Tombamento";0;0;1;0;0;0;0;0;0;0;2;0;0;0;0
"18/09/2020";"08:03:00";"42";"Acidente s";"87";"BR-290/RS";"Oeste";"Colisão - Traseira";2;0;0;0;0;0;0;0;0;0;2;0;0;0;0
"18/09/2020";"08:21:00";"51";"Acidente s";"89";"BR-290/RS";"Oeste";"Colisão - Lateral";1;0;1;0;0;0;0;0;0;0;2;0;0;0;0
"18/09/2020";"12:32:00";"112";"Acidente s";"93";"BR-290/RS";"Leste";"Choque com objeto sobre a pista";1;0;1;0;0;0;0;0;0;0;2;0;0;0;0
"18/09/2020";"12:41:00";"115";"Acidente s";"44";"BR-290/RS";"Leste";"Queda de ribanceira";1;0;0;0;0;0;0;0;0;0;5;0;0;0;0
"18/09/2020";"13:18:00";"127";"Acidente c";"43";"BR-290/RS";"Oeste";"Queda de ribanceira";1;0;0;0;0;0;0;0;0;0;0;1;0;0;0
"18/09/2020";"15:10:00";"151";"Acidente s";"418";"BR-386/RS";"Norte";"Queda de ribanceira";1;0;0;0;0;0;0;0;0;0;2;0;0;0;0
"18/09/2020";"17:26:00";"199";"Acidente s";"89";"BR-290/RS";"Leste";"Colisão - Lateral";1;0;1;0;0;0;0;0;0;0;2;0;0;0;0
"18/09/2020";"18:32:00";"218";"Acidente c";"356";"BR-386/RS";"Norte";"Queda de ribanceira";1;0;0;0;0;0;0;0;0;0;0;0;0;0;1
"18/09/2020";"21:12:00";"259";"Acidente s";"446";"BR-386/RS";"Sul";"Queda de ribanceira";1;0;0;0;0;0;0;0;0;0;1;0;0;0;0
"18/09/2020";"21:22:00";"264";"Acidente s";"85";"BR-290/RS";"Oeste";"Atropelamento de Animal";1;0;0;0;0;0;0;0;0;0;1;0;0;0;0
"18/09/2020";"22:58:00";"278";"Acidente s";"41";"BR-290/RS";"Leste";;1;0;0;0;0;0;0;0;0;0;1;0;0;0;0
"19/09/2020";"02:03:00";"9";"Acidente s";"436";"BR-386/RS";"Sul";"Colisão - Traseira";1;0;0;0;0;0;0;0;0;1;2;0;0;0;0
"19/09/2020";"08:39:00";"50";"Acidente s";"58";"BR-290/RS";"Leste";"Choque com objeto sobre a pista";3;0;0;0;0;0;0;0;0;0;4;0;0;0;0
"19/09/2020";"09:38:00";"71";"Acidente c";"252";"BR-386/RS";"Norte";"Capotamento";1;0;0;0;0;0;0;0;0;0;3;1;1;0;0
"19/09/2020";"09:59:00";"81";"Acidente s";"60";"BR-290/RS";"Leste";"Colisão - Traseira";0;0;1;0;0;0;0;1;0;0;3;0;0;0;0
"19/09/2020";"10:50:00";"90";"Acidente s";"271";"BR-386/RS";"Sul";"Colisão - Traseira";0;0;0;0;0;0;0;1;0;1;3;0;0;0;0
"19/09/2020";"12:04:00";"112";"Acidente s";"333";"BR-386/RS";"Norte";"Colisão - Frontal";2;0;0;0;0;0;0;0;0;0;6;0;0;0;0
"19/09/2020";"21:14:00";"199";"Acidente s";"371";"BR-386/RS";"Sul";"Atropelamento de Animal";1;0;0;0;0;0;0;0;0;0;5;0;0;0;0
"20/09/2020";"06:34:00";"18";"Acidente s";"10";"BR-448/RS";"Norte";"Choque Defensa";1;0;0;0;0;0;0;0;0;0;1;0;0;0;0
"20/09/2020";"14:44:00";"96";"Acidente s";"19";"BR-290/RS";"Oeste";"Choque Praça - Cabine";0;0;0;0;0;0;0;1;0;0;1;0;0;0;0
"20/09/2020";"18:37:00";"139";"Acidente s";"97";"BR-290/RS";"Oeste";"Colisão - Lateral";1;0;0;1;0;0;0;0;0;0;4;0;0;0;0
"20/09/2020";"19:23:00";"146";"Acidente s";"35";"BR-290/RS";"Leste";"Queda de ribanceira";1;0;0;0;0;0;0;0;0;0;1;0;0;0;0
"20/09/2020";"21:36:00";"160";"Acidente s";"68";"BR-290/RS";"Oeste";"Queda de ribanceira";1;0;0;0;0;0;0;0;0;0;1;0;0;0;0
"20/09/2020";"22:44:00";"161";"Acidente s";"68";"BR-290/RS";"Oeste";"Queda de ribanceira";1;0;0;0;0;0;0;0;0;0;4;0;0;0;0
"21/09/2020";"11:08:00";"104";"Acidente s";"92";"BR-290/RS";"Leste";"Outros";0;0;0;1;0;0;0;2;0;0;4;0;0;0;0
"21/09/2020";"11:27:00";"112";"Acidente s";"295";"BR-386/RS";"Norte";"Colisão - Transversal";2;0;0;0;0;0;0;0;0;0;7;0;0;0;0
"21/09/2020";"11:33:00";"113";"Acidente c";"95";"BR-290/RS";"Leste";;0;0;0;1;0;0;0;0;0;0;0;0;1;0;0
"21/09/2020";"11:58:00";"117";"Acidente c";"351";"BR-386/RS";"Sul";"Choque com veículo na faixa de rolamento";1;0;0;0;0;0;0;0;0;1;1;0;1;0;0
"21/09/2020";"13:26:00";"134";"Acidente s";"437";"BR-386/RS";"Sul";"Choque Barreira";0;0;0;0;0;1;0;0;0;1;3;0;0;0;0
"21/09/2020";"19:09:00";"195";"Acidente s";"444";"BR-386/RS";"Norte";"Engavetamento";2;0;0;0;0;0;0;0;0;1;2;0;0;0;0
"22/09/2020";"06:26:00";"17";"Acidente s";"36";"BR-290/RS";"Leste";"Queda de ribanceira";0;0;1;0;0;0;0;0;0;0;2;0;0;0;0
"22/09/2020";"11:10:00";"99";"Acidente s";"9";"BR-448/RS";"Sul";"Choque Defensa";1;0;0;0;0;0;0;0;0;0;3;0;0;0;0
"22/09/2020";"11:16:00";"101";"Acidente s";"389";"BR-386/RS";"Sul";"Colisão - Traseira";1;0;0;1;0;0;0;0;0;0;2;0;0;0;0
"22/09/2020";"15:36:00";"151";"Acidente c";"23,27";"BR-290/RS";"Leste";"Colisão - Traseira";2;0;0;0;0;0;0;0;0;0;4;0;1;0;0
"22/09/2020";"17:30:00";"177";"Acidente s";"238";"BR-386/RS";"Norte";"Queda de ribanceira";1;0;0;0;0;0;0;0;0;0;1;0;0;0;0
"22/09/2020";"21:00:00";"202";"Acidente s";"84";"BR-101/RS";"Norte";"Colisão - Traseira";1;0;0;0;0;0;0;0;0;0;3;0;0;0;0
"22/09/2020";"22:31:00";"215";"Acidente c";"435";"BR-386/RS";"Sul";"Colisão - Traseira";2;0;0;0;0;0;0;0;0;0;2;0;1;0;0
"23/09/2020";"05:31:00";"12";"Acidente c";"23";"BR-290/RS";"Oeste";"Tombamento";0;0;0;0;0;0;0;1;0;0;0;1;0;0;0
"23/09/2020";"08:01:00";"40";"Acidente c";"76";"BR-290/RS";"Oeste";"Colisão - Lateral";1;0;0;1;0;0;0;0;0;0;1;1;0;0;0
"23/09/2020";"17:08:00";"187";"Acidente s";"77";"BR-290/RS";"Oeste";"Choque Praça - Cabine";0;0;2;0;0;0;0;0;0;0;2;0;0;0;0
"23/09/2020";"17:17:00";"189";"Acidente s";"346";"BR-386/RS";"Sul";"Colisão - Traseira";1;0;0;0;0;0;0;1;0;0;3;0;0;0;0
"23/09/2020";"19:36:00";"211";"Acidente c";"347";"BR-386/RS";"Norte";"Capotamento";1;0;0;0;0;0;0;0;0;0;0;0;1;0;0
"24/09/2020";"07:09:00";"22";"Acidente s";"87";"BR-290/RS";"Leste";"Queda de moto";0;0;0;1;0;0;0;0;0;0;1;0;0;0;0
"24/09/2020";"10:28:00";"97";"Acidente s";"31";"BR-101/RS";"Sul";"Choque - Caixa de Captação/Fibra";0;0;0;0;0;0;0;0;0;1;1;0;0;0;0
"24/09/2020";"10:29:00";"98";"Acidente s";"92";"BR-290/RS";"Oeste";"Queda de moto";0;0;0;1;0;0;0;0;0;0;1;0;0;0;0
"24/09/2020";"22:29:00";"226";"Acidente c";"38,54";"BR-290/RS";"Leste";"Atropelamento - Funcionário";1;0;0;0;0;0;0;0;0;1;1;0;1;0;0
"25/09/2020";"07:42:00";"31";"Acidente c";"23";"BR-290/RS";"Oeste";"Colisão - Lateral";0;0;1;0;0;0;0;1;0;0;1;2;0;0;0
"25/09/2020";"12:07:00";"113";"Acidente s";"71";"BR-290/RS";"Oeste";"Outros";1;0;0;0;0;0;0;0;0;0;1;0;0;0;0
"25/09/2020";"12:38:00";"119";"Acidente s";"60";"BR-290/RS";"Leste";"Colisão - Traseira";2;0;0;0;0;0;0;0;0;0;2;0;0;0;0
"25/09/2020";"14:19:00";"140";"Acidente c";"433";"BR-386/RS";"Norte";"Colisão - Traseira";1;0;1;0;0;0;0;0;0;0;2;2;0;0;0
"25/09/2020";"14:36:00";"144";"Acidente s";"215";"BR-386/RS";"Sul";"Colisão - Lateral";2;0;0;0;0;0;0;0;0;0;4;0;0;0;0
"25/09/2020";"19:18:00";"221";"Acidente s";"97,5";"BR-290/RS";"Oeste";"Colisão - Traseira";2;0;0;0;0;0;0;0;0;0;3;0;0;0;0
"26/09/2020";"04:54:00";"24";"Acidente s";"3";"BR-290/RS";"Oeste";"Queda de ribanceira";1;0;0;0;0;0;0;0;0;0;1;0;0;0;0
"26/09/2020";"11:51:00";"115";"Acidente s";"16";"BR-101/RS";"Norte";"Colisão - Lateral";1;0;0;0;0;0;0;1;0;0;3;0;0;0;0
"26/09/2020";"16:44:00";"188";"Acidente s";"19";"BR-290/RS";"Leste";"Colisão - Traseira";2;0;0;0;0;0;0;0;0;0;2;0;0;0;0
"26/09/2020";"17:42:00";"195";"Acidente s";"12";"BR-290/RS";"Leste";"Tombamento";0;0;0;0;0;0;0;0;0;1;2;0;0;0;0
"26/09/2020";"18:23:00";"201";"Acidente s";"60";"BR-290/RS";"Oeste";"Colisão - Traseira";2;0;0;0;0;0;0;0;0;0;2;0;0;0;0
"27/09/2020";"04:56:00";"9";"Acidente s";"414";"BR-386/RS";"Sul";"Capotamento";1;0;0;0;0;0;0;0;0;0;1;0;0;0;0
"27/09/2020";"11:55:00";"50";"Acidente s";"72";"BR-290/RS";"Oeste";"Queda de ribanceira";1;0;0;0;0;0;0;0;0;0;2;0;0;0;0
"27/09/2020";"12:07:00";"52";"Acidente s";"93";"BR-290/RS";"Oeste";"Choque Defensa";1;0;0;0;0;0;0;0;0;0;1;0;0;0;0
"27/09/2020";"12:34:00";"56";"Acidente s";"22";"BR-448/RS";"Sul";"Capotamento";1;0;0;0;0;0;0;0;0;0;2;0;0;0;0
"27/09/2020";"12:46:00";"57";"Acidente s";"94";"BR-290/RS";"Oeste";"Outros";1;0;0;0;0;0;0;0;0;0;1;0;0;0;0
"27/09/2020";"13:33:00";"64";"Acidente s";"22";"BR-448/RS";"Sul";"Choque Defensa";1;0;0;0;0;0;0;0;0;0;1;0;0;0;0
"27/09/2020";"13:41:00";"67";"Acidente s";"440";"BR-386/RS";"Norte";"Queda de ribanceira";1;0;0;0;0;0;0;0;0;0;1;0;0;0;0
"27/09/2020";"14:23:00";"77";"Acidente s";"399";"BR-386/RS";"Sul";"Queda de ribanceira";1;0;0;0;0;0;0;0;0;0;1;0;0;0;0
"27/09/2020";"15:22:00";"90";"Acidente s";"53";"BR-101/RS";"Norte";"Queda de ribanceira";1;0;0;0;0;0;0;0;0;0;4;0;0;0;0
"27/09/2020";"18:27:00";"118";"Acidente s";"19";"BR-290/RS";"Oeste";"Choque Praça - Submarino";1;0;0;0;0;0;0;0;0;0;2;0;0;0;0
"27/09/2020";"20:52:00";"149";"Acidente s";"270";"BR-386/RS";"Sul";"Saída de pista";1;0;0;0;0;0;0;0;0;0;2;0;0;0;0
"27/09/2020";"22:50:00";"158";"Atropelame";"86";"BR-290/RS";"Leste";"Atropelamento - Usuário";1;0;0;0;0;0;0;0;0;0;1;0;1;0;0
"28/09/2020";"09:29:00";"70";"Acidente c";"347";"BR-386/RS";"Norte";"Colisão - Traseira";0;0;1;1;0;0;0;0;0;0;1;1;0;0;0
"28/09/2020";"11:52:00";"109";"Acidente c";"22";"BR-448/RS";"Sul";"Tombamento";0;0;0;0;0;0;0;1;0;0;0;1;0;0;0
"28/09/2020";"14:27:00";"136";"Acidente s";"94";"BR-290/RS";"Leste";"Colisão - Lateral";1;0;0;0;0;0;0;1;0;0;5;0;0;0;0
"28/09/2020";"15:52:00";"151";"Acidente s";"60";"BR-290/RS";"Leste";"Colisão - Traseira";1;0;0;0;0;0;0;1;0;0;4;0;0;0;0
"28/09/2020";"17:44:00";"171";"Acidente s";"345";"BR-386/RS";"Norte";"Colisão - Traseira";3;0;0;0;0;0;0;0;0;0;6;0;0;0;0
"28/09/2020";"19:02:00";"181";"Acidente s";"311";"BR-386/RS";"Sul";"Colisão - Traseira";0;0;0;0;0;0;0;2;0;0;2;0;0;0;0
"29/09/2020";"00:53:00";"2";"Acidente c";"16,5";"BR-101/RS";"Norte";"Colisão - Traseira";0;0;1;0;0;0;0;0;0;1;2;0;1;0;0
"29/09/2020";"07:59:00";"37";"Acidente s";"342";"BR-386/RS";"Norte";"Colisão - Lateral";2;0;0;0;0;0;0;0;0;0;2;0;0;0;0
"29/09/2020";"10:02:00";"91";"Acidente c";"373";"BR-386/RS";"Norte";"Capotamento";1;0;0;0;0;0;0;0;0;0;0;1;0;0;0
"29/09/2020";"14:51:00";"146";"Acidente s";"345";"BR-386/RS";"Norte";"Colisão - Traseira";0;0;0;0;0;0;0;1;0;1;2;0;0;0;0
"29/09/2020";"16:16:00";"165";"Acidente s";"426";"BR-386/RS";"Sul";"Colisão - Traseira";2;0;0;0;0;0;0;0;0;0;3;0;0;0;0
"29/09/2020";"19:41:00";"197";"Acidente s";"44";"BR-290/RS";"Leste";"Choque com objeto sobre a pista";1;0;0;0;0;0;0;0;0;0;1;0;0;0;0
"30/09/2020";"01:16:00";"4";"Acidente c";"374";"BR-386/RS";"Sul";"Queda de moto";0;0;0;1;0;0;0;0;0;0;0;0;1;0;0
"30/09/2020";"06:50:00";"25";"Acidente s";"24,39";"BR-290/RS";"Leste";"Queda de ribanceira";0;0;1;0;0;0;0;0;0;0;2;0;0;0;0
"30/09/2020";"08:20:00";"48";"Acidente s";"360";"BR-386/RS";"Ambos";"Queda de ribanceira";1;0;1;0;0;0;0;0;0;0;4;0;0;0;0
"30/09/2020";"08:51:00";"53";"Acidente s";"355";"BR-386/RS";"Norte";"Queda de ribanceira";1;0;0;0;0;0;0;0;0;0;2;0;0;0;0
"30/09/2020";"09:15:00";"62";"Acidente s";"71";"BR-290/RS";"Leste";"Choque Defensa";1;0;0;0;0;0;0;0;0;0;1;0;0;0;0
"30/09/2020";"09:26:00";"66";"Acidente s";"94";"BR-290/RS";"Oeste";"Choque Barreira";1;0;0;0;0;0;0;0;0;0;1;0;0;0;0
"30/09/2020";"09:29:00";"69";"Acidente s";"351";"BR-386/RS";"Norte";"Choque Defensa";1;0;0;0;0;0;0;0;0;0;1;0;0;0;0
"30/09/2020";"09:38:00";"71";"Acidente c";"35";"BR-290/RS";"Oeste";"Queda de ribanceira";1;0;0;0;0;0;0;0;0;0;0;0;1;0;0
"30/09/2020";"10:16:00";"75";"Acidente s";"401";"BR-386/RS";"Sul";"Queda de ribanceira";1;0;0;0;0;0;0;0;0;0;2;0;0;0;0
"30/09/2020";"11:18:00";"89";"Acidente s";"9";"BR-448/RS";"Norte";"Queda de ribanceira";1;0;0;0;0;0;0;0;0;0;1;0;0;0;0
"30/09/2020";"11:24:00";"91";"Acidente s";"92";"BR-290/RS";"Leste";"Choque Defensa";1;0;0;0;0;0;0;0;0;0;1;0;0;0;0
"30/09/2020";"11:37:00";"93";"Acidente s";"426";"BR-386/RS";"Sul";"Choque Barreira";0;0;0;0;0;0;0;0;0;1;1;0;0;0;0
"30/09/2020";"12:02:00";"97";"Acidente c";"193";"BR-386/RS";"Sul";"Queda de ribanceira";1;0;0;0;0;0;0;0;0;0;1;1;0;0;0
"30/09/2020";"12:14:00";"101";"Acidente s";"84";"BR-101/RS";"Sul";"Choque - Sinalização";1;0;0;0;0;0;0;0;0;0;3;0;0;0;0
"30/09/2020";"13:06:00";"105";"Acidente s";"11";"BR-290/RS";"Ambos";"Queda de ribanceira";1;0;0;0;0;0;0;0;0;0;3;0;0;0;0
"30/09/2020";"13:16:00";"110";"Acidente s";"13";"BR-290/RS";"Oeste";"Queda de ribanceira";1;0;0;0;0;0;0;0;0;0;2;0;0;0;0
"01/10/2020";"02:01:00";"10";"Acidente c";"279";"BR-386/RS";"Norte";"Capotamento";1;0;0;0;0;0;0;0;0;0;0;0;0;0;1
"01/10/2020";"09:48:00";"104";"Acidente s";"400";"BR-386/RS";"Sul";"Queda de ribanceira";1;0;0;0;0;0;0;0;0;0;1;0;0;0;0
"01/10/2020";"10:00:00";"108";"Acidente s";"62";"BR-290/RS";"Oeste";;0;0;0;0;0;0;0;1;0;0;1;0;0;0;0
"01/10/2020";"15:32:00";"189";"Acidente c";"375";"BR-386/RS";"Sul";"Choque com veículo na faixa de rolamento";0;0;1;1;0;0;0;0;0;0;0;1;0;0;0
"01/10/2020";"15:34:00";"190";"Acidente s";"92";"BR-290/RS";"Leste";;2;0;0;0;0;0;0;0;0;0;2;0;0;0;0
"01/10/2020";"19:25:00";"229";"Acidente s";"94";"BR-290/RS";"Leste";"Engavetamento";3;0;0;0;0;0;0;0;0;0;3;0;0;0;0
"01/10/2020";"20:59:00";"244";"Acidente c";"245";"BR-386/RS";"Sul";"Atropelamento de Animal";0;0;0;0;0;0;0;0;0;1;0;1;0;0;0
"02/10/2020";"06:10:00";"23";"Acidente s";"87";"BR-290/RS";"Oeste";"Queda de ribanceira";1;0;0;0;0;0;0;0;0;0;2;0;0;0;0
"02/10/2020";"06:26:00";"25";"Acidente s";"28";"BR-290/RS";"Leste";"Queda de ribanceira";1;0;0;0;0;0;0;0;0;0;1;0;0;0;0
"02/10/2020";"08:22:00";"53";"Acidente s";"37";"BR-290/RS";"Oeste";"Queda de ribanceira";1;0;0;0;0;0;0;0;0;0;1;0;0;0;0
"02/10/2020";"11:02:00";"90";"Acidente s";"243";"BR-386/RS";"Sul";"Tombamento";0;0;1;0;0;0;0;0;0;0;1;0;0;0;0
"02/10/2020";"12:55:00";"109";"Acidente s";"335";"BR-386/RS";"Norte";"Queda de ribanceira";1;0;0;0;0;0;0;0;0;0;2;0;0;0;0
"02/10/2020";"13:32:00";"121";"Acidente c";"233";"BR-386/RS";"Sul";"Engavetamento";1;0;0;0;0;0;0;1;0;1;2;0;1;0;0
"02/10/2020";"14:06:00";"130";"Acidente c";"347";"BR-386/RS";"Norte";"Queda de moto";0;0;0;1;0;0;0;0;0;0;0;1;0;0;0
"02/10/2020";"16:08:00";"155";"Acidente s";"26";"BR-290/RS";"Oeste";"Queda de ribanceira";1;0;0;0;0;0;0;0;0;0;1;0;0;0;0
"02/10/2020";"19:29:00";"196";"Acidente s";"234";"BR-386/RS";"Norte";"Queda de ribanceira";1;0;0;0;0;0;0;0;0;0;2;0;0;0;0
"02/10/2020";"20:52:00";"208";"Acidente s";"29";"BR-290/RS";"Oeste";"Choque com objeto sobre a pista";1;0;0;0;0;0;0;0;0;0;2;0;0;0;0
"02/10/2020";"22:06:00";"212";"Acidente s";"431";"BR-386/RS";"Norte";"Queda de ribanceira";0;0;1;0;0;0;0;0;0;0;1;0;0;0;0
"02/10/2020";"23:09:00";"224";"Acidente s";"435";"BR-386/RS";"Norte";"Colisão - Traseira";2;0;0;0;0;0;0;0;0;0;1;0;0;0;0
"02/10/2020";"23:36:00";"227";"Acidente s";"50";"BR-101/RS";"Norte";;1;0;0;0;0;0;0;0;0;0;2;0;0;0;0
"03/10/2020";"00:56:00";"4";"Acidente s";"10";"BR-101/RS";"Sul";"Saída de pista";0;0;1;0;0;0;0;0;0;0;1;0;0;0;0
"03/10/2020";"01:14:00";"7";"Acidente s";"84,01";"BR-101/RS";"Norte";"Saída de pista";1;0;0;0;0;0;0;0;0;0;1;0;0;0;0
"03/10/2020";"04:34:00";"12";"Acidente s";"68";"BR-290/RS";"Oeste";"Queda de ribanceira";1;0;0;0;0;0;0;0;0;0;1;0;0;0;0
"03/10/2020";"04:47:00";"13";"Atropelame";"440";"BR-386/RS";"Sul";"Atropelamento - Morador/Trabalhador/Estudante";1;0;0;0;0;0;0;0;0;0;1;0;0;0;1
"03/10/2020";"07:47:00";"22";"Acidente s";"69";"BR-290/RS";"Oeste";"Queda de ribanceira";1;0;0;0;0;0;0;0;0;0;1;0;0;0;0
"03/10/2020";"07:52:00";"24";"Acidente s";"423";"BR-386/RS";"Sul";"Queda de ribanceira";1;0;0;0;0;0;0;0;0;0;1;0;0;0;0
"03/10/2020";"08:02:00";"26";"Acidente s";"443";"BR-386/RS";"Norte";"Saída de pista";1;0;0;0;0;0;0;0;0;0;1;0;0;0;0
"03/10/2020";"10:17:00";"46";"Acidente s";"262";"BR-386/RS";"Sul";"Colisão - Traseira";1;0;0;0;0;0;0;0;0;1;5;0;0;0;0
"03/10/2020";"10:58:00";"55";"Acidente c";"340";"BR-386/RS";"Norte";"Capotamento";1;0;0;0;0;0;0;0;0;0;0;1;0;0;0
"03/10/2020";"11:03:00";"57";"Acidente s";"270";"BR-386/RS";"Norte";"Colisão - Lateral";2;0;0;0;0;0;0;0;0;0;3;0;0;0;0
"03/10/2020";"11:32:00";"60";"Acidente s";"352";"BR-386/RS";"Norte";"Choque Defensa";1;0;0;0;0;0;0;0;0;0;1;0;0;0;0
"03/10/2020";"11:34:00";"62";"Acidente s";"82";"BR-290/RS";"Oeste";"Queda de ribanceira";1;0;0;0;0;0;0;0;0;0;1;0;0;0;0
"03/10/2020";"11:35:00";"63";"Acidente s";"445";"BR-386/RS";"Sul";"Saída de pista";1;0;0;0;0;0;0;0;0;0;1;0;0;0;0
"03/10/2020";"12:17:00";"70";"Acidente c";"15";"BR-448/RS";"Sul";"Choque Barreira";1;0;0;0;0;0;0;0;0;0;1;0;1;0;0
"03/10/2020";"12:20:00";"74";"Acidente s";"2";"BR-290/RS";"Leste";"Queda de ribanceira";1;0;0;0;0;0;0;0;0;0;2;0;0;0;0
"03/10/2020";"16:45:00";"97";"Acidente s";"65";"BR-290/RS";"Ambos";"Saída de pista";1;0;0;0;0;0;0;0;0;0;3;0;0;0;0
"03/10/2020";"17:21:00";"100";"Acidente s";"10";"BR-448/RS";"Norte";"Queda de ribanceira";1;0;0;0;0;0;0;0;0;0;2;0;0;0;0
"04/10/2020";"03:10:00";"6";"Acidente s";"14";"BR-448/RS";"Norte";"Saída de pista";1;0;0;0;0;0;0;0;0;0;1;0;0;0;0
"04/10/2020";"06:01:00";"12";"Acidente s";"60";"BR-290/RS";"Leste";"Choque Praça - Submarino";1;0;0;0;0;0;0;0;0;0;4;0;0;0;0
"04/10/2020";"10:28:00";"38";"Acidente c";"404";"BR-386/RS";"Sul";"Capotamento";1;0;0;0;0;0;0;0;0;0;0;1;1;0;0
"04/10/2020";"11:00:00";"44";"Acidente s";"345";"BR-386/RS";"Norte";"Queda de ribanceira";1;0;0;0;0;0;0;0;0;0;1;0;0;0;0
"04/10/2020";"12:34:00";"58";"Acidente s";"440";"BR-386/RS";"Norte";"Saída de pista";1;0;0;0;0;0;0;0;0;0;1;0;0;0;0
"04/10/2020";"15:30:00";"73";"Acidente c";"44";"BR-290/RS";"Leste";"Saída de pista";1;0;0;0;0;0;0;0;0;0;3;2;0;0;0
"04/10/2020";"16:10:00";"79";"Acidente s";"15";"BR-290/RS";"Leste";"Queda de ribanceira";0;0;1;0;0;0;0;0;0;0;1;0;0;0;0
"04/10/2020";"18:45:00";"111";"Acidente s";"92";"BR-290/RS";"Oeste";"Saída de pista";1;0;0;0;0;0;0;0;0;0;1;0;0;0;0
"05/10/2020";"07:05:00";"14";"Acidente c";"362";"BR-386/RS";"Norte";"Choque com veículo na faixa de rolamento";1;0;0;1;0;0;0;0;0;0;1;1;0;0;0
"05/10/2020";"07:59:00";"39";"Acidente s";"88";"BR-290/RS";"Oeste";"Engavetamento";4;0;0;0;0;0;0;0;0;0;4;0;0;0;0
"05/10/2020";"14:24:00";"144";"Acidente c";"79";"BR-101/RS";"Sul";"Queda de ribanceira";1;0;0;0;0;0;0;0;0;0;0;0;2;0;0
"05/10/2020";"17:04:00";"173";"Acidente s";"43";"BR-101/RS";"Norte";"Colisão - Lateral";2;0;0;0;0;0;0;0;0;0;4;0;0;0;0
"05/10/2020";"18:16:00";"178";"Acidente s";"91";"BR-290/RS";"Leste";"Colisão - Transversal";1;0;0;1;0;0;0;0;0;0;2;0;0;0;0
"05/10/2020";"18:23:00";"180";"Acidente s";"62";"BR-290/RS";"Oeste";"Atropelamento de Animal";1;0;0;0;0;0;0;0;0;0;3;0;0;0;0
"05/10/2020";"18:26:00";"181";"Acidente c";"194";"BR-386/RS";"Norte";"Queda de ribanceira";0;0;0;0;0;0;0;0;0;1;0;1;0;0;0
"05/10/2020";"23:21:00";"224";"Acidente s";"348";"BR-386/RS";"Sul";"Saída de pista";1;0;0;0;0;0;0;0;0;0;1;0;0;0;0
"06/10/2020";"05:00:00";"16";"Acidente s";"48";"BR-290/RS";"Leste";"Atropelamento de Animal";1;0;0;0;0;0;0;0;0;0;3;0;0;0;0
"06/10/2020";"09:31:00";"88";"Acidente s";"67";"BR-290/RS";"Leste";"Queda de ribanceira";1;0;0;0;0;0;0;1;0;0;3;0;0;0;0
"06/10/2020";"19:00:00";"200";"Acidente c";"342";"BR-386/RS";"Sul";"Atropelamento de Animal";1;0;0;1;0;0;0;0;0;0;1;0;1;0;0
"06/10/2020";"19:24:00";"204";"Acidente c";"60";"BR-101/RS";"Sul";"Colisão - Traseira";1;0;0;0;0;0;0;1;0;0;2;2;0;0;0
"06/10/2020";"19:32:00";"206";"Acidente s";"353";"BR-386/RS";"Sul";"Choque Defensa";1;0;0;0;0;0;0;0;0;0;2;0;0;0;0
"06/10/2020";"19:34:00";"207";"Acidente s";"84,56";"BR-290/RS";"Oeste";"Colisão - Lateral";2;0;0;0;0;0;0;0;0;0;2;0;0;0;0
"06/10/2020";"23:55:00";"234";"Acidente s";"407";"BR-386/RS";"Norte";"Saída de pista";1;0;0;0;0;0;0;0;0;0;1;0;0;0;0
"07/10/2020";"14:59:00";"155";"Acidente c";"248";"BR-386/RS";"Norte";"Colisão - Transversal";1;0;0;0;0;0;0;1;0;0;0;0;1;1;1
"07/10/2020";"18:18:00";"183";"Acidente s";"435";"BR-386/RS";"Sul";"Colisão - Lateral";2;0;0;0;0;0;0;0;0;0;2;0;0;0;0
"08/10/2020";"06:09:00";"10";"Acidente c";"72";"BR-101/RS";"Sul";"Colisão - Traseira";0;0;2;0;0;0;0;0;0;0;1;1;0;0;0
"08/10/2020";"12:19:00";"122";"Acidente s";"268";"BR-386/RS";"Sul";"Atropelamento de Animal";1;0;0;0;0;0;0;0;0;0;5;0;0;0;0
"08/10/2020";"15:57:00";"170";"Acidente s";"213";"BR-386/RS";"Norte";"Colisão - Lateral";2;0;0;0;0;0;0;0;0;0;3;0;0;0;0
"08/10/2020";"17:25:00";"184";"Acidente c";"372";"BR-386/RS";"Norte";"Colisão - Traseira";0;0;0;0;0;0;0;1;0;1;0;1;1;0;0
"08/10/2020";"17:56:00";"194";"Acidente s";"87";"BR-290/RS";"Leste";"Engavetamento";3;0;0;0;0;0;0;0;0;0;5;0;0;0;0
"08/10/2020";"18:10:00";"200";"Acidente s";"92";"BR-290/RS";"Leste";"Colisão - Traseira";1;0;0;0;0;0;0;0;0;0;1;0;0;0;0
"08/10/2020";"18:23:00";"202";"Acidente c";"435";"BR-386/RS";"Sul";"Colisão - Traseira";1;0;0;1;0;0;0;0;0;0;1;0;1;0;0