data;horario;n_da_ocorrencia;tipo_de_ocorrencia;km;trecho;sentido;tipo_de_acidente;automovel;bicicleta;caminhao;moto;onibus;outros;tracao_animal;transporte_de_cargas_especiais;trator_maquinas;utilitarios;ilesos;levemente_feridos;moderadamente_feridos;gravemente_feridos;mortos
"08/10/2020";"21:48:00";"229";"Acidente c";"59";"BR-290/RS";"Oeste";"Colisão - Traseira";2;0;0;0;0;0;0;0;0;0;2;1;0;0;0
"09/10/2020";"10:31:00";"96";"Acidente s";"77";"BR-290/RS";"Oeste";"Choque Praça - Cabine";0;0;0;0;0;1;0;0;0;0;1;0;0;0;0
"09/10/2020";"14:38:00";"167";"Acidente s";"44";"BR-101/RS";"Sul";"Choque Barreira";1;0;0;0;0;0;0;0;0;0;1;0;0;0;0
"09/10/2020";"16:42:00";"196";"Acidente s";"85";"BR-290/RS";"Leste";"Colisão - Traseira";1;0;0;0;0;0;0;0;0;1;2;0;0;0;0
"09/10/2020";"17:47:00";"212";"Acidente s";"328";"BR-386/RS";"Sul";"Colisão - Traseira";2;0;0;0;0;0;0;0;0;0;3;0;0;0;0
"09/10/2020";"18:12:00";"218";"Acidente s";"436";"BR-386/RS";"Ambos";"Colisão - Traseira";2;0;0;0;0;0;0;0;0;0;2;0;0;0;0
"10/10/2020";"02:46:00";"13";"Acidente c";"3";"BR-101/RS";"Sul";"Colisão - Lateral";2;0;0;0;0;0;0;0;0;0;8;1;0;0;0
"10/10/2020";"07:46:00";"50";"Acidente s";"345";"BR-386/RS";"Norte";"Engavetamento";4;0;0;0;0;0;0;0;0;0;6;0;0;0;0
"10/10/2020";"08:38:00";"73";"Acidente s";"95,47";"BR-290/RS";"Oeste";"Colisão - Transversal";2;0;0;0;0;0;0;0;0;0;3;0;0;0;0
"10/10/2020";"09:22:00";"85";"Acidente c";"19";"BR-290/RS";"Leste";"Colisão - Traseira";2;0;0;0;0;0;0;0;0;0;5;2;0;0;0
"10/10/2020";"10:13:00";"100";"Acidente s";"410";"BR-386/RS";"Norte";"Colisão - Traseira";2;0;0;0;0;0;0;0;0;0;3;0;0;0;0
"10/10/2020";"10:36:00";"104";"Acidente s";"375";"BR-386/RS";"Sul";"Colisão - Traseira";2;0;0;0;0;0;0;0;0;0;5;0;0;0;0
"10/10/2020";"10:44:00";"108";"Acidente s";"32";"BR-290/RS";"Leste";"Colisão - Traseira";2;0;0;0;0;0;0;0;0;0;2;0;0;0;0
"10/10/2020";"10:58:00";"113";"Acidente c";"97";"BR-290/RS";"Oeste";;0;0;0;1;0;0;0;0;0;0;0;1;0;0;0
"10/10/2020";"11:54:00";"131";"Acidente s";"80";"BR-290/RS";"Leste";"Colisão - Lateral";1;0;0;0;0;0;0;0;0;1;5;0;0;0;0
"10/10/2020";"12:18:00";"134";"Acidente s";"345";"BR-386/RS";"Norte";"Colisão - Traseira";1;0;1;0;0;0;0;0;0;0;2;0;0;0;0
"10/10/2020";"14:57:00";"169";"Acidente s";"296";"BR-386/RS";"Norte";;0;0;0;0;0;0;0;1;0;0;1;0;0;0;0
"11/10/2020";"12:43:00";"110";"Acidente s";"60";"BR-290/RS";"Oeste";"Engavetamento";2;0;0;1;0;0;0;0;0;0;6;0;0;0;0
"11/10/2020";"14:26:00";"129";"Acidente s";"434";"BR-386/RS";"Norte";"Colisão - Traseira";2;0;0;0;0;0;0;0;0;0;3;0;0;0;0
"11/10/2020";"15:44:00";"145";"Acidente s";"74";"BR-101/RS";"Sul";"Outros";1;0;0;0;0;0;0;0;0;0;3;0;0;0;0
"11/10/2020";"16:27:00";"157";"Acidente s";"248";"BR-386/RS";"Sul";"Colisão - Lateral";2;0;0;0;0;0;0;0;0;0;7;0;0;0;0
"11/10/2020";"17:43:00";"176";"Acidente s";"92";"BR-290/RS";"Oeste";"Choque - Sinalização";0;0;0;1;0;0;0;0;0;0;2;0;0;0;0
"11/10/2020";"21:04:00";"223";"Acidente s";"1";"BR-101/RS";"Norte";"Saída de pista";1;0;0;0;0;0;0;0;0;0;3;0;0;0;0
"12/10/2020";"01:56:00";"8";"Acidente s";"418";"BR-386/RS";"Norte";"Atropelamento de Animal";1;0;0;0;0;0;0;0;0;0;1;0;0;0;0
"12/10/2020";"08:15:00";"28";"Acidente c";"71";"BR-101/RS";"Sul";"Saída de pista";1;0;0;0;0;0;0;0;0;0;0;0;1;0;0
"12/10/2020";"09:20:00";"39";"Acidente c";"15";"BR-448/RS";"Sul";"Colisão - Traseira";2;0;0;0;0;0;0;0;0;0;1;1;0;0;0
"12/10/2020";"09:23:00";"42";"Acidente s";"92";"BR-290/RS";"Leste";"Choque Defensa";2;0;0;0;0;0;0;0;0;0;3;0;0;0;0
"12/10/2020";"10:18:00";"50";"Acidente c";"232";"BR-386/RS";"Sul";"Queda de moto";1;0;0;0;0;0;0;0;0;0;1;1;0;0;0
"12/10/2020";"11:32:00";"77";"Acidente s";"325";"BR-386/RS";"Norte";"Colisão - Traseira";2;0;0;0;0;0;0;0;0;0;2;0;0;0;0
"12/10/2020";"12:55:00";"102";"Acidente c";"5";"BR-290/RS";"Oeste";"Queda de moto";0;0;0;1;0;0;0;0;0;0;1;1;0;0;0
"12/10/2020";"15:38:00";"146";"Acidente s";"392";"BR-386/RS";"Sul";"Colisão - Traseira";2;0;0;0;0;0;0;0;0;0;8;0;0;0;0
"12/10/2020";"16:10:00";"157";"Acidente s";"426";"BR-386/RS";"Sul";"Colisão - Traseira";2;0;0;0;0;0;0;0;0;0;2;0;0;0;0
"12/10/2020";"17:01:00";"180";"Acidente s";"24";"BR-101/RS";"Sul";"Engavetamento";3;0;0;0;0;0;0;0;0;0;9;0;0;0;0
"12/10/2020";"17:12:00";"185";"Acidente c";"430";"BR-386/RS";"Norte";"Colisão - Lateral";1;0;0;1;0;0;0;0;0;0;1;1;0;0;0
"12/10/2020";"18:04:00";"204";"Acidente c";"342";"BR-386/RS";"Norte";"Colisão - Transversal";1;0;0;1;0;0;0;0;0;0;1;1;0;0;0
"12/10/2020";"20:13:00";"251";"Acidente s";"442";"BR-386/RS";"Sul";"Colisão - Lateral";1;0;0;0;0;0;0;0;0;0;1;0;0;0;0
"12/10/2020";"20:48:00";"264";"Acidente c";"34";"BR-290/RS";"Oeste";"Queda de moto";0;0;0;1;0;0;0;0;0;0;0;2;0;0;0
"12/10/2020";"22:20:00";"275";"Acidente s";"57";"BR-290/RS";"Oeste";"Choque com objeto sobre a pista";1;0;0;0;0;0;0;0;0;0;1;0;0;0;0
"12/10/2020";"22:40:00";"282";"Acidente c";"71";"BR-290/RS";"Oeste";"Capotamento";1;0;0;0;0;0;0;0;0;0;0;2;0;0;0
"13/10/2020";"04:35:00";"20";"Acidente s";"69";"BR-290/RS";"Oeste";"Atropelamento de Animal";1;0;0;0;0;0;0;0;0;0;3;0;0;0;0
"13/10/2020";"07:53:00";"52";"Acidente c";"90";"BR-290/RS";"Oeste";"Colisão - Traseira";2;0;0;1;0;0;0;0;0;0;2;1;0;0;0
"13/10/2020";"08:21:00";"66";"Acidente s";"2";"BR-290/RS";"Leste";"Queda de ribanceira";1;0;0;0;0;0;0;0;0;0;1;0;0;0;0
"13/10/2020";"09:07:00";"80";"Acidente c";"16";"BR-448/RS";"Sul";"Engavetamento";3;0;0;0;0;0;0;0;0;0;3;0;0;1;0
"13/10/2020";"16:21:00";"195";"Acidente c";"345";"BR-386/RS";"Sul";"Colisão - Lateral";1;0;0;1;0;0;0;0;0;0;1;0;1;0;0
"13/10/2020";"16:33:00";"197";"Acidente c";"6";"BR-448/RS";"Norte";"Choque Barreira";0;0;1;0;0;0;0;0;0;0;0;1;0;0;0
"13/10/2020";"16:43:00";"204";"Acidente c";"20";"BR-101/RS";"Norte";"Colisão - Lateral";1;0;0;0;0;0;0;1;0;0;1;0;1;0;0
"13/10/2020";"16:56:00";"205";"Acidente s";"343";"BR-386/RS";"Sul";"Engavetamento";3;0;0;0;0;0;0;0;0;0;4;0;0;0;0
"13/10/2020";"19:27:00";"245";"Acidente s";"88";"BR-290/RS";"Leste";"Colisão - Traseira";2;0;0;0;0;0;0;0;0;0;2;0;0;0;0
"13/10/2020";"22:02:00";"257";"Acidente s";"70";"BR-290/RS";"Oeste";"Atropelamento de Animal";1;0;0;0;0;0;0;0;0;0;1;0;0;0;0
"14/10/2020";"01:55:00";"2";"Acidente s";"89";"BR-290/RS";"Oeste";"Queda de ribanceira";0;0;1;0;0;0;0;0;0;0;1;0;0;0;0
"14/10/2020";"05:14:00";"10";"Acidente s";"14";"BR-290/RS";"Leste";"Saída de pista";0;0;0;0;0;0;0;1;0;0;1;0;0;0;0
"14/10/2020";"07:07:00";"22";"Acidente s";"1";"BR-448/RS";"Sul";"Choque Defensa";1;0;0;0;0;0;0;0;0;0;1;0;0;0;0
"14/10/2020";"08:34:00";"70";"Acidente s";"84";"BR-290/RS";"Oeste";"Choque Defensa";0;0;1;0;0;0;0;0;0;0;2;0;0;0;0
"14/10/2020";"09:28:00";"85";"Acidente c";"268";"BR-386/RS";"Sul";"Tombamento";0;0;0;0;0;0;0;1;0;0;0;1;0;0;0
"14/10/2020";"10:17:00";"95";"Acidente c";"262";"BR-386/RS";"Sul";"Queda de moto";0;0;0;1;0;0;0;0;0;0;0;2;0;0;0
"14/10/2020";"13:14:00";"137";"Acidente c";"342";"BR-386/RS";"Norte";"Choque com veículo na faixa de rolamento";0;0;0;2;0;0;0;0;0;0;0;1;1;0;0
"14/10/2020";"20:47:00";"217";"Acidente s";"309";"BR-386/RS";"Sul";"Colisão - Traseira";1;0;0;0;0;1;0;0;0;0;2;0;0;0;0
"15/10/2020";"00:57:00";"5";"Acidente s";"16";"BR-101/RS";"Sul";"Atropelamento de Animal";1;0;0;0;0;0;0;0;0;0;2;0;0;0;0
"15/10/2020";"01:29:00";"7";"Acidente c";"407";"BR-386/RS";"Norte";"Choque Barreira";1;0;0;0;0;0;0;0;0;0;0;0;1;0;0
"15/10/2020";"07:05:00";"35";"Acidente s";"435";"BR-386/RS";"Norte";"Choque com veículo na faixa de rolamento";2;0;0;0;0;0;0;0;0;0;2;0;0;0;0
"15/10/2020";"12:34:00";"145";"Acidente s";"35";"BR-101/RS";"Sul";"Outros";1;0;0;0;0;1;0;0;0;0;2;0;0;0;0
"15/10/2020";"15:25:00";"180";"Acidente c";"72";"BR-290/RS";"Oeste";"Capotamento";1;0;0;0;0;0;0;0;0;0;0;0;1;0;0
"15/10/2020";"15:33:00";"183";"Acidente s";"35";"BR-101/RS";"Norte";"Colisão - Traseira";2;0;0;0;0;0;0;0;0;0;4;0;0;0;0
"15/10/2020";"17:14:00";"195";"Acidente s";"375";"BR-386/RS";"Sul";"Colisão - Traseira";2;0;0;0;0;0;0;0;0;0;5;0;0;0;0
"15/10/2020";"17:27:00";"199";"Acidente s";"60";"BR-290/RS";"Oeste";"Colisão - Lateral";1;0;0;0;0;0;0;0;0;1;2;0;0;0;0
"15/10/2020";"17:33:00";"202";"Acidente s";"73";"BR-290/RS";"Leste";"Queda de moto";0;0;0;1;0;0;0;0;0;0;2;0;0;0;0
"16/10/2020";"08:58:00";"73";"Acidente s";"412";"BR-386/RS";"Sul";"Saída de pista";1;0;0;0;0;0;0;0;0;0;4;0;0;0;0
"16/10/2020";"10:43:00";"110";"Acidente s";"284";"BR-386/RS";"Norte";"Colisão - Lateral";1;0;0;0;0;0;0;1;0;0;2;0;0;0;0
"16/10/2020";"13:32:00";"147";"Acidente s";"390";"BR-386/RS";"Norte";"Colisão - Lateral";1;0;0;0;0;0;0;1;0;0;5;0;0;0;0
"16/10/2020";"16:19:00";"187";"Acidente s";"426";"BR-386/RS";"Norte";"Colisão - Traseira";0;0;0;0;0;0;0;1;0;1;2;0;0;0;0
"16/10/2020";"23:26:00";"258";"Acidente s";"309";"BR-386/RS";"Sul";"Colisão - Traseira";1;0;0;0;0;0;0;0;0;0;1;0;0;0;0
"17/10/2020";"05:43:00";"19";"Acidente s";"85";"BR-101/RS";"Sul";"Saída de pista";1;0;0;0;0;0;0;0;0;0;2;0;0;0;0
"17/10/2020";"09:31:00";"65";"Acidente s";"86";"BR-290/RS";"Oeste";"Tombamento";0;0;0;0;0;0;0;0;0;1;2;0;0;0;0
"17/10/2020";"09:50:00";"69";"Acidente c";"98";"BR-290/RS";"Oeste";"Colisão - Traseira";1;0;0;0;0;0;0;0;0;1;1;1;0;0;0
"17/10/2020";"13:07:00";"105";"Acidente c";"95";"BR-290/RS";"Oeste";"Colisão - Traseira";1;0;0;1;0;0;0;0;0;0;1;0;1;0;0
"17/10/2020";"20:08:00";"201";"Acidente c";"84";"BR-101/RS";"Norte";"Choque - Poste";1;0;0;0;0;0;0;0;0;0;0;4;1;0;0
"18/10/2020";"06:08:00";"27";"Acidente c";"58";"BR-290/RS";"Oeste";"Capotamento";1;0;0;0;0;0;0;0;0;0;0;2;0;0;0
"18/10/2020";"07:42:00";"42";"Acidente s";"26";"BR-290/RS";"Oeste";"Colisão - Lateral";1;0;0;0;0;0;0;0;0;1;2;0;0;0;0
"18/10/2020";"08:46:00";"53";"Acidente c";"242";"BR-386/RS";"Sul";"Colisão - Transversal";2;0;0;0;0;0;0;0;0;0;0;3;2;0;0
"18/10/2020";"09:43:00";"65";"Acidente c";"1";"BR-290/RS";"Leste";"Queda de moto";0;0;0;1;0;0;0;0;0;0;0;0;1;0;0
"18/10/2020";"10:10:00";"70";"Acidente s";"215";"BR-386/RS";"Sul";"Saída de pista";0;0;1;0;0;0;0;0;0;0;1;0;0;0;0
"18/10/2020";"17:31:00";"162";"Acidente c";"216";"BR-386/RS";"Norte";"Colisão - Traseira";3;0;0;0;0;0;0;0;0;0;5;3;0;0;0
"19/10/2020";"03:36:00";"9";"Acidente s";"13";"BR-101/RS";"Norte";"Colisão - Traseira";2;0;0;0;0;0;0;0;0;0;6;0;0;0;0
"19/10/2020";"05:47:00";"15";"Acidente s";"44";"BR-101/RS";"Sul";"Colisão - Lateral";1;0;1;0;0;0;0;0;0;0;3;0;0;0;0
"19/10/2020";"08:14:00";"51";"Acidente s";"88";"BR-290/RS";"Oeste";"Colisão - Traseira";2;0;0;0;0;0;0;0;0;0;2;0;0;0;0
"19/10/2020";"08:46:00";"64";"Acidente s";"90";"BR-290/RS";"Oeste";"Colisão - Traseira";2;0;0;0;0;0;0;0;0;0;2;0;0;0;0
"19/10/2020";"10:54:00";"116";"Acidente s";"92";"BR-290/RS";"Leste";"Colisão - Lateral";1;0;1;0;0;0;0;0;0;0;5;0;0;0;0
"19/10/2020";"11:55:00";"124";"Acidente s";"92";"BR-290/RS";"Leste";"Colisão - Lateral";1;0;1;0;0;0;0;0;0;0;3;0;0;0;0
"19/10/2020";"14:32:00";"155";"Acidente s";"305";"BR-386/RS";"Norte";"Colisão - Traseira";1;0;0;0;0;0;0;1;0;0;3;0;0;0;0
"19/10/2020";"16:16:00";"184";"Acidente s";"264";"BR-386/RS";"Norte";"Atropelamento de Animal";1;0;0;0;0;0;0;0;0;0;2;0;0;0;0
"19/10/2020";"18:36:00";"217";"Acidente s";"343";"BR-386/RS";"Norte";"Colisão - Frontal";2;0;0;0;0;0;0;0;0;0;2;0;0;0;0
"19/10/2020";"19:20:00";"230";"Acidente s";"13";"BR-448/RS";"Sul";"Choque com objeto sobre a pista";2;0;0;0;0;0;0;0;0;0;2;0;0;0;0
"20/10/2020";"07:32:00";"32";"Acidente s";"436";"BR-386/RS";"Sul";"Colisão - Traseira";1;0;1;0;0;0;0;0;0;0;3;0;0;0;0
"20/10/2020";"08:13:00";"51";"Acidente s";"93,24";"BR-290/RS";"Oeste";"Colisão - Lateral";2;0;0;0;0;0;0;0;0;0;2;0;0;0;0
"20/10/2020";"14:24:00";"150";"Acidente s";"339";"BR-386/RS";"Sul";"Colisão - Lateral";1;0;0;0;0;0;0;1;0;0;3;0;0;0;0
"20/10/2020";"15:05:00";"155";"Acidente c";"41";"BR-290/RS";"Leste";"Capotamento";1;0;0;0;0;0;0;0;0;0;0;1;0;0;0
"21/10/2020";"00:18:00";"4";"Acidente c";"314";"BR-386/RS";"Norte";"Colisão - Frontal";0;0;0;0;0;0;0;1;0;1;0;1;1;0;1
"21/10/2020";"05:01:00";"12";"Acidente s";"35";"BR-290/RS";"Leste";"Saída de pista";0;0;0;0;0;0;0;0;0;1;1;0;0;0;0
"21/10/2020";"07:41:00";"34";"Acidente c";"20";"BR-448/RS";"Sul";"Queda de moto";0;0;0;1;0;0;0;0;0;0;0;0;0;0;1
"21/10/2020";"09:47:00";"81";"Acidente c";"92";"BR-290/RS";"Leste";"Colisão - Lateral";1;0;0;0;0;0;0;0;0;1;1;1;1;0;0
"21/10/2020";"10:24:00";"90";"Acidente c";"6";"BR-101/RS";"Norte";"Choque Barreira";1;0;0;0;0;0;0;0;0;0;0;1;1;0;0
"21/10/2020";"14:11:00";"135";"Acidente s";"63";"BR-101/RS";"Norte";"Colisão - Traseira";1;0;1;0;0;0;0;0;0;0;1;0;0;0;0
"21/10/2020";"20:16:00";"188";"Acidente s";"50";"BR-101/RS";"Norte";"Saída de pista";1;0;0;0;0;0;0;0;0;0;2;0;0;0;0
"21/10/2020";"20:28:00";"190";"Acidente s";"3";"BR-290/RS";"Leste";"Colisão - Lateral";1;0;0;0;0;0;0;1;0;0;2;0;0;0;0
"21/10/2020";"21:02:00";"193";"Acidente s";"39";"BR-290/RS";"Oeste";"Colisão - Traseira";0;0;2;0;0;0;0;0;0;0;2;0;0;0;0
"22/10/2020";"07:24:00";"19";"Acidente s";"353";"BR-386/RS";"Sul";"Colisão - Lateral";2;0;0;0;0;0;0;0;0;0;4;0;0;0;0
"22/10/2020";"10:12:00";"84";"Acidente s";"35";"BR-101/RS";"Norte";"Choque Praça - Submarino";1;0;0;0;0;0;0;0;0;0;5;0;0;0;0
"22/10/2020";"16:25:00";"156";"Acidente s";"28";"BR-101/RS";"Sul";"Saída de pista";0;0;1;0;0;0;0;0;0;0;1;0;0;0;0
"22/10/2020";"18:22:00";"174";"Acidente c";"44";"BR-290/RS";"Oeste";"Saída de pista";1;0;0;0;0;0;0;0;0;0;0;1;0;0;0
"22/10/2020";"18:26:00";"175";"Acidente s";"435";"BR-386/RS";"Norte";"Colisão - Lateral";0;0;1;1;0;0;0;0;0;0;2;0;0;0;0
"22/10/2020";"19:44:00";"188";"Acidente s";"396";"BR-386/RS";"Sul";"Queda de Carga";6;0;0;1;0;0;0;0;0;0;9;0;0;0;0
"22/10/2020";"21:34:00";"205";"Acidente c";"38";"BR-290/RS";"Oeste";"Colisão - Traseira";1;0;1;0;0;0;0;0;0;0;1;0;1;1;0
"23/10/2020";"07:53:00";"46";"Acidente s";"92";"BR-290/RS";"Leste";"Colisão - Lateral";2;0;1;0;0;0;0;0;0;0;3;0;0;0;0
"23/10/2020";"08:37:00";"70";"Acidente c";"62";"BR-101/RS";"Sul";"Choque - Poste";1;0;0;0;0;0;0;0;0;0;0;1;0;0;0
"23/10/2020";"08:44:00";"74";"Acidente s";"47,15";"BR-290/RS";"Oeste";"Choque com objeto sobre a pista";1;0;0;0;0;0;0;0;0;0;1;0;0;0;0
"24/10/2020";"09:18:00";"65";"Acidente s";"89";"BR-290/RS";"Leste";"Colisão - Lateral";1;0;0;0;0;0;0;1;0;0;6;0;0;0;0
"24/10/2020";"10:57:00";"87";"Acidente s";"325";"BR-386/RS";"Norte";"Colisão - Traseira";2;0;0;0;0;0;0;0;0;0;2;0;0;0;0
"24/10/2020";"11:27:00";"95";"Acidente c";"85,5";"BR-101/RS";"Norte";"Colisão - Traseira";1;0;0;1;0;0;0;0;0;0;4;0;0;1;0
"24/10/2020";"11:38:00";"99";"Acidente s";"54";"BR-290/RS";"Leste";"Capotamento";1;0;0;0;0;0;0;0;0;0;1;0;0;0;0
"24/10/2020";"12:20:00";"107";"Acidente s";"75";"BR-290/RS";"Leste";"Queda de moto";0;0;0;1;0;0;0;0;0;0;1;0;0;0;0
"24/10/2020";"13:16:00";"122";"Acidente s";"19";"BR-290/RS";"Oeste";"Choque Praça - Submarino";1;0;0;0;0;0;0;0;0;0;1;0;0;0;0
"24/10/2020";"14:46:00";"136";"Acidente s";"16";"BR-290/RS";"Leste";"Colisão - Transversal";1;0;1;0;0;0;0;0;0;0;3;0;0;0;0
"24/10/2020";"16:58:00";"162";"Acidente s";"19";"BR-290/RS";"Oeste";"Colisão - Traseira";2;0;0;0;0;0;0;0;0;0;7;0;0;0;0
"24/10/2020";"20:33:00";"210";"Acidente s";"36";"BR-290/RS";"Oeste";"Atropelamento de Animal";1;0;0;0;0;0;0;0;0;0;2;0;0;0;0
"24/10/2020";"23:20:00";"223";"Acidente s";"352";"BR-386/RS";"Sul";"Choque - Meio Fio";0;0;0;0;0;0;0;1;0;0;1;0;0;0;0
"25/10/2020";"11:44:00";"65";"Acidente s";"97";"BR-290/RS";"Oeste";"Colisão - Traseira";2;0;0;0;0;0;0;0;0;0;2;0;0;0;0
"25/10/2020";"19:48:00";"182";"Acidente s";"23";"BR-101/RS";"Sul";"Colisão - Traseira";2;0;0;0;0;0;0;0;0;0;6;0;0;0;0
"25/10/2020";"20:26:00";"191";"Acidente s";"407";"BR-386/RS";"Norte";"Queda de ribanceira";1;0;0;0;0;0;0;0;0;0;1;0;0;0;0
"25/10/2020";"20:50:00";"196";"Acidente s";"88";"BR-290/RS";"Oeste";"Colisão - Lateral";2;0;0;0;0;0;0;0;0;0;3;0;0;0;0
"26/10/2020";"00:50:00";"5";"Acidente c";"181";"BR-386/RS";"Sul";"Choque Barreira";1;0;0;0;0;0;0;0;0;0;0;1;0;0;0
"26/10/2020";"07:31:00";"48";"Acidente c";"303";"BR-386/RS";"Norte";"Colisão - Traseira";1;0;0;0;0;0;0;1;0;0;4;1;0;0;0
"26/10/2020";"09:11:00";"98";"Acidente s";"91";"BR-290/RS";"Leste";"Colisão - Lateral";1;0;0;0;0;0;0;0;0;1;1;0;0;0;0
"26/10/2020";"11:26:00";"124";"Acidente c";"337";"BR-386/RS";"Norte";"Choque Talude";1;0;0;0;0;0;0;0;0;0;0;0;1;0;0
"26/10/2020";"12:03:00";"132";"Acidente s";"76";"BR-290/RS";"Leste";"Choque Defensa";1;0;0;0;0;0;0;0;0;0;2;0;0;0;0
"26/10/2020";"13:03:00";"138";"Acidente s";"272";"BR-386/RS";"Norte";"Colisão - Traseira";2;0;0;0;0;0;0;0;0;0;3;0;0;0;0
"26/10/2020";"16:25:00";"176";"Acidente s";"15";"BR-448/RS";"Sul";"Choque Barreira";1;0;0;0;0;0;0;0;0;0;1;0;0;0;0
"26/10/2020";"17:06:00";"184";"Acidente s";"392";"BR-386/RS";"Sul";"Queda de ribanceira";1;0;0;0;0;0;0;0;0;0;2;0;0;0;0
"26/10/2020";"18:03:00";"197";"Acidente c";"38";"BR-290/RS";"Leste";"Capotamento";1;0;0;0;0;0;0;0;0;0;1;1;0;0;0
"26/10/2020";"18:05:00";"198";"Acidente s";"310";"BR-386/RS";"Norte";"Colisão - Traseira";2;0;0;0;0;0;0;0;0;0;2;0;0;0;0
"26/10/2020";"18:42:00";"203";"Acidente s";"372";"BR-386/RS";"Sul";"Saída de pista";1;0;0;0;0;0;0;0;0;0;1;0;0;0;0
"27/10/2020";"02:23:00";"14";"Acidente c";"272";"BR-386/RS";"Norte";"Colisão - Traseira";0;0;0;0;0;0;0;1;0;1;1;1;0;0;0
"27/10/2020";"06:52:00";"28";"Acidente s";"75";"BR-290/RS";"Leste";"Queda de moto";1;0;0;0;0;0;0;0;0;0;1;0;0;0;0
"27/10/2020";"08:22:00";"57";"Acidente s";"10";"BR-448/RS";"Sul";"Saída de pista";0;0;1;0;0;0;0;0;0;1;2;0;0;0;0
"27/10/2020";"09:37:00";"88";"Acidente s";"94";"BR-290/RS";"Oeste";"Choque Barreira";1;0;0;0;0;0;0;0;0;0;1;0;0;0;0
"27/10/2020";"13:55:00";"136";"Acidente s";"10";"BR-448/RS";"Norte";"Colisão - Traseira";1;0;0;0;0;0;0;0;0;1;4;0;0;0;0
"27/10/2020";"16:19:00";"162";"Acidente s";"1";"BR-448/RS";"Norte";"Colisão - Traseira";0;0;0;0;0;0;0;1;0;1;3;0;0;0;0
"27/10/2020";"20:31:00";"194";"Acidente c";"213";"BR-386/RS";"Norte";"Capotamento";1;0;0;0;0;0;0;0;0;1;2;4;0;0;0
"27/10/2020";"20:49:00";"195";"Acidente s";"92";"BR-290/RS";"Leste";"Tombamento";1;0;0;0;0;0;0;0;0;0;1;0;0;0;0
"28/10/2020";"08:32:00";"61";"Acidente s";"43";"BR-290/RS";"Leste";"Queda de ribanceira";1;0;0;0;0;0;0;0;0;0;2;0;0;0;0
"28/10/2020";"12:51:00";"127";"Acidente s";"93";"BR-290/RS";"Oeste";"Colisão - Traseira";1;0;0;0;0;0;0;1;0;0;3;0;0;0;0
"28/10/2020";"13:19:00";"132";"Acidente s";"94";"BR-290/RS";"Oeste";"Colisão - Traseira";1;0;0;0;0;0;0;1;0;0;2;0;0;0;0
"28/10/2020";"14:41:00";"147";"Acidente s";"97";"BR-290/RS";"Ambos";"Engavetamento";4;0;0;0;0;0;0;0;0;0;8;0;0;0;0
"28/10/2020";"17:39:00";"193";"Acidente s";"12";"BR-101/RS";"Sul";"Queda de ribanceira";1;0;0;0;0;0;0;0;0;0;1;0;0;0;0
"28/10/2020";"17:50:00";"197";"Acidente s";"87";"BR-290/RS";"Leste";"Engavetamento";3;0;0;0;0;0;0;0;0;0;7;0;0;0;0
"28/10/2020";"18:23:00";"200";"Acidente c";"6";"BR-101/RS";"Sul";"Choque Barreira";1;0;0;0;0;0;0;0;0;0;1;0;1;0;0
"29/10/2020";"06:01:00";"14";"Acidente s";"180";"BR-386/RS";"Norte";"Choque Defensa";1;0;0;0;0;0;0;0;0;0;1;0;0;0;0
"29/10/2020";"06:46:00";"18";"Acidente c";"346";"BR-386/RS";"Norte";"Colisão - Traseira";0;0;0;1;0;0;0;1;0;0;1;0;1;0;0
"29/10/2020";"07:54:00";"41";"Acidente s";"325";"BR-386/RS";"Sul";"Colisão - Lateral";2;0;0;0;0;0;0;0;0;0;2;0;0;0;0
"29/10/2020";"09:45:00";"82";"Acidente s";"93,2";"BR-290/RS";"Leste";"Colisão - Lateral";2;0;0;0;0;0;0;0;0;0;8;0;0;0;0
"29/10/2020";"11:22:00";"106";"Acidente s";"95";"BR-290/RS";"Leste";"Queda de moto";0;0;0;1;0;0;0;0;0;0;1;0;0;0;0
"29/10/2020";"15:03:00";"150";"Acidente c";"312";"BR-386/RS";"Sul";"Engavetamento";0;0;2;0;0;0;0;0;0;1;2;0;2;0;0
"29/10/2020";"15:20:00";"154";"Acidente s";"436";"BR-386/RS";"Norte";"Colisão - Traseira";1;0;0;0;0;0;0;0;0;1;2;0;0;0;0
"29/10/2020";"19:08:00";"191";"Acidente c";"21";"BR-101/RS";"Norte";"Atropelamento - Usuário";0;0;0;1;0;0;0;0;0;0;1;1;0;0;0
"30/10/2020";"14:06:00";"140";"Acidente s";"22";"BR-101/RS";"Sul";"Colisão - Lateral";1;0;0;0;0;0;0;0;0;1;2;0;0;0;0
"30/10/2020";"17:24:00";"186";"Acidente c";"388";"BR-386/RS";"Sul";"Colisão - Traseira";1;0;0;1;0;0;0;0;0;0;1;0;0;2;0
"30/10/2020";"22:50:00";"238";"Acidente s";"33";"BR-101/RS";"Norte";"Queda de ribanceira";1;0;0;0;0;0;0;0;0;0;4;0;0;0;0
"31/10/2020";"04:03:00";"23";"Acidente s";"26";"BR-290/RS";"Oeste";"Queda de ribanceira";1;0;0;0;0;0;0;0;0;0;1;0;0;0;0
"31/10/2020";"10:46:00";"115";"Acidente s";"92";"BR-290/RS";"Leste";"Colisão - Traseira";1;0;0;1;0;0;0;0;0;0;3;0;0;0;0
"31/10/2020";"14:15:00";"167";"Acidente s";"95";"BR-290/RS";"Oeste";"Colisão - Traseira";1;0;0;0;0;0;0;0;0;0;2;0;0;0;0
"31/10/2020";"20:26:00";"257";"Acidente s";"261";"BR-386/RS";"Sul";"Saída de pista";1;0;0;0;0;0;0;0;0;0;3;0;0;0;0
"31/10/2020";"22:09:00";"271";"Atropelame";"1";"BR-101/RS";"Norte";"Atropelamento - Morador/Trabalhador/Estudante";1;0;0;0;0;0;0;0;0;0;4;0;0;1;0