data;horario;n_da_ocorrencia;tipo_de_ocorrencia;km;trecho;sentido;tipo_de_acidente;automovel;bicicleta;caminhao;moto;onibus;outros;tracao_animal;transporte_de_cargas_especiais;trator_maquinas;utilitarios;ilesos;levemente_feridos;moderadamente_feridos;gravemente_feridos;mortos
"01/11/2020";"01:08:00";"8";"Acidente c";"21";"BR-101/RS";"Sul";"Colisão - Traseira";2;0;0;0;0;0;0;0;0;0;4;1;0;0;0
"01/11/2020";"03:24:00";"14";"Acidente c";"215";"BR-386/RS";"Norte";"Capotamento";1;0;0;0;0;0;0;0;0;0;0;1;0;0;0
"01/11/2020";"09:33:00";"50";"Acidente c";"35";"BR-101/RS";"Norte";"Colisão - Traseira";0;0;0;2;0;0;0;0;0;0;0;3;0;0;0
"01/11/2020";"15:36:00";"120";"Acidente s";"22";"BR-448/RS";"Sul";"Choque Barreira";1;0;0;0;0;0;0;0;0;0;3;0;0;0;0
"01/11/2020";"16:22:00";"132";"Acidente s";"32";"BR-101/RS";"Sul";"Colisão - Lateral";1;0;0;0;0;0;0;0;0;1;3;0;0;0;0
"01/11/2020";"19:09:00";"170";"Acidente s";"19";"BR-101/RS";"Sul";"Colisão - Transversal";2;0;0;0;0;0;0;0;0;0;3;0;0;0;0
"01/11/2020";"21:36:00";"196";"Acidente c";"354";"BR-386/RS";"Norte";"Capotamento";1;0;0;0;0;0;0;0;0;0;1;0;1;0;0
"02/11/2020";"09:41:00";"62";"Acidente c";"366";"BR-386/RS";"Norte";"Colisão - Traseira";1;0;0;1;0;0;0;0;0;0;2;0;1;0;0
"02/11/2020";"10:49:00";"77";"Acidente s";"49";"BR-290/RS";"Oeste";"Colisão - Transversal";2;0;0;0;0;0;0;0;0;0;4;0;0;0;0
"02/11/2020";"11:10:00";"82";"Acidente s";"277";"BR-386/RS";"Sul";"Engavetamento";3;0;0;1;0;0;0;0;0;0;9;0;0;0;0
"02/11/2020";"11:16:00";"85";"Acidente s";"81";"BR-101/RS";"Sul";"Choque - Poste";1;0;0;0;0;0;0;0;0;0;4;0;0;0;0
"02/11/2020";"11:22:00";"87";"Acidente c";"47";"BR-290/RS";"Oeste";"Colisão - Traseira";3;0;0;0;0;0;0;0;0;0;2;1;0;0;0
"02/11/2020";"11:57:00";"92";"Acidente s";"60";"BR-290/RS";"Leste";;2;0;0;0;0;0;0;0;0;0;2;0;0;0;0
"02/11/2020";"13:30:00";"117";"Acidente c";"63";"BR-101/RS";"Norte";"Queda de moto";0;0;0;1;0;0;0;0;0;0;0;0;0;1;0
"02/11/2020";"15:25:00";"152";"Acidente s";"34";"BR-101/RS";"Sul";"Colisão - Traseira";2;0;0;0;0;0;0;0;0;0;6;0;0;0;0
"02/11/2020";"16:11:00";"164";"Acidente s";"201";"BR-386/RS";"Sul";"Colisão - Traseira";2;0;0;0;0;0;0;0;0;0;6;0;0;0;0
"02/11/2020";"16:20:00";"167";"Acidente s";"97";"BR-290/RS";"Ambos";"Colisão - Traseira";2;0;0;0;0;0;0;0;0;0;2;0;0;0;0
"02/11/2020";"16:24:00";"169";"Acidente s";"17";"BR-290/RS";"Oeste";"Colisão - Traseira";2;0;0;0;0;0;0;0;0;0;2;0;0;0;0
"02/11/2020";"17:07:00";"189";"Acidente s";"33";"BR-101/RS";"Sul";"Colisão - Traseira";2;0;0;0;0;0;0;0;0;0;7;0;0;0;0
"02/11/2020";"17:16:00";"191";"Acidente s";"72";"BR-101/RS";"Sul";"Colisão - Traseira";2;0;0;0;0;0;0;0;0;0;6;0;0;0;0
"02/11/2020";"17:34:00";"197";"Acidente s";"342";"BR-386/RS";"Sul";"Engavetamento";3;0;0;0;0;0;0;0;0;0;11;0;0;0;0
"02/11/2020";"18:59:00";"219";"Acidente s";"19";"BR-290/RS";"Oeste";;1;0;0;0;0;0;0;0;0;0;1;0;0;0;0
"02/11/2020";"20:23:00";"248";"Acidente s";"20";"BR-290/RS";"Oeste";"Colisão - Traseira";2;0;0;0;0;0;0;0;0;0;5;0;0;0;0
"02/11/2020";"20:24:00";"250";"Acidente c";"319";"BR-386/RS";"Sul";"Capotamento";1;0;0;0;0;0;0;0;0;0;0;0;0;3;0
"02/11/2020";"23:54:00";"299";"Acidente s";"55";"BR-290/RS";"Leste";"Atropelamento de Animal";1;0;0;0;0;0;0;0;0;0;1;0;0;0;0
"03/11/2020";"00:49:00";"11";"Acidente s";"32";"BR-290/RS";"Leste";"Outros";1;0;0;0;0;0;0;0;0;0;3;0;0;0;0
"03/11/2020";"06:01:00";"33";"Acidente c";"14";"BR-448/RS";"Sul";"Engavetamento";3;0;0;1;0;0;0;0;0;0;3;0;1;0;0
"03/11/2020";"06:04:00";"34";"Acidente c";"52";"BR-101/RS";"Sul";"Queda de ribanceira";0;0;0;0;0;0;0;1;0;0;2;1;0;0;0
"03/11/2020";"15:59:00";"196";"Acidente s";"64";"BR-290/RS";"Oeste";"Queda de ribanceira";1;0;0;0;0;0;0;0;0;0;2;0;0;0;0
"03/11/2020";"16:04:00";"198";"Acidente s";"289";"BR-386/RS";"Sul";"Colisão - Lateral";1;0;0;0;0;0;0;0;0;1;2;0;0;0;0
"03/11/2020";"16:19:00";"202";"Acidente s";"0";"BR-448/RS";"Norte";"Queda de ribanceira";1;0;0;0;0;0;0;0;0;0;1;0;0;0;0
"03/11/2020";"17:44:00";"223";"Atropelame";"355";"BR-386/RS";"Norte";"Atropelamento - Morador/Trabalhador/Estudante";1;0;0;0;0;1;0;0;0;0;1;1;0;0;0
"03/11/2020";"18:43:00";"236";"Acidente s";"91";"BR-290/RS";"Leste";"Colisão - Lateral";1;0;0;0;0;0;0;0;0;1;2;0;0;0;0
"04/11/2020";"03:12:00";"15";"Acidente c";"19";"BR-290/RS";"Leste";"Queda de ribanceira";1;0;0;0;0;0;0;0;0;0;2;1;1;0;0
"04/11/2020";"04:10:00";"19";"Acidente c";"242";"BR-386/RS";"Norte";"Colisão - Frontal";1;0;0;0;0;0;0;0;0;1;1;0;1;0;1
"04/11/2020";"07:06:00";"29";"Acidente c";"436";"BR-386/RS";"Norte";"Saída de pista";0;0;1;0;0;0;0;0;0;0;0;0;1;0;0
"04/11/2020";"15:53:00";"154";"Acidente c";"435";"BR-386/RS";"Norte";"Colisão - Lateral";1;0;0;0;0;0;0;1;0;0;2;1;0;0;0
"04/11/2020";"15:59:00";"156";"Acidente c";"276";"BR-386/RS";"Sul";"Colisão - Frontal";2;0;0;0;0;0;0;0;0;0;2;0;2;0;0
"04/11/2020";"19:46:00";"186";"Acidente c";"432";"BR-386/RS";"Sul";"Colisão - Traseira";1;0;0;1;0;0;0;0;0;0;1;1;0;0;0
"04/11/2020";"22:04:00";"208";"Acidente c";"65";"BR-290/RS";"Oeste";"Queda de ribanceira";1;0;0;0;0;0;0;0;0;0;0;2;2;0;0
"05/11/2020";"08:06:00";"45";"Acidente s";"92";"BR-290/RS";"Ambos";"Engavetamento";2;0;1;0;0;0;0;0;0;0;3;0;0;0;0
"05/11/2020";"08:28:00";"61";"Acidente s";"5";"BR-290/RS";"Oeste";"Colisão - Lateral";1;0;1;0;0;0;0;0;0;0;3;0;0;0;0
"05/11/2020";"10:23:00";"101";"Acidente s";"38";"BR-290/RS";"Leste";"Queda de ribanceira";1;0;0;0;0;0;0;0;0;0;1;0;0;0;0
"05/11/2020";"11:08:00";"109";"Acidente c";"181";"BR-386/RS";"Norte";"Saída de pista";0;0;0;0;0;0;0;1;0;0;0;1;0;0;0
"05/11/2020";"11:27:00";"112";"Acidente s";"8";"BR-290/RS";"Leste";"Saída de pista";1;0;0;0;0;0;0;0;0;0;1;0;0;0;0
"05/11/2020";"14:14:00";"147";"Acidente s";"289";"BR-386/RS";"Norte";"Saída de pista";0;0;0;0;0;0;0;0;0;1;1;0;0;0;0
"05/11/2020";"15:21:00";"161";"Acidente s";"60";"BR-290/RS";"Oeste";"Colisão - Traseira";2;0;0;0;0;0;0;0;0;0;4;0;0;0;0
"05/11/2020";"17:03:00";"182";"Acidente s";"33";"BR-101/RS";"Norte";"Colisão - Lateral";2;0;0;0;0;1;0;0;0;0;7;0;0;0;0
"05/11/2020";"17:46:00";"190";"Acidente s";"426";"BR-386/RS";"Sul";"Colisão - Traseira";1;0;0;0;0;0;0;1;0;0;3;0;0;0;0
"05/11/2020";"18:03:00";"195";"Acidente s";"87";"BR-290/RS";"Leste";"Colisão - Traseira";1;0;0;0;0;1;0;0;0;0;1;0;0;0;0
"05/11/2020";"21:48:00";"227";"Acidente s";"418";"BR-386/RS";"Sul";"Queda de ribanceira";1;0;0;0;0;0;0;0;0;0;1;0;0;0;0
"06/11/2020";"06:54:00";"14";"Acidente s";"426";"BR-386/RS";"Norte";"Colisão - Traseira";1;0;0;0;0;0;0;0;0;1;2;0;0;0;0
"06/11/2020";"11:43:00";"128";"Acidente c";"330";"BR-386/RS";"Norte";"Queda de ribanceira";1;0;0;0;0;1;0;0;0;0;2;1;0;0;0
"06/11/2020";"14:20:00";"159";"Acidente s";"77,38";"BR-290/RS";"Leste";"Choque Praça - Submarino";0;0;0;0;0;0;0;0;0;1;1;0;0;0;0
"06/11/2020";"18:12:00";"217";"Acidente c";"87";"BR-290/RS";"Leste";"Queda de moto";1;0;0;1;0;0;0;0;0;0;1;1;0;0;0
"06/11/2020";"19:44:00";"234";"Acidente c";"289";"BR-386/RS";"Sul";"Queda de ribanceira";1;0;0;0;0;0;0;0;0;0;4;1;0;0;0
"07/11/2020";"07:58:00";"42";"Atropelame";"433";"BR-386/RS";"Sul";"Atropelamento - Andarilho";0;0;1;0;0;0;0;0;0;0;1;0;1;0;0
"07/11/2020";"08:37:00";"52";"Acidente s";"60";"BR-290/RS";"Leste";"Colisão - Traseira";2;0;0;0;0;0;0;0;0;0;5;0;0;0;0
"07/11/2020";"11:03:00";"96";"Acidente s";"344";"BR-386/RS";"Norte";"Colisão - Traseira";2;0;0;0;0;0;0;0;0;0;4;0;0;0;0
"07/11/2020";"14:43:00";"138";"Acidente s";"75";"BR-290/RS";"Leste";"Choque Defensa";1;0;0;0;0;0;0;0;0;0;1;0;0;0;0
"07/11/2020";"15:43:00";"150";"Acidente s";"89";"BR-290/RS";"Leste";"Queda de moto";0;0;0;1;0;0;0;0;0;0;2;0;0;0;0
"07/11/2020";"15:50:00";"153";"Acidente c";"204";"BR-386/RS";"Sul";"Queda de moto";0;0;0;1;0;0;0;0;0;0;0;1;0;0;0
"07/11/2020";"18:54:00";"199";"Atropelame";"92";"BR-290/RS";"Leste";"Atropelamento - Usuário";1;0;0;0;0;0;0;0;0;0;0;0;0;1;0
"07/11/2020";"20:28:00";"214";"Acidente c";"392";"BR-386/RS";"Sul";"Colisão - Lateral";2;0;0;0;0;0;0;0;0;0;2;0;0;1;0
"07/11/2020";"22:18:00";"232";"Acidente s";"78";"BR-290/RS";"Oeste";"Queda de ribanceira";1;0;0;0;0;0;0;0;0;0;1;0;0;0;0
"08/11/2020";"09:25:00";"61";"Acidente c";"39";"BR-101/RS";"Norte";"Queda de moto";1;0;0;0;0;0;0;0;0;0;0;1;0;0;0
"08/11/2020";"18:16:00";"157";"Acidente s";"356";"BR-386/RS";"Norte";"Saída de pista";1;0;0;0;0;0;0;0;0;0;1;0;0;0;0
"08/11/2020";"19:11:00";"170";"Acidente c";"75";"BR-290/RS";"Oeste";"Choque Defensa";1;0;0;0;0;0;0;0;0;0;2;1;0;0;0
"08/11/2020";"19:42:00";"176";"Acidente c";"190";"BR-386/RS";"Norte";"Colisão - Lateral";1;0;0;0;0;0;0;1;0;0;1;1;0;0;0
"08/11/2020";"20:21:00";"183";"Acidente c";"16";"BR-448/RS";"Sul";"Queda de moto";0;0;0;1;0;0;0;0;0;0;1;1;0;0;0
"08/11/2020";"22:46:00";"202";"Acidente c";"97";"BR-290/RS";"Oeste";"Colisão - Frontal";2;0;0;0;0;0;0;0;0;0;3;1;0;0;0
"09/11/2020";"00:38:00";"5";"Acidente s";"366";"BR-386/RS";"Norte";"Queda de ribanceira";1;0;0;0;0;0;0;0;0;0;1;0;0;0;0
"09/11/2020";"02:41:00";"12";"Acidente s";"33";"BR-290/RS";"Oeste";"Saída de pista";0;0;1;0;0;0;0;0;0;0;1;0;0;0;0
"09/11/2020";"08:00:00";"59";"Acidente c";"93";"BR-290/RS";"Leste";"Colisão - Lateral";1;0;0;1;0;0;0;0;0;0;1;1;0;0;0
"09/11/2020";"15:55:00";"164";"Acidente s";"94";"BR-290/RS";"Leste";"Choque Barreira";1;0;0;0;0;0;0;0;0;0;1;0;0;0;0
"09/11/2020";"16:24:00";"170";"Acidente s";"92";"BR-290/RS";"Leste";"Colisão - Lateral";1;0;0;0;0;1;0;0;0;0;2;0;0;0;0
"09/11/2020";"19:37:00";"204";"Acidente c";"283,27";"BR-386/RS";"Norte";"Atropelamento de Animal";3;0;0;0;0;0;0;0;0;0;4;3;0;0;0
"09/11/2020";"23:02:00";"224";"Acidente s";"244";"BR-386/RS";"Norte";"Choque Talude";0;0;1;0;0;0;0;0;0;0;2;0;0;0;0
"10/11/2020";"07:08:00";"28";"Acidente c";"437";"BR-386/RS";"Sul";"Choque Talude";0;0;0;1;0;0;0;0;0;0;0;2;0;0;0
"10/11/2020";"20:48:00";"207";"Acidente s";"341";"BR-386/RS";"Norte";"Saída de pista";0;0;1;0;0;0;0;0;0;0;2;0;0;0;0
"11/11/2020";"00:57:00";"6";"Acidente s";"230";"BR-386/RS";"Sul";"Queda de ribanceira";1;0;0;0;0;0;0;0;0;0;3;0;0;0;0
"11/11/2020";"10:51:00";"106";"Atropelame";"80";"BR-290/RS";"Oeste";"Atropelamento - Morador/Trabalhador/Estudante";0;0;1;0;0;0;0;0;0;0;2;0;0;0;1
"11/11/2020";"15:07:00";"142";"Acidente s";"92,28";"BR-290/RS";"Leste";"Colisão - Lateral";2;0;0;0;0;0;0;0;0;0;2;0;0;0;0
"11/11/2020";"15:11:00";"143";"Acidente s";"51";"BR-101/RS";"Sul";"Colisão - Traseira";0;0;1;0;0;0;0;1;0;0;2;0;0;0;0
"11/11/2020";"16:54:00";"164";"Acidente c";"254";"BR-386/RS";"Norte";"Colisão - Transversal";1;0;0;0;2;0;0;0;0;0;3;3;0;0;0
"11/11/2020";"16:55:00";"165";"Acidente c";"353";"BR-386/RS";"Sul";"Choque Defensa";1;0;0;0;0;0;0;0;0;0;0;2;0;0;0
"11/11/2020";"17:52:00";"173";"Acidente s";"362";"BR-386/RS";"Sul";"Outros";0;0;1;0;0;1;0;0;0;0;2;0;0;0;0
"11/11/2020";"19:21:00";"188";"Acidente c";"436";"BR-386/RS";"Norte";"Queda de moto";0;0;0;1;0;0;0;0;0;0;0;0;1;0;0
"12/11/2020";"03:15:00";"7";"Acidente s";"38";"BR-101/RS";"Sul";"Queda de ribanceira";0;0;1;0;0;0;0;0;0;0;2;0;0;0;0
"12/11/2020";"07:41:00";"26";"Acidente c";"92";"BR-290/RS";"Oeste";"Colisão - Traseira";1;0;0;1;0;0;0;0;0;0;3;0;1;0;0
"12/11/2020";"10:00:00";"85";"Acidente s";"75";"BR-290/RS";"Leste";"Choque Defensa";1;0;0;0;0;0;0;0;0;0;3;0;0;0;0
"12/11/2020";"11:16:00";"102";"Acidente s";"352";"BR-386/RS";"Norte";"Choque Defensa";1;0;0;0;0;0;0;0;0;0;1;0;0;0;0
"12/11/2020";"19:29:00";"176";"Acidente s";"1";"BR-448/RS";"Sul";"Choque Defensa";1;0;0;0;0;0;0;0;0;0;1;0;0;0;0
"12/11/2020";"21:34:00";"193";"Acidente s";"412";"BR-386/RS";"Norte";"Colisão - Lateral";2;0;0;0;0;0;0;0;0;0;2;0;0;0;0
"13/11/2020";"08:00:00";"57";"Acidente s";"20";"BR-448/RS";"Sul";"Engavetamento";3;0;0;0;0;0;0;0;0;0;3;0;0;0;0
"13/11/2020";"08:21:00";"73";"Acidente s";"91";"BR-290/RS";"Oeste";"Choque Barreira";1;0;0;0;0;0;0;0;0;0;1;0;0;0;0
"13/11/2020";"16:47:00";"218";"Acidente s";"429";"BR-386/RS";"Norte";"Saída de pista";0;0;0;0;0;0;0;0;0;1;1;0;0;0;0
"13/11/2020";"17:59:00";"238";"Acidente c";"415";"BR-386/RS";"Norte";"Colisão - Frontal";2;0;0;0;0;0;0;0;0;0;2;1;0;0;0
"13/11/2020";"18:06:00";"241";"Acidente s";"38";"BR-290/RS";"Leste";"Capotamento";1;0;0;0;0;0;0;0;0;0;3;0;0;0;0
"13/11/2020";"20:19:00";"267";"Acidente s";"257";"BR-386/RS";"Sul";"Atropelamento de Animal";0;0;0;0;0;0;0;1;0;0;1;0;0;0;0
"14/11/2020";"08:42:00";"62";"Acidente c";"296";"BR-386/RS";"Sul";"Tombamento";0;0;0;0;0;0;0;1;0;0;0;1;0;0;0
"14/11/2020";"09:48:00";"73";"Acidente s";"75";"BR-290/RS";"Leste";"Queda de ribanceira";1;0;0;0;0;0;0;0;0;0;2;0;0;0;0
"14/11/2020";"10:04:00";"76";"Acidente s";"5";"BR-290/RS";"Oeste";"Queda de ribanceira";1;0;0;0;0;0;0;0;0;0;2;0;0;0;0
"14/11/2020";"11:58:00";"99";"Acidente s";"291";"BR-386/RS";"Norte";"Colisão - Transversal";1;0;1;0;0;0;0;0;0;0;2;0;0;0;0
"14/11/2020";"14:09:00";"137";"Acidente c";"14";"BR-290/RS";"Leste";"Queda de moto";1;0;0;0;0;0;0;0;0;0;0;1;0;0;0
"14/11/2020";"15:01:00";"144";"Acidente s";"70";"BR-101/RS";"Norte";"Colisão - Lateral";1;0;1;0;0;0;0;0;0;0;4;0;0;0;0
"14/11/2020";"15:18:00";"151";"Acidente c";"68";"BR-290/RS";"Leste";"Queda de moto";0;0;0;1;0;0;0;0;0;0;0;2;0;0;0
"14/11/2020";"16:56:00";"182";"Acidente c";"26";"BR-101/RS";"Ambos";"Capotamento";1;0;0;0;0;0;0;0;0;0;2;0;1;0;0
"14/11/2020";"17:09:00";"188";"Acidente s";"92";"BR-290/RS";"Oeste";"Colisão - Lateral";2;0;0;0;0;0;0;0;0;0;2;0;0;0;0
"15/11/2020";"04:04:00";"16";"Acidente s";"38";"BR-101/RS";"Norte";"Tombamento";0;0;0;0;0;0;0;1;0;0;1;0;0;0;0
"15/11/2020";"09:41:00";"46";"Acidente s";"303";"BR-386/RS";"Norte";"Saída de pista";1;0;0;0;0;0;0;0;0;0;3;0;0;0;0
"15/11/2020";"11:02:00";"63";"Acidente s";"60";"BR-290/RS";"Leste";"Colisão - Traseira";2;0;0;0;0;0;0;0;0;0;5;0;0;0;0
"15/11/2020";"19:19:00";"173";"Acidente c";"10";"BR-448/RS";"Norte";"Colisão - Traseira";1;0;0;1;0;0;0;0;0;0;2;0;1;0;0
"15/11/2020";"21:09:00";"190";"Acidente c";"13";"BR-101/RS";"Sul";"Colisão - Lateral";1;0;0;1;0;0;0;0;0;0;0;1;1;0;0
"16/11/2020";"01:20:00";"13";"Acidente c";"393";"BR-386/RS";"Sul";"Saída de pista";1;0;0;0;0;0;0;0;0;0;0;1;0;0;0
"16/11/2020";"04:40:00";"25";"Acidente s";"318";"BR-386/RS";"Sul";"Choque Talude";1;0;0;0;0;0;0;0;0;0;1;0;0;0;0
"16/11/2020";"05:59:00";"31";"Acidente c";"86";"BR-290/RS";"Oeste";"Queda de moto";0;0;0;1;0;0;0;0;0;0;0;1;0;0;0
"16/11/2020";"06:54:00";"37";"Acidente s";"77";"BR-290/RS";"Leste";"Choque Barreira";1;0;0;0;0;0;0;0;0;0;3;0;0;0;0
"16/11/2020";"12:00:00";"124";"Acidente s";"76";"BR-101/RS";"Sul";"Queda de ribanceira";1;0;0;0;0;0;0;0;0;0;1;0;0;0;0
"16/11/2020";"12:06:00";"126";"Acidente c";"50";"BR-290/RS";"Leste";"Colisão - Lateral";2;0;0;0;0;0;0;0;0;0;4;1;0;0;0
"16/11/2020";"13:16:00";"134";"Acidente s";"306";"BR-386/RS";"Norte";"Queda de ribanceira";1;0;0;0;0;0;0;0;0;0;1;0;0;0;0
"16/11/2020";"14:14:00";"148";"Acidente s";"35";"BR-101/RS";"Norte";"Colisão - Lateral";1;0;1;0;0;0;0;0;0;0;5;0;0;0;0
"16/11/2020";"14:18:00";"149";"Acidente s";"16";"BR-290/RS";"Leste";"Colisão - Lateral";1;0;1;0;0;0;0;0;0;0;4;0;0;0;0
"16/11/2020";"14:45:00";"154";"Acidente s";"13";"BR-290/RS";"Oeste";"Saída de pista";1;0;0;0;0;0;0;0;0;0;1;0;0;0;0
"16/11/2020";"15:04:00";"157";"Acidente c";"13";"BR-290/RS";"Leste";"Queda de ribanceira";1;0;0;0;0;0;0;0;0;0;4;1;0;0;0
"16/11/2020";"15:17:00";"162";"Acidente s";"16";"BR-290/RS";"Oeste";"Queda de ribanceira";1;0;0;0;0;0;0;0;0;0;2;0;0;0;0
"16/11/2020";"20:12:00";"218";"Acidente s";"26";"BR-290/RS";"Oeste";"Atropelamento de Animal";1;0;0;0;0;0;0;0;0;0;3;0;0;0;0
"17/11/2020";"02:06:00";"5";"Acidente c";"49";"BR-101/RS";"Norte";"Saída de pista";0;0;1;0;0;0;0;0;0;0;1;1;0;0;0
"17/11/2020";"06:18:00";"21";"Acidente s";"86";"BR-290/RS";"Oeste";"Colisão - Lateral";2;0;0;0;0;0;0;0;0;0;2;0;0;0;0
"17/11/2020";"16:44:00";"186";"Acidente s";"48";"BR-290/RS";"Oeste";"Capotamento";1;0;0;0;0;0;0;0;0;0;1;0;0;0;0
"17/11/2020";"22:41:00";"241";"Acidente c";"94";"BR-290/RS";"Oeste";"Choque Barreira";1;0;0;0;0;0;0;0;0;0;0;1;0;0;0
"18/11/2020";"01:58:00";"12";"Acidente s";"412";"BR-386/RS";"Sul";"Atropelamento de Animal";1;0;0;0;0;0;0;0;0;0;1;0;0;0;0
"18/11/2020";"09:06:00";"89";"Acidente c";"241";"BR-386/RS";"Norte";"Choque com objeto sobre a pista";1;0;0;1;0;0;0;0;0;0;6;0;1;0;0
"18/11/2020";"15:05:00";"167";"Acidente c";"350";"BR-386/RS";"Sul";"Saída de pista";0;0;0;1;0;0;0;0;0;0;0;1;0;0;0
"18/11/2020";"17:51:00";"193";"Acidente c";"33";"BR-101/RS";"Norte";"Queda de moto";0;0;0;1;0;0;0;0;0;0;0;2;0;0;0
"18/11/2020";"17:57:00";"194";"Acidente s";"446";"BR-386/RS";"Sul";"Tombamento";1;0;0;0;0;0;0;0;0;0;1;0;0;0;0
"18/11/2020";"19:00:00";"203";"Acidente s";"92";"BR-290/RS";"Leste";"Colisão - Lateral";1;0;0;0;0;0;0;1;0;0;6;0;0;0;0
"18/11/2020";"19:42:00";"205";"Acidente c";"445";"BR-386/RS";"Norte";"Colisão - Traseira";2;0;0;1;0;0;0;0;0;0;2;0;1;0;0
"18/11/2020";"20:50:00";"210";"Acidente s";"379";"BR-386/RS";"Norte";"Choque - Meio Fio";1;0;0;0;0;0;0;0;0;0;3;0;0;0;0
"19/11/2020";"01:04:00";"10";"Acidente c";"330";"BR-386/RS";"Sul";"Queda de ribanceira";0;0;1;0;0;0;0;0;0;0;0;1;0;0;0
"19/11/2020";"01:38:00";"12";"Acidente s";"32";"BR-290/RS";"Leste";"Queda de ribanceira";1;0;0;0;0;0;0;0;0;0;1;0;0;0;0
"19/11/2020";"02:02:00";"13";"Acidente s";"18";"BR-290/RS";"Oeste";"Saída de pista";0;0;1;0;0;0;0;0;0;0;1;0;0;0;0
"19/11/2020";"03:27:00";"17";"Acidente c";"363";"BR-386/RS";"Sul";"Capotamento";1;0;0;0;0;0;0;0;0;0;0;0;0;0;1
"19/11/2020";"07:44:00";"57";"Acidente c";"292";"BR-386/RS";"Sul";"Saída de pista";1;0;0;0;0;0;0;0;0;0;3;1;0;0;0
"19/11/2020";"07:59:00";"65";"Acidente c";"353";"BR-386/RS";"Norte";"Capotamento";1;0;0;0;0;0;0;0;0;0;0;1;0;0;0
"19/11/2020";"08:52:00";"86";"Acidente s";"97";"BR-290/RS";"Oeste";"Colisão - Traseira";2;0;0;0;0;0;0;0;0;0;1;0;0;0;0
"19/11/2020";"08:54:00";"87";"Acidente s";"346";"BR-386/RS";"Sul";"Colisão - Lateral";1;0;0;0;0;0;0;1;0;0;2;0;0;0;0
"19/11/2020";"10:45:00";"120";"Acidente s";"35";"BR-101/RS";"Norte";"Colisão - Traseira";2;0;0;0;0;0;0;0;0;0;2;0;0;0;0
"19/11/2020";"13:46:00";"156";"Acidente s";"2";"BR-290/RS";"Oeste";"Saída de pista";1;0;0;0;0;0;0;0;0;0;2;0;0;0;0
"19/11/2020";"14:59:00";"171";"Acidente s";"90";"BR-290/RS";"Leste";"Engavetamento";3;0;0;0;0;0;0;0;0;0;9;0;0;0;0
"19/11/2020";"19:44:00";"230";"Acidente s";"267";"BR-386/RS";"Sul";"Saída de pista";1;0;0;0;0;0;0;0;0;0;1;0;0;0;0
"19/11/2020";"22:46:00";"254";"Acidente s";"8,43";"BR-448/RS";"Norte";"Colisão - Traseira";2;0;0;0;0;0;0;0;0;0;5;0;0;0;0
"20/11/2020";"06:39:00";"279";"Acidente s";"417";"BR-386/RS";"Sul";;1;0;0;0;0;0;0;0;0;1;2;0;0;0;0
"20/11/2020";"07:22:00";"295";"Acidente s";"24";"BR-101/RS";"Norte";"Colisão - Traseira";1;0;0;0;0;1;0;0;0;0;4;0;0;0;0
"20/11/2020";"07:41:00";"310";"Acidente c";"90";"BR-290/RS";"Oeste";"Colisão - Traseira";1;0;0;1;0;0;0;0;0;0;2;0;1;0;0
"20/11/2020";"07:46:00";"312";"Acidente s";"88";"BR-290/RS";"Oeste";"Colisão - Lateral";1;0;0;1;0;0;0;0;0;0;6;0;0;0;0
"20/11/2020";"08:12:00";"324";"Acidente c";"400";"BR-386/RS";"Norte";"Colisão - Frontal";1;0;0;0;0;0;0;1;0;0;1;1;0;1;0
"20/11/2020";"14:29:00";"427";"Acidente s";"55";"BR-290/RS";"Leste";"Choque com objeto sobre a pista";1;0;0;0;0;0;0;0;0;0;3;0;0;0;0
"20/11/2020";"15:10:00";"439";"Acidente s";"19";"BR-290/RS";"Leste";"Colisão - Traseira";1;0;0;0;0;0;0;1;0;0;3;0;0;0;0
"20/11/2020";"15:31:00";"445";"Acidente s";"83";"BR-290/RS";"Leste";"Colisão - Lateral";1;0;1;0;0;0;0;0;0;0;3;0;0;0;0
"20/11/2020";"15:37:00";"447";"Acidente s";"10";"BR-448/RS";"Norte";"Colisão - Traseira";2;0;0;0;0;0;0;0;0;0;3;0;0;0;0
"20/11/2020";"16:39:00";"463";"Acidente s";"95";"BR-290/RS";"Oeste";"Engavetamento";2;0;1;0;0;0;0;0;0;0;4;0;0;0;0
"21/11/2020";"03:08:00";"18";"Acidente c";"410";"BR-386/RS";"Sul";"Saída de pista";0;0;1;0;0;0;0;0;0;0;0;0;0;1;0
"21/11/2020";"05:15:00";"25";"Acidente c";"86";"BR-290/RS";"Leste";"Queda de moto";0;0;0;1;0;0;0;0;0;0;0;1;1;0;0
"21/11/2020";"06:28:00";"31";"Acidente s";"77,4";"BR-290/RS";"Leste";"Choque Praça - Submarino";1;0;0;0;0;0;0;0;0;0;1;0;0;0;0
"21/11/2020";"08:21:00";"71";"Acidente s";"344";"BR-386/RS";"Norte";"Queda de ribanceira";1;0;0;0;0;0;0;0;0;0;1;0;0;0;0
"21/11/2020";"09:21:00";"85";"Acidente c";"62";"BR-290/RS";"Leste";"Colisão - Lateral";2;0;0;0;0;0;0;0;0;0;3;6;0;0;0
"21/11/2020";"10:04:00";"98";"Acidente c";"343";"BR-386/RS";"Norte";"Capotamento";1;0;0;0;0;0;0;0;0;0;0;0;1;0;0
"21/11/2020";"10:37:00";"109";"Acidente c";"346";"BR-386/RS";"Norte";"Queda de moto";0;0;0;1;0;0;0;0;0;0;1;1;0;0;0
"21/11/2020";"10:45:00";"111";"Acidente s";"97";"BR-290/RS";"Ambos";"Colisão - Traseira";2;0;0;0;0;0;0;0;0;0;4;0;0;0;0