data;horario;n_da_ocorrencia;tipo_de_ocorrencia;km;trecho;sentido;tipo_de_acidente;automovel;bicicleta;caminhao;moto;onibus;outros;tracao_animal;transporte_de_cargas_especiais;trator_maquinas;utilitarios;ilesos;levemente_feridos;moderadamente_feridos;gravemente_feridos;mortos
"31/12/2020";"00:25:00";"10";"Acidente s";"392";"BR-386/RS";"Sul";"Choque Barreira";0;0;0;0;0;0;0;0;0;1;2;0;0;0;0
"31/12/2020";"07:08:00";"64";"Acidente c";"76";"BR-101/RS";"Norte";"Queda de ribanceira";1;0;0;0;0;0;0;0;0;0;1;1;0;0;0
"31/12/2020";"07:16:00";"69";"Acidente s";"89";"BR-290/RS";"Oeste";"Queda de moto";0;0;0;1;0;0;0;0;0;0;1;0;0;0;0
"31/12/2020";"07:55:00";"86";"Acidente s";"5";"BR-290/RS";"Leste";"Colisão - Traseira";2;0;0;0;0;0;0;0;0;0;8;0;0;0;0
"31/12/2020";"09:37:00";"122";"Acidente s";"19";"BR-290/RS";"Oeste";"Choque Defensa";1;0;0;0;0;0;0;0;0;0;1;0;0;0;0
"31/12/2020";"10:48:00";"141";"Acidente c";"92";"BR-290/RS";"Leste";"Choque Defensa";1;0;0;0;0;0;0;0;0;0;2;1;0;0;0
"31/12/2020";"14:21:00";"189";"Acidente s";"362";"BR-386/RS";"Norte";"Saída de pista";1;0;0;0;0;0;0;0;0;0;3;0;0;0;0
"31/12/2020";"15:43:00";"223";"Acidente c";"1";"BR-290/RS";"Leste";"Colisão - Traseira";1;0;0;1;0;0;0;0;0;0;1;1;0;0;0
"31/12/2020";"16:07:00";"237";"Acidente s";"84";"BR-290/RS";"Oeste";"Choque Defensa";1;0;0;0;0;0;0;0;0;0;1;0;0;0;0
"31/12/2020";"17:07:00";"262";"Acidente s";"11";"BR-290/RS";"Leste";"Colisão - Traseira";2;0;0;0;0;0;0;0;0;0;8;0;0;0;0
"31/12/2020";"17:32:00";"271";"Acidente s";"12";"BR-290/RS";"Leste";"Engavetamento";4;0;0;1;0;0;0;0;0;0;5;0;0;0;0
"31/12/2020";"18:15:00";"289";"Acidente s";"3";"BR-290/RS";"Leste";"Colisão - Traseira";0;0;0;0;0;0;0;0;0;0;6;0;0;0;0
"31/12/2020";"23:43:00";"350";"Acidente s";"19";"BR-290/RS";"Leste";"Colisão - Lateral";2;0;0;0;0;0;0;0;0;0;4;0;0;0;0
"01/01/2021";"10:40:00";"96";"Acidente c";"26";"BR-290/RS";"Leste";"Colisão - Traseira";1;0;0;0;0;0;0;0;0;0;3;0;2;0;0
"01/01/2021";"12:21:00";"114";"Acidente c";"330";"BR-386/RS";"Sul";"Colisão - Lateral";2;0;0;0;0;0;0;0;0;0;1;1;0;0;0
"01/01/2021";"12:59:00";"123";"Acidente C";"79";"BR-101/RS";"Sul";"Queda de moto";1;0;0;1;0;0;0;0;0;0;3;0;0;1;0
"01/01/2021";"14:31:00";"141";"Acidente c";"81";"BR-290/RS";"Leste";"Colisão - Traseira";0;0;0;1;0;0;0;0;0;0;2;0;0;0;0
"01/01/2021";"17:13:00";"188";"Acidente C";"35";"BR-101/RS";"Sul";"Colisão - Traseira";1;0;0;1;0;0;0;0;0;0;3;1;0;0;0
"01/01/2021";"17:21:00";"194";"Acidente c";"354";"BR-386/RS";"Sul";"Saída de pista";2;0;0;0;0;0;0;0;0;0;9;0;0;0;0
"02/01/2021";"06:25:00";"28";"Acidente C";"334";"BR-386/RS";"Sul";"Queda de ribanceira";0;0;0;1;0;0;0;0;0;0;0;0;1;0;0
"02/01/2021";"10:12:00";"78";"Acidente c";"262";"BR-386/RS";"Sul";"Colisão - Traseira";2;0;0;0;0;0;0;0;0;0;2;0;0;0;0
"02/01/2021";"13:27:00";"153";"Acidente c";"26";"BR-290/RS";"Oeste";"Queda de ribanceira";1;0;0;0;0;0;0;0;0;0;4;0;0;0;0
"02/01/2021";"18:51:00";"265";"Acidente C";"1";"BR-290/RS";"Oeste";"Colisão - Traseira";1;0;0;0;0;0;0;1;0;0;0;3;0;0;0
"02/01/2021";"20:22:00";"287";"Acidente s";"1";"BR-290/RS";"Oeste";"Colisão - Traseira";3;0;0;0;0;0;0;0;0;0;8;0;0;0;0
"02/01/2021";"23:17:00";"337";"Acidente s";"49";"BR-290/RS";"Oeste";"Colisão - Traseira";2;0;0;0;0;0;0;0;0;0;2;0;0;0;0
"03/01/2021";"00:10:00";"3";"Acidente s";"188";"BR-386/RS";"Norte";"Queda de ribanceira";2;0;0;0;0;0;0;0;0;0;2;0;0;0;0
"03/01/2021";"00:58:00";"10";"Acidente c";"296";"BR-386/RS";"Sul";"Engavetamento";1;0;0;0;0;0;0;0;0;0;4;0;0;0;0
"03/01/2021";"03:40:00";"24";"Acidente s";"255";"BR-386/RS";"Sul";"Capotamento";2;0;0;0;0;0;0;0;0;0;2;0;0;0;0
"03/01/2021";"09:22:00";"90";"Acidente C";"17";"BR-290/RS";"Leste";"Engavetamento";1;0;0;0;0;0;0;0;0;0;3;2;0;0;0
"03/01/2021";"09:39:00";"102";"Acidente C";"5";"BR-290/RS";"Oeste";"Colisão - Traseira";3;0;0;0;0;0;0;0;0;0;10;1;0;0;0
"03/01/2021";"10:18:00";"118";"Acidente s";"86";"BR-101/RS";"Sul";"Engavetamento";1;0;0;0;0;0;0;0;0;0;1;0;0;0;0
"03/01/2021";"12:38:00";"188";"Acidente s";"43";"BR-101/RS";"Norte";"Colisão - Traseira";5;0;0;0;0;0;0;0;0;0;5;0;0;0;0
"03/01/2021";"13:15:00";"206";"Acidente s";"64";"BR-290/RS";"Leste";"Colisão - Traseira";2;0;0;0;0;0;0;0;0;0;2;0;0;0;0
"03/01/2021";"13:19:00";"209";"Acidente s";"7";"BR-290/RS";"Oeste";"Colisão - Traseira";4;0;0;0;0;0;0;0;0;0;3;0;0;0;0
"03/01/2021";"15:52:00";"285";"Acidente s";"82";"BR-290/RS";"Oeste";"Queda de ribanceira";1;0;0;1;0;0;0;0;0;0;2;0;0;0;0
"03/01/2021";"17:41:00";"361";"Acidente s";"92";"BR-290/RS";"Oeste";"Queda de moto";1;0;0;0;0;0;0;0;0;0;2;0;0;0;0
"03/01/2021";"18:01:00";"375";"Acidente s";"258";"BR-386/RS";"Norte";"Colisão - Traseira";0;0;0;1;0;0;0;0;0;0;2;0;0;0;0
"03/01/2021";"18:29:00";"390";"Acidente c";"40";"BR-290/RS";"Oeste";"Colisão - Lateral";2;0;0;0;0;0;0;0;0;0;5;0;0;0;0
"03/01/2021";"18:53:00";"401";"Acidente C";"46";"BR-290/RS";"Oeste";"Queda de moto";1;0;0;1;0;0;0;0;0;0;1;1;0;0;0
"03/01/2021";"19:40:00";"424";"Acidente s";"16";"BR-290/RS";"Oeste";;0;0;0;1;0;0;0;0;0;0;2;0;0;0;0
"03/01/2021";"21:33:00";"462";"Acidente s";"17";"BR-290/RS";"Oeste";"Colisão - Traseira";1;0;0;0;0;0;0;0;0;0;1;0;0;0;0
"03/01/2021";"22:13:00";"478";"Acidente c";"30";"BR-290/RS";"Oeste";"Colisão - Traseira";2;0;0;0;0;0;0;0;0;0;5;0;0;0;0
"04/01/2021";"02:02:00";"20";"Acidente c";"81";"BR-290/RS";"Oeste";"Queda de moto";1;0;0;0;0;0;0;0;0;0;4;0;0;0;0
"04/01/2021";"06:41:00";"49";"Acidente C";"292";"BR-386/RS";"Norte";"Choque Barreira";1;0;0;0;0;0;0;0;0;0;2;1;0;0;0
"04/01/2021";"12:25:00";"188";"Acidente c";"94";"BR-290/RS";"Leste";"Colisão - Lateral";1;0;0;0;0;0;0;0;0;0;0;1;0;0;0
"04/01/2021";"13:28:00";"210";"Acidente C";"92";"BR-290/RS";"Leste";"Colisão - Lateral";0;0;0;1;0;0;0;0;0;0;0;0;1;0;0
"04/01/2021";"16:23:00";"277";"Acidente c";"43";"BR-290/RS";"Oeste";"Saída de pista";1;0;1;0;0;0;0;0;0;0;2;0;0;0;0
"04/01/2021";"17:33:00";"306";"Acidente c";"255";"BR-386/RS";"Sul";"Colisão - Frontal";1;0;0;0;0;0;0;0;0;0;0;0;0;1;1
"04/01/2021";"18:36:00";"324";"Acidente c";"32";"BR-101/RS";"Norte";"Colisão - Traseira";1;0;0;1;0;0;0;0;0;0;0;0;1;0;1
"04/01/2021";"20:17:00";"347";"Atropelame";"78";"BR-101/RS";"Norte";"Atropelamento - Andarilho";2;0;0;0;0;0;0;0;0;0;2;1;0;0;0
"04/01/2021";"23:03:00";"376";"Acidente c";"384";"BR-386/RS";"Sul";"Saída de pista";1;0;0;0;0;0;0;0;0;0;2;0;0;0;1
"05/01/2021";"06:10:00";"28";"Acidente c";"22";"BR-290/RS";"Leste";"Tombamento";1;0;0;0;0;0;0;0;0;0;1;0;0;0;0
"05/01/2021";"06:28:00";"30";"Acidente s";"232";"BR-386/RS";"Sul";"Colisão - Lateral";2;0;0;0;0;0;0;0;0;1;4;0;0;0;0
"05/01/2021";"08:29:00";"82";"Acidente c";"296";"BR-386/RS";"Sul";"Tombamento";1;0;0;1;0;0;0;0;0;0;1;1;0;0;0
"05/01/2021";"10:26:00";"123";"Acidente c";"71";"BR-290/RS";"Oeste";"Colisão - Traseira";0;0;0;0;0;0;0;0;0;1;0;0;1;0;0
"05/01/2021";"11:52:00";"145";"Acidente c";"11";"BR-290/RS";"Leste";"Saída de pista";0;0;0;0;0;0;0;2;0;0;2;0;0;0;0
"05/01/2021";"15:30:00";"199";"Acidente c";"80";"BR-290/RS";"Oeste";"Queda de moto";0;0;0;0;0;0;0;1;0;0;0;1;0;0;0
"05/01/2021";"15:37:00";"203";"Acidente C";"75";"BR-290/RS";"Leste";"Choque Defensa";1;0;0;1;0;0;0;0;0;0;2;0;1;0;0
"05/01/2021";"17:41:00";"238";"Acidente C";"75";"BR-290/RS";"Oeste";"Colisão - Lateral";1;0;0;0;0;0;0;0;0;0;0;2;0;0;0
"05/01/2021";"18:13:00";"248";"Acidente c";"370";"BR-386/RS";"Sul";"Colisão - Transversal";0;0;0;1;0;0;0;0;0;0;1;1;0;0;0
"06/01/2021";"00:54:00";"3";"Acidente s";"6";"BR-290/RS";"Oeste";"Saída de pista";2;0;0;0;0;0;0;0;0;0;7;0;0;0;0
"06/01/2021";"01:32:00";"7";"Acidente c";"67";"BR-290/RS";"Oeste";"Colisão - Traseira";1;0;0;0;0;0;0;1;0;0;3;0;0;0;0
"06/01/2021";"01:48:00";"10";"Acidente s";"10";"BR-448/RS";"Norte";"Choque - Poste";1;0;0;0;0;0;0;0;0;0;2;0;0;0;0
"06/01/2021";"06:46:00";"31";"Acidente C";"3";"BR-290/RS";"Oeste";"Colisão - Traseira";1;0;0;1;0;0;0;0;0;0;2;1;0;0;0
"06/01/2021";"08:58:00";"98";"Acidente c";"1";"BR-290/RS";"Oeste";"Queda de ribanceira";1;0;1;0;0;0;0;0;0;0;1;0;0;0;1
"06/01/2021";"12:22:00";"166";"Acidente C";"277";"BR-386/RS";"Norte";"Colisão - Traseira";2;0;0;0;0;0;0;0;0;0;9;1;0;0;0
"06/01/2021";"13:54:00";"190";"Acidente c";"296";"BR-386/RS";"Sul";"Colisão - Lateral";1;0;0;0;0;0;0;0;0;0;1;0;0;0;0
"06/01/2021";"14:55:00";"208";"Acidente s";"414";"BR-386/RS";"Norte";"Colisão - Traseira";2;0;0;0;0;0;0;0;0;0;1;0;0;0;0
"06/01/2021";"17:05:00";"248";"Acidente c";"294";"BR-386/RS";"Sul";"Choque com veículo na faixa de rolamento";1;0;0;0;0;0;0;0;0;0;1;0;0;0;0
"07/01/2021";"00:03:00";"2";"Acidente s";"47";"BR-290/RS";"Oeste";"Queda de ribanceira";1;0;1;0;0;0;0;0;0;0;2;0;0;0;0
"07/01/2021";"07:16:00";"41";"Acidente c";"80";"BR-290/RS";"Leste";"Queda de moto";1;0;0;0;0;0;0;0;0;0;0;1;0;0;0
"07/01/2021";"08:48:00";"89";"Acidente C";"87";"BR-290/RS";"Leste";"Colisão - Traseira";1;0;0;0;0;0;0;0;0;0;0;0;1;0;0
"07/01/2021";"08:53:00";"92";"Acidente s";"87";"BR-290/RS";"Leste";"Colisão - Traseira";1;0;0;0;0;0;0;0;0;0;1;0;0;0;0
"07/01/2021";"11:19:00";"158";"Acidente s";"35";"BR-290/RS";"Leste";"Engavetamento";1;0;0;0;0;0;0;0;0;0;2;0;0;0;0
"07/01/2021";"11:30:00";"160";"Acidente c";"319";"BR-386/RS";"Sul";"Capotamento";0;0;0;1;0;0;0;0;0;0;0;1;0;0;0
"07/01/2021";"17:15:00";"269";"Acidente c";"357";"BR-386/RS";"Norte";"Capotamento";1;0;1;0;0;0;0;0;0;0;3;0;0;0;0
"07/01/2021";"23:00:00";"347";"Acidente s";"30";"BR-290/RS";"Leste";"Queda de ribanceira";2;0;1;0;0;0;0;0;0;0;6;0;0;0;0
"08/01/2021";"03:40:00";"15";"Acidente s";"64";"BR-101/RS";"Sul";"Atropelamento de Animal";0;0;1;0;0;0;0;0;0;1;3;0;0;0;0
"08/01/2021";"05:42:00";"20";"Acidente c";"53";"BR-290/RS";"Oeste";"Queda de ribanceira";2;0;0;0;0;0;0;0;0;0;2;0;0;0;0
"08/01/2021";"07:27:00";"38";"Acidente s";"368";"BR-386/RS";"Norte";"Colisão - Lateral";2;0;0;0;0;0;0;0;0;0;7;0;0;0;0
"08/01/2021";"09:44:00";"103";"Acidente c";"80";"BR-290/RS";"Leste";"Queda de moto";0;0;0;0;0;0;0;0;0;1;2;0;0;0;0
"08/01/2021";"12:13:00";"142";"Acidente C";"94";"BR-290/RS";"Oeste";"Colisão - Traseira";1;0;0;0;0;0;0;0;0;0;0;1;0;0;0
"08/01/2021";"14:38:00";"185";"Acidente C";"88";"BR-290/RS";"Leste";"Colisão - Traseira";0;0;0;1;0;0;0;0;0;0;0;1;0;0;0
"08/01/2021";"15:16:00";"204";"Acidente s";"79";"BR-290/RS";"Leste";"Engavetamento";2;0;0;0;0;0;0;0;0;0;5;0;0;0;0
"08/01/2021";"16:14:00";"225";"Acidente c";"430";"BR-386/RS";"Sul";"Colisão - Frontal";3;0;0;0;0;0;0;0;0;0;3;0;0;0;0
"08/01/2021";"17:26:00";"247";"Acidente c";"26";"BR-290/RS";"Leste";"Colisão - Traseira";2;0;0;0;0;0;0;0;0;0;1;3;2;0;0
"08/01/2021";"17:44:00";"252";"Acidente C";"28";"BR-290/RS";"Leste";"Engavetamento";1;0;1;0;0;0;0;0;0;0;1;2;0;0;0
"08/01/2021";"18:29:00";"264";"Acidente s";"92";"BR-290/RS";"Oeste";"Colisão - Traseira";3;0;0;0;0;0;0;0;0;0;7;0;0;0;0
"08/01/2021";"21:43:00";"328";"Acidente s";"3";"BR-290/RS";"Leste";"Colisão - Traseira";2;0;0;0;0;0;0;0;0;0;2;0;0;0;0
"09/01/2021";"01:04:00";"10";"Acidente c";"414";"BR-386/RS";"Norte";"Capotamento";1;0;0;0;0;0;0;0;0;0;0;0;0;0;1
"09/01/2021";"07:34:00";"52";"Acidente c";"13";"BR-448/RS";"Sul";"Capotamento";0;0;0;1;0;0;0;0;0;0;1;0;0;0;0
"09/01/2021";"08:47:00";"78";"Acidente s";"96";"BR-290/RS";"Oeste";"Choque Defensa";1;0;0;0;0;0;0;0;0;0;3;0;0;0;0
"09/01/2021";"09:29:00";"96";"Acidente c";"79";"BR-101/RS";"Norte";"Colisão - Lateral";1;0;0;0;0;0;0;0;0;0;0;1;0;0;0
"09/01/2021";"16:26:00";"228";"Acidente C";"68";"BR-290/RS";"Oeste";"Colisão - Lateral";1;0;0;0;0;0;0;0;0;0;2;0;2;0;0
"09/01/2021";"16:55:00";"239";"Acidente s";"52";"BR-101/RS";"Sul";"Choque Barreira";1;0;0;0;0;0;0;0;0;0;1;0;0;0;0
"09/01/2021";"22:48:00";"315";"Acidente c";"211";"BR-386/RS";"Sul";"Saída de pista";1;0;0;0;0;0;0;1;0;0;2;2;1;0;0
"10/01/2021";"01:30:00";"13";"Acidente c";"68";"BR-290/RS";"Leste";"Saída de pista";2;0;0;0;0;0;0;0;0;0;0;1;0;0;0
"10/01/2021";"01:48:00";"15";"Acidente s";"79";"BR-101/RS";"Sul";"Saída de pista";1;0;0;0;0;0;0;0;0;0;2;0;0;0;0
"10/01/2021";"08:57:00";"74";"Acidente s";"74";"BR-290/RS";"Oeste";"Colisão - Traseira";2;0;0;0;0;0;0;0;0;0;7;0;0;0;0
"10/01/2021";"16:06:00";"166";"Acidente s";"91";"BR-290/RS";"Leste";"Queda de moto";0;0;0;1;0;0;0;1;0;0;2;0;0;0;0
"10/01/2021";"17:16:00";"187";"Acidente c";"348";"BR-386/RS";"Sul";"Colisão - Traseira";0;0;0;1;0;0;0;0;0;0;1;0;0;0;0
"10/01/2021";"17:29:00";"193";"Acidente C";"18";"BR-290/RS";"Oeste";"Colisão - Traseira";2;0;0;0;0;0;0;0;0;0;7;1;0;0;0
"10/01/2021";"20:52:00";"273";"Acidente s";"10";"BR-101/RS";"Sul";"Colisão - Lateral";1;0;0;1;0;0;0;0;0;0;4;0;0;0;0
"11/01/2021";"06:43:00";"23";"Acidente c";"377";"BR-386/RS";"Norte";"Tombamento";2;0;0;0;0;0;0;0;0;0;4;0;0;0;0
"11/01/2021";"08:25:00";"72";"Acidente c";"87";"BR-290/RS";"Oeste";"Colisão - Traseira";2;0;0;0;0;0;0;0;0;0;5;0;0;0;0
"11/01/2021";"08:45:00";"82";"Acidente s";"98";"BR-290/RS";"Oeste";"Queda de moto";0;0;0;0;0;0;0;0;0;1;2;0;0;0;0
"11/01/2021";"09:16:00";"101";"Acidente C";"60";"BR-290/RS";"Oeste";"Colisão - Lateral";1;0;0;0;0;0;0;0;0;0;0;1;0;0;0
"11/01/2021";"10:20:00";"129";"Acidente c";"86";"BR-290/RS";"Oeste";;2;0;0;0;0;0;0;0;0;0;1;1;0;0;0
"11/01/2021";"13:23:00";"194";"Acidente s";"52";"BR-101/RS";"Ambos";"Queda de ribanceira";0;0;0;1;0;0;0;0;0;0;1;0;0;0;0
"11/01/2021";"18:26:00";"299";"Acidente C";"387";"BR-386/RS";"Norte";"Colisão - Transversal";0;0;0;1;0;0;0;0;0;0;0;1;0;0;0
"11/01/2021";"23:42:00";"377";"Acidente s";"356";"BR-386/RS";"Norte";"Saída de pista";1;0;0;0;0;0;0;0;0;0;2;0;0;0;0
"12/01/2021";"03:46:00";"23";"Acidente s";"41";"BR-290/RS";"Leste";"Queda de ribanceira";1;0;0;0;0;0;0;0;0;0;2;0;0;0;0
"12/01/2021";"06:09:00";"29";"Acidente s";"30";"BR-101/RS";"Sul";"Queda de ribanceira";1;0;0;0;0;0;0;0;0;0;2;0;0;0;0
"12/01/2021";"09:17:00";"105";"Acidente s";"41";"BR-290/RS";"Oeste";"Queda de ribanceira";1;0;0;0;0;0;0;0;0;0;1;0;0;0;0
"12/01/2021";"12:17:00";"167";"Acidente c";"415";"BR-386/RS";"Norte";"Colisão - Lateral";1;0;0;0;0;0;0;0;0;0;1;0;0;0;0
"12/01/2021";"17:33:00";"244";"Acidente C";"2";"BR-290/RS";"Oeste";"Capotamento";1;0;0;1;0;0;0;0;0;0;5;0;1;0;0
"13/01/2021";"03:23:00";"12";"Acidente c";"27";"BR-290/RS";"Leste";"Queda de ribanceira";0;0;1;0;0;0;0;0;0;0;0;1;1;0;0
"13/01/2021";"08:49:00";"69";"Acidente c";"15";"BR-101/RS";"Sul";"Queda de ribanceira";0;0;1;0;0;0;0;0;0;0;1;0;0;0;0
"13/01/2021";"17:54:00";"227";"Acidente C";"269";"BR-386/RS";"Sul";"Colisão - Traseira";1;0;0;0;0;0;0;0;0;0;0;1;0;0;0
"13/01/2021";"18:23:00";"232";"Acidente c";"182";"BR-386/RS";"Sul";"Queda de moto";1;0;1;0;0;0;0;0;0;0;2;0;0;0;0
"13/01/2021";"18:47:00";"239";"Acidente c";"92";"BR-290/RS";"Oeste";"Queda de moto";1;0;0;0;0;0;0;0;0;0;0;1;0;0;0
"13/01/2021";"19:48:00";"247";"Acidente c";"27";"BR-101/RS";"Sul";"Colisão - Lateral";0;0;0;1;0;0;0;0;0;0;1;1;0;0;0
"13/01/2021";"22:43:00";"264";"Acidente C";"41";"BR-290/RS";"Leste";"Queda de ribanceira";1;0;0;0;0;1;0;0;0;0;5;1;0;0;0
"14/01/2021";"07:15:00";"23";"Acidente s";"75";"BR-101/RS";"Ambos";"Saída de pista";0;0;0;0;0;1;0;1;0;0;2;0;0;0;0
"14/01/2021";"07:26:00";"27";"Acidente c";"86";"BR-290/RS";"Leste";"Queda de ribanceira";1;0;0;0;0;0;0;0;0;0;2;0;0;0;0
"14/01/2021";"08:11:00";"52";"Acidente c";"19";"BR-290/RS";"Leste";"Choque Defensa";2;0;0;0;0;0;0;0;0;0;5;0;0;0;0
"14/01/2021";"14:16:00";"147";"Acidente s";"92";"BR-290/RS";"Leste";"Colisão - Lateral";1;0;0;0;0;0;0;0;0;0;1;0;0;0;0
"14/01/2021";"16:03:00";"174";"Acidente C";"404";"BR-386/RS";"Sul";"Queda de ribanceira";1;0;0;0;0;0;0;0;0;0;0;1;0;0;0
"14/01/2021";"17:34:00";"195";"Acidente C";"336";"BR-386/RS";"Norte";"Colisão - Lateral";1;0;0;0;0;0;0;0;0;0;0;2;0;0;0
"14/01/2021";"17:49:00";"197";"Acidente s";"88";"BR-290/RS";"Leste";"Colisão - Traseira";2;0;0;0;0;0;0;0;0;0;4;0;0;0;0
"14/01/2021";"19:31:00";"217";"Acidente c";"353";"BR-386/RS";"Sul";"Colisão - Lateral";0;0;1;0;0;0;0;0;0;0;1;0;0;0;0
"14/01/2021";"21:06:00";"237";"Acidente s";"376";"BR-386/RS";"Sul";"Choque com objeto sobre a pista";2;0;0;0;0;0;0;0;0;0;2;0;0;0;0
"14/01/2021";"21:08:00";"238";"Acidente C";"245";"BR-386/RS";"Sul";"Colisão - Lateral";1;0;0;1;0;0;0;0;0;0;3;0;1;0;0
"15/01/2021";"06:00:00";"31";"Acidente C";"94";"BR-290/RS";"Oeste";"Colisão - Lateral";0;0;0;1;0;0;0;0;0;0;0;2;0;0;0
"15/01/2021";"07:37:00";"44";"Acidente c";"442";"BR-386/RS";"Norte";"Queda de ribanceira";0;0;0;1;0;0;0;0;0;0;0;0;0;0;1
"15/01/2021";"08:51:00";"96";"Acidente s";"91";"BR-290/RS";"Ambos";;2;0;0;0;0;0;0;0;0;0;7;0;0;0;0
"15/01/2021";"12:09:00";"166";"Acidente s";"308";"BR-386/RS";"Norte";"Queda de ribanceira";1;0;0;0;0;0;0;0;0;0;2;0;0;0;0
"15/01/2021";"15:23:00";"213";"Acidente c";"86";"BR-101/RS";"Sul";"Colisão - Lateral";1;0;0;0;0;0;0;0;0;0;1;0;0;0;0
"15/01/2021";"15:30:00";"216";"Acidente s";"354";"BR-386/RS";"Sul";"Colisão - Lateral";0;0;0;1;0;0;0;0;0;0;1;0;0;0;0
"15/01/2021";"15:51:00";"222";"Acidente c";"12";"BR-448/RS";"Norte";"Queda de moto";0;0;1;0;0;0;0;0;0;0;1;0;0;0;0
"15/01/2021";"16:24:00";"228";"Acidente c";"349";"BR-386/RS";"Norte";"Colisão - Traseira";1;0;0;1;0;0;0;0;0;0;1;1;0;0;0
"15/01/2021";"21:33:00";"309";"Acidente c";"92";"BR-290/RS";"Oeste";"Queda de moto";1;0;1;0;0;0;0;0;0;0;2;0;0;0;0
"15/01/2021";"21:39:00";"311";"Acidente C";"18";"BR-290/RS";"Leste";"Colisão - Transversal";2;0;0;0;0;0;0;0;0;0;1;0;0;1;0
"16/01/2021";"01:19:00";"12";"Acidente s";"81";"BR-290/RS";"Leste";"Queda de ribanceira";1;0;0;0;0;0;0;0;0;0;2;0;0;0;0
"16/01/2021";"02:08:00";"16";"Acidente s";"217";"BR-386/RS";"Sul";"Colisão - Lateral";1;0;0;0;0;0;0;0;0;1;4;0;0;0;0
"16/01/2021";"04:46:00";"26";"Acidente c";"331";"BR-386/RS";"Norte";"Queda de ribanceira";1;0;0;0;0;0;0;0;0;0;1;0;0;0;0
"16/01/2021";"05:48:00";"35";"Acidente s";"354";"BR-386/RS";"Sul";;1;0;0;0;0;0;0;0;0;0;3;0;0;0;0
"16/01/2021";"07:16:00";"48";"Acidente c";"423";"BR-386/RS";"Sul";"Colisão - Frontal";2;0;0;0;0;0;0;0;0;0;1;0;0;0;0
"16/01/2021";"07:23:00";"51";"Acidente c";"304";"BR-386/RS";"Sul";"Colisão - Lateral";1;0;0;0;0;0;0;0;0;0;1;0;0;0;0
"16/01/2021";"09:00:00";"90";"Acidente s";"60";"BR-290/RS";"Leste";"Colisão - Lateral";1;0;0;0;0;0;0;0;0;0;1;0;0;0;0
"16/01/2021";"14:13:00";"203";"Acidente s";"59";"BR-290/RS";"Leste";"Capotamento";1;0;0;0;0;0;0;0;0;0;1;0;0;0;0
"16/01/2021";"14:13:00";"201";"Acidente C";"396";"BR-386/RS";"Sul";"Colisão - Lateral";0;0;0;1;0;0;0;0;0;0;0;1;0;0;0
"16/01/2021";"14:19:00";"205";"Acidente C";"94";"BR-290/RS";"Oeste";"Choque Defensa";1;0;0;0;0;0;0;0;0;1;3;2;0;1;0
"16/01/2021";"14:32:00";"213";"Acidente c";"382";"BR-386/RS";"Sul";"Choque Talude";2;0;0;0;0;0;0;0;0;0;3;0;0;1;0
"16/01/2021";"14:35:00";"214";"Acidente s";"95";"BR-290/RS";"Oeste";"Teste Wanderson";1;0;0;0;0;0;0;0;0;1;2;0;0;0;0
"16/01/2021";"15:00:00";"220";"Acidente c";"306";"BR-386/RS";"Norte";"Colisão - Traseira";2;0;0;0;0;0;0;0;0;0;3;0;0;0;0
"16/01/2021";"15:17:00";"229";"Acidente s";"86";"BR-101/RS";"Norte";"Capotamento";1;0;0;0;0;0;0;0;0;0;2;0;0;0;0
"16/01/2021";"15:40:00";"239";"Acidente s";"352";"BR-386/RS";"Norte";"Engavetamento";1;0;0;0;0;0;0;0;0;0;1;0;0;0;0
"16/01/2021";"16:20:00";"249";"Acidente c";"395";"BR-386/RS";"Sul";"Choque Talude";1;0;0;0;0;0;0;0;0;0;1;1;0;1;0
"16/01/2021";"16:50:00";"261";"Acidente C";"50";"BR-290/RS";"Oeste";"Capotamento";1;0;0;0;0;0;0;0;0;0;0;3;0;0;0
"16/01/2021";"16:51:00";"262";"Acidente s";"306";"BR-386/RS";"Norte";"Colisão - Traseira";1;0;0;0;0;0;0;0;0;0;5;0;0;0;0
"16/01/2021";"17:04:00";"264";"Acidente s";"305";"BR-386/RS";"Sul";"Saída de pista";3;0;0;0;0;0;0;0;0;0;4;0;0;0;0
"16/01/2021";"17:14:00";"266";"Acidente C";"65";"BR-290/RS";"Oeste";"Queda de ribanceira";1;0;0;0;0;0;0;0;0;0;0;4;3;0;0
"16/01/2021";"18:13:00";"273";"Acidente s";"92";"BR-290/RS";"Oeste";"Colisão - Lateral";1;0;0;0;0;0;0;0;0;0;2;0;0;0;0
"16/01/2021";"18:27:00";"274";"Acidente s";"86";"BR-290/RS";"Leste";"Saída de pista";2;0;0;0;0;0;0;0;0;0;2;0;0;0;0
"16/01/2021";"23:35:00";"324";"Acidente s";"14";"BR-290/RS";"Leste";"Queda de ribanceira";1;0;0;0;0;0;0;0;0;0;1;0;0;0;0
"17/01/2021";"04:57:00";"15";"Acidente C";"96";"BR-290/RS";"Oeste";"Choque Defensa";1;0;0;0;0;0;0;0;0;0;1;0;1;0;0
"17/01/2021";"06:01:00";"18";"Acidente s";"13";"BR-290/RS";"Leste";"Queda de ribanceira";1;0;0;0;0;0;0;0;0;0;2;0;0;0;0
"17/01/2021";"11:43:00";"83";"Acidente c";"299";"BR-386/RS";"Norte";"Colisão - Frontal";1;0;0;0;0;0;0;0;0;0;1;0;0;0;0
"17/01/2021";"13:28:00";"102";"Acidente c";"60";"BR-290/RS";"Oeste";"Colisão - Traseira";1;0;0;0;0;0;0;0;0;0;1;0;0;0;0
"17/01/2021";"13:29:00";"103";"Acidente s";"54";"BR-290/RS";"Oeste";"Colisão - Lateral";1;0;0;0;0;0;0;0;0;0;1;0;0;0;0