data;horario;n_da_ocorrencia;tipo_de_ocorrencia;km;trecho;sentido;tipo_de_acidente;automovel;bicicleta;caminhao;moto;onibus;outros;tracao_animal;transporte_de_cargas_especiais;trator_maquinas;utilitarios;ilesos;levemente_feridos;moderadamente_feridos;gravemente_feridos;mortos
"01/04/2021";"18:21:00";"271";"Acidente c";"89";"BR-290/RS";"Leste";"Colisão - Lateral";1;0;0;1;0;0;0;0;0;0;1;1;0;0;0
"01/04/2021";"19:15:00";"286";"Acidente c";"414";"BR-386/RS";"Norte";"Colisão - Lateral";1;0;0;1;0;0;0;0;0;0;1;0;0;0;1
"02/04/2021";"04:47:00";"18";"Acidente s";"330";"BR-386/RS";"Sul";;1;0;0;0;0;0;0;0;0;0;1;0;0;0;0
"02/04/2021";"07:53:00";"38";"Acidente s";"204";"BR-386/RS";"Norte";"Engavetamento";5;0;0;0;0;0;0;0;0;0;9;0;0;0;0
"02/04/2021";"12:53:00";"101";"Atropelame";"33";"BR-101/RS";"Norte";"Atropelamento - Usuário";1;0;0;0;0;0;0;0;0;0;2;0;1;0;0
"02/04/2021";"14:43:00";"115";"Acidente c";"28";"BR-101/RS";"Norte";"Colisão - Transversal";2;0;0;0;0;0;0;0;0;0;8;1;0;0;0
"02/04/2021";"19:11:00";"157";"Acidente c";"341";"BR-386/RS";"Sul";"Queda de moto";0;0;0;1;0;0;0;0;0;0;0;2;0;0;0
"03/04/2021";"08:24:00";"53";"Acidente s";"4";"BR-448/RS";"Sul";"Choque Barreira";1;0;0;0;0;0;0;0;0;0;1;0;0;0;0
"03/04/2021";"12:00:00";"95";"Acidente s";"341";"BR-386/RS";"Sul";"Choque Talude";1;0;0;0;0;0;0;0;0;0;1;0;0;0;0
"03/04/2021";"18:04:00";"151";"Acidente c";"8";"BR-290/RS";"Oeste";"Saída de pista";1;0;0;0;0;0;0;0;0;0;3;1;0;0;0
"03/04/2021";"19:32:00";"168";"Acidente c";"43";"BR-101/RS";"Sul";"Queda de moto";0;0;0;1;0;0;0;0;0;0;0;2;0;0;0
"04/04/2021";"10:30:00";"50";"Acidente s";"349";"BR-386/RS";"Sul";"Colisão - Traseira";1;0;0;1;0;0;0;0;0;0;2;0;0;0;0
"04/04/2021";"14:42:00";"89";"Acidente c";"436";"BR-386/RS";"Sul";"Colisão - Traseira";1;0;0;0;0;0;0;0;0;0;0;2;0;0;0
"04/04/2021";"16:01:00";"115";"Acidente s";"256";"BR-386/RS";"Norte";"Colisão - Lateral";1;0;1;0;0;0;0;0;0;0;2;0;0;0;0
"04/04/2021";"17:20:00";"143";"Acidente c";"344";"BR-386/RS";"Norte";"Engavetamento";4;0;0;0;0;0;0;0;0;0;7;2;0;0;0
"04/04/2021";"17:27:00";"146";"Acidente c";"19";"BR-290/RS";"Oeste";"Colisão - Traseira";1;0;0;1;0;0;0;0;0;0;2;1;0;0;0
"05/04/2021";"05:47:00";"15";"Acidente s";"3";"BR-290/RS";"Oeste";"Choque com objeto sobre a pista";1;0;0;0;0;0;0;0;0;0;4;0;0;0;0
"05/04/2021";"08:15:00";"79";"Acidente c";"82";"BR-101/RS";"Sul";"Queda de moto";0;0;0;1;0;0;0;0;0;0;0;1;1;0;0
"05/04/2021";"12:28:00";"166";"Acidente s";"246";"BR-386/RS";"Norte";"Colisão - Lateral";2;0;0;0;0;0;0;0;0;0;7;0;0;0;0
"05/04/2021";"13:10:00";"177";"Acidente s";"375";"BR-386/RS";"Norte";"Colisão - Traseira";0;0;0;1;0;0;0;0;0;1;3;0;0;0;0
"05/04/2021";"13:24:00";"182";"Acidente s";"19";"BR-101/RS";"Norte";"Saída de pista";1;0;0;0;0;0;0;0;0;0;1;0;0;0;0
"05/04/2021";"14:09:00";"196";"Acidente s";"292";"BR-386/RS";"Sul";"Queda de ribanceira";0;0;1;0;0;0;0;0;0;0;1;0;0;0;0
"05/04/2021";"14:54:00";"207";"Acidente s";"348";"BR-386/RS";"Sul";"Colisão - Lateral";1;0;1;0;0;0;0;0;0;0;2;0;0;0;0
"05/04/2021";"16:24:00";"234";"Acidente s";"292";"BR-386/RS";"Sul";"Colisão - Lateral";1;0;0;0;0;1;0;0;0;0;2;0;0;0;0
"05/04/2021";"16:54:00";"242";"Acidente s";"439";"BR-386/RS";"Norte";"Queda de moto";0;0;0;1;0;1;0;0;0;0;2;0;0;0;0
"06/04/2021";"06:49:00";"25";"Acidente s";"33";"BR-290/RS";"Oeste";"Capotamento";1;0;0;0;0;0;0;0;0;0;1;0;0;0;0
"06/04/2021";"08:06:00";"63";"Acidente c";"73";"BR-290/RS";"Oeste";"Choque com veículo no acostamento";1;0;1;0;0;0;0;0;0;0;1;0;1;1;0
"06/04/2021";"09:32:00";"90";"Acidente s";"349";"BR-386/RS";"Sul";"Colisão - Traseira";1;0;1;0;0;0;0;0;0;0;4;0;0;0;0
"06/04/2021";"10:38:00";"109";"Acidente s";"275";"BR-386/RS";"Norte";"Queda de ribanceira";0;0;1;0;0;0;0;0;0;0;1;0;0;0;0
"06/04/2021";"14:20:00";"164";"Acidente s";"327";"BR-386/RS";"Sul";"Colisão - Lateral";0;0;1;0;0;0;0;1;0;0;3;0;0;0;0
"06/04/2021";"16:50:00";"199";"Acidente c";"338";"BR-386/RS";"Sul";"Colisão - Frontal";1;0;1;0;0;0;0;1;0;0;2;1;0;0;0
"07/04/2021";"03:32:00";"6";"Acidente s";"94";"BR-290/RS";"Leste";"Colisão - Transversal";1;0;0;1;0;0;0;0;0;0;3;0;0;0;0
"07/04/2021";"07:13:00";"31";"Acidente s";"80";"BR-290/RS";"Leste";"Colisão - Traseira";2;0;0;0;0;0;0;0;0;0;2;0;0;0;0
"07/04/2021";"07:31:00";"36";"Acidente c";"332";"BR-386/RS";"Sul";"Colisão - Lateral";0;0;2;0;0;0;0;0;0;0;0;1;2;0;0
"07/04/2021";"13:23:00";"156";"Acidente s";"36";"BR-290/RS";"Oeste";"Queda de ribanceira";1;0;0;0;0;0;0;0;0;0;2;0;0;0;0
"07/04/2021";"19:49:00";"235";"Acidente c";"4";"BR-101/RS";"Sul";"Queda de moto";0;0;0;1;0;0;0;0;0;0;0;0;1;0;0
"07/04/2021";"20:33:00";"238";"Acidente s";"349";"BR-386/RS";"Sul";"Colisão - Lateral";1;0;0;0;0;1;0;0;0;0;3;0;0;0;0
"08/04/2021";"09:53:00";"119";"Acidente s";"4";"BR-290/RS";"Oeste";"Queda de ribanceira";1;0;0;0;0;0;0;0;0;0;1;0;0;0;0
"08/04/2021";"19:13:00";"254";"Acidente c";"435";"BR-386/RS";"Norte";"Colisão - Transversal";1;0;1;0;0;0;0;0;0;0;1;0;1;0;0
"09/04/2021";"05:55:00";"28";"Acidente c";"94";"BR-290/RS";"Leste";"Queda de moto";0;0;0;1;0;0;0;0;0;0;0;1;0;0;0
"09/04/2021";"07:12:00";"52";"Acidente s";"345";"BR-386/RS";"Norte";"Choque - Arvore";1;0;0;0;0;0;0;0;0;0;1;0;0;0;0
"09/04/2021";"09:24:00";"118";"Acidente s";"346";"BR-386/RS";"Sul";"Choque Defensa";1;0;0;0;0;0;0;0;0;0;1;0;0;0;0
"09/04/2021";"14:30:00";"214";"Acidente s";"350";"BR-386/RS";"Sul";"Colisão - Traseira";2;0;0;0;0;0;0;0;0;0;2;0;0;0;0
"09/04/2021";"15:01:00";"222";"Acidente c";"343";"BR-386/RS";"Norte";"Colisão - Frontal";1;0;0;1;0;0;0;0;0;0;4;0;1;0;0
"09/04/2021";"16:06:00";"252";"Acidente s";"426";"BR-386/RS";"Norte";"Colisão - Lateral";1;0;0;0;0;0;0;0;0;0;2;0;0;0;0
"09/04/2021";"17:12:00";"286";"Acidente c";"436";"BR-386/RS";"Sul";"Capotamento";1;0;0;0;0;0;0;0;0;0;0;0;1;0;0
"09/04/2021";"18:44:00";"312";"Acidente s";"67";"BR-101/RS";"Sul";"Choque - Caixa de Captação/Fibra";2;0;0;0;0;0;0;0;0;0;2;0;0;0;0
"09/04/2021";"19:02:00";"320";"Acidente s";"9";"BR-290/RS";"Oeste";"Colisão - Frontal";2;0;0;0;0;0;0;0;0;0;5;0;0;0;0
"10/04/2021";"00:11:00";"3";"Acidente c";"10";"BR-101/RS";"Sul";"Choque com veículo na faixa de rolamento";1;0;0;0;0;0;0;0;0;0;1;0;1;0;0
"10/04/2021";"09:47:00";"91";"Acidente c";"296";"BR-386/RS";"Sul";"Colisão - Traseira";2;0;0;0;0;0;0;0;0;0;2;0;1;0;0
"10/04/2021";"10:55:00";"113";"Acidente s";"0";"BR-448/RS";"Sul";"Capotamento";1;0;0;0;0;0;0;0;0;0;2;0;0;0;0
"10/04/2021";"11:07:00";"118";"Acidente c";"343";"BR-386/RS";"Sul";"Colisão - Lateral";1;0;0;1;0;0;0;0;0;0;1;1;0;0;0
"10/04/2021";"11:45:00";"129";"Acidente s";"226";"BR-386/RS";"Sul";"Queda de ribanceira";0;0;1;0;0;0;0;0;0;0;2;0;0;0;0
"10/04/2021";"11:55:00";"132";"Acidente s";"19";"BR-448/RS";"Norte";"Capotamento";1;0;0;0;0;0;0;0;0;0;4;0;0;0;0
"10/04/2021";"12:32:00";"152";"Acidente c";"26";"BR-101/RS";"Sul";"Colisão - Traseira";2;0;0;0;0;0;0;0;0;0;1;1;2;0;0
"10/04/2021";"13:21:00";"158";"Acidente s";"18";"BR-101/RS";"Sul";"Choque - Poste";1;0;0;0;0;0;0;0;0;0;1;0;0;0;0
"10/04/2021";"14:21:00";"175";"Acidente c";"399";"BR-386/RS";"Sul";"Queda de ribanceira";2;0;0;0;0;0;0;0;0;0;4;1;0;0;0
"10/04/2021";"15:59:00";"194";"Acidente s";"64";"BR-290/RS";"Leste";"Choque Defensa";1;0;0;0;0;0;0;0;0;0;1;0;0;0;0
"10/04/2021";"19:23:00";"239";"Acidente s";"4";"BR-290/RS";"Leste";"Colisão - Traseira";2;0;0;0;0;0;0;0;0;0;3;0;0;0;0
"10/04/2021";"23:28:00";"264";"Acidente s";"35";"BR-101/RS";"Norte";"Colisão - Traseira";2;0;0;0;0;0;0;0;0;0;4;0;0;0;0
"11/04/2021";"03:37:00";"13";"Atropelame";"390";"BR-386/RS";"Norte";"Atropelamento - Andarilho";0;0;0;0;0;0;0;0;0;0;0;0;1;0;0
"11/04/2021";"06:22:00";"19";"Acidente s";"321";"BR-386/RS";"Sul";"Atropelamento de Animal";1;0;0;0;0;0;0;0;0;0;1;0;0;0;0
"11/04/2021";"08:11:00";"46";"Acidente s";"83";"BR-101/RS";"Norte";"Colisão - Lateral";1;0;0;0;0;0;0;1;0;0;2;0;0;0;0
"11/04/2021";"11:54:00";"100";"Acidente s";"247";"BR-386/RS";"Sul";;1;0;0;0;0;0;0;0;0;0;2;0;0;0;0
"11/04/2021";"16:08:00";"158";"Acidente s";"60";"BR-290/RS";"Oeste";"Colisão - Traseira";2;0;0;0;0;0;0;0;0;0;3;0;0;0;0
"11/04/2021";"19:42:00";"211";"Acidente c";"440";"BR-386/RS";"Sul";"Capotamento";1;0;0;0;0;0;0;1;0;0;1;2;0;0;0
"12/04/2021";"07:50:00";"58";"Acidente c";"384";"BR-386/RS";"Norte";"Queda de ribanceira";0;0;0;1;0;0;0;0;0;0;0;0;1;0;0
"12/04/2021";"08:24:00";"77";"Acidente s";"351";"BR-386/RS";"Norte";"Choque Defensa";1;0;0;0;0;0;0;0;0;0;1;0;0;0;0
"12/04/2021";"09:38:00";"103";"Acidente s";"48";"BR-290/RS";"Leste";"Choque com veículo no acostamento";0;0;2;0;0;0;0;0;0;0;2;0;0;0;0
"12/04/2021";"12:28:00";"152";"Acidente s";"75";"BR-290/RS";"Leste";"Colisão - Traseira";1;0;0;0;0;0;0;0;0;1;2;0;0;0;0
"12/04/2021";"13:21:00";"161";"Acidente s";"349";"BR-386/RS";"Sul";"Colisão - Traseira";1;0;0;0;0;0;0;1;0;0;3;0;0;0;0
"12/04/2021";"17:44:00";"212";"Acidente c";"185";"BR-386/RS";"Sul";"Colisão - Traseira";1;0;1;0;0;0;0;0;0;0;2;1;0;0;0
"13/04/2021";"02:54:00";"8";"Acidente s";"438";"BR-386/RS";"Norte";"Queda de ribanceira";1;0;0;0;0;0;0;0;0;0;1;0;0;0;0
"13/04/2021";"19:45:00";"224";"Acidente s";"370";"BR-386/RS";"Sul";"Saída de pista";1;0;0;0;0;0;0;0;0;0;1;0;0;0;0
"14/04/2021";"00:32:00";"3";"Acidente s";"42";"BR-290/RS";"Leste";"Queda de ribanceira";1;0;0;0;0;0;0;0;0;0;1;0;0;0;0
"14/04/2021";"05:50:00";"14";"Atropelame";"318";"BR-386/RS";"Sul";"Atropelamento - Usuário";1;0;0;0;0;0;0;0;0;0;1;0;0;0;1
"14/04/2021";"07:41:00";"57";"Acidente s";"306";"BR-386/RS";"Sul";"Queda de ribanceira";0;0;1;0;0;0;0;0;0;0;2;0;0;0;0
"14/04/2021";"14:50:00";"210";"Acidente s";"324";"BR-386/RS";"Sul";"Colisão - Traseira";2;0;0;0;0;0;0;0;0;0;6;0;0;0;0
"15/04/2021";"10:03:00";"122";"Acidente s";"19";"BR-290/RS";"Leste";"Colisão - Traseira";2;0;0;0;0;0;0;0;0;0;5;0;0;0;0
"15/04/2021";"11:23:00";"141";"Atropelame";"438";"BR-386/RS";"Norte";"Atropelamento - Morador/Trabalhador/Estudante";1;0;0;0;0;0;0;0;0;0;1;0;0;0;1
"15/04/2021";"13:20:00";"171";"Acidente s";"19";"BR-101/RS";"Sul";"Colisão - Lateral";2;0;0;0;0;0;0;0;0;0;2;0;0;0;0
"15/04/2021";"17:11:00";"237";"Acidente s";"348";"BR-386/RS";"Sul";"Colisão - Lateral";1;0;1;0;0;0;0;0;0;0;2;0;0;0;0
"15/04/2021";"18:25:00";"254";"Acidente c";"385";"BR-386/RS";"Ambos";"Queda de ribanceira";0;0;0;1;0;0;0;0;0;0;0;0;0;1;0
"15/04/2021";"18:36:00";"256";"Acidente s";"71";"BR-101/RS";"Norte";"Colisão - Lateral";1;0;0;0;0;0;0;1;0;0;2;0;0;0;0
"16/04/2021";"01:26:00";"9";"Acidente c";"92";"BR-290/RS";"Oeste";"Choque com veículo na faixa de rolamento";1;0;0;1;0;0;0;0;0;0;1;0;1;0;0
"16/04/2021";"04:10:00";"18";"Acidente s";"84";"BR-101/RS";"Norte";"Atropelamento de Animal";0;0;0;0;0;0;0;0;0;1;1;0;0;0;0
"16/04/2021";"05:19:00";"22";"Acidente c";"417";"BR-386/RS";"Sul";"Colisão - Frontal";1;0;0;0;0;1;0;0;0;0;1;1;2;0;0
"16/04/2021";"14:15:00";"176";"Acidente s";"8";"BR-101/RS";"Norte";"Colisão - Lateral";1;0;0;0;0;0;0;0;0;0;1;0;0;0;0
"16/04/2021";"14:46:00";"181";"Acidente s";"41";"BR-290/RS";"Oeste";"Queda de ribanceira";1;0;0;0;0;0;0;0;0;0;2;0;0;0;0
"16/04/2021";"16:45:00";"210";"Acidente s";"351";"BR-386/RS";"Norte";"Colisão - Traseira";2;0;0;0;0;0;0;0;0;0;2;0;0;0;0
"16/04/2021";"18:48:00";"238";"Acidente c";"325";"BR-386/RS";"Sul";"Colisão - Lateral";1;0;0;1;0;0;0;0;0;0;1;0;1;0;0
"16/04/2021";"19:54:00";"249";"Acidente s";"8";"BR-101/RS";"Norte";"Colisão - Lateral";1;0;0;0;0;0;0;0;0;0;2;0;0;0;0
"16/04/2021";"22:22:00";"270";"Acidente s";"2";"BR-101/RS";"Norte";"Colisão - Lateral";0;0;0;0;0;0;0;0;0;1;2;0;0;0;0
"17/04/2021";"03:46:00";"13";"Acidente s";"63";"BR-290/RS";"Leste";"Colisão - Frontal";1;0;0;0;0;0;0;1;0;0;2;0;0;0;0
"17/04/2021";"04:29:00";"16";"Acidente c";"80";"BR-290/RS";"Oeste";"Colisão - Frontal";2;0;0;0;0;0;0;0;0;0;0;0;0;1;1
"17/04/2021";"10:08:00";"86";"Acidente s";"256";"BR-386/RS";"Norte";"Queda de ribanceira";1;0;0;0;0;0;0;0;0;0;2;0;0;0;0
"17/04/2021";"14:23:00";"131";"Acidente s";"31";"BR-290/RS";"Oeste";"Queda de ribanceira";1;0;0;0;0;0;0;0;0;0;2;0;0;0;0
"17/04/2021";"15:04:00";"139";"Acidente s";"356";"BR-386/RS";"Norte";"Colisão - Lateral";2;0;0;0;0;0;0;0;0;0;2;0;0;0;0
"17/04/2021";"17:39:00";"162";"Acidente c";"415";"BR-386/RS";"Ambos";"Colisão - Frontal";2;0;0;0;0;0;0;0;0;0;0;0;4;0;0
"17/04/2021";"19:06:00";"173";"Acidente s";"19";"BR-290/RS";"Leste";"Choque Praça - Cabine";0;0;0;0;0;0;0;0;0;1;3;0;0;0;0
"18/04/2021";"01:05:00";"2";"Acidente s";"70";"BR-290/RS";"Leste";"Colisão - Traseira";1;0;1;0;0;0;0;0;0;0;2;0;0;0;0
"18/04/2021";"05:48:00";"11";"Acidente s";"417";"BR-386/RS";"Norte";"Queda de ribanceira";1;0;0;0;0;0;0;0;0;0;2;0;0;0;0
"18/04/2021";"10:28:00";"67";"Acidente c";"372";"BR-386/RS";"Norte";"Queda de ribanceira";1;0;0;0;0;0;0;0;0;0;0;0;2;0;0
"18/04/2021";"12:31:00";"80";"Acidente s";"423";"BR-386/RS";"Sul";"Queda de ribanceira";1;0;0;0;0;0;0;0;0;0;2;0;0;0;0
"18/04/2021";"12:40:00";"81";"Acidente s";"94";"BR-290/RS";"Leste";"Choque Defensa";1;0;0;0;0;0;0;0;0;0;4;0;0;0;0
"18/04/2021";"18:09:00";"151";"Acidente s";"392";"BR-386/RS";"Sul";"Colisão - Transversal";2;0;0;0;0;0;0;0;0;0;5;0;0;0;0
"18/04/2021";"18:25:00";"152";"Atropelame";"80";"BR-290/RS";"Oeste";"Atropelamento - Esportista";0;0;0;0;0;1;0;0;0;0;1;1;0;0;0
"18/04/2021";"19:07:00";"162";"Acidente s";"7";"BR-290/RS";"Oeste";"Queda de ribanceira";1;0;0;0;0;1;0;0;0;0;3;0;0;0;0
"18/04/2021";"20:33:00";"175";"Acidente c";"246";"BR-386/RS";"Sul";"Saída de pista";1;0;0;0;0;0;0;0;0;0;0;1;0;0;0
"18/04/2021";"20:46:00";"176";"Acidente s";"367,52";"BR-386/RS";"Norte";"Queda de moto";0;0;0;1;0;0;0;0;0;0;1;0;0;0;0
"18/04/2021";"21:54:00";"188";"Acidente s";"90";"BR-290/RS";"Oeste";"Queda de ribanceira";1;0;0;0;0;0;0;0;0;0;1;0;0;0;0
"19/04/2021";"07:53:00";"55";"Acidente c";"82";"BR-101/RS";"Sul";"Queda de moto";0;0;0;1;0;0;0;0;0;0;0;1;0;0;0
"19/04/2021";"16:14:00";"211";"Acidente s";"92";"BR-290/RS";"Leste";"Colisão - Lateral";1;0;0;0;0;0;0;1;0;0;2;0;0;0;0
"20/04/2021";"01:05:00";"7";"Acidente s";"435";"BR-386/RS";"Norte";"Colisão - Frontal";0;0;0;0;0;0;0;0;0;1;1;0;0;0;0
"20/04/2021";"01:48:00";"9";"Acidente c";"93";"BR-290/RS";"Oeste";"Colisão - Lateral";0;0;0;1;0;0;0;1;0;0;1;1;0;0;0
"20/04/2021";"03:13:00";"13";"Acidente s";"333";"BR-386/RS";"Sul";"Tombamento";0;0;1;0;0;0;0;0;0;0;1;0;0;0;0
"20/04/2021";"04:17:00";"14";"Acidente s";"35";"BR-101/RS";"Norte";"Choque Praça - Submarino";1;0;0;0;0;0;0;0;0;0;7;0;0;0;0
"20/04/2021";"13:01:00";"154";"Acidente c";"52";"BR-290/RS";"Oeste";"Colisão - Lateral";1;0;0;1;0;0;0;0;0;0;3;1;0;0;0
"20/04/2021";"16:37:00";"205";"Acidente s";"432";"BR-386/RS";"Norte";;1;0;0;0;0;0;0;0;0;1;3;0;0;0;0
"20/04/2021";"18:55:00";"238";"Atropelame";"415";"BR-386/RS";"Sul";"Atropelamento - Usuário";1;0;0;0;0;0;0;0;0;0;1;0;1;0;0
"20/04/2021";"19:01:00";"239";"Acidente s";"91,17";"BR-290/RS";"Leste";"Colisão - Lateral";2;0;0;0;0;0;0;0;0;0;2;0;0;0;0
"20/04/2021";"19:26:00";"244";"Acidente s";"229";"BR-386/RS";"Sul";"Queda de ribanceira";2;0;0;0;0;0;0;0;0;0;3;0;0;0;0
"20/04/2021";"21:17:00";"272";"Acidente s";"304";"BR-386/RS";"Norte";"Capotamento";1;0;0;0;0;0;0;0;0;0;4;0;0;0;0
"21/04/2021";"08:01:00";"49";"Acidente s";"28";"BR-101/RS";"Sul";"Capotamento";1;0;0;0;0;0;0;0;0;0;1;0;0;0;0
"21/04/2021";"10:05:00";"83";"Acidente s";"86";"BR-101/RS";"Norte";"Queda de ribanceira";0;0;0;0;0;0;0;1;0;0;2;0;0;0;0
"21/04/2021";"10:54:00";"97";"Acidente s";"271";"BR-386/RS";"Sul";;1;0;0;0;0;0;0;0;0;0;1;0;0;0;0
"21/04/2021";"11:45:00";"110";"Acidente c";"375";"BR-386/RS";"Norte";"Colisão - Traseira";2;0;0;0;0;0;0;0;0;0;2;1;0;0;0
"21/04/2021";"12:09:00";"119";"Acidente s";"60";"BR-290/RS";"Oeste";"Colisão - Traseira";2;0;0;0;0;0;0;0;0;0;2;0;0;0;0
"21/04/2021";"16:11:00";"173";"Acidente s";"64";"BR-101/RS";"Norte";"Queda de ribanceira";1;0;0;0;0;0;0;0;0;0;1;0;0;0;0
"21/04/2021";"19:38:00";"202";"Acidente c";"416";"BR-386/RS";"Sul";"Colisão - Lateral";1;0;0;1;0;0;0;0;0;0;1;1;0;0;0
"22/04/2021";"13:26:00";"172";"Acidente c";"246";"BR-386/RS";"Sul";"Colisão - Frontal";1;0;0;1;0;0;0;0;0;0;1;1;0;0;0
"22/04/2021";"14:27:00";"192";"Acidente s";"85";"BR-290/RS";"Oeste";"Colisão - Frontal";1;0;1;0;0;0;0;0;0;1;3;0;0;0;0
"22/04/2021";"14:45:00";"203";"Acidente s";"47";"BR-290/RS";"Leste";"Saída de pista";1;0;1;0;0;0;0;0;0;0;3;0;0;0;0
"22/04/2021";"17:17:00";"232";"Acidente s";"351";"BR-386/RS";"Norte";"Colisão - Lateral";1;0;1;0;0;0;0;0;0;0;3;0;0;0;0
"22/04/2021";"18:40:00";"249";"Acidente s";"426";"BR-386/RS";"Norte";"Choque Praça - Cabine";0;0;0;0;0;0;0;0;0;1;1;0;0;0;0
"22/04/2021";"19:48:00";"255";"Acidente s";"332";"BR-386/RS";"Norte";"Saída de pista";1;0;0;0;0;0;0;0;0;0;1;0;0;0;0
"22/04/2021";"21:35:00";"269";"Acidente s";"80";"BR-290/RS";"Leste";"Saída de pista";1;0;0;0;0;0;0;0;0;0;2;0;0;0;0
"22/04/2021";"21:47:00";"272";"Acidente s";"253";"BR-386/RS";"Norte";"Colisão - Traseira";1;0;0;0;0;0;0;1;0;0;4;0;0;0;0
"23/04/2021";"05:52:00";"15";"Acidente s";"28";"BR-290/RS";"Oeste";"Saída de pista";0;0;0;0;0;0;0;1;0;0;1;0;0;0;0
"23/04/2021";"06:57:00";"34";"Acidente s";"412";"BR-386/RS";"Sul";"Queda de moto";0;0;0;1;0;0;0;0;0;0;1;0;0;0;0
"23/04/2021";"07:51:00";"69";"Acidente s";"60";"BR-290/RS";"Oeste";"Colisão - Lateral";2;0;0;0;0;0;0;0;0;0;5;0;0;0;0
"23/04/2021";"09:29:00";"134";"Acidente s";"80";"BR-290/RS";"Leste";"Saída de pista";1;0;0;0;0;0;0;0;0;0;1;0;0;0;0
"23/04/2021";"10:20:00";"164";"Acidente s";"80";"BR-290/RS";"Leste";"Colisão - Lateral";1;0;1;0;0;0;0;0;0;0;2;0;0;0;0
"23/04/2021";"10:39:00";"172";"Acidente c";"83";"BR-290/RS";"Oeste";"Colisão - Traseira";1;0;0;1;0;0;0;0;0;0;1;1;0;0;0
"23/04/2021";"10:42:00";"174";"Acidente s";"60";"BR-290/RS";"Leste";"Colisão - Lateral";2;0;0;0;0;0;0;0;0;0;1;0;0;0;0
"23/04/2021";"17:32:00";"274";"Acidente c";"60";"BR-290/RS";"Leste";"Queda de moto";0;0;0;1;0;0;0;0;0;0;1;0;1;0;0
"23/04/2021";"18:20:00";"282";"Acidente c";"405";"BR-386/RS";"Norte";"Colisão - Traseira";2;0;0;0;0;0;0;0;0;0;2;2;0;0;0
"23/04/2021";"20:37:00";"307";"Acidente c";"273";"BR-386/RS";"Ambos";"Colisão - Lateral";1;0;0;0;1;0;0;0;0;0;1;1;0;0;0
"23/04/2021";"20:50:00";"309";"Acidente s";"81";"BR-290/RS";"Oeste";"Colisão - Traseira";2;0;0;0;0;0;0;0;0;0;2;0;0;0;0
"24/04/2021";"00:43:00";"2";"Acidente s";"428";"BR-386/RS";"Norte";"Atropelamento de Animal";1;0;0;0;0;0;0;0;0;0;1;0;0;0;0
"24/04/2021";"06:43:00";"26";"Acidente s";"349";"BR-386/RS";"Norte";"Queda de ribanceira";1;0;0;0;0;0;0;0;0;0;1;0;0;0;0
"24/04/2021";"09:15:00";"93";"Acidente s";"63";"BR-101/RS";"Sul";"Queda de moto";0;0;0;1;0;0;0;0;0;0;2;0;0;0;0
"24/04/2021";"10:58:00";"120";"Acidente s";"375";"BR-386/RS";"Norte";"Tombamento";0;0;0;0;0;0;0;0;0;1;2;0;0;0;0
"24/04/2021";"12:12:00";"138";"Acidente s";"230";"BR-386/RS";"Sul";"Capotamento";1;0;0;0;0;0;0;0;0;0;1;0;0;0;0
"24/04/2021";"15:42:00";"182";"Acidente s";"229";"BR-386/RS";"Norte";"Colisão - Lateral";1;0;0;0;0;0;0;0;0;1;2;0;0;0;0
"24/04/2021";"18:34:00";"224";"Acidente s";"399";"BR-386/RS";"Norte";"Queda de moto";0;0;0;1;0;0;0;0;0;0;1;0;0;0;0
"24/04/2021";"19:24:00";"232";"Acidente c";"14";"BR-290/RS";"Oeste";"Colisão - Traseira";2;0;0;0;0;0;0;0;0;0;0;4;0;0;0
"24/04/2021";"21:02:00";"240";"Atropelame";"349";"BR-386/RS";"Sul";"Atropelamento - Usuário";1;0;0;0;0;0;0;0;0;1;0;1;0;0;0
"25/04/2021";"00:12:00";"2";"Acidente c";"339";"BR-386/RS";"Sul";"Queda de ribanceira";1;0;0;0;0;0;0;0;0;0;1;2;0;0;0
"25/04/2021";"01:00:00";"6";"Acidente s";"89";"BR-290/RS";"Oeste";"Choque Defensa";1;0;0;0;0;0;0;0;0;0;1;0;0;0;0
"25/04/2021";"02:02:00";"11";"Acidente s";"85";"BR-290/RS";"Leste";"Choque Defensa";1;0;0;0;0;0;0;0;0;0;1;0;0;0;0
"25/04/2021";"02:37:00";"13";"Acidente s";"10,26";"BR-448/RS";"Norte";"Choque - Poste";1;0;0;0;0;0;0;0;0;0;3;0;0;0;0
"25/04/2021";"14:15:00";"104";"Acidente s";"13";"BR-448/RS";"Norte";"Choque Barreira";1;0;0;0;0;0;0;0;0;0;2;0;0;0;0
"25/04/2021";"14:45:00";"107";"Acidente s";"75";"BR-290/RS";"Oeste";"Choque Defensa";1;0;0;0;0;0;0;0;0;0;1;0;0;0;0
"25/04/2021";"17:44:00";"139";"Acidente c";"7";"BR-290/RS";"Oeste";"Choque Defensa";1;0;0;0;0;0;0;0;0;0;3;1;0;0;0
"25/04/2021";"18:40:00";"148";"Acidente c";"401";"BR-386/RS";"Norte";"Queda de ribanceira";1;0;0;0;0;0;0;0;0;0;2;0;1;0;0
"25/04/2021";"19:44:00";"159";"Acidente s";"92";"BR-290/RS";"Oeste";"Colisão - Traseira";2;0;0;0;0;0;0;0;0;0;4;0;0;0;0
"25/04/2021";"23:55:00";"186";"Acidente s";"87";"BR-101/RS";"Sul";"Choque Barreira";1;0;0;0;0;0;0;0;0;0;1;0;0;0;0
"26/04/2021";"03:30:00";"11";"Acidente c";"244";"BR-386/RS";"Sul";"Colisão - Frontal";1;0;0;0;0;0;0;1;0;0;0;1;0;0;1
"26/04/2021";"12:18:00";"147";"Acidente s";"60";"BR-290/RS";"Oeste";"Colisão - Traseira";2;0;0;0;0;0;0;0;0;0;2;0;0;0;0