data;horario;n_da_ocorrencia;tipo_de_ocorrencia;km;trecho;sentido;tipo_de_acidente;automovel;bicicleta;caminhao;moto;onibus;outros;tracao_animal;transporte_de_cargas_especiais;trator_maquinas;utilitarios;ilesos;levemente_feridos;moderadamente_feridos;gravemente_feridos;mortos
"26/04/2021";"13:21:00";"159";"Acidente c";"415";"BR-386/RS";"Norte";"Colisão - Transversal";2;0;0;0;0;0;0;0;0;0;3;1;0;0;0
"26/04/2021";"16:52:00";"209";"Acidente s";"95";"BR-290/RS";"Oeste";"Choque Defensa";1;0;0;0;0;0;0;0;0;0;1;0;0;0;0
"26/04/2021";"19:13:00";"230";"Acidente c";"33";"BR-101/RS";"Norte";"Colisão - Traseira";2;0;0;0;0;0;0;0;0;0;1;1;0;0;0
"26/04/2021";"22:05:00";"251";"Acidente c";"75";"BR-290/RS";"Oeste";;0;0;0;1;0;0;0;0;0;0;0;1;0;0;0
"27/04/2021";"08:07:00";"69";"Acidente s";"52";"BR-290/RS";"Oeste";"Colisão - Traseira";1;0;0;0;0;0;0;1;0;0;2;0;0;0;0
"27/04/2021";"09:24:00";"125";"Acidente s";"91";"BR-290/RS";"Oeste";"Colisão - Traseira";2;0;0;0;0;0;0;0;0;0;1;0;0;0;0
"27/04/2021";"10:34:00";"141";"Acidente s";"318";"BR-386/RS";"Norte";"Queda de moto";0;0;0;1;0;0;0;0;0;0;1;0;0;0;0
"27/04/2021";"12:06:00";"160";"Acidente s";"248";"BR-386/RS";"Norte";"Colisão - Transversal";2;0;0;0;0;0;0;0;0;0;3;0;0;0;0
"27/04/2021";"12:23:00";"161";"Atropelame";"359";"BR-386/RS";"Sul";"Atropelamento - Usuário";1;0;0;0;0;0;0;0;0;0;2;1;0;0;0
"27/04/2021";"13:54:00";"178";"Acidente s";"192";"BR-386/RS";"Sul";"Colisão - Lateral";2;0;0;0;0;0;0;0;0;0;2;0;0;0;0
"27/04/2021";"17:42:00";"232";"Acidente s";"28";"BR-101/RS";"Norte";"Choque - Sinalização";1;0;0;0;0;0;0;0;0;0;2;0;0;0;0
"27/04/2021";"18:39:00";"243";"Acidente s";"245";"BR-386/RS";"Sul";"Engavetamento";2;0;0;1;0;1;0;0;0;0;7;0;0;0;0
"27/04/2021";"19:08:00";"248";"Acidente s";"440";"BR-386/RS";"Sul";"Colisão - Lateral";0;0;0;1;0;0;0;0;0;0;2;0;0;0;0
"28/04/2021";"03:16:00";"9";"Acidente s";"53";"BR-101/RS";"Norte";"Choque Barreira";0;0;0;0;1;0;0;0;0;0;2;0;0;0;0
"28/04/2021";"09:57:00";"131";"Acidente s";"87";"BR-290/RS";"Oeste";"Colisão - Lateral";1;0;1;0;0;0;0;0;0;0;2;0;0;0;0
"28/04/2021";"15:11:00";"223";"Acidente s";"441";"BR-386/RS";"Sul";"Colisão - Frontal";2;0;0;0;0;0;0;0;0;0;3;0;0;0;0
"28/04/2021";"16:33:00";"238";"Acidente s";"392";"BR-386/RS";"Norte";"Colisão - Lateral";2;0;1;0;0;0;0;0;0;0;3;0;0;0;0
"28/04/2021";"18:34:00";"264";"Acidente s";"439";"BR-386/RS";"Sul";"Colisão - Lateral";1;0;1;0;0;0;0;0;0;0;4;0;0;0;0
"28/04/2021";"20:23:00";"274";"Acidente s";"427";"BR-386/RS";"Sul";"Outros";0;0;0;0;0;0;0;0;0;1;1;0;0;0;0
"28/04/2021";"21:33:00";"285";"Acidente s";"405";"BR-386/RS";"Norte";"Queda de ribanceira";1;0;0;0;0;0;0;0;0;0;1;0;0;0;0
"28/04/2021";"21:37:00";"286";"Acidente s";"84";"BR-101/RS";"Norte";"Tombamento";0;0;1;0;0;0;0;0;0;0;1;0;0;0;0
"28/04/2021";"23:14:00";"292";"Acidente s";"400";"BR-386/RS";"Norte";"Atropelamento de Animal";0;0;0;0;0;0;0;0;0;1;1;0;0;0;0
"29/04/2021";"06:29:00";"9";"Acidente s";"304";"BR-386/RS";"Norte";"Tombamento";0;0;1;0;0;0;0;0;0;0;1;0;0;0;0
"29/04/2021";"07:24:00";"42";"Acidente s";"91";"BR-290/RS";"Leste";"Colisão - Lateral";1;0;0;1;0;0;0;0;0;0;2;0;0;0;0
"29/04/2021";"11:22:00";"141";"Acidente s";"241";"BR-386/RS";"Norte";"Colisão - Lateral";0;0;1;0;0;1;0;0;0;0;1;0;0;0;0
"29/04/2021";"15:26:00";"198";"Acidente s";"33";"BR-290/RS";"Leste";"Saída de pista";1;0;0;0;0;0;0;0;0;0;3;0;0;0;0
"29/04/2021";"18:58:00";"239";"Acidente s";"91";"BR-290/RS";"Leste";"Engavetamento";2;0;0;0;0;1;0;0;0;0;3;0;0;0;0
"30/04/2021";"05:53:00";"10";"Acidente s";"412";"BR-386/RS";"Norte";"Choque - Meio Fio";1;0;0;0;0;0;0;0;0;0;1;0;0;0;0
"30/04/2021";"09:56:00";"124";"Acidente s";"437";"BR-386/RS";"Sul";"Colisão - Frontal";2;0;1;0;0;0;0;0;0;0;3;0;0;0;0
"30/04/2021";"10:25:00";"129";"Acidente s";"12";"BR-290/RS";"Oeste";"Colisão - Lateral";2;0;0;0;0;0;0;0;0;0;2;0;0;0;0
"30/04/2021";"23:09:00";"295";"Acidente c";"91";"BR-290/RS";"Leste";"Colisão - Lateral";1;0;0;0;0;0;0;0;0;1;0;0;4;0;0
"01/05/2021";"11:43:00";"115";"Acidente s";"284";"BR-386/RS";"Sul";"Queda de Carga";2;0;0;0;0;0;0;0;0;0;4;0;0;0;0
"01/05/2021";"16:39:00";"174";"Acidente c";"362";"BR-386/RS";"Sul";"Saída de pista";1;0;0;0;0;0;0;0;0;0;0;1;0;0;0
"01/05/2021";"17:46:00";"188";"Acidente c";"369";"BR-386/RS";"Sul";"Colisão - Lateral";1;0;0;1;0;0;0;0;0;0;1;1;0;0;0
"01/05/2021";"23:41:00";"218";"Acidente c";"65";"BR-290/RS";"Leste";"Colisão - Lateral";2;0;0;0;0;0;0;0;0;0;0;2;0;0;0
"02/05/2021";"04:41:00";"10";"Acidente c";"347";"BR-386/RS";"Norte";"Saída de pista";1;0;0;0;0;0;0;0;0;0;0;3;2;0;0
"02/05/2021";"06:35:00";"15";"Acidente c";"86";"BR-290/RS";"Leste";"Colisão - Traseira";2;0;0;0;0;0;0;0;0;0;1;2;1;0;0
"02/05/2021";"11:59:00";"74";"Acidente s";"15";"BR-290/RS";"Leste";"Queda de ribanceira";1;0;0;0;0;0;0;0;0;0;1;0;0;0;0
"02/05/2021";"18:49:00";"158";"Acidente s";"73";"BR-290/RS";"Leste";"Queda de moto";1;0;0;0;0;0;0;0;0;0;2;0;0;0;0
"02/05/2021";"19:05:00";"160";"Acidente s";"348";"BR-386/RS";"Norte";"Colisão - Traseira";2;0;0;0;0;0;0;0;0;0;2;0;0;0;0
"02/05/2021";"19:24:00";"169";"Acidente s";"1";"BR-101/RS";"Norte";"Colisão - Traseira";2;0;0;0;0;0;0;0;0;0;7;0;0;0;0
"02/05/2021";"20:10:00";"180";"Acidente s";"374";"BR-386/RS";"Norte";"Saída de pista";1;0;0;0;0;0;0;0;0;0;2;0;0;0;0
"02/05/2021";"21:00:00";"190";"Acidente s";"19";"BR-101/RS";"Sul";"Colisão - Lateral";1;0;1;0;0;0;0;0;0;0;2;0;0;0;0
"02/05/2021";"23:27:00";"211";"Acidente c";"346";"BR-386/RS";"Norte";"Saída de pista";1;0;0;0;0;0;0;0;0;0;1;0;0;1;0
"03/05/2021";"10:50:00";"152";"Acidente c";"28";"BR-290/RS";"Oeste";"Capotamento";1;0;0;0;0;0;0;0;0;0;0;0;2;0;0
"03/05/2021";"11:23:00";"165";"Acidente s";"36";"BR-290/RS";"Oeste";"Colisão - Lateral";2;0;0;0;0;0;0;0;0;0;4;0;0;0;0
"03/05/2021";"13:39:00";"202";"Acidente c";"71";"BR-101/RS";"Sul";"Capotamento";1;0;0;0;0;0;0;0;0;0;2;0;1;0;0
"03/05/2021";"16:17:00";"255";"Acidente s";"60";"BR-290/RS";"Oeste";"Colisão - Traseira";2;0;0;0;0;0;0;0;0;0;2;0;0;0;0
"03/05/2021";"16:31:00";"259";"Acidente s";"358";"BR-386/RS";"Sul";"Colisão - Lateral";0;0;1;0;0;0;0;1;0;0;2;0;0;0;0
"03/05/2021";"17:41:00";"281";"Acidente c";"437";"BR-386/RS";"Sul";"Colisão - Traseira";1;0;0;1;0;0;0;0;0;0;1;1;0;0;0
"04/05/2021";"00:56:00";"7";"Acidente c";"285";"BR-386/RS";"Norte";"Tombamento";0;0;0;0;0;0;0;1;0;0;0;0;1;0;0
"04/05/2021";"08:31:00";"83";"Acidente s";"80";"BR-290/RS";"Oeste";"Colisão - Traseira";1;0;0;1;0;0;0;0;0;0;2;0;0;0;0
"04/05/2021";"09:56:00";"130";"Acidente s";"437";"BR-386/RS";"Sul";"Colisão - Lateral";1;0;0;0;0;0;0;1;0;0;3;0;0;0;0
"04/05/2021";"10:56:00";"153";"Acidente s";"437";"BR-386/RS";"Sul";"Colisão - Traseira";1;0;0;0;0;1;0;0;0;0;3;0;0;0;0
"04/05/2021";"12:14:00";"180";"Acidente s";"233";"BR-386/RS";"Norte";"Choque - Sinalização";1;0;0;0;0;0;0;0;0;0;1;0;0;0;0
"04/05/2021";"12:58:00";"192";"Acidente s";"353";"BR-386/RS";"Sul";"Capotamento";1;0;0;0;0;0;0;0;0;0;1;0;0;0;0
"04/05/2021";"13:12:00";"194";"Acidente s";"246";"BR-386/RS";"Sul";;2;0;1;0;0;0;0;0;0;0;3;0;0;0;0
"04/05/2021";"15:58:00";"232";"Acidente s";"351";"BR-386/RS";"Norte";"Colisão - Lateral";1;0;0;0;0;0;0;1;0;0;3;0;0;0;0
"04/05/2021";"17:43:00";"253";"Acidente s";"334";"BR-386/RS";"Norte";"Queda de ribanceira";1;0;0;0;0;0;0;0;0;0;1;0;0;0;0
"04/05/2021";"17:57:00";"255";"Acidente c";"9";"BR-101/RS";"Norte";"Choque com veículo na faixa de rolamento";0;0;0;1;0;1;0;0;0;0;1;0;1;0;0
"04/05/2021";"23:12:00";"295";"Acidente s";"20";"BR-290/RS";"Oeste";"Saída de pista";1;0;0;0;0;0;0;0;0;0;1;0;0;0;0
"05/05/2021";"08:42:00";"65";"Acidente s";"12";"BR-448/RS";"Sul";"Outros";1;0;0;0;0;0;0;0;0;1;3;0;0;0;0
"05/05/2021";"11:51:00";"102";"Acidente s";"91";"BR-290/RS";"Leste";"Choque Defensa";1;0;0;0;0;0;0;0;0;0;1;0;0;0;0
"05/05/2021";"11:53:00";"104";"Acidente s";"1";"BR-290/RS";"Oeste";;1;0;0;0;0;0;0;0;0;0;1;0;0;0;0
"05/05/2021";"12:00:00";"105";"Acidente s";"426";"BR-386/RS";"Sul";"Choque Praça - Submarino";0;0;1;0;0;0;0;0;0;0;1;0;0;0;0
"05/05/2021";"12:20:00";"108";"Acidente s";"16";"BR-290/RS";"Ambos";"Queda de ribanceira";1;0;0;0;0;0;0;0;0;0;1;0;0;0;0
"05/05/2021";"13:03:00";"116";"Acidente s";"337";"BR-386/RS";"Norte";"Saída de pista";1;0;0;0;0;0;0;0;0;0;1;0;0;0;0
"05/05/2021";"13:16:00";"119";"Acidente s";"14";"BR-290/RS";"Leste";"Saída de pista";1;0;0;0;0;0;0;0;0;0;1;0;0;0;0
"05/05/2021";"14:39:00";"129";"Acidente s";"93";"BR-290/RS";"Oeste";"Colisão - Traseira";2;0;0;0;0;0;0;0;0;0;2;0;0;0;0
"05/05/2021";"15:15:00";"135";"Acidente s";"345";"BR-386/RS";"Norte";"Colisão - Transversal";2;0;0;0;0;0;0;0;0;0;2;0;0;0;0
"05/05/2021";"15:40:00";"138";"Acidente s";"411";"BR-386/RS";"Norte";"Colisão - Lateral";1;0;0;0;0;0;0;0;0;1;2;0;0;0;0
"05/05/2021";"18:17:00";"153";"Acidente s";"434";"BR-386/RS";"Ambos";"Colisão - Transversal";2;0;0;0;0;0;0;0;0;0;4;0;0;0;0
"05/05/2021";"19:55:00";"168";"Acidente s";"372";"BR-386/RS";"Sul";"Saída de pista";0;0;1;0;0;0;0;0;0;0;1;0;0;0;0
"05/05/2021";"21:42:00";"184";"Acidente s";"6";"BR-290/RS";"Leste";"Saída de pista";1;0;0;0;0;0;0;0;0;0;2;0;0;0;0
"05/05/2021";"21:47:00";"187";"Acidente c";"344";"BR-386/RS";"Sul";"Colisão - Transversal";1;0;1;0;0;0;0;0;0;0;1;1;0;0;0
"05/05/2021";"22:20:00";"190";"Acidente s";"440";"BR-386/RS";"Norte";"Queda de ribanceira";1;0;0;0;0;0;0;0;0;0;1;0;0;0;0
"05/05/2021";"22:22:00";"191";"Acidente s";"41";"BR-290/RS";"Leste";"Saída de pista";1;0;0;0;0;0;0;0;0;0;1;0;0;0;0
"05/05/2021";"22:31:00";"195";"Acidente s";"301";"BR-386/RS";"Norte";"Queda de ribanceira";1;0;0;0;0;0;0;0;0;0;2;0;0;0;0
"05/05/2021";"22:59:00";"200";"Acidente s";"33";"BR-290/RS";"Oeste";"Saída de pista";0;0;1;0;0;0;0;0;0;0;1;0;0;0;0
"05/05/2021";"23:29:00";"204";"Acidente s";"405";"BR-386/RS";"Sul";"Saída de pista";1;0;0;0;0;0;0;0;0;0;2;0;0;0;0
"05/05/2021";"23:42:00";"205";"Acidente s";"33";"BR-290/RS";"Oeste";"Choque com objeto sobre a pista";1;0;0;0;0;0;0;0;0;0;1;0;0;0;0
"06/05/2021";"09:32:00";"90";"Acidente c";"358";"BR-386/RS";"Norte";"Queda de ribanceira";1;0;0;0;0;0;0;0;0;0;0;0;1;0;0
"06/05/2021";"10:41:00";"107";"Acidente s";"41";"BR-290/RS";"Oeste";"Queda de ribanceira";0;0;1;0;0;0;0;0;0;0;2;0;0;0;0
"06/05/2021";"14:24:00";"149";"Acidente c";"411";"BR-386/RS";"Norte";"Colisão - Transversal";1;0;1;0;0;0;0;0;0;0;1;0;1;0;0
"06/05/2021";"17:07:00";"189";"Acidente s";"84";"BR-101/RS";"Norte";"Choque Barreira";1;0;0;0;0;0;0;0;0;0;1;0;0;0;0
"06/05/2021";"18:25:00";"207";"Acidente s";"382";"BR-386/RS";"Ambos";"Saída de pista";1;0;0;0;0;0;0;0;0;0;1;0;0;0;0
"07/05/2021";"06:42:00";"24";"Acidente c";"20";"BR-448/RS";"Sul";"Outros";3;0;0;0;0;0;0;0;0;0;3;0;1;0;0
"07/05/2021";"07:28:00";"49";"Acidente s";"369";"BR-386/RS";"Sul";"Colisão - Lateral";1;0;0;1;0;0;0;0;0;0;2;0;0;0;0
"07/05/2021";"07:40:00";"56";"Acidente s";"76";"BR-290/RS";"Leste";"Choque Defensa";1;0;0;0;0;0;0;0;0;0;1;0;0;0;0
"07/05/2021";"07:42:00";"57";"Acidente s";"440";"BR-386/RS";"Sul";"Colisão - Traseira";0;0;0;0;0;0;0;0;0;2;2;0;0;0;0
"07/05/2021";"08:26:00";"86";"Acidente s";"12";"BR-290/RS";"Leste";"Choque Defensa";1;0;0;0;0;0;0;0;0;0;1;0;0;0;0
"07/05/2021";"14:23:00";"209";"Acidente c";"19";"BR-290/RS";"Leste";"Engavetamento";3;0;0;0;0;0;0;0;0;0;4;1;0;0;0
"07/05/2021";"15:14:00";"220";"Acidente c";"344";"BR-386/RS";"Sul";"Colisão - Traseira";1;0;0;1;0;0;0;0;0;0;1;2;0;0;0
"07/05/2021";"16:06:00";"233";"Acidente s";"344";"BR-386/RS";"Norte";"Colisão - Traseira";0;0;0;0;0;2;0;0;0;0;2;0;0;0;0
"07/05/2021";"17:03:00";"243";"Acidente s";"346";"BR-386/RS";"Norte";"Colisão - Traseira";1;0;0;0;0;0;0;0;0;1;2;0;0;0;0
"07/05/2021";"18:54:00";"261";"Acidente c";"248";"BR-386/RS";"Ambos";"Colisão - Transversal";2;0;0;0;0;0;0;0;0;0;6;1;0;0;0
"07/05/2021";"19:00:00";"264";"Acidente s";"319";"BR-386/RS";"Sul";"Colisão - Traseira";2;0;0;0;0;0;0;0;0;0;2;0;0;0;0
"07/05/2021";"19:03:00";"266";"Acidente s";"94";"BR-290/RS";"Leste";"Engavetamento";2;0;0;0;0;1;0;0;0;0;2;0;0;0;0
"07/05/2021";"19:21:00";"271";"Acidente s";"436";"BR-386/RS";"Sul";"Colisão - Lateral";1;0;0;0;0;1;0;0;0;0;2;0;0;0;0
"07/05/2021";"19:51:00";"285";"Acidente s";"56";"BR-101/RS";"Sul";"Saída de pista";1;0;0;0;0;0;0;0;0;0;1;0;0;0;0
"07/05/2021";"20:55:00";"296";"Acidente c";"3";"BR-101/RS";"Norte";"Colisão - Traseira";1;0;0;1;0;1;0;0;0;0;2;1;0;0;0
"08/05/2021";"02:34:00";"9";"Acidente s";"52";"BR-101/RS";"Norte";"Saída de pista";0;0;0;0;0;0;0;0;0;1;1;0;0;0;0
"08/05/2021";"09:08:00";"81";"Acidente c";"94";"BR-290/RS";"Oeste";"Queda de moto";0;0;0;1;0;0;0;0;0;0;1;1;0;0;0
"08/05/2021";"09:47:00";"97";"Acidente s";"92";"BR-290/RS";"Leste";"Colisão - Lateral";2;0;0;0;0;0;0;0;0;0;6;0;0;0;0
"08/05/2021";"14:15:00";"168";"Acidente c";"86";"BR-101/RS";"Sul";"Tombamento";0;0;0;0;0;0;0;1;0;0;0;0;1;0;0
"08/05/2021";"16:37:00";"201";"Acidente s";"91";"BR-290/RS";"Oeste";"Colisão - Traseira";1;0;0;0;0;0;0;0;0;1;2;0;0;0;0
"08/05/2021";"18:02:00";"221";"Acidente s";"270";"BR-386/RS";"Norte";"Colisão - Traseira";2;0;0;0;0;0;0;0;0;0;1;0;0;0;0
"08/05/2021";"18:06:00";"222";"Acidente s";"42";"BR-290/RS";"Oeste";"Saída de pista";1;0;0;0;0;0;0;0;0;0;1;0;0;0;0
"08/05/2021";"18:12:00";"225";"Acidente c";"229";"BR-386/RS";"Norte";"Colisão - Frontal";1;0;0;1;0;0;0;0;0;0;2;1;0;0;0
"08/05/2021";"23:45:00";"278";"Acidente s";"270";"BR-386/RS";"Norte";"Queda de ribanceira";1;0;0;0;0;0;0;0;0;0;1;0;0;0;0
"09/05/2021";"11:54:00";"81";"Acidente c";"443";"BR-386/RS";"Ambos";"Colisão - Traseira";2;0;0;0;0;0;0;0;0;0;3;2;0;0;0
"09/05/2021";"13:41:00";"90";"Acidente s";"353";"BR-386/RS";"Norte";"Queda de ribanceira";1;0;0;0;0;0;0;0;0;0;1;0;0;0;0
"09/05/2021";"14:23:00";"93";"Acidente s";"60";"BR-290/RS";"Leste";"Colisão - Lateral";2;0;0;0;0;0;0;0;0;0;2;0;0;0;0
"09/05/2021";"16:34:00";"113";"Acidente s";"249";"BR-386/RS";"Sul";"Colisão - Traseira";2;0;0;0;0;0;0;0;0;0;2;0;0;0;0
"09/05/2021";"18:19:00";"142";"Acidente s";"239";"BR-386/RS";"Norte";"Engavetamento";3;0;0;0;0;0;0;0;0;0;8;0;0;0;0
"09/05/2021";"19:38:00";"162";"Acidente c";"345";"BR-386/RS";"Sul";"Colisão - Lateral";2;0;0;0;0;0;0;0;0;0;4;1;0;0;0
"09/05/2021";"19:46:00";"167";"Acidente s";"247";"BR-386/RS";"Norte";"Saída de pista";1;0;0;0;0;0;0;0;0;0;1;0;0;0;0
"09/05/2021";"19:54:00";"170";"Acidente s";"430";"BR-386/RS";"Sul";"Colisão - Frontal";2;0;0;0;0;0;0;0;0;0;4;0;0;0;0
"09/05/2021";"20:54:00";"183";"Acidente s";"423";"BR-386/RS";"Norte";"Outros";1;0;0;0;0;0;0;0;0;0;1;0;0;0;0
"10/05/2021";"08:03:00";"59";"Acidente c";"327";"BR-386/RS";"Sul";"Colisão - Traseira";1;0;0;1;0;0;0;0;0;0;1;0;1;0;0
"10/05/2021";"08:12:00";"65";"Acidente s";"325";"BR-386/RS";"Sul";"Queda de ribanceira";1;0;0;0;0;0;0;0;0;0;1;0;0;0;0
"10/05/2021";"09:35:00";"107";"Acidente s";"91";"BR-290/RS";"Leste";"Colisão - Lateral";2;0;0;0;0;0;0;0;0;0;3;0;0;0;0
"10/05/2021";"11:13:00";"137";"Acidente s";"1";"BR-101/RS";"Sul";"Colisão - Lateral";1;0;0;0;0;0;0;0;0;0;2;0;0;0;0
"10/05/2021";"11:31:00";"141";"Acidente c";"243";"BR-386/RS";"Norte";"Queda de ribanceira";1;0;0;0;0;0;0;0;0;0;0;2;0;0;0
"10/05/2021";"12:29:00";"159";"Acidente s";"70";"BR-290/RS";"Oeste";"Colisão - Lateral";1;0;0;0;0;0;0;0;0;0;3;0;0;0;0
"10/05/2021";"13:32:00";"175";"Acidente c";"442";"BR-386/RS";"Sul";"Queda de moto";0;0;0;1;0;0;0;0;0;0;0;0;1;0;0
"10/05/2021";"13:45:00";"177";"Acidente c";"353";"BR-386/RS";"Norte";"Colisão - Lateral";0;0;2;0;0;0;0;0;0;0;1;1;0;0;0
"10/05/2021";"15:23:00";"198";"Acidente c";"250";"BR-386/RS";"Norte";"Colisão - Traseira";1;0;0;0;0;1;0;0;0;0;1;2;0;0;0
"10/05/2021";"16:23:00";"208";"Acidente c";"356";"BR-386/RS";"Sul";"Colisão - Traseira";1;0;1;0;0;0;0;0;0;0;5;1;0;0;0
"10/05/2021";"16:24:00";"210";"Acidente s";"384";"BR-386/RS";"Norte";"Colisão - Traseira";1;0;0;0;0;1;0;0;0;0;2;0;0;0;0
"10/05/2021";"17:00:00";"217";"Acidente s";"60";"BR-290/RS";"Oeste";"Queda de moto";1;0;0;0;0;0;0;0;0;0;1;0;0;0;0
"10/05/2021";"18:06:00";"228";"Atropelame";"20";"BR-101/RS";"Norte";"Capotamento";0;0;0;1;0;0;0;0;0;0;0;1;1;0;0
"10/05/2021";"20:30:00";"253";"Acidente s";"291";"BR-386/RS";"Norte";"Colisão - Lateral";1;0;0;0;0;0;0;0;0;0;1;0;0;0;0
"10/05/2021";"20:39:00";"254";"Atropelame";"215";"BR-386/RS";"Norte";"Atropelamento - Usuário";0;0;0;0;0;0;0;0;0;1;1;0;1;0;0
"11/05/2021";"06:57:00";"18";"Acidente s";"92";"BR-290/RS";"Oeste";"Colisão - Lateral";1;0;1;0;0;0;0;0;0;0;3;0;0;0;0
"11/05/2021";"07:14:00";"21";"Acidente c";"443";"BR-386/RS";"Norte";"Colisão - Frontal";2;0;0;0;0;0;0;0;0;1;1;0;2;1;1
"11/05/2021";"13:05:00";"119";"Acidente s";"242";"BR-386/RS";"Sul";"Colisão - Lateral";1;0;0;0;0;0;0;1;0;0;4;0;0;0;0
"11/05/2021";"15:10:00";"145";"Acidente s";"351";"BR-386/RS";"Norte";"Tombamento";0;0;0;0;0;0;0;1;0;0;1;0;0;0;0
"11/05/2021";"16:13:00";"163";"Acidente s";"363";"BR-386/RS";"Norte";"Saída de pista";0;0;0;0;0;0;0;1;0;0;1;0;0;0;0
"11/05/2021";"18:39:00";"191";"Acidente s";"277";"BR-386/RS";"Sul";"Colisão - Lateral";2;0;0;0;0;0;0;0;0;0;2;0;0;0;0
"11/05/2021";"19:05:00";"193";"Acidente s";"246";"BR-386/RS";"Norte";"Saída de pista";2;0;0;0;0;0;0;0;0;0;4;0;0;0;0
"11/05/2021";"19:46:00";"199";"Acidente c";"90";"BR-290/RS";"Leste";"Choque Defensa";1;0;0;0;0;0;0;0;0;0;0;0;1;0;0
"12/05/2021";"09:07:00";"101";"Acidente c";"215";"BR-386/RS";"Sul";"Colisão - Frontal";1;0;1;0;0;0;0;0;0;0;1;4;1;0;0
"12/05/2021";"10:20:00";"120";"Acidente c";"342";"BR-386/RS";"Norte";"Colisão - Lateral";1;0;0;1;0;0;0;0;0;0;1;0;1;0;0
"12/05/2021";"17:36:00";"232";"Acidente s";"380";"BR-386/RS";"Norte";"Queda de moto";0;0;0;1;0;0;0;0;0;0;1;0;0;0;0
"12/05/2021";"18:16:00";"238";"Acidente s";"12";"BR-448/RS";"Norte";"Colisão - Traseira";2;0;0;0;0;0;0;0;0;0;5;0;0;0;0
"12/05/2021";"18:25:00";"242";"Acidente c";"347";"BR-386/RS";"Norte";"Colisão - Traseira";1;0;0;1;0;0;0;0;0;0;0;2;0;0;0
"12/05/2021";"19:20:00";"252";"Acidente c";"92";"BR-290/RS";"Leste";"Choque Barreira";0;0;1;0;0;0;0;1;0;0;1;0;1;0;0
"12/05/2021";"23:53:00";"277";"Acidente s";"86";"BR-290/RS";"Leste";"Queda de ribanceira";1;0;0;0;0;0;0;0;0;0;1;0;0;0;0
"13/05/2021";"07:36:00";"29";"Acidente s";"342";"BR-386/RS";"Norte";"Colisão - Lateral";1;0;1;0;0;0;0;0;0;0;4;0;0;0;0
"13/05/2021";"16:36:00";"200";"Acidente c";"439";"BR-386/RS";"Sul";"Colisão - Lateral";1;0;0;0;0;0;0;0;0;1;1;0;2;0;0
"13/05/2021";"18:53:00";"226";"Atropelame";"24";"BR-101/RS";"Norte";"Atropelamento - Usuário";0;0;0;1;0;0;0;0;0;0;1;1;0;0;0
"13/05/2021";"19:24:00";"233";"Acidente s";"435";"BR-386/RS";"Sul";"Colisão - Transversal";2;0;0;0;0;0;0;0;0;0;3;0;0;0;0
"13/05/2021";"20:08:00";"236";"Acidente s";"45";"BR-290/RS";"Leste";"Queda de ribanceira";1;0;0;0;0;0;0;0;0;0;1;0;0;0;0
"13/05/2021";"21:58:00";"246";"Acidente s";"94";"BR-290/RS";"Leste";"Tombamento";0;0;0;0;0;0;0;1;0;0;1;0;0;0;0
"13/05/2021";"23:26:00";"255";"Acidente s";"440";"BR-386/RS";"Sul";"Choque - Poste";1;0;0;0;0;0;0;0;0;0;1;0;0;0;0
"14/05/2021";"19:16:00";"254";"Acidente s";"1";"BR-290/RS";"Leste";"Queda de ribanceira";1;0;0;0;0;0;0;0;0;0;1;0;0;0;0
"14/05/2021";"19:47:00";"261";"Acidente s";"196";"BR-386/RS";"Norte";"Colisão - Traseira";2;0;1;0;0;0;0;0;0;1;8;0;0;0;0
"14/05/2021";"23:23:00";"291";"Atropelame";"215";"BR-386/RS";"Sul";"Atropelamento - Andarilho";1;0;0;0;0;0;0;0;0;0;2;0;0;0;1
"15/05/2021";"09:01:00";"51";"Acidente c";"346";"BR-386/RS";"Sul";"Capotamento";1;0;0;0;0;0;0;0;0;0;0;1;0;0;0
"15/05/2021";"09:07:00";"53";"Acidente s";"366";"BR-386/RS";"Norte";"Tombamento";0;0;0;0;0;1;0;0;0;0;1;0;0;0;0
"15/05/2021";"10:11:00";"69";"Acidente c";"253";"BR-386/RS";"Sul";"Queda de ribanceira";1;0;0;0;0;0;0;0;0;0;0;1;0;0;0
"16/05/2021";"02:08:00";"11";"Acidente c";"362";"BR-386/RS";"Sul";"Saída de pista";1;0;0;0;0;0;0;0;0;0;0;1;0;0;0
"16/05/2021";"05:05:00";"18";"Acidente c";"349";"BR-386/RS";"Norte";"Queda de moto";0;0;0;1;0;0;0;0;0;0;0;1;0;0;0
"16/05/2021";"07:11:00";"25";"Acidente c";"414";"BR-386/RS";"Norte";"Capotamento";1;0;0;0;0;0;0;0;0;0;2;0;1;0;0
"16/05/2021";"18:25:00";"141";"Acidente s";"348";"BR-386/RS";"Norte";"Colisão - Traseira";1;0;0;1;0;0;0;0;0;0;4;0;0;0;0
"16/05/2021";"18:41:00";"146";"Acidente s";"77";"BR-290/RS";"Leste";"Colisão - Lateral";2;0;0;0;0;0;0;0;0;0;2;0;0;0;0
"16/05/2021";"23:26:00";"203";"Acidente s";"251";"BR-386/RS";"Sul";"Choque Defensa";1;0;0;0;0;0;0;0;0;0;1;0;0;0;0
"17/05/2021";"02:03:00";"7";"Acidente s";"71";"BR-101/RS";"Sul";"Saída de pista";1;0;0;0;0;0;0;0;0;0;1;0;0;0;0
"17/05/2021";"08:13:00";"58";"Acidente c";"1";"BR-448/RS";"Sul";"Queda de moto";0;0;0;1;0;0;0;0;0;0;0;1;0;0;0
"17/05/2021";"08:28:00";"64";"Acidente c";"87";"BR-101/RS";"Norte";"Queda de moto";0;0;0;1;0;0;0;0;0;0;0;0;0;1;0