data;horario;n_da_ocorrencia;tipo_de_ocorrencia;km;trecho;sentido;tipo_de_acidente;automovel;bicicleta;caminhao;moto;onibus;outros;tracao_animal;transporte_de_cargas_especiais;trator_maquinas;utilitarios;ilesos;levemente_feridos;moderadamente_feridos;gravemente_feridos;mortos
"17/05/2021";"13:15:00";"151";"Acidente s";"438";"BR-386/RS";"Norte";"Colisão - Lateral";1;0;0;1;0;0;0;0;0;0;3;0;0;0;0
"17/05/2021";"13:51:00";"160";"Acidente s";"95";"BR-290/RS";"Leste";"Outros";0;0;0;1;0;0;0;0;0;0;1;0;0;0;0
"17/05/2021";"14:41:00";"172";"Acidente c";"343";"BR-386/RS";"Sul";"Colisão - Frontal";2;0;1;0;0;0;0;0;0;0;3;1;0;1;0
"17/05/2021";"17:14:00";"204";"Acidente s";"417";"BR-386/RS";"Norte";;0;0;0;0;0;0;0;1;0;0;1;0;0;0;0
"18/05/2021";"05:51:00";"11";"Acidente c";"406";"BR-386/RS";"Norte";"Choque - Arvore";1;0;0;0;0;0;0;0;0;0;1;1;0;0;0
"18/05/2021";"11:18:00";"120";"Acidente c";"19";"BR-290/RS";"Leste";"Queda de moto";0;0;0;1;0;0;0;0;0;0;0;2;0;0;0
"18/05/2021";"15:26:00";"172";"Acidente s";"333";"BR-386/RS";"Norte";"Queda de ribanceira";1;0;0;0;0;0;0;0;0;0;2;0;0;0;0
"18/05/2021";"17:26:00";"192";"Acidente s";"413";"BR-386/RS";"Norte";"Colisão - Lateral";1;0;0;1;0;0;0;0;0;0;3;0;0;0;0
"18/05/2021";"19:06:00";"207";"Acidente c";"23";"BR-290/RS";"Leste";"Queda de moto";0;0;0;1;0;0;0;0;0;0;0;1;0;0;0
"19/05/2021";"04:37:00";"8";"Acidente s";"64";"BR-101/RS";"Sul";"Choque Barreira";0;0;1;0;0;0;0;0;0;0;1;0;0;0;0
"19/05/2021";"06:26:00";"10";"Acidente s";"22";"BR-101/RS";"Sul";"Colisão - Traseira";0;0;2;0;0;0;0;0;0;0;2;0;0;0;0
"19/05/2021";"06:42:00";"16";"Acidente s";"64";"BR-101/RS";"Sul";"Colisão - Lateral";0;0;0;0;0;0;0;0;0;1;2;0;0;0;0
"19/05/2021";"07:09:00";"26";"Acidente s";"426";"BR-386/RS";"Norte";"Colisão - Lateral";1;0;0;0;0;0;0;1;0;0;2;0;0;0;0
"19/05/2021";"11:28:00";"127";"Acidente s";"64";"BR-290/RS";"Leste";"Capotamento";1;0;0;0;0;0;0;0;0;0;1;0;0;0;0
"19/05/2021";"12:00:00";"131";"Acidente c";"343";"BR-386/RS";"Norte";"Colisão - Transversal";1;0;0;1;0;0;0;0;0;0;1;1;0;0;0
"19/05/2021";"16:49:00";"191";"Acidente c";"415";"BR-386/RS";"Norte";"Colisão - Traseira";2;0;1;0;0;0;0;0;0;0;2;0;1;0;0
"19/05/2021";"21:36:00";"227";"Acidente c";"15";"BR-448/RS";"Norte";"Capotamento";1;0;0;0;0;0;0;0;0;0;0;1;0;0;0
"19/05/2021";"22:14:00";"236";"Acidente s";"29";"BR-290/RS";"Leste";"Queda de moto";0;0;0;1;0;0;0;0;0;0;1;0;0;0;0
"20/05/2021";"07:31:00";"43";"Acidente s";"380";"BR-386/RS";"Norte";"Queda de ribanceira";1;0;0;0;0;0;0;0;0;0;1;0;0;0;0
"20/05/2021";"08:10:00";"73";"Acidente s";"87";"BR-290/RS";"Oeste";"Colisão - Traseira";1;0;1;0;0;0;0;0;0;0;3;0;0;0;0
"20/05/2021";"17:57:00";"195";"Acidente s";"346";"BR-386/RS";"Sul";"Colisão - Traseira";2;0;0;0;0;0;0;0;0;0;2;0;0;0;0
"20/05/2021";"17:57:00";"191";"Acidente s";"345";"BR-386/RS";"Sul";"Colisão - Traseira";1;0;0;0;0;1;0;0;0;0;2;0;0;0;0
"20/05/2021";"21:58:00";"225";"Acidente s";"312";"BR-386/RS";"Sul";"Choque Barreira";1;0;0;0;0;0;0;0;0;0;1;0;0;0;0
"21/05/2021";"04:59:00";"17";"Acidente s";"303";"BR-386/RS";"Norte";"Saída de pista";0;0;0;0;0;0;0;0;0;1;1;0;0;0;0
"21/05/2021";"07:28:00";"41";"Acidente s";"404";"BR-386/RS";"Norte";"Queda de ribanceira";0;0;1;0;0;0;0;0;0;0;1;0;0;0;0
"21/05/2021";"09:38:00";"98";"Acidente s";"262";"BR-386/RS";"Sul";"Choque Praça - Cabine";0;0;1;0;0;0;0;0;0;0;3;0;0;0;0
"21/05/2021";"11:35:00";"120";"Acidente s";"68";"BR-101/RS";"Sul";"Choque com objeto sobre a pista";1;0;0;0;0;0;0;0;0;0;2;0;0;0;0
"21/05/2021";"11:44:00";"122";"Acidente s";"299";"BR-386/RS";"Norte";"Choque - Arvore";0;0;0;0;0;0;0;1;0;0;1;0;0;0;0
"21/05/2021";"11:45:00";"123";"Acidente s";"306";"BR-386/RS";"Norte";"Queda de ribanceira";0;0;0;0;0;0;0;0;0;1;1;0;0;0;0
"21/05/2021";"12:58:00";"138";"Acidente s";"348";"BR-386/RS";"Norte";"Engavetamento";3;0;0;0;0;0;0;0;0;1;5;0;0;0;0
"21/05/2021";"13:25:00";"144";"Acidente s";"395";"BR-386/RS";"Sul";;1;0;0;0;0;0;0;0;0;0;1;0;0;0;0
"21/05/2021";"14:48:00";"154";"Acidente s";"72";"BR-290/RS";"Leste";"Queda de ribanceira";1;0;0;0;0;0;0;0;0;0;2;0;0;0;0
"21/05/2021";"14:50:00";"155";"Acidente c";"50";"BR-290/RS";"Leste";"Capotamento";1;0;0;0;0;0;0;0;0;0;1;1;0;0;0
"21/05/2021";"15:34:00";"163";"Acidente s";"396";"BR-386/RS";"Norte";"Saída de pista";1;0;0;0;0;0;0;0;0;0;2;0;0;0;0
"21/05/2021";"16:20:00";"175";"Acidente s";"366";"BR-386/RS";"Norte";"Colisão - Lateral";2;0;0;0;0;0;0;0;0;0;3;0;0;0;0
"21/05/2021";"16:26:00";"178";"Acidente c";"410";"BR-386/RS";"Sul";"Colisão - Frontal";3;0;0;0;0;0;0;0;0;0;4;0;2;0;0
"21/05/2021";"17:16:00";"187";"Acidente s";"88";"BR-290/RS";"Oeste";"Colisão - Traseira";2;0;0;0;0;0;0;0;0;0;3;0;0;0;0
"21/05/2021";"17:40:00";"193";"Acidente s";"38";"BR-290/RS";"Oeste";"Saída de pista";1;0;0;0;0;0;0;0;0;0;1;0;0;0;0
"21/05/2021";"17:55:00";"197";"Acidente s";"87";"BR-101/RS";"Sul";"Queda de ribanceira";1;0;0;0;0;0;0;0;0;0;4;0;0;0;0
"21/05/2021";"18:00:00";"199";"Acidente s";"79";"BR-290/RS";"Oeste";"Colisão - Traseira";2;0;0;0;0;0;0;0;0;0;2;0;0;0;0
"21/05/2021";"18:20:00";"202";"Atropelame";"346";"BR-386/RS";"Sul";"Atropelamento - Morador/Trabalhador/Estudante";1;0;0;0;0;0;0;0;0;0;1;1;0;0;0
"21/05/2021";"19:17:00";"212";"Acidente s";"359";"BR-386/RS";"Sul";"Saída de pista";1;0;0;0;0;0;0;0;0;0;1;0;0;0;0
"21/05/2021";"19:45:00";"219";"Acidente c";"86";"BR-101/RS";"Norte";"Capotamento";1;0;0;0;0;0;0;0;0;0;1;1;0;0;0
"21/05/2021";"20:53:00";"227";"Acidente s";"410";"BR-386/RS";"Norte";"Saída de pista";1;0;0;0;0;0;0;0;0;0;1;0;0;0;0
"21/05/2021";"22:03:00";"236";"Acidente s";"94";"BR-290/RS";"Leste";"Choque Defensa";1;0;0;0;0;0;0;0;0;0;1;0;0;0;0
"21/05/2021";"22:34:00";"245";"Acidente c";"28";"BR-290/RS";"Leste";"Queda de ribanceira";1;0;0;0;0;0;0;0;0;0;0;0;0;1;0
"21/05/2021";"22:43:00";"246";"Acidente s";"76";"BR-290/RS";"Oeste";"Choque Defensa";1;0;0;0;0;0;0;0;0;0;1;0;0;0;0
"21/05/2021";"22:55:00";"248";"Acidente s";"347";"BR-386/RS";"Norte";"Saída de pista";1;0;0;0;0;0;0;0;0;0;1;0;0;0;0
"22/05/2021";"01:07:00";"2";"Acidente s";"11";"BR-290/RS";"Oeste";"Queda de ribanceira";1;0;0;0;0;0;0;0;0;0;1;0;0;0;0
"22/05/2021";"05:44:00";"10";"Acidente s";"1";"BR-448/RS";"Sul";"Capotamento";1;0;0;0;0;0;0;0;0;0;2;0;0;0;0
"22/05/2021";"07:43:00";"31";"Acidente s";"75,55";"BR-290/RS";"Leste";"Queda de ribanceira";1;0;0;0;0;0;0;0;0;0;1;0;0;0;0
"22/05/2021";"09:49:00";"69";"Acidente c";"325";"BR-386/RS";"Ambos";"Colisão - Transversal";2;0;0;0;0;0;0;0;0;0;4;1;0;0;0
"22/05/2021";"15:11:00";"128";"Acidente s";"63";"BR-290/RS";"Leste";;0;0;0;0;0;1;0;0;0;0;2;0;0;0;0
"22/05/2021";"18:40:00";"168";"Acidente s";"80,19";"BR-290/RS";"Oeste";"Queda de Carga";2;0;0;0;0;0;0;0;0;0;2;0;0;0;0
"22/05/2021";"19:13:00";"174";"Acidente s";"431";"BR-386/RS";"Sul";"Choque - Meio Fio";3;0;0;1;0;0;0;1;0;0;6;0;0;0;0
"22/05/2021";"19:44:00";"178";"Acidente s";"6";"BR-290/RS";"Oeste";"Saída de pista";1;0;0;0;0;0;0;0;0;0;4;0;0;0;0
"22/05/2021";"22:59:00";"201";"Acidente s";"34";"BR-290/RS";"Leste";"Atropelamento de Animal";1;0;0;0;0;0;0;0;0;0;2;0;0;0;0
"23/05/2021";"17:15:00";"124";"Acidente s";"60";"BR-290/RS";"Leste";"Colisão - Traseira";1;0;0;1;0;0;0;0;0;0;2;0;0;0;0
"23/05/2021";"19:09:00";"146";"Acidente s";"76";"BR-101/RS";"Norte";"Saída de pista";1;0;0;0;0;0;0;0;0;0;2;0;0;0;0
"24/05/2021";"02:04:00";"7";"Acidente s";"32";"BR-290/RS";"Leste";"Queda de ribanceira";1;0;0;0;0;0;0;0;0;0;1;0;0;0;0
"24/05/2021";"08:15:00";"67";"Acidente s";"89";"BR-290/RS";"Oeste";"Colisão - Traseira";1;0;0;0;0;0;0;1;0;0;2;0;0;0;0
"24/05/2021";"17:26:00";"240";"Acidente s";"347";"BR-386/RS";"Norte";"Colisão - Traseira";2;0;0;0;0;0;0;0;0;0;2;0;0;0;0
"24/05/2021";"21:40:00";"272";"Acidente c";"31";"BR-290/RS";"Leste";"Colisão - Traseira";1;0;0;1;0;0;0;0;0;0;1;0;0;0;1
"25/05/2021";"07:30:00";"37";"Acidente s";"428";"BR-386/RS";"Norte";"Colisão - Transversal";2;0;0;0;0;0;0;0;0;0;2;0;0;0;0
"25/05/2021";"14:16:00";"153";"Acidente c";"56";"BR-290/RS";"Leste";"Queda de ribanceira";1;0;0;0;0;0;0;0;0;0;0;1;0;0;0
"25/05/2021";"18:09:00";"199";"Acidente s";"86";"BR-101/RS";"Norte";"Tombamento";0;0;0;0;0;0;0;1;0;0;1;0;0;0;0
"25/05/2021";"18:47:00";"212";"Acidente s";"88";"BR-290/RS";"Leste";"Engavetamento";3;0;1;0;0;0;0;0;0;0;4;0;0;0;0
"25/05/2021";"20:03:00";"232";"Atropelame";"69";"BR-290/RS";"Oeste";"Atropelamento - Usuário";1;0;0;0;0;0;0;0;0;0;1;0;1;0;0
"25/05/2021";"21:34:00";"235";"Acidente s";"398";"BR-386/RS";"Norte";"Saída de pista";0;0;0;0;0;0;0;1;0;0;1;0;0;0;0
"26/05/2021";"05:20:00";"7";"Acidente s";"63";"BR-101/RS";"Norte";"Saída de pista";1;0;0;0;0;0;0;0;0;0;1;0;0;0;0
"26/05/2021";"14:01:00";"151";"Acidente s";"8";"BR-448/RS";"Sul";"Choque com veículo no acostamento";0;0;2;0;0;0;0;0;0;0;3;0;0;0;0
"26/05/2021";"14:45:00";"161";"Acidente c";"226";"BR-386/RS";"Sul";"Queda de ribanceira";0;0;1;0;0;0;0;0;0;0;0;1;1;0;0
"26/05/2021";"17:20:00";"195";"Acidente s";"437";"BR-386/RS";"Sul";"Colisão - Lateral";2;0;1;0;0;0;0;0;0;0;3;0;0;0;0
"27/05/2021";"04:49:00";"17";"Acidente s";"65";"BR-290/RS";"Leste";"Queda de ribanceira";0;0;1;0;0;0;0;0;0;0;1;0;0;0;0
"27/05/2021";"09:51:00";"104";"Acidente s";"19";"BR-290/RS";"Leste";"Colisão - Traseira";0;0;2;0;0;0;0;0;0;0;2;0;0;0;0
"27/05/2021";"10:15:00";"110";"Acidente s";"239";"BR-386/RS";"Norte";"Colisão - Traseira";0;0;0;0;0;1;0;0;0;1;2;0;0;0;0
"27/05/2021";"11:59:00";"133";"Acidente s";"28";"BR-290/RS";"Leste";"Queda de ribanceira";1;0;0;0;0;0;0;0;0;0;1;0;0;0;0
"27/05/2021";"15:46:00";"179";"Acidente s";"17";"BR-448/RS";"Norte";"Colisão - Traseira";2;0;0;0;0;0;0;0;0;0;4;0;0;0;0
"27/05/2021";"15:48:00";"180";"Acidente c";"1";"BR-290/RS";"Leste";"Queda de Ponte/Viaduto";1;0;0;0;0;0;0;0;0;0;0;1;0;0;0
"27/05/2021";"18:49:00";"201";"Acidente c";"365";"BR-386/RS";"Norte";"Colisão - Lateral";1;0;1;0;0;0;0;0;0;0;1;0;1;0;1
"27/05/2021";"22:23:00";"234";"Acidente s";"88";"BR-290/RS";"Leste";"Colisão - Traseira";2;0;0;0;0;0;0;0;0;0;3;0;0;0;0
"28/05/2021";"04:10:00";"7";"Acidente s";"13";"BR-290/RS";"Oeste";"Queda de ribanceira";0;0;0;0;0;0;0;0;0;1;1;0;0;0;0
"28/05/2021";"12:17:00";"114";"Acidente s";"417";"BR-386/RS";"Sul";"Saída de pista";1;0;0;0;0;0;0;0;0;0;1;0;0;0;0
"28/05/2021";"12:21:00";"115";"Acidente c";"348";"BR-386/RS";"Sul";;2;0;0;0;0;0;0;0;0;0;1;1;0;0;0
"28/05/2021";"12:25:00";"116";"Acidente s";"85";"BR-290/RS";"Leste";"Choque Defensa";1;0;0;0;0;0;0;0;0;0;1;0;0;0;0
"28/05/2021";"12:58:00";"120";"Acidente s";"11";"BR-290/RS";"Oeste";"Queda de ribanceira";1;0;0;0;0;0;0;0;0;0;1;0;0;0;0
"28/05/2021";"13:29:00";"123";"Acidente s";"272";"BR-386/RS";"Norte";"Queda de ribanceira";1;0;0;0;0;0;0;0;0;0;2;0;0;0;0
"28/05/2021";"14:13:00";"129";"Acidente s";"365";"BR-386/RS";"Norte";"Saída de pista";1;0;0;0;0;0;0;0;0;0;2;0;0;0;0
"28/05/2021";"14:33:00";"131";"Acidente s";"411";"BR-386/RS";"Sul";"Capotamento";1;0;0;0;0;0;0;0;0;0;4;0;0;0;0
"28/05/2021";"14:37:00";"132";"Acidente s";"33";"BR-290/RS";"Oeste";"Queda de ribanceira";1;0;0;0;0;0;0;0;0;0;3;0;0;0;0
"28/05/2021";"14:38:00";"133";"Acidente s";"426";"BR-386/RS";"Sul";"Colisão - Traseira";2;0;0;0;0;0;0;0;0;0;2;0;0;0;0
"28/05/2021";"15:16:00";"137";"Acidente s";"65";"BR-290/RS";"Oeste";;0;0;0;0;0;0;0;0;0;1;1;0;0;0;0
"28/05/2021";"15:16:00";"138";"Acidente s";"305";"BR-386/RS";"Sul";"Saída de pista";1;0;0;0;0;0;0;0;0;0;1;0;0;0;0
"28/05/2021";"15:39:00";"142";"Acidente s";"417";"BR-386/RS";"Sul";"Saída de pista";1;0;0;0;0;0;0;0;0;0;1;0;0;0;0
"28/05/2021";"15:42:00";"144";"Acidente s";"22";"BR-290/RS";"Leste";"Queda de ribanceira";1;0;0;0;0;0;0;0;0;0;1;0;0;0;0
"28/05/2021";"16:03:00";"150";"Acidente s";"352";"BR-386/RS";"Norte";"Choque Defensa";1;0;0;0;0;0;0;0;0;0;4;0;0;0;0
"28/05/2021";"16:55:00";"168";"Acidente s";"42";"BR-101/RS";"Norte";"Colisão - Lateral";0;0;0;0;0;2;0;0;0;0;2;0;0;0;0
"28/05/2021";"17:01:00";"171";"Acidente s";"440";"BR-386/RS";"Norte";"Saída de pista";1;0;0;0;0;0;0;0;0;0;2;0;0;0;0
"28/05/2021";"17:11:00";"178";"Acidente s";"376";"BR-386/RS";"Norte";"Colisão - Traseira";2;0;0;0;0;0;0;0;0;0;4;0;0;0;0
"28/05/2021";"17:26:00";"181";"Acidente s";"261";"BR-386/RS";"Norte";"Choque Defensa";1;0;0;0;0;0;0;0;0;0;1;0;0;0;0
"28/05/2021";"17:41:00";"184";"Acidente s";"396";"BR-386/RS";"Norte";"Capotamento";1;0;0;0;0;0;0;0;0;0;3;0;0;0;0
"28/05/2021";"18:17:00";"194";"Acidente s";"50";"BR-290/RS";"Leste";"Saída de pista";1;0;0;0;0;0;0;0;0;0;1;0;0;0;0
"28/05/2021";"19:00:00";"206";"Acidente s";"90";"BR-290/RS";"Oeste";"Choque Defensa";1;0;0;0;0;0;0;0;0;0;1;0;0;0;0
"28/05/2021";"20:15:00";"217";"Acidente s";"93";"BR-290/RS";"Oeste";"Choque Barreira";1;0;0;0;0;0;0;0;0;0;1;0;0;0;0
"28/05/2021";"20:52:00";"221";"Acidente c";"11";"BR-290/RS";"Oeste";"Capotamento";1;0;0;0;0;0;0;0;0;0;0;1;0;0;0
"28/05/2021";"21:57:00";"230";"Acidente c";"22";"BR-448/RS";"Sul";"Colisão - Lateral";1;0;0;0;0;0;0;0;0;0;1;1;0;0;0
"28/05/2021";"22:01:00";"231";"Acidente s";"23";"BR-290/RS";"Leste";"Saída de pista";1;0;0;0;0;0;0;0;0;0;1;0;0;0;0
"28/05/2021";"22:16:00";"232";"Acidente s";"270";"BR-386/RS";"Norte";"Saída de pista";1;0;0;0;0;0;0;0;0;0;1;0;0;0;0
"28/05/2021";"22:48:00";"236";"Acidente s";"42";"BR-290/RS";"Leste";"Saída de pista";1;0;0;0;0;0;0;0;0;0;1;0;0;0;0
"29/05/2021";"07:06:00";"33";"Acidente s";"248";"BR-386/RS";"Norte";"Colisão - Traseira";2;0;0;0;0;0;0;0;0;0;2;0;0;0;0
"29/05/2021";"09:45:00";"73";"Acidente s";"60";"BR-290/RS";"Leste";"Colisão - Traseira";2;0;0;0;0;0;0;0;0;0;2;0;0;0;0
"29/05/2021";"15:22:00";"151";"Acidente s";"435";"BR-386/RS";"Norte";"Saída de pista";1;0;0;0;0;0;0;0;0;0;1;0;0;0;0
"29/05/2021";"16:02:00";"165";"Acidente s";"60";"BR-290/RS";"Leste";"Colisão - Traseira";2;0;0;0;0;0;0;0;0;0;4;0;0;0;0
"29/05/2021";"16:15:00";"166";"Acidente s";"22";"BR-101/RS";"Sul";"Colisão - Lateral";1;0;1;0;0;0;0;0;0;0;2;0;0;0;0
"29/05/2021";"17:41:00";"180";"Acidente s";"76";"BR-101/RS";"Sul";"Saída de pista";1;0;0;0;0;0;0;0;0;0;3;0;0;0;0
"29/05/2021";"22:22:00";"219";"Acidente c";"5";"BR-101/RS";"Norte";"Capotamento";1;0;0;0;0;0;0;0;0;0;0;0;0;0;1
"29/05/2021";"22:43:00";"221";"Acidente c";"11";"BR-290/RS";"Leste";"Colisão - Traseira";2;0;0;0;0;0;0;0;0;0;0;2;1;0;0
"30/05/2021";"02:06:00";"7";"Acidente c";"270";"BR-386/RS";"Sul";"Colisão - Transversal";1;0;1;0;0;0;0;0;0;0;2;0;1;0;2
"30/05/2021";"05:43:00";"14";"Acidente s";"30";"BR-101/RS";"Norte";"Queda de ribanceira";1;0;0;0;0;0;0;0;0;0;1;0;0;0;0
"30/05/2021";"18:20:00";"139";"Acidente s";"62";"BR-101/RS";"Sul";"Colisão - Lateral";1;0;1;0;0;0;0;0;0;0;5;0;0;0;0
"30/05/2021";"19:24:00";"151";"Acidente s";"392";"BR-386/RS";"Norte";"Colisão - Transversal";2;0;0;0;0;0;0;0;0;0;6;0;0;0;0
"30/05/2021";"19:56:00";"157";"Acidente s";"80";"BR-290/RS";"Leste";"Capotamento";1;0;0;0;0;0;0;0;0;0;2;0;0;0;0
"30/05/2021";"22:52:00";"175";"Acidente c";"438";"BR-386/RS";"Sul";"Choque Barreira";1;0;0;0;0;0;0;0;0;0;0;0;1;0;0
"31/05/2021";"07:59:00";"42";"Acidente s";"93";"BR-290/RS";"Oeste";"Colisão - Traseira";2;0;0;0;0;0;0;0;0;0;2;0;0;0;0
"31/05/2021";"08:30:00";"63";"Acidente c";"439";"BR-386/RS";"Sul";"Colisão - Lateral";1;0;1;0;0;0;0;0;0;0;4;1;0;0;0
"31/05/2021";"09:16:00";"74";"Acidente s";"85";"BR-101/RS";"Sul";"Choque Defensa";1;0;0;0;0;0;0;0;0;0;2;0;0;0;0
"31/05/2021";"10:26:00";"107";"Acidente s";"92";"BR-290/RS";"Leste";"Colisão - Traseira";1;0;0;0;0;0;0;0;0;1;4;0;0;0;0
"31/05/2021";"12:29:00";"132";"Acidente c";"351";"BR-386/RS";"Sul";"Colisão - Lateral";0;0;1;1;0;0;0;0;0;0;1;1;0;0;0
"31/05/2021";"13:30:00";"145";"Acidente s";"4";"BR-448/RS";"Norte";"Choque com veículo no acostamento";1;0;1;0;0;0;0;0;0;0;2;0;0;0;0
"31/05/2021";"19:35:00";"223";"Acidente s";"224";"BR-386/RS";"Norte";"Colisão - Lateral";1;0;0;0;0;0;0;1;0;0;3;0;0;0;0
"31/05/2021";"22:53:00";"245";"Acidente s";"194";"BR-386/RS";"Norte";"Saída de pista";0;0;0;0;0;0;0;0;0;1;1;0;0;0;0
"01/06/2021";"06:24:00";"16";"Acidente s";"438";"BR-386/RS";"Sul";"Colisão - Lateral";1;0;1;0;0;1;0;0;0;0;2;0;0;0;0
"01/06/2021";"14:20:00";"180";"Acidente s";"80";"BR-290/RS";"Leste";"Queda de moto";0;0;0;1;0;0;0;0;0;0;1;0;0;0;0
"01/06/2021";"14:22:00";"181";"Acidente s";"262";"BR-386/RS";"Sul";"Colisão - Traseira";1;0;0;0;0;1;0;0;0;0;4;0;0;0;0
"02/06/2021";"04:43:00";"17";"Acidente s";"289";"BR-386/RS";"Norte";"Saída de pista";1;0;0;0;0;1;0;0;0;0;2;0;0;0;0
"02/06/2021";"14:22:00";"151";"Acidente s";"443";"BR-386/RS";"Norte";"Colisão - Lateral";1;0;0;0;0;0;0;0;0;0;1;0;0;0;0
"02/06/2021";"18:14:00";"198";"Atropelame";"417";"BR-386/RS";"Norte";"Atropelamento - Andarilho";1;0;0;0;0;0;0;0;0;0;1;0;1;0;0
"02/06/2021";"19:50:00";"213";"Acidente s";"247";"BR-386/RS";"Norte";"Queda de ribanceira";1;0;0;0;0;0;0;0;0;0;2;0;0;0;0
"02/06/2021";"21:40:00";"231";"Acidente s";"227";"BR-386/RS";"Sul";"Colisão - Lateral";2;0;0;0;0;0;0;0;0;0;3;0;0;0;0
"03/06/2021";"02:58:00";"11";"Acidente s";"93";"BR-290/RS";"Leste";"Colisão - Traseira";2;0;0;1;0;0;0;0;0;0;3;0;0;0;0
"03/06/2021";"09:02:00";"60";"Acidente s";"424";"BR-386/RS";"Norte";"Colisão - Traseira";1;0;0;1;0;0;0;0;0;0;3;0;0;0;0
"03/06/2021";"09:55:00";"78";"Acidente s";"356";"BR-386/RS";"Norte";"Colisão - Lateral";1;0;0;0;0;0;0;0;0;0;1;0;0;0;0
"03/06/2021";"11:52:00";"96";"Acidente s";"79";"BR-290/RS";"Oeste";"Queda de ribanceira";2;0;0;0;0;0;0;0;0;0;5;0;0;0;0
"03/06/2021";"16:29:00";"132";"Acidente s";"18";"BR-290/RS";"Leste";"Queda de ribanceira";1;0;0;0;0;1;0;0;0;0;3;0;0;0;0
"03/06/2021";"16:34:00";"133";"Acidente c";"371";"BR-386/RS";"Norte";"Saída de pista";1;0;0;1;0;0;0;0;0;0;2;0;0;0;0
"03/06/2021";"16:58:00";"140";"Acidente s";"19";"BR-290/RS";"Leste";"Colisão - Traseira";1;0;0;0;0;0;0;0;0;0;1;0;0;0;0
"03/06/2021";"17:22:00";"147";"Acidente c";"374";"BR-386/RS";"Norte";"Colisão - Traseira";1;0;0;0;0;0;0;0;0;0;2;0;0;0;0
"03/06/2021";"20:08:00";"173";"Acidente s";"85";"BR-290/RS";"Oeste";"Queda de moto";0;0;0;1;0;0;0;0;0;0;0;1;0;0;0
"03/06/2021";"21:08:00";"182";"Acidente s";"306";"BR-386/RS";"Norte";"Choque com objeto sobre a pista";2;0;0;0;0;0;0;0;0;0;5;0;0;0;0
"03/06/2021";"21:37:00";"190";"Acidente s";"44";"BR-101/RS";"Norte";"Colisão - Traseira";1;0;0;1;0;0;0;0;0;0;0;1;0;1;0
"04/06/2021";"08:59:00";"79";"Acidente s";"426";"BR-386/RS";"Sul";"Colisão - Traseira";2;0;0;0;0;0;0;0;0;0;4;0;0;0;0
"04/06/2021";"15:04:00";"163";"Acidente s";"80";"BR-101/RS";"Norte";"Colisão - Traseira";2;0;0;0;0;0;0;0;0;0;2;0;0;0;0
"04/06/2021";"16:34:00";"185";"Acidente s";"88";"BR-290/RS";"Leste";"Colisão - Lateral";1;0;0;0;0;0;0;0;0;1;2;0;0;0;0
"04/06/2021";"19:31:00";"227";"Acidente s";"70";"BR-290/RS";"Leste";;1;0;0;0;0;0;0;1;0;0;2;0;0;0;0
"04/06/2021";"20:25:00";"236";"Acidente s";"5";"BR-290/RS";"Oeste";"Queda de moto";0;0;0;1;0;0;0;0;0;0;2;0;0;0;0
"04/06/2021";"20:27:00";"238";"Acidente c";"405";"BR-386/RS";"Sul";"Saída de pista";0;0;0;1;0;0;0;0;0;0;1;0;0;0;0
"04/06/2021";"21:49:00";"249";"Acidente s";"92";"BR-290/RS";"Leste";"Colisão - Lateral";1;0;0;0;0;0;0;0;0;0;0;0;1;0;0
"05/06/2021";"00:37:00";"4";"Acidente s";"223";"BR-386/RS";"Sul";"Saída de pista";1;0;0;0;0;0;0;0;0;0;1;0;0;0;0
"05/06/2021";"07:03:00";"38";"Acidente s";"307";"BR-386/RS";"Norte";"Saída de pista";1;0;0;0;0;0;0;0;0;0;2;0;0;0;0
"05/06/2021";"16:40:00";"177";"Acidente s";"80";"BR-290/RS";"Leste";;1;0;0;0;0;0;0;0;0;0;1;0;0;0;0
"05/06/2021";"17:31:00";"189";"Acidente c";"34";"BR-101/RS";"Norte";"Colisão - Lateral";1;0;0;0;0;0;0;0;0;0;1;0;0;0;0
"05/06/2021";"18:30:00";"199";"Atropelame";"72";"BR-101/RS";"Norte";"Atropelamento - Usuário";1;0;0;0;0;0;0;0;0;0;1;0;0;0;0
"05/06/2021";"19:32:00";"210";"Acidente s";"405";"BR-386/RS";"Ambos";"Saída de pista";0;0;0;2;0;0;0;0;0;0;0;2;0;0;0
"05/06/2021";"20:50:00";"225";"Acidente s";"354";"BR-386/RS";"Norte";"Saída de pista";1;0;0;0;0;0;0;0;0;0;1;1;0;0;0
"05/06/2021";"21:10:00";"230";"Acidente s";"418";"BR-386/RS";"Norte";"Saída de pista";1;0;0;0;0;0;0;0;0;0;2;0;0;0;0
"05/06/2021";"21:43:00";"236";"Acidente s";"16";"BR-290/RS";"Oeste";"Saída de pista";1;0;0;0;0;0;0;0;0;0;2;0;0;0;0
"05/06/2021";"21:51:00";"238";"Acidente s";"77";"BR-290/RS";"Oeste";"Choque Barreira";1;0;0;0;0;0;0;0;0;0;1;0;0;0;0
"05/06/2021";"22:17:00";"242";"Acidente s";"11";"BR-290/RS";"Oeste";"Saída de pista";2;0;0;0;0;0;0;0;0;0;6;0;0;0;0
"05/06/2021";"23:59:00";"250";"Acidente s";"80";"BR-290/RS";"Leste";"Queda de ribanceira";1;0;0;0;0;0;0;0;0;0;1;0;0;0;0
"06/06/2021";"00:51:00";"5";"Acidente s";"347";"BR-386/RS";"Norte";"Saída de pista";2;0;0;0;0;0;0;0;0;0;3;0;0;0;0
"06/06/2021";"05:51:00";"21";"Acidente c";"327";"BR-386/RS";"Ambos";"Colisão - Frontal";0;0;0;0;0;0;0;0;0;1;1;0;0;0;0