data;horario;n_da_ocorrencia;tipo_de_ocorrencia;km;trecho;sentido;tipo_de_acidente;automovel;bicicleta;caminhao;moto;onibus;outros;tracao_animal;transporte_de_cargas_especiais;trator_maquinas;utilitarios;ilesos;levemente_feridos;moderadamente_feridos;gravemente_feridos;mortos
"18/07/2021";"18:05:00";"158";"Acidente s";"9";"BR-290/RS";"Leste";"Choque Defensa";1;0;0;0;0;0;0;0;0;0;4;0;0;0;0
"18/07/2021";"18:38:00";"165";"Acidente s";"395";"BR-386/RS";"Sul";"Queda de ribanceira";0;0;0;0;0;0;0;0;0;1;1;0;0;0;0
"18/07/2021";"19:25:00";"174";"Acidente c";"350";"BR-386/RS";"Norte";"Capotamento";1;0;0;0;0;0;0;0;0;0;0;0;1;0;0
"18/07/2021";"22:00:00";"204";"Acidente s";"265";"BR-386/RS";"Norte";"Queda de ribanceira";1;0;0;0;0;0;0;0;0;0;1;0;0;0;0
"19/07/2021";"06:57:00";"31";"Acidente s";"444";"BR-386/RS";"Sul";"Colisão - Transversal";1;0;0;0;0;0;0;0;0;1;2;0;0;0;0
"19/07/2021";"10:48:00";"100";"Acidente s";"364";"BR-386/RS";"Sul";"Saída de pista";1;0;0;0;0;0;0;0;0;0;1;0;0;0;0
"19/07/2021";"12:02:00";"113";"Acidente s";"432";"BR-386/RS";"Sul";"Saída de pista";1;0;0;0;0;0;0;0;0;0;1;0;0;0;0
"20/07/2021";"14:01:00";"110";"Acidente s";"35";"BR-101/RS";"Sul";"Colisão - Traseira";2;0;0;0;0;0;0;0;0;0;5;0;0;0;0
"20/07/2021";"14:01:00";"111";"Acidente s";"282";"BR-386/RS";"Norte";"Engavetamento";3;0;0;0;0;0;0;0;0;0;6;0;0;0;0
"20/07/2021";"18:09:00";"142";"Acidente c";"248";"BR-386/RS";"Sul";"Colisão - Traseira";2;0;1;0;0;0;0;0;0;0;2;2;0;0;0
"20/07/2021";"18:46:00";"152";"Acidente c";"392";"BR-386/RS";"Sul";"Colisão - Traseira";0;0;1;1;0;0;0;0;0;0;2;1;0;0;0
"20/07/2021";"19:12:00";"154";"Acidente s";"25";"BR-290/RS";"Leste";"Saída de pista";0;0;1;0;0;0;0;0;0;0;2;0;0;0;0
"21/07/2021";"15:30:00";"159";"Acidente s";"246";"BR-386/RS";"Norte";"Saída de pista";1;0;0;0;0;0;0;0;0;0;2;0;0;0;0
"21/07/2021";"19:49:00";"216";"Acidente s";"322";"BR-386/RS";"Sul";"Saída de pista";1;0;0;0;0;0;0;0;0;0;1;0;0;0;0
"21/07/2021";"21:01:00";"223";"Acidente s";"71";"BR-290/RS";"Leste";"Outros";1;0;0;0;0;1;0;0;0;0;2;0;0;0;0
"22/07/2021";"00:34:00";"7";"Acidente s";"11";"BR-101/RS";"Sul";"Saída de pista";1;0;0;0;0;0;0;0;0;0;3;0;0;0;0
"22/07/2021";"05:48:00";"22";"Acidente s";"83";"BR-290/RS";"Leste";"Colisão - Lateral";1;0;1;0;0;0;0;0;0;0;2;0;0;0;0
"22/07/2021";"08:18:00";"86";"Acidente s";"387";"BR-386/RS";"Sul";"Colisão - Lateral";1;0;1;0;0;0;0;0;0;0;2;0;0;0;0
"22/07/2021";"10:58:00";"140";"Acidente s";"345";"BR-386/RS";"Norte";"Colisão - Lateral";1;0;1;0;0;0;0;0;0;0;3;0;0;0;0
"22/07/2021";"16:23:00";"206";"Acidente s";"60";"BR-290/RS";"Oeste";"Colisão - Traseira";2;0;0;0;0;0;0;0;0;0;4;0;0;0;0
"22/07/2021";"16:41:00";"209";"Acidente s";"92";"BR-290/RS";"Leste";"Colisão - Lateral";1;0;0;1;0;0;0;0;0;0;2;0;0;0;0
"22/07/2021";"16:50:00";"211";"Acidente s";"359";"BR-386/RS";"Sul";"Capotamento";1;0;0;0;0;0;0;0;0;0;1;0;0;0;0
"22/07/2021";"19:17:00";"236";"Acidente s";"91";"BR-290/RS";"Oeste";"Choque Barreira";1;0;0;0;0;0;0;0;0;0;1;0;0;0;0
"22/07/2021";"20:10:00";"245";"Atropelame";"8";"BR-290/RS";"Oeste";;1;0;0;0;0;0;0;0;0;0;0;1;0;0;0
"23/07/2021";"06:45:00";"33";"Acidente c";"435";"BR-386/RS";"Sul";"Colisão - Traseira";1;0;0;0;0;0;0;1;0;0;2;0;1;0;0
"23/07/2021";"07:06:00";"40";"Acidente s";"345";"BR-386/RS";"Sul";"Colisão - Transversal";2;0;0;0;0;0;0;0;0;0;2;0;0;0;0
"23/07/2021";"12:23:00";"127";"Acidente s";"346";"BR-386/RS";"Norte";"Saída de pista";1;0;0;0;0;1;0;0;0;0;2;0;0;0;0
"23/07/2021";"18:12:00";"199";"Acidente c";"219";"BR-386/RS";"Sul";"Colisão - Frontal";1;0;1;0;0;0;0;0;0;0;1;0;0;0;4
"23/07/2021";"18:42:00";"209";"Acidente c";"216";"BR-386/RS";"Norte";"Colisão - Transversal";1;0;0;1;0;0;0;0;0;0;1;1;0;0;0
"24/07/2021";"00:07:00";"3";"Acidente s";"376";"BR-386/RS";"Norte";"Saída de pista";1;0;0;0;0;0;0;0;0;0;2;0;0;0;0
"24/07/2021";"02:34:00";"12";"Acidente c";"45";"BR-101/RS";"Sul";"Queda de moto";0;0;0;1;0;0;0;0;0;0;0;1;0;0;0
"24/07/2021";"06:35:00";"26";"Acidente c";"245";"BR-386/RS";"Sul";"Colisão - Transversal";1;0;0;0;0;0;0;1;0;0;1;0;0;1;0
"24/07/2021";"08:13:00";"39";"Acidente s";"78";"BR-101/RS";"Sul";;2;0;0;0;0;0;0;0;0;0;2;0;0;0;0
"24/07/2021";"09:25:00";"59";"Acidente s";"19";"BR-290/RS";"Leste";"Colisão - Traseira";2;0;0;0;0;0;0;0;0;0;2;0;0;0;0
"24/07/2021";"13:29:00";"113";"Acidente s";"33";"BR-101/RS";"Sul";"Choque Barreira";1;0;0;0;0;0;0;0;0;0;1;0;0;0;0
"24/07/2021";"16:17:00";"157";"Acidente s";"45";"BR-101/RS";"Sul";"Colisão - Traseira";3;0;0;0;0;0;0;0;0;0;3;0;0;0;0
"24/07/2021";"16:49:00";"162";"Acidente s";"228";"BR-386/RS";"Norte";"Colisão - Traseira";2;0;0;0;0;0;0;0;0;0;2;0;0;0;0
"24/07/2021";"18:38:00";"177";"Acidente c";"40";"BR-290/RS";"Leste";"Saída de pista";1;0;0;0;0;0;0;0;0;0;1;0;1;0;0
"24/07/2021";"19:08:00";"185";"Acidente s";"437";"BR-386/RS";"Sul";"Colisão - Traseira";2;0;0;0;0;0;0;0;0;0;3;0;0;0;0
"25/07/2021";"01:20:00";"17";"Acidente s";"361";"BR-386/RS";"Sul";"Choque Barreira";1;0;0;0;0;0;0;0;0;0;1;0;0;0;0
"25/07/2021";"02:47:00";"25";"Acidente s";"40";"BR-290/RS";"Ambos";"Saída de pista";1;0;0;0;0;0;0;0;0;0;1;0;0;0;0
"25/07/2021";"07:50:00";"55";"Acidente c";"19";"BR-290/RS";"Leste";"Queda de ribanceira";1;0;0;0;0;0;0;0;0;0;0;1;0;0;0
"25/07/2021";"13:53:00";"123";"Acidente c";"80";"BR-101/RS";"Sul";"Choque - Painel Propaganda";1;0;0;0;0;0;0;0;0;0;1;1;0;0;0
"25/07/2021";"15:12:00";"138";"Acidente c";"10";"BR-101/RS";"Norte";"Colisão - Traseira";1;0;0;1;0;0;0;0;0;0;1;0;0;0;1
"25/07/2021";"18:34:00";"182";"Acidente s";"373";"BR-386/RS";"Norte";"Colisão - Traseira";1;0;0;0;0;0;0;0;0;1;2;0;0;0;0
"25/07/2021";"18:37:00";"183";"Acidente s";"5";"BR-290/RS";"Oeste";"Colisão - Traseira";2;0;0;0;0;0;0;0;0;0;3;0;0;0;0
"25/07/2021";"18:43:00";"186";"Acidente s";"436";"BR-386/RS";"Sul";"Saída de pista";1;0;0;0;0;0;0;0;0;0;1;0;0;0;0
"25/07/2021";"20:20:00";"202";"Acidente s";"246";"BR-386/RS";"Norte";"Colisão - Lateral";1;0;0;0;0;0;0;0;0;1;2;0;0;0;0
"25/07/2021";"22:25:00";"223";"Acidente s";"279";"BR-386/RS";"Norte";"Tombamento";0;0;0;0;0;0;0;1;0;0;1;0;0;0;0
"26/07/2021";"08:31:00";"72";"Acidente c";"415";"BR-386/RS";"Norte";"Colisão - Traseira";2;0;0;0;0;0;0;0;0;0;1;2;0;0;0
"26/07/2021";"11:42:00";"114";"Acidente s";"410";"BR-386/RS";"Norte";"Capotamento";1;0;0;0;0;0;0;0;0;0;2;0;0;0;0
"26/07/2021";"14:45:00";"151";"Acidente s";"24";"BR-290/RS";"Leste";"Queda de ribanceira";1;0;0;0;0;0;0;0;0;0;4;0;0;0;0
"26/07/2021";"19:11:00";"204";"Acidente s";"80";"BR-290/RS";"Leste";"Capotamento";1;0;0;0;0;0;0;0;0;0;1;0;0;0;0
"26/07/2021";"19:48:00";"213";"Acidente s";"0";"BR-448/RS";"Norte";"Choque Barreira";1;0;0;0;0;0;0;0;0;0;1;0;0;0;0
"26/07/2021";"20:05:00";"217";"Acidente c";"14";"BR-290/RS";"Ambos";"Capotamento";1;0;0;0;0;0;0;0;0;0;0;0;4;0;0
"27/07/2021";"05:21:00";"6";"Acidente c";"408";"BR-386/RS";"Norte";"Colisão - Frontal";1;0;1;0;0;0;0;0;0;0;1;0;0;0;2
"27/07/2021";"16:38:00";"189";"Acidente s";"87";"BR-290/RS";"Leste";"Engavetamento";1;0;0;0;0;0;0;1;0;3;5;0;0;0;0
"27/07/2021";"17:04:00";"195";"Acidente c";"296";"BR-386/RS";"Sul";"Tombamento";0;0;1;0;0;0;0;0;0;0;0;0;1;0;0
"28/07/2021";"06:28:00";"31";"Acidente s";"19";"BR-290/RS";"Leste";;0;0;1;0;0;0;0;1;0;0;2;0;0;0;0
"28/07/2021";"06:31:00";"32";"Acidente s";"427";"BR-386/RS";"Norte";"Saída de pista";1;0;0;0;0;0;0;0;0;0;1;0;0;0;0
"28/07/2021";"07:48:00";"58";"Acidente s";"299";"BR-386/RS";"Sul";"Queda de ribanceira";1;0;0;0;0;0;0;0;0;0;3;0;0;0;0
"28/07/2021";"08:48:00";"79";"Acidente s";"91";"BR-290/RS";"Leste";"Colisão - Lateral";0;0;0;1;0;0;0;0;0;0;1;0;0;0;0
"28/07/2021";"09:35:00";"91";"Acidente s";"5";"BR-101/RS";"Sul";"Colisão - Lateral";2;0;0;0;0;0;0;0;0;0;2;0;0;0;0
"28/07/2021";"13:57:00";"145";"Acidente s";"254";"BR-386/RS";"Norte";"Queda de ribanceira";0;0;0;0;0;1;0;0;0;0;1;0;0;0;0
"28/07/2021";"15:49:00";"168";"Acidente s";"215";"BR-386/RS";"Sul";"Colisão - Traseira";2;0;0;0;0;0;0;0;0;0;5;0;0;0;0
"28/07/2021";"18:13:00";"202";"Acidente c";"342";"BR-386/RS";"Norte";"Colisão - Transversal";1;0;1;0;0;0;0;0;0;0;1;0;1;0;0
"28/07/2021";"19:18:00";"216";"Acidente s";"65";"BR-101/RS";"Sul";"Colisão - Traseira";1;0;0;1;0;0;0;0;0;0;3;0;0;0;0
"28/07/2021";"19:52:00";"224";"Acidente c";"33";"BR-101/RS";"Norte";"Saída de pista";1;0;0;0;0;0;0;0;0;0;0;1;0;0;0
"28/07/2021";"20:15:00";"228";"Acidente s";"18";"BR-290/RS";"Leste";"Saída de pista";1;0;0;0;0;0;0;0;0;0;1;0;0;0;0
"28/07/2021";"20:15:00";"240";"Acidente s";"18";"BR-290/RS";"Leste";"Saída de pista";1;0;0;0;0;0;0;0;0;0;2;0;0;0;0
"28/07/2021";"20:17:00";"229";"Acidente s";"15";"BR-290/RS";"Ambos";"Saída de pista";1;0;0;0;0;0;0;0;0;0;3;0;0;0;0
"28/07/2021";"20:31:00";"230";"Acidente s";"14";"BR-290/RS";"Oeste";"Capotamento";1;0;0;0;0;0;0;0;0;0;4;0;0;0;0
"28/07/2021";"21:36:00";"232";"Acidente s";"371";"BR-386/RS";"Ambos";"Saída de pista";1;0;0;0;0;0;0;0;0;0;3;0;0;0;0
"28/07/2021";"22:39:00";"239";"Acidente c";"369";"BR-386/RS";"Norte";"Colisão - Traseira";0;0;0;2;0;0;0;0;0;0;1;1;0;0;0
"29/07/2021";"06:37:00";"264";"Acidente s";"351";"BR-386/RS";"Norte";"Colisão - Traseira";2;0;0;0;0;0;0;0;0;0;2;0;0;0;0
"29/07/2021";"14:37:00";"397";"Acidente s";"81";"BR-101/RS";"Sul";"Queda de ribanceira";1;0;0;0;0;0;0;0;0;0;1;0;0;0;0
"29/07/2021";"14:38:00";"398";"Acidente c";"304";"BR-386/RS";"Sul";"Colisão - Traseira";1;0;0;0;0;0;0;1;0;0;2;1;0;0;0
"29/07/2021";"15:20:00";"408";"Acidente c";"222";"BR-386/RS";"Norte";"Colisão - Traseira";0;0;1;0;0;0;0;0;0;1;4;3;0;0;0
"29/07/2021";"15:22:00";"409";"Acidente s";"79";"BR-290/RS";"Leste";"Colisão - Traseira";2;0;0;0;0;0;0;0;0;0;2;0;0;0;0
"29/07/2021";"19:11:00";"443";"Acidente s";"391";"BR-386/RS";"Sul";"Colisão - Traseira";2;0;0;0;0;0;0;0;0;0;2;0;0;0;0
"30/07/2021";"00:00:00";"1";"Acidente s";"76";"BR-101/RS";"Sul";"Saída de pista";1;0;0;0;0;0;0;0;0;0;1;0;0;0;0
"30/07/2021";"04:25:00";"24";"Acidente s";"52";"BR-290/RS";"Leste";"Saída de pista";1;0;0;0;0;0;0;0;0;0;1;0;0;0;0
"30/07/2021";"07:55:00";"65";"Acidente s";"262";"BR-386/RS";"Sul";"Colisão - Traseira";1;0;0;0;0;1;0;0;0;0;3;0;0;0;0
"30/07/2021";"08:33:00";"80";"Acidente c";"81";"BR-290/RS";"Oeste";"Queda de moto";0;0;0;1;0;0;0;0;0;0;0;1;0;0;0
"30/07/2021";"08:39:00";"84";"Acidente s";"43";"BR-290/RS";"Leste";"Saída de pista";1;0;0;0;0;0;0;0;0;0;2;0;0;0;0
"30/07/2021";"10:06:00";"122";"Acidente s";"333";"BR-386/RS";"Sul";"Saída de pista";1;0;0;0;0;0;0;0;0;0;2;0;0;0;0
"30/07/2021";"17:13:00";"224";"Acidente c";"22";"BR-448/RS";"Sul";"Colisão - Traseira";2;0;0;0;0;0;0;0;0;0;1;0;1;0;0
"30/07/2021";"18:46:00";"244";"Acidente s";"89";"BR-290/RS";"Oeste";"Choque Barreira";2;0;0;0;0;0;0;0;0;0;2;0;0;0;0
"30/07/2021";"21:17:00";"284";"Acidente s";"22";"BR-448/RS";"Norte";"Colisão - Traseira";2;0;0;0;0;0;0;0;0;0;2;0;0;0;0
"31/07/2021";"15:51:00";"151";"Acidente s";"17,1";"BR-290/RS";"Leste";"Saída de pista";1;0;0;0;0;0;0;0;0;0;2;0;0;0;0
"31/07/2021";"16:10:00";"153";"Acidente s";"427";"BR-386/RS";"Norte";"Colisão - Lateral";2;0;0;0;0;0;0;0;0;0;2;0;0;0;0
"31/07/2021";"23:12:00";"210";"Acidente s";"80";"BR-290/RS";"Leste";"Queda de ribanceira";1;0;0;0;0;0;0;0;0;0;1;0;0;0;0
"31/07/2021";"23:15:00";"211";"Acidente s";"401";"BR-386/RS";"Sul";"Capotamento";1;0;0;0;0;0;0;0;0;0;1;0;0;0;0
"01/08/2021";"19:36:00";"143";"Acidente c";"323";"BR-386/RS";"Sul";"Colisão - Frontal";1;0;0;1;0;0;0;0;0;0;2;0;0;0;1
"01/08/2021";"19:51:00";"150";"Atropelame";"348";"BR-386/RS";"Norte";"Atropelamento - Usuário";1;0;0;0;0;0;0;0;0;0;1;0;0;1;0
"01/08/2021";"21:05:00";"161";"Acidente s";"81";"BR-290/RS";"Leste";"Queda de ribanceira";0;0;0;0;0;0;0;0;0;1;1;0;0;0;0
"01/08/2021";"21:42:00";"163";"Acidente s";"81";"BR-290/RS";"Leste";"Saída de pista";1;0;0;0;0;0;0;0;0;0;1;0;0;0;0
"02/08/2021";"04:37:00";"22";"Acidente s";"54";"BR-101/RS";"Norte";"Capotamento";1;0;0;0;0;0;0;0;0;0;1;0;0;0;0
"02/08/2021";"07:27:00";"45";"Acidente s";"86";"BR-290/RS";"Oeste";"Colisão - Lateral";1;0;0;0;0;0;0;1;0;0;4;0;0;0;0
"02/08/2021";"07:56:00";"55";"Acidente s";"283";"BR-386/RS";"Norte";"Saída de pista";1;0;0;0;0;0;0;0;0;0;1;0;0;0;0
"02/08/2021";"08:36:00";"71";"Acidente s";"1";"BR-290/RS";"Leste";;1;0;0;0;0;0;0;0;0;0;1;0;0;0;0
"02/08/2021";"09:57:00";"96";"Acidente s";"227";"BR-386/RS";"Sul";"Colisão - Lateral";1;0;0;0;0;1;0;0;0;0;3;0;0;0;0
"02/08/2021";"12:30:00";"117";"Acidente s";"409";"BR-386/RS";"Sul";"Colisão - Traseira";1;0;0;0;0;0;0;1;0;0;2;0;0;0;0
"02/08/2021";"14:15:00";"136";"Acidente s";"85";"BR-290/RS";"Leste";"Colisão - Lateral";1;0;0;0;0;0;0;1;0;0;2;0;0;0;0
"02/08/2021";"15:02:00";"146";"Acidente c";"92";"BR-290/RS";"Oeste";;1;0;0;1;0;0;0;0;0;0;1;0;0;2;0
"02/08/2021";"17:37:00";"174";"Acidente s";"98";"BR-290/RS";"Oeste";"Colisão - Traseira";1;0;0;0;0;0;0;0;0;0;1;0;0;0;0
"03/08/2021";"18:17:00";"172";"Acidente c";"235";"BR-386/RS";"Sul";"Colisão - Traseira";2;0;0;0;0;0;0;0;0;0;2;0;2;0;0
"03/08/2021";"19:10:00";"182";"Acidente c";"248";"BR-386/RS";"Norte";"Colisão - Transversal";1;0;0;0;0;0;0;1;0;0;1;1;0;0;0
"04/08/2021";"07:45:00";"49";"Acidente s";"227";"BR-386/RS";"Sul";"Saída de pista";0;0;1;0;0;0;0;0;0;0;1;0;0;0;0
"04/08/2021";"15:36:00";"165";"Acidente s";"89";"BR-290/RS";"Leste";;1;0;1;0;0;0;0;0;0;0;2;0;0;0;0
"04/08/2021";"16:49:00";"181";"Acidente s";"85";"BR-290/RS";"Leste";"Colisão - Lateral";1;0;0;0;0;0;0;1;0;0;4;0;0;0;0
"04/08/2021";"21:40:00";"217";"Acidente s";"53";"BR-290/RS";"Leste";"Tombamento";0;0;0;0;0;0;0;1;0;0;1;0;0;0;0
"04/08/2021";"21:44:00";"218";"Acidente s";"246";"BR-386/RS";"Sul";"Saída de pista";1;0;0;0;0;0;0;0;0;0;1;0;0;0;0
"05/08/2021";"02:55:00";"11";"Acidente s";"203";"BR-386/RS";"Ambos";"Queda de ribanceira";1;0;0;0;0;0;0;0;0;0;1;0;0;0;0
"05/08/2021";"08:40:00";"83";"Acidente c";"340";"BR-386/RS";"Sul";"Saída de pista";1;0;0;0;0;0;0;0;0;0;0;0;1;0;0
"05/08/2021";"13:27:00";"151";"Acidente s";"13";"BR-448/RS";"Norte";"Colisão - Traseira";1;0;0;0;0;0;0;1;0;0;5;0;0;0;0
"05/08/2021";"14:42:00";"166";"Acidente s";"327";"BR-386/RS";"Sul";"Engavetamento";1;0;1;0;0;0;0;0;0;1;4;0;0;0;0
"05/08/2021";"21:15:00";"239";"Acidente s";"40";"BR-101/RS";"Sul";"Saída de pista";1;0;0;0;0;0;0;0;0;0;5;0;0;0;0
"06/08/2021";"00:23:00";"5";"Acidente s";"68";"BR-290/RS";"Oeste";"Queda de ribanceira";1;0;0;0;0;0;0;0;0;0;1;0;0;0;0
"06/08/2021";"05:47:00";"22";"Acidente s";"228";"BR-386/RS";"Norte";"Colisão - Lateral";1;0;0;0;0;0;0;1;0;0;3;0;0;0;0
"06/08/2021";"06:21:00";"25";"Acidente s";"351";"BR-386/RS";"Norte";"Queda de ribanceira";1;0;0;0;0;0;0;0;0;0;1;0;0;0;0
"06/08/2021";"07:58:00";"65";"Acidente c";"78";"BR-290/RS";"Oeste";"Colisão - Traseira";1;0;1;0;0;0;0;0;0;0;1;1;0;0;0
"06/08/2021";"18:03:00";"225";"Acidente c";"436";"BR-386/RS";"Norte";"Colisão - Transversal";0;0;1;1;0;0;0;0;0;0;1;0;1;0;0
"06/08/2021";"18:11:00";"228";"Acidente s";"77";"BR-290/RS";"Leste";"Colisão - Traseira";2;0;0;0;0;0;0;0;0;0;3;0;0;0;0
"07/08/2021";"02:30:00";"10";"Acidente c";"15";"BR-448/RS";"Sul";"Outros";0;0;0;1;0;0;0;0;0;0;0;1;0;0;0
"07/08/2021";"05:16:00";"19";"Acidente s";"255";"BR-386/RS";"Sul";"Saída de pista";0;0;1;0;0;0;0;0;0;0;1;0;0;0;0
"07/08/2021";"10:49:00";"79";"Acidente s";"92";"BR-290/RS";"Ambos";"Colisão - Traseira";2;0;0;0;0;0;0;0;0;0;2;0;0;0;0
"07/08/2021";"11:30:00";"89";"Acidente c";"352";"BR-386/RS";"Sul";"Saída de pista";1;0;0;0;0;0;0;0;0;0;0;1;0;0;0
"07/08/2021";"15:50:00";"135";"Acidente s";"220";"BR-386/RS";"Sul";"Colisão - Transversal";2;0;0;0;0;0;0;0;0;0;5;0;0;0;0
"07/08/2021";"18:21:00";"163";"Acidente c";"84";"BR-290/RS";"Leste";"Queda de moto";0;0;0;1;0;0;0;0;0;0;0;1;0;0;0
"07/08/2021";"19:11:00";"178";"Acidente c";"180";"BR-386/RS";"Norte";"Choque Defensa";1;0;0;0;0;0;0;0;0;0;0;1;0;0;0
"07/08/2021";"20:25:00";"192";"Acidente c";"5";"BR-101/RS";"Norte";"Atropelamento de Animal";1;0;0;1;0;0;0;0;0;0;2;1;0;0;0
"07/08/2021";"22:08:00";"202";"Acidente s";"22";"BR-290/RS";"Ambos";"Saída de pista";0;0;1;0;0;0;0;0;0;0;1;0;0;0;0
"07/08/2021";"22:54:00";"206";"Acidente s";"70";"BR-290/RS";"Oeste";"Saída de pista";1;0;0;0;0;1;0;0;0;0;2;0;0;0;0
"08/08/2021";"05:44:00";"12";"Acidente s";"92";"BR-290/RS";"Oeste";"Queda de ribanceira";1;0;0;0;0;0;0;0;0;0;1;0;0;0;0
"08/08/2021";"19:54:00";"161";"Acidente c";"325";"BR-386/RS";"Norte";"Colisão - Transversal";1;0;0;0;0;0;0;1;0;0;1;0;0;1;0
"08/08/2021";"20:00:00";"163";"Acidente s";"86";"BR-290/RS";"Oeste";"Colisão - Traseira";2;0;0;0;0;0;0;0;0;0;2;0;0;0;0
"08/08/2021";"22:57:00";"194";"Acidente s";"69";"BR-290/RS";"Oeste";"Queda de ribanceira";1;0;0;0;0;0;0;0;0;0;4;0;0;0;0
"09/08/2021";"00:52:00";"8";"Acidente s";"372";"BR-386/RS";"Sul";"Choque - Meio Fio";1;0;0;0;0;0;0;0;0;0;1;0;0;0;0
"09/08/2021";"04:49:00";"15";"Acidente c";"344";"BR-386/RS";"Sul";"Queda de moto";0;0;0;1;0;0;0;0;0;0;0;2;0;0;0
"09/08/2021";"05:45:00";"22";"Acidente s";"86";"BR-290/RS";"Leste";"Choque Defensa";1;0;0;0;0;0;0;0;0;0;1;0;0;0;0
"09/08/2021";"08:51:00";"88";"Acidente s";"84";"BR-290/RS";"Leste";"Queda de moto";0;0;0;1;0;0;0;0;0;0;1;0;0;0;0
"09/08/2021";"10:34:00";"115";"Acidente s";"13";"BR-448/RS";"Norte";"Colisão - Lateral";1;0;0;0;0;1;0;0;0;0;5;0;0;0;0
"09/08/2021";"13:28:00";"153";"Acidente s";"13";"BR-290/RS";"Leste";"Saída de pista";1;0;0;0;0;0;0;0;0;0;1;0;0;0;0
"09/08/2021";"14:01:00";"160";"Acidente c";"17";"BR-448/RS";"Sul";"Colisão - Traseira";0;0;1;1;0;0;0;0;0;0;1;1;0;0;0
"09/08/2021";"14:16:00";"163";"Acidente s";"375";"BR-386/RS";"Sul";"Colisão - Traseira";2;0;0;0;0;0;0;0;0;0;2;0;0;0;0
"09/08/2021";"14:22:00";"167";"Acidente c";"352";"BR-386/RS";"Norte";"Choque - Poste";1;0;0;0;0;0;0;0;0;0;1;2;0;0;0
"09/08/2021";"16:55:00";"195";"Acidente s";"375";"BR-386/RS";"Sul";"Colisão - Lateral";1;0;1;0;0;0;0;0;0;0;3;0;0;0;0
"09/08/2021";"21:25:00";"229";"Acidente c";"50";"BR-290/RS";"Leste";"Capotamento";1;0;0;0;0;0;0;0;0;0;0;1;0;0;0
"09/08/2021";"21:39:00";"233";"Acidente s";"94";"BR-290/RS";"Oeste";"Choque Barreira";1;0;0;0;0;0;0;0;0;0;1;0;0;0;0
"10/08/2021";"01:48:00";"6";"Acidente s";"440";"BR-386/RS";"Norte";"Queda de ribanceira";1;0;0;0;0;0;0;0;0;0;1;0;0;0;0
"10/08/2021";"06:46:00";"25";"Acidente s";"334";"BR-386/RS";"Norte";"Choque Defensa";0;0;1;0;0;0;0;0;0;0;1;0;0;0;0
"10/08/2021";"06:50:00";"27";"Acidente s";"357";"BR-386/RS";"Norte";"Queda de ribanceira";1;0;0;0;0;0;0;0;0;0;3;0;0;0;0
"10/08/2021";"07:38:00";"48";"Acidente s";"90";"BR-290/RS";"Oeste";"Colisão - Traseira";2;0;0;0;0;0;0;0;0;0;2;0;0;0;0
"10/08/2021";"08:13:00";"57";"Acidente s";"40";"BR-101/RS";"Sul";"Choque Barreira";1;0;0;0;0;0;0;0;0;0;1;0;0;0;0
"10/08/2021";"09:03:00";"67";"Acidente s";"84";"BR-290/RS";"Oeste";"Choque Barreira";1;0;0;0;0;0;0;0;0;0;1;0;0;0;0
"10/08/2021";"11:13:00";"91";"Acidente c";"79";"BR-290/RS";"Oeste";"Queda de ribanceira";1;0;0;0;0;0;0;0;0;0;0;0;1;0;0
"10/08/2021";"23:15:00";"185";"Acidente s";"358";"BR-386/RS";"Ambos";"Saída de pista";1;0;0;0;0;0;0;0;0;0;1;0;0;0;0
"11/08/2021";"00:49:00";"4";"Acidente s";"411";"BR-386/RS";"Norte";"Queda de ribanceira";1;0;0;0;0;0;0;0;0;0;1;0;0;0;0
"11/08/2021";"06:33:00";"21";"Acidente s";"82";"BR-290/RS";"Leste";"Queda de ribanceira";1;0;0;0;0;0;0;0;0;0;1;0;0;0;0
"11/08/2021";"09:58:00";"78";"Acidente s";"270";"BR-386/RS";"Norte";"Colisão - Lateral";2;0;0;0;0;0;0;0;0;0;3;0;0;0;0
"11/08/2021";"16:41:00";"162";"Acidente c";"86";"BR-290/RS";"Leste";"Queda de Carga";1;0;1;0;0;0;0;0;0;0;1;0;1;0;0
"11/08/2021";"18:48:00";"187";"Acidente c";"1";"BR-101/RS";"Norte";"Queda de moto";0;0;0;1;0;0;0;0;0;0;0;1;0;0;0
"11/08/2021";"19:30:00";"193";"Acidente s";"228";"BR-386/RS";"Sul";"Capotamento";1;0;0;0;0;0;0;0;0;0;1;0;0;0;0
"12/08/2021";"02:22:00";"11";"Acidente s";"358";"BR-386/RS";"Sul";"Saída de pista";1;0;0;0;0;0;0;0;0;0;2;0;0;0;0
"12/08/2021";"07:49:00";"59";"Acidente s";"425";"BR-386/RS";"Norte";"Colisão - Lateral";1;0;1;0;0;0;0;0;0;0;2;0;0;0;0
"12/08/2021";"08:08:00";"69";"Acidente s";"60";"BR-290/RS";"Oeste";"Colisão - Lateral";2;0;0;0;0;0;0;0;0;0;2;0;0;0;0
"12/08/2021";"19:28:00";"210";"Acidente s";"68";"BR-290/RS";"Oeste";"Atropelamento de Animal";1;0;0;0;0;0;0;0;0;0;1;0;0;0;0
"12/08/2021";"20:37:00";"219";"Acidente c";"58";"BR-101/RS";"Ambos";"Saída de pista";1;0;0;0;0;0;0;0;0;0;0;1;0;0;0
"12/08/2021";"23:17:00";"235";"Acidente s";"36";"BR-290/RS";"Oeste";"Saída de pista";0;0;1;0;0;0;0;0;0;0;1;0;0;0;0
"13/08/2021";"06:54:00";"17";"Acidente s";"442";"BR-386/RS";"Norte";"Choque - Sinalização";1;0;0;0;0;0;0;0;0;0;1;0;0;0;0
"13/08/2021";"12:46:00";"135";"Acidente s";"80";"BR-290/RS";"Oeste";"Queda de ribanceira";1;0;0;0;0;0;0;0;0;0;1;0;0;0;0