data;horario;n_da_ocorrencia;tipo_de_ocorrencia;km;trecho;sentido;tipo_de_acidente;automovel;bicicleta;caminhao;moto;onibus;outros;tracao_animal;transporte_de_cargas_especiais;trator_maquinas;utilitarios;ilesos;levemente_feridos;moderadamente_feridos;gravemente_feridos;mortos
"13/08/2021";"13:35:00";"141";"Acidente s";"69";"BR-290/RS";"Oeste";"Saída de pista";1;0;0;0;0;0;0;0;0;0;1;0;0;0;0
"13/08/2021";"16:04:00";"177";"Acidente s";"92";"BR-290/RS";"Oeste";"Engavetamento";3;0;0;0;0;0;0;0;0;0;3;0;0;0;0
"13/08/2021";"19:52:00";"221";"Acidente s";"346";"BR-386/RS";"Sul";"Colisão - Traseira";2;0;0;0;0;0;0;0;0;0;8;0;0;0;0
"13/08/2021";"21:04:00";"239";"Acidente c";"354";"BR-386/RS";"Norte";"Colisão - Transversal";1;0;0;0;0;0;0;1;0;0;1;0;1;1;0
"14/08/2021";"09:48:00";"72";"Acidente s";"60";"BR-290/RS";"Leste";"Colisão - Lateral";2;0;0;0;0;0;0;0;0;0;6;0;0;0;0
"14/08/2021";"19:06:00";"177";"Acidente s";"393";"BR-386/RS";"Sul";"Queda de ribanceira";1;0;0;0;0;0;0;0;0;0;1;0;0;0;0
"14/08/2021";"19:17:00";"178";"Acidente s";"417";"BR-386/RS";"Sul";"Colisão - Transversal";1;0;0;1;0;0;0;0;0;0;2;0;0;0;0
"15/08/2021";"06:59:00";"25";"Acidente c";"180";"BR-386/RS";"Sul";"Saída de pista";1;0;0;0;0;0;0;0;0;0;0;0;1;0;0
"15/08/2021";"07:08:00";"28";"Acidente s";"345";"BR-386/RS";"Ambos";"Saída de pista";1;0;0;0;0;0;0;0;0;0;1;0;0;0;0
"15/08/2021";"12:25:00";"74";"Acidente s";"330";"BR-386/RS";"Norte";"Choque Barreira";1;0;0;0;0;0;0;0;0;0;1;0;0;0;0
"15/08/2021";"15:28:00";"100";"Acidente c";"7";"BR-101/RS";"Sul";"Colisão - Traseira";2;0;0;0;0;0;0;0;0;0;3;0;0;1;0
"16/08/2021";"01:38:00";"6";"Acidente c";"72";"BR-290/RS";"Oeste";"Queda de ribanceira";1;0;0;0;0;0;0;0;0;0;0;1;0;0;0
"16/08/2021";"07:59:00";"47";"Acidente s";"270";"BR-386/RS";"Norte";"Queda de ribanceira";1;0;0;0;0;0;0;0;0;0;1;0;0;0;0
"16/08/2021";"17:10:00";"173";"Acidente s";"344";"BR-386/RS";"Sul";"Colisão - Lateral";2;0;0;0;0;0;0;0;0;0;2;0;0;0;0
"16/08/2021";"18:38:00";"186";"Acidente s";"387";"BR-386/RS";"Norte";"Queda de moto";0;0;0;1;0;0;0;0;0;0;1;0;0;0;0
"17/08/2021";"14:08:00";"125";"Acidente s";"82";"BR-290/RS";"Leste";"Colisão - Lateral";1;0;0;0;0;0;0;0;0;0;1;0;0;0;0
"17/08/2021";"15:44:00";"138";"Acidente c";"344";"BR-386/RS";"Norte";"Colisão - Lateral";1;0;0;1;0;0;0;0;0;0;1;1;0;0;0
"17/08/2021";"22:51:00";"196";"Acidente s";"241";"BR-386/RS";"Norte";"Saída de pista";1;0;0;0;0;0;0;0;0;0;1;0;0;0;0
"17/08/2021";"23:38:00";"198";"Acidente s";"61";"BR-290/RS";"Leste";"Saída de pista";1;0;0;0;0;0;0;0;0;0;1;0;0;0;0
"18/08/2021";"06:42:00";"22";"Acidente s";"74";"BR-290/RS";"Oeste";"Colisão - Traseira";0;0;2;0;0;0;0;0;0;0;2;0;0;0;0
"18/08/2021";"06:46:00";"24";"Acidente s";"411";"BR-386/RS";"Norte";"Saída de pista";1;0;0;0;0;0;0;0;0;0;1;0;0;0;0
"18/08/2021";"10:26:00";"86";"Acidente s";"1";"BR-101/RS";"Norte";"Saída de pista";0;0;1;0;0;0;0;0;0;0;1;0;0;0;0
"18/08/2021";"10:45:00";"94";"Acidente c";"36";"BR-101/RS";"Sul";"Saída de pista";1;0;0;0;0;0;0;0;0;0;0;0;1;0;0
"18/08/2021";"10:49:00";"96";"Acidente c";"63";"BR-101/RS";"Sul";"Saída de pista";1;0;0;0;0;0;0;0;0;0;1;1;0;1;0
"18/08/2021";"11:15:00";"100";"Acidente s";"64";"BR-290/RS";"Leste";"Colisão - Lateral";1;0;1;0;0;0;0;0;0;0;2;0;0;0;0
"18/08/2021";"13:20:00";"121";"Acidente s";"23";"BR-290/RS";"Leste";"Queda de ribanceira";1;0;0;0;0;0;0;0;0;0;3;0;0;0;0
"18/08/2021";"13:41:00";"125";"Acidente c";"342";"BR-386/RS";"Sul";"Colisão - Lateral";1;0;0;1;0;0;0;0;0;0;2;1;0;0;0
"18/08/2021";"13:54:00";"127";"Acidente c";"21";"BR-448/RS";"Sul";"Choque Barreira";1;0;0;0;0;0;0;0;0;0;0;1;0;0;0
"18/08/2021";"17:18:00";"167";"Acidente s";"402";"BR-386/RS";"Sul";"Tombamento";0;0;1;0;0;0;0;0;0;0;2;0;0;0;0
"19/08/2021";"08:54:00";"78";"Acidente c";"353";"BR-386/RS";"Norte";"Colisão - Traseira";1;0;1;0;0;0;0;0;0;0;2;2;0;0;0
"19/08/2021";"09:33:00";"96";"Acidente s";"341";"BR-386/RS";"Norte";"Colisão - Traseira";1;0;0;0;0;0;0;0;0;1;3;0;0;0;0
"19/08/2021";"10:35:00";"118";"Acidente s";"247";"BR-386/RS";"Norte";"Colisão - Lateral";2;0;0;0;0;0;0;0;0;0;4;0;0;0;0
"19/08/2021";"11:22:00";"130";"Acidente s";"60";"BR-290/RS";"Leste";"Colisão - Lateral";1;0;0;0;0;0;0;0;0;1;4;0;0;0;0
"19/08/2021";"12:30:00";"148";"Acidente c";"28";"BR-101/RS";"Sul";"Engavetamento";3;0;0;0;0;0;0;0;0;0;3;1;0;0;0
"19/08/2021";"15:36:00";"194";"Acidente s";"327";"BR-386/RS";"Sul";"Colisão - Traseira";0;0;1;0;0;1;0;0;0;0;2;0;0;0;0
"19/08/2021";"17:47:00";"231";"Acidente s";"96";"BR-290/RS";"Leste";"Colisão - Traseira";2;0;0;0;0;0;0;0;0;0;4;0;0;0;0
"20/08/2021";"01:38:00";"11";"Acidente s";"57";"BR-290/RS";"Oeste";"Saída de pista";1;0;0;0;0;0;0;0;0;0;1;0;0;0;0
"20/08/2021";"02:06:00";"14";"Acidente s";"36";"BR-290/RS";"Leste";"Tombamento";0;0;0;0;0;0;0;1;0;0;1;0;0;0;0
"20/08/2021";"08:42:00";"92";"Acidente s";"69";"BR-290/RS";"Oeste";"Queda de ribanceira";1;0;0;0;0;0;0;0;0;0;1;0;0;0;0
"20/08/2021";"15:34:00";"190";"Acidente s";"277";"BR-386/RS";"Sul";"Colisão - Traseira";2;0;0;0;0;1;0;0;0;0;3;0;0;0;0
"20/08/2021";"18:03:00";"213";"Acidente s";"442";"BR-386/RS";"Ambos";"Colisão - Traseira";2;0;0;0;0;1;0;0;0;0;3;0;0;0;0
"20/08/2021";"19:21:00";"228";"Acidente s";"417";"BR-386/RS";"Norte";"Choque - Meio Fio";2;0;0;0;0;0;0;0;0;0;5;0;0;0;0
"20/08/2021";"20:44:00";"243";"Acidente s";"389";"BR-386/RS";"Norte";"Colisão - Lateral";2;0;0;0;0;0;0;0;0;0;2;0;0;0;0
"20/08/2021";"22:54:00";"262";"Acidente s";"421";"BR-386/RS";"Sul";"Choque Defensa";1;0;0;0;0;0;0;0;0;0;1;0;0;0;0
"21/08/2021";"01:41:00";"8";"Acidente s";"375";"BR-386/RS";"Sul";"Colisão - Traseira";1;0;0;0;0;1;0;0;0;0;4;0;0;0;0
"21/08/2021";"01:59:00";"12";"Acidente s";"228";"BR-386/RS";"Sul";"Saída de pista";1;0;0;0;0;0;0;0;0;0;3;0;0;0;0
"21/08/2021";"04:40:00";"19";"Acidente s";"75";"BR-101/RS";"Norte";"Colisão - Traseira";2;0;0;0;0;0;0;0;0;0;2;0;0;0;0
"21/08/2021";"06:34:00";"36";"Acidente s";"65";"BR-101/RS";"Norte";"Engavetamento";3;0;0;0;0;0;0;0;0;0;5;0;0;0;0
"21/08/2021";"07:25:00";"44";"Acidente s";"37";"BR-101/RS";"Sul";"Saída de pista";1;0;0;0;0;0;0;0;0;0;1;0;0;0;0
"21/08/2021";"09:01:00";"62";"Acidente s";"12";"BR-101/RS";"Ambos";"Choque Barreira";1;0;0;0;0;0;0;1;0;0;2;0;0;0;0
"21/08/2021";"14:36:00";"108";"Acidente s";"282";"BR-386/RS";"Norte";"Colisão - Frontal";2;0;0;0;0;0;0;0;0;0;3;0;0;0;0
"21/08/2021";"15:44:00";"119";"Acidente s";"60";"BR-290/RS";"Oeste";"Colisão - Traseira";2;0;0;0;0;0;0;0;0;0;5;0;0;0;0
"21/08/2021";"16:33:00";"123";"Acidente s";"19";"BR-290/RS";"Oeste";"Colisão - Traseira";1;0;1;0;0;0;0;0;0;0;2;0;0;0;0
"21/08/2021";"18:00:00";"138";"Acidente s";"78";"BR-290/RS";"Oeste";"Choque Barreira";1;0;0;0;0;0;0;0;0;0;1;0;0;0;0
"21/08/2021";"19:29:00";"147";"Acidente c";"289";"BR-386/RS";"Norte";"Colisão - Frontal";2;0;0;0;0;0;0;1;0;0;2;0;2;0;0
"22/08/2021";"01:47:00";"5";"Acidente s";"80";"BR-290/RS";"Leste";"Saída de pista";1;0;0;0;0;0;0;0;0;0;3;0;0;0;0
"22/08/2021";"10:04:00";"48";"Acidente s";"343";"BR-386/RS";"Sul";"Saída de pista";1;0;0;0;0;0;0;0;0;0;1;0;0;0;0
"22/08/2021";"16:31:00";"130";"Acidente s";"372";"BR-386/RS";"Norte";"Colisão - Traseira";1;0;0;0;0;0;0;0;0;1;3;0;0;0;0
"22/08/2021";"16:39:00";"133";"Acidente s";"92,08";"BR-290/RS";"Oeste";"Choque Defensa";1;0;0;0;0;0;0;0;0;0;3;0;0;0;0
"22/08/2021";"19:22:00";"177";"Acidente s";"344";"BR-386/RS";"Norte";"Saída de pista";1;0;0;0;0;0;0;0;0;0;1;0;0;0;0
"23/08/2021";"09:06:00";"70";"Acidente s";"53";"BR-290/RS";"Leste";"Engavetamento";2;0;0;0;0;1;0;0;0;0;3;0;0;0;0
"23/08/2021";"09:30:00";"87";"Acidente s";"14";"BR-290/RS";"Oeste";"Capotamento";2;0;0;0;0;0;0;0;0;0;2;0;0;0;0
"23/08/2021";"14:04:00";"142";"Acidente s";"72";"BR-290/RS";"Leste";"Choque Defensa";1;0;0;0;0;0;0;0;0;0;1;0;0;0;0
"23/08/2021";"14:33:00";"150";"Acidente s";"302";"BR-386/RS";"Sul";"Tombamento";0;0;1;0;0;0;0;0;0;0;2;0;0;0;0
"23/08/2021";"16:25:00";"176";"Acidente c";"24,39";"BR-290/RS";"Leste";"Capotamento";1;0;0;0;0;0;0;0;0;0;0;0;1;0;0
"24/08/2021";"11:53:00";"140";"Acidente s";"34";"BR-290/RS";"Leste";"Capotamento";1;0;0;0;0;0;0;0;0;0;1;0;0;0;0
"24/08/2021";"12:24:00";"145";"Acidente s";"379";"BR-386/RS";"Sul";"Saída de pista";1;0;0;0;0;0;0;0;0;0;2;0;0;0;0
"24/08/2021";"15:06:00";"160";"Acidente c";"87";"BR-290/RS";"Leste";"Capotamento";1;0;0;0;0;0;0;0;0;0;0;1;0;0;0
"24/08/2021";"16:35:00";"167";"Acidente s";"411";"BR-386/RS";"Norte";"Choque - Meio Fio";1;0;0;0;0;0;0;0;0;0;1;0;0;0;0
"24/08/2021";"18:22:00";"187";"Acidente s";"345";"BR-386/RS";"Norte";"Colisão - Traseira";2;0;0;0;0;0;0;0;0;0;2;0;0;0;0
"24/08/2021";"18:25:00";"189";"Atropelame";"6";"BR-101/RS";"Norte";"Atropelamento - Usuário";1;0;0;0;0;0;0;0;0;0;1;0;1;0;0
"24/08/2021";"20:19:00";"207";"Acidente s";"373";"BR-386/RS";"Ambos";"Saída de pista";1;0;0;0;0;0;0;0;0;0;2;0;0;0;0
"24/08/2021";"22:22:00";"218";"Acidente c";"59";"BR-290/RS";"Leste";"Capotamento";1;0;0;0;0;0;0;0;0;0;0;2;0;0;0
"25/08/2021";"05:48:00";"22";"Acidente s";"303";"BR-386/RS";"Norte";"Saída de pista";0;0;0;0;0;0;0;1;0;0;2;0;0;0;0
"25/08/2021";"06:33:00";"29";"Acidente s";"356";"BR-386/RS";"Norte";"Saída de pista";1;0;0;0;0;0;0;0;0;0;1;0;0;0;0
"25/08/2021";"06:54:00";"34";"Acidente s";"356";"BR-386/RS";"Norte";"Colisão - Lateral";2;0;0;0;0;0;0;0;0;0;2;0;0;0;0
"25/08/2021";"07:38:00";"44";"Acidente s";"315";"BR-386/RS";"Sul";"Choque com objeto sobre a pista";1;0;0;0;0;0;0;0;0;0;1;0;0;0;0
"25/08/2021";"07:38:00";"45";"Acidente s";"65";"BR-290/RS";"Oeste";"Queda de ribanceira";1;0;0;0;0;0;0;0;0;0;1;0;0;0;0
"25/08/2021";"07:56:00";"47";"Acidente s";"11";"BR-290/RS";"Ambos";"Queda de ribanceira";1;0;0;0;0;0;0;0;0;0;1;0;0;0;0
"25/08/2021";"08:18:00";"56";"Acidente s";"36";"BR-290/RS";"Oeste";"Queda de ribanceira";1;0;0;0;0;0;0;0;0;0;2;0;0;0;0
"25/08/2021";"08:28:00";"57";"Acidente s";"64";"BR-101/RS";"Sul";"Choque Talude";1;0;0;0;0;0;0;0;0;0;2;0;0;0;0
"25/08/2021";"09:20:00";"65";"Acidente s";"21";"BR-448/RS";"Sul";"Queda de ribanceira";1;0;0;0;0;0;0;0;0;0;1;0;0;0;0
"25/08/2021";"11:06:00";"89";"Acidente s";"358";"BR-386/RS";"Sul";"Saída de pista";1;0;0;0;0;0;0;0;0;0;1;0;0;0;0
"25/08/2021";"13:05:00";"102";"Acidente c";"417";"BR-386/RS";"Sul";"Colisão - Traseira";1;0;0;0;0;0;0;1;0;0;2;0;1;0;0
"25/08/2021";"13:11:00";"103";"Acidente s";"247";"BR-386/RS";"Norte";"Saída de pista";1;0;0;0;0;0;0;0;0;0;1;0;0;0;0
"25/08/2021";"13:29:00";"106";"Acidente s";"346";"BR-386/RS";"Norte";"Queda de ribanceira";1;0;0;0;0;0;0;0;0;0;2;0;0;0;0
"25/08/2021";"13:35:00";"107";"Acidente s";"75";"BR-290/RS";"Oeste";"Capotamento";1;0;0;0;0;0;0;0;0;0;1;0;0;0;0
"25/08/2021";"14:01:00";"112";"Acidente c";"440";"BR-386/RS";"Sul";"Colisão - Traseira";0;0;1;0;0;0;0;2;0;0;1;2;1;0;0
"25/08/2021";"15:37:00";"123";"Acidente s";"8";"BR-290/RS";"Leste";;1;0;0;0;0;0;0;0;0;0;1;0;0;0;0
"25/08/2021";"16:12:00";"128";"Acidente s";"363";"BR-386/RS";"Norte";"Colisão - Traseira";0;0;0;0;0;0;0;0;0;2;2;0;0;0;0
"25/08/2021";"17:05:00";"143";"Acidente s";"359";"BR-386/RS";"Sul";"Saída de pista";1;0;0;0;0;0;0;0;0;0;1;0;0;0;0
"25/08/2021";"18:09:00";"162";"Acidente s";"76";"BR-290/RS";"Leste";"Saída de pista";1;0;0;0;0;0;0;0;0;0;1;0;0;0;0
"25/08/2021";"18:52:00";"173";"Acidente s";"240";"BR-386/RS";"Sul";"Saída de pista";1;0;0;0;0;0;0;0;0;0;2;0;0;0;0
"25/08/2021";"19:08:00";"175";"Acidente s";"342";"BR-386/RS";"Ambos";"Colisão - Lateral";0;0;0;2;0;0;0;0;0;0;2;0;0;0;0
"25/08/2021";"19:42:00";"180";"Acidente c";"20";"BR-290/RS";"Leste";"Capotamento";1;0;0;0;0;0;0;0;0;0;0;0;1;0;0
"25/08/2021";"19:58:00";"183";"Acidente s";"32";"BR-290/RS";"Oeste";"Saída de pista";1;0;0;0;0;0;0;0;0;0;1;0;0;0;0
"25/08/2021";"20:03:00";"186";"Acidente s";"80";"BR-290/RS";"Leste";"Queda de ribanceira";0;0;0;0;0;0;0;0;0;1;1;0;0;0;0
"25/08/2021";"22:48:00";"213";"Acidente s";"68";"BR-290/RS";"Oeste";"Queda de ribanceira";1;0;0;0;0;0;0;0;0;0;5;0;0;0;0
"25/08/2021";"23:05:00";"215";"Acidente s";"24";"BR-101/RS";"Sul";"Saída de pista";1;0;0;0;0;0;0;0;0;0;1;0;0;0;0
"25/08/2021";"23:54:00";"217";"Acidente c";"15";"BR-290/RS";"Oeste";"Saída de pista";0;0;1;0;0;0;0;0;0;0;0;0;0;1;0
"26/08/2021";"00:53:00";"3";"Acidente c";"307";"BR-386/RS";"Norte";"Saída de pista";0;0;1;0;0;0;0;0;0;0;1;1;0;0;0
"26/08/2021";"02:27:00";"8";"Acidente s";"34";"BR-290/RS";"Leste";"Saída de pista";0;0;1;0;0;0;0;0;0;0;1;0;0;0;0
"26/08/2021";"05:50:00";"19";"Acidente s";"84";"BR-101/RS";"Sul";"Saída de pista";1;0;0;0;0;0;0;1;0;0;2;0;0;0;0
"26/08/2021";"05:54:00";"20";"Acidente s";"86";"BR-101/RS";"Sul";"Queda de ribanceira";1;0;0;0;0;0;0;0;0;0;1;0;0;0;0
"26/08/2021";"06:15:00";"21";"Acidente s";"68";"BR-290/RS";"Leste";"Saída de pista";0;0;1;0;0;0;0;0;0;0;1;0;0;0;0
"26/08/2021";"06:16:00";"22";"Acidente s";"356";"BR-386/RS";"Sul";"Queda de ribanceira";1;0;0;0;0;0;0;0;0;0;1;0;0;0;0
"26/08/2021";"13:26:00";"153";"Acidente s";"22";"BR-101/RS";"Norte";"Colisão - Lateral";2;0;0;0;0;0;0;0;0;0;6;0;0;0;0
"26/08/2021";"23:20:00";"243";"Acidente c";"4";"BR-290/RS";"Oeste";"Atropelamento de Animal";2;0;0;0;0;0;0;0;0;0;0;0;0;1;0
"27/08/2021";"11:50:00";"157";"Acidente s";"343";"BR-386/RS";"Sul";"Colisão - Traseira";2;0;0;0;0;0;0;0;0;0;3;0;0;0;0
"27/08/2021";"13:01:00";"178";"Acidente c";"96";"BR-290/RS";"Leste";"Tombamento";0;0;0;0;0;0;0;1;0;0;1;0;1;0;0
"27/08/2021";"13:48:00";"192";"Acidente s";"254";"BR-386/RS";"Norte";"Colisão - Lateral";2;0;0;0;0;0;0;0;0;0;2;0;0;0;0
"27/08/2021";"16:25:00";"237";"Acidente s";"368";"BR-386/RS";"Norte";"Colisão - Lateral";2;0;0;0;0;0;0;0;0;0;4;0;0;0;0
"27/08/2021";"18:19:00";"261";"Acidente c";"435";"BR-386/RS";"Norte";"Colisão - Traseira";1;0;0;0;0;0;0;0;0;1;1;1;0;0;0
"27/08/2021";"18:20:00";"262";"Acidente s";"343";"BR-386/RS";"Sul";"Colisão - Traseira";2;0;0;0;0;0;0;0;0;0;2;0;0;0;0
"27/08/2021";"18:58:00";"269";"Atropelame";"88";"BR-290/RS";"Oeste";"Atropelamento - Ambulante";1;0;0;0;0;0;0;0;0;0;1;0;0;0;1
"27/08/2021";"19:26:00";"274";"Acidente c";"7";"BR-101/RS";"Norte";"Colisão - Frontal";2;0;0;0;0;0;0;0;0;0;0;2;0;0;0
"27/08/2021";"23:09:00";"309";"Acidente s";"407";"BR-386/RS";"Norte";"Tombamento";1;0;0;0;0;0;0;0;0;0;1;0;0;0;0
"27/08/2021";"23:17:00";"311";"Acidente s";"32";"BR-290/RS";"Leste";"Colisão - Lateral";2;0;0;0;0;0;0;0;0;0;2;0;0;0;0
"28/08/2021";"00:36:00";"5";"Acidente s";"397";"BR-386/RS";"Norte";"Atropelamento de Animal";1;0;0;0;0;0;0;0;0;0;4;0;0;0;0
"28/08/2021";"03:20:00";"15";"Acidente s";"89";"BR-290/RS";"Leste";"Choque Barreira";1;0;0;0;0;0;0;0;0;0;3;0;0;0;0
"28/08/2021";"04:41:00";"24";"Acidente s";"417";"BR-386/RS";"Norte";"Saída de pista";1;0;0;0;0;0;0;0;0;0;1;0;0;0;0
"28/08/2021";"04:48:00";"25";"Acidente s";"91";"BR-290/RS";"Oeste";"Choque Defensa";1;0;0;0;0;0;0;0;0;0;2;0;0;0;0
"28/08/2021";"07:33:00";"39";"Acidente s";"219";"BR-386/RS";"Sul";"Queda de ribanceira";1;0;0;0;0;0;0;0;0;0;1;0;0;0;0
"28/08/2021";"08:03:00";"64";"Acidente s";"94";"BR-290/RS";"Oeste";"Colisão - Lateral";1;0;0;1;0;0;0;0;0;0;3;0;0;0;0
"28/08/2021";"19:28:00";"223";"Acidente s";"394";"BR-386/RS";"Norte";"Saída de pista";1;0;0;0;0;0;0;0;0;0;1;0;0;0;0
"29/08/2021";"00:49:00";"5";"Acidente s";"402";"BR-386/RS";"Norte";"Saída de pista";0;0;0;0;0;0;0;1;0;0;1;0;0;0;0
"29/08/2021";"01:26:00";"6";"Acidente c";"378";"BR-386/RS";"Ambos";"Choque - Meio Fio";1;0;0;0;0;0;0;0;0;0;1;1;0;0;0
"29/08/2021";"02:08:00";"8";"Acidente s";"35";"BR-290/RS";"Oeste";"Capotamento";0;0;1;0;0;0;0;0;0;0;2;0;0;0;0
"29/08/2021";"16:15:00";"127";"Acidente c";"92";"BR-290/RS";"Oeste";"Queda de moto";0;0;0;1;0;0;0;0;0;0;1;1;0;0;0
"29/08/2021";"17:20:00";"140";"Acidente s";"19";"BR-290/RS";"Oeste";"Colisão - Traseira";2;0;0;0;0;0;0;0;0;0;2;0;0;0;0
"29/08/2021";"17:29:00";"142";"Acidente s";"81";"BR-290/RS";"Leste";"Choque Defensa";1;0;0;0;0;0;0;0;0;0;1;0;0;0;0
"29/08/2021";"17:40:00";"146";"Acidente c";"15";"BR-448/RS";"Norte";"Queda de moto";0;0;0;1;0;0;0;0;0;0;0;0;2;0;0
"30/08/2021";"00:46:00";"8";"Acidente c";"226";"BR-386/RS";"Sul";"Choque - Arvore";1;0;0;0;0;0;0;0;0;0;0;0;1;2;0
"30/08/2021";"09:01:00";"87";"Acidente c";"332";"BR-386/RS";"Norte";"Queda de moto";0;0;0;1;0;0;0;0;0;0;0;0;1;0;0
"30/08/2021";"16:01:00";"173";"Acidente s";"85";"BR-290/RS";"Leste";"Choque Barreira";1;0;0;0;0;0;0;0;0;0;1;0;0;0;0
"30/08/2021";"18:09:00";"200";"Acidente s";"48";"BR-290/RS";"Leste";"Capotamento";1;0;0;0;0;0;0;0;0;0;1;0;0;0;0
"30/08/2021";"18:58:00";"221";"Acidente s";"64";"BR-290/RS";"Leste";"Atropelamento de Animal";1;0;0;0;0;0;0;0;0;0;1;0;0;0;0
"30/08/2021";"20:22:00";"243";"Acidente c";"68";"BR-290/RS";"Ambos";"Colisão - Traseira";1;0;0;1;0;0;0;0;0;0;2;1;1;0;0
"31/08/2021";"07:11:00";"51";"Acidente c";"393";"BR-386/RS";"Sul";"Colisão - Traseira";1;0;0;0;0;0;0;1;0;0;2;1;0;0;0
"31/08/2021";"07:45:00";"70";"Acidente c";"417";"BR-386/RS";"Sul";"Tombamento";0;0;0;0;0;0;0;1;0;0;0;1;0;0;0
"31/08/2021";"09:05:00";"95";"Acidente s";"92";"BR-290/RS";"Oeste";"Colisão - Lateral";2;0;0;0;0;0;0;0;0;0;4;0;0;0;0
"31/08/2021";"09:50:00";"108";"Acidente s";"19";"BR-290/RS";"Oeste";"Colisão - Lateral";1;0;1;0;0;0;0;0;0;0;2;0;0;0;0
"31/08/2021";"12:07:00";"139";"Acidente s";"92";"BR-290/RS";"Oeste";"Choque Defensa";2;0;0;0;0;0;0;0;0;0;2;0;0;0;0
"31/08/2021";"13:44:00";"150";"Acidente s";"426";"BR-386/RS";"Sul";"Colisão - Traseira";1;0;0;0;0;0;0;1;0;0;2;0;0;0;0
"31/08/2021";"20:40:00";"262";"Acidente s";"65";"BR-290/RS";"Leste";"Choque com objeto sobre a pista";0;0;0;0;0;1;0;1;0;0;2;0;0;0;0
"31/08/2021";"21:29:00";"276";"Acidente s";"400";"BR-386/RS";"Sul";"Queda de ribanceira";1;0;0;0;0;0;0;0;0;0;2;0;0;0;0
"01/09/2021";"04:02:00";"17";"Acidente s";"46";"BR-290/RS";"Leste";"Atropelamento de Animal";1;0;0;0;0;0;0;0;0;0;3;0;0;0;0
"01/09/2021";"04:52:00";"23";"Acidente s";"351";"BR-386/RS";"Norte";"Saída de pista";1;0;0;0;0;0;0;0;0;0;1;0;0;0;0
"01/09/2021";"08:51:00";"129";"Acidente s";"96,08";"BR-290/RS";"Oeste";"Colisão - Traseira";2;0;0;0;0;0;0;0;0;0;2;0;0;0;0
"01/09/2021";"13:19:00";"192";"Acidente s";"247";"BR-386/RS";"Norte";"Colisão - Traseira";2;0;0;0;0;0;0;0;0;0;4;0;0;0;0
"01/09/2021";"13:25:00";"194";"Acidente s";"42";"BR-290/RS";"Oeste";"Queda de ribanceira";1;0;0;0;0;0;0;0;0;0;1;0;0;0;0
"01/09/2021";"13:45:00";"203";"Acidente s";"1";"BR-290/RS";"Oeste";;1;0;1;0;0;0;0;0;0;0;2;0;0;0;0
"01/09/2021";"16:16:00";"237";"Acidente s";"9";"BR-290/RS";"Leste";"Choque Defensa";0;0;0;0;0;0;0;1;0;1;2;0;0;0;0
"01/09/2021";"19:29:00";"283";"Acidente c";"350";"BR-386/RS";"Sul";"Colisão - Traseira";1;0;0;0;0;0;0;0;0;0;0;1;0;0;0
"02/09/2021";"00:23:00";"6";"Acidente s";"349";"BR-386/RS";"Sul";"Saída de pista";1;0;0;0;0;0;0;0;0;0;1;0;0;0;0
"02/09/2021";"02:29:00";"18";"Acidente s";"417";"BR-386/RS";"Norte";"Choque Defensa";0;0;0;0;0;0;0;0;0;0;1;0;0;0;0
"02/09/2021";"05:34:00";"29";"Acidente s";"304";"BR-386/RS";"Norte";"Colisão - Lateral";1;0;1;0;0;0;0;0;0;0;2;0;0;0;0
"02/09/2021";"09:03:00";"109";"Acidente c";"294";"BR-386/RS";"Sul";"Colisão - Traseira";1;0;1;0;0;0;0;0;0;0;5;1;0;0;0
"02/09/2021";"13:10:00";"168";"Acidente c";"346";"BR-386/RS";"Ambos";"Colisão - Lateral";1;0;0;0;0;0;0;2;0;0;2;0;1;0;1
"02/09/2021";"15:05:00";"190";"Acidente s";"347";"BR-386/RS";"Norte";"Colisão - Lateral";0;0;0;2;0;0;0;0;0;0;2;0;0;0;0
"02/09/2021";"22:34:00";"303";"Acidente s";"368";"BR-386/RS";"Sul";"Atropelamento de Animal";1;0;0;0;0;0;0;0;0;0;2;0;0;0;0
"03/09/2021";"07:36:00";"74";"Acidente c";"87";"BR-290/RS";"Oeste";"Colisão - Traseira";1;0;0;2;0;0;0;0;0;0;1;2;0;0;0
"03/09/2021";"08:15:00";"89";"Acidente s";"343";"BR-386/RS";"Norte";"Colisão - Transversal";2;0;0;0;0;0;0;0;0;0;3;0;0;0;0
"03/09/2021";"08:39:00";"97";"Acidente c";"440";"BR-386/RS";"Sul";"Queda de moto";0;0;0;1;0;0;0;0;0;0;0;1;0;0;0
"03/09/2021";"16:05:00";"192";"Acidente s";"60";"BR-290/RS";"Leste";"Colisão - Traseira";2;0;0;0;0;0;0;0;0;0;2;0;0;0;0
"03/09/2021";"16:36:00";"197";"Acidente s";"11";"BR-101/RS";"Sul";"Queda de ribanceira";1;0;0;0;0;0;0;0;0;0;2;0;0;0;0
"04/09/2021";"05:46:00";"34";"Acidente s";"80";"BR-290/RS";"Leste";"Saída de pista";1;0;0;0;0;0;0;0;0;0;3;0;0;0;0
"04/09/2021";"07:40:00";"52";"Acidente c";"439";"BR-386/RS";"Sul";"Capotamento";1;0;0;0;0;0;0;0;0;0;0;1;0;0;0
"04/09/2021";"13:12:00";"130";"Acidente s";"328";"BR-386/RS";"Sul";"Saída de pista";1;0;0;0;0;0;0;0;0;0;1;0;0;0;0
"04/09/2021";"15:42:00";"154";"Acidente s";"284";"BR-386/RS";"Sul";"Colisão - Traseira";1;0;0;1;0;0;0;0;0;0;3;0;0;0;0
"04/09/2021";"17:31:00";"182";"Acidente c";"362";"BR-386/RS";"Norte";"Colisão - Transversal";2;0;0;0;0;0;0;0;0;0;3;2;0;0;0
"04/09/2021";"20:09:00";"225";"Acidente c";"43";"BR-101/RS";"Norte";"Saída de pista";1;0;0;0;0;0;0;0;0;0;0;1;0;0;0