data;horario;n_da_ocorrencia;tipo_de_ocorrencia;km;trecho;sentido;tipo_de_acidente;automovel;bicicleta;caminhao;moto;onibus;outros;tracao_animal;transporte_de_cargas_especiais;trator_maquinas;utilitarios;ilesos;levemente_feridos;moderadamente_feridos;gravemente_feridos;mortos
"16/10/2021";"19:02:00";"152";"Acidente s";"86";"BR-290/RS";"Leste";"Choque Barreira";0;1;0;0;0;0;0;1;0;0;3;0;0;0;0
"16/10/2021";"19:09:00";"153";"Acidente c";"415";"BR-386/RS";"Sul";"Colisão - Lateral";0;2;0;1;0;0;0;3;0;0;2;0;0;0;0
"16/10/2021";"21:07:00";"162";"Acidente c";"98";"BR-290/RS";"Leste";"Colisão - Transversal";0;2;1;0;0;0;0;1;0;0;1;0;0;0;0
"16/10/2021";"21:24:00";"166";"Acidente c";"267";"BR-386/RS";"Sul";"Saída de pista";0;1;0;1;0;0;0;0;0;0;0;0;0;0;0
"17/10/2021";"01:19:00";"4";"Acidente s";"17";"BR-448/RS";"Norte";"Colisão - Lateral";0;1;0;0;0;0;0;2;0;0;1;1;0;0;0
"17/10/2021";"02:35:00";"11";"Acidente s";"425";"BR-386/RS";"Sul";"Queda de ribanceira";0;1;0;0;0;0;0;1;0;0;0;0;0;0;0
"17/10/2021";"06:02:00";"20";"Acidente c";"244";"BR-386/RS";"Norte";"Capotamento";0;1;0;1;0;0;0;0;0;0;2;0;0;0;0
"17/10/2021";"11:09:00";"69";"Acidente s";"375";"BR-386/RS";"Sul";;0;0;0;0;0;0;0;1;0;0;1;0;0;0;1
"17/10/2021";"19:40:00";"168";"Acidente s";"83";"BR-101/RS";"Norte";"Atropelamento de Animal";0;1;0;0;0;0;0;1;0;0;0;0;0;0;0
"17/10/2021";"20:13:00";"176";"Acidente s";"24";"BR-290/RS";"Leste";"Choque com objeto sobre a pista";0;0;0;0;0;0;0;4;1;0;2;0;0;1;0
"17/10/2021";"21:36:00";"192";"Acidente s";"5";"BR-448/RS";"Sul";"Choque Defensa";0;1;0;0;0;0;0;1;0;0;2;0;0;0;0
"18/10/2021";"06:30:00";"38";"Acidente c";"412";"BR-386/RS";"Norte";"Colisão - Transversal";0;0;0;1;0;0;0;1;0;0;4;0;2;0;0
"18/10/2021";"07:57:00";"92";"Acidente s";"91";"BR-290/RS";"Oeste";"Engavetamento";0;3;0;0;0;0;0;10;0;0;2;0;0;0;0
"18/10/2021";"08:01:00";"93";"Acidente s";"387";"BR-386/RS";"Sul";"Choque - Meio Fio";0;1;0;0;0;0;0;1;0;0;0;0;0;0;0
"18/10/2021";"10:00:00";"143";"Acidente c";"404";"BR-386/RS";"Sul";"Capotamento";0;1;0;2;0;0;0;0;0;0;1;0;0;0;0
"18/10/2021";"12:04:00";"177";"Acidente s";"247";"BR-386/RS";"Norte";"Queda de ribanceira";0;1;0;0;0;0;0;1;0;0;2;0;0;0;0
"18/10/2021";"15:47:00";"230";"Acidente s";"436";"BR-386/RS";"Sul";"Colisão - Lateral";0;1;0;0;0;0;0;2;0;0;1;0;0;1;0
"18/10/2021";"17:00:00";"244";"Acidente c";"294";"BR-386/RS";"Sul";"Capotamento";0;1;0;1;0;0;0;3;0;0;1;0;0;1;0
"18/10/2021";"20:03:00";"290";"Acidente c";"215";"BR-386/RS";"Norte";"Choque - Painel Propaganda";0;2;0;1;0;0;0;1;0;0;2;0;0;0;0
"18/10/2021";"23:31:00";"308";"Acidente c";"96";"BR-290/RS";"Leste";"Queda de moto";0;0;0;1;0;0;0;0;0;0;3;0;1;0;0
"19/10/2021";"06:44:00";"30";"Acidente s";"313";"BR-386/RS";"Norte";"Colisão - Lateral";0;0;0;0;0;0;0;2;0;0;1;0;0;0;0
"19/10/2021";"07:57:00";"66";"Acidente s";"92,23";"BR-290/RS";"Oeste";"Colisão - Traseira";0;1;0;0;0;0;0;2;0;0;3;0;1;0;0
"19/10/2021";"10:22:00";"128";"Acidente s";"264";"BR-386/RS";"Norte";"Colisão - Traseira";0;2;0;0;0;0;0;3;0;0;4;0;0;0;0
"19/10/2021";"16:46:00";"211";"Acidente c";"346";"BR-386/RS";"Norte";"Colisão - Traseira";0;1;0;1;0;0;0;3;0;0;6;0;1;0;0
"19/10/2021";"20:55:00";"257";"Acidente s";"395";"BR-386/RS";"Norte";"Choque com objeto sobre a pista";0;1;0;0;0;0;0;4;0;0;0;0;0;0;0
"20/10/2021";"06:50:00";"36";"Acidente s";"12";"BR-290/RS";"Ambos";"Queda de ribanceira";0;1;0;0;0;0;0;1;0;0;1;0;0;0;0
"20/10/2021";"12:14:00";"145";"Acidente s";"49";"BR-290/RS";"Leste";"Queda de ribanceira";0;1;0;0;0;0;0;1;0;0;1;0;0;0;0
"20/10/2021";"16:35:00";"199";"Acidente c";"367";"BR-386/RS";"Norte";"Colisão - Traseira";0;0;1;0;0;0;0;1;0;0;9;0;1;0;0
"20/10/2021";"17:56:00";"211";"Acidente s";"12";"BR-448/RS";"Norte";"Queda de Carga";0;2;0;0;0;0;0;3;0;0;2;0;0;0;1
"20/10/2021";"18:35:00";"221";"Acidente s";"236";"BR-386/RS";"Sul";"Saída de pista";0;1;0;0;0;0;0;1;0;0;2;0;0;0;0
"20/10/2021";"22:38:00";"248";"Acidente s";"86";"BR-290/RS";"Leste";"Choque Barreira";0;1;0;0;0;0;0;1;0;0;1;0;0;0;0
"21/10/2021";"07:17:00";"39";"Acidente s";"27";"BR-290/RS";"Oeste";"Queda de ribanceira";0;1;0;0;0;0;0;1;0;0;1;0;0;0;0
"21/10/2021";"07:41:00";"52";"Acidente s";"435";"BR-386/RS";"Norte";"Saída de pista";0;1;0;0;0;0;0;1;0;0;0;0;0;0;0
"21/10/2021";"08:02:00";"70";"Acidente s";"27";"BR-290/RS";"Leste";"Colisão - Lateral";0;1;0;0;0;0;0;2;1;0;2;0;0;0;0
"21/10/2021";"08:29:00";"83";"Acidente s";"1";"BR-448/RS";"Sul";"Colisão - Lateral";0;1;0;0;0;0;0;2;0;0;1;0;0;1;0
"21/10/2021";"09:03:00";"91";"Acidente s";"98";"BR-290/RS";"Oeste";"Choque Defensa";0;1;0;0;0;0;0;1;0;0;3;0;0;0;0
"21/10/2021";"17:56:00";"211";"Acidente s";"345";"BR-386/RS";"Norte";"Colisão - Lateral";0;1;0;0;0;0;0;2;0;0;1;0;0;1;0
"21/10/2021";"19:34:00";"231";"Acidente s";"86";"BR-290/RS";"Oeste";"Colisão - Lateral";0;1;0;0;0;0;0;3;0;0;13;1;0;0;0
"21/10/2021";"21:40:00";"246";"Acidente s";"345";"BR-386/RS";"Norte";"Saída de pista";0;1;0;0;0;0;0;1;0;0;1;0;0;0;0
"21/10/2021";"22:28:00";"251";"Acidente s";"93";"BR-290/RS";"Oeste";"Colisão - Lateral";0;1;0;0;0;0;0;3;0;0;3;1;0;0;0
"21/10/2021";"23:34:00";"257";"Acidente c";"438";"BR-386/RS";"Sul";"Colisão - Transversal";0;1;0;2;0;0;0;1;0;0;2;1;0;0;0
"22/10/2021";"00:39:00";"8";"Atropelame";"2,9";"BR-101/RS";"Sul";"Atropelamento - Andarilho";1;0;0;0;0;0;0;1;0;0;2;1;0;0;0
"22/10/2021";"04:13:00";"18";"Acidente s";"54";"BR-101/RS";"Norte";"Tombamento";0;0;0;0;0;0;0;1;0;0;3;0;0;0;0
"22/10/2021";"06:20:00";"26";"Acidente s";"19";"BR-290/RS";"Oeste";"Choque Praça - Cabine";0;0;0;0;0;0;0;1;0;0;2;0;0;0;1
"22/10/2021";"06:50:00";"31";"Acidente c";"81";"BR-290/RS";"Leste";"Queda de ribanceira";0;1;0;1;0;0;0;1;0;0;2;0;0;0;0
"22/10/2021";"14:15:00";"218";"Acidente s";"86";"BR-290/RS";"Oeste";"Colisão - Lateral";0;1;0;0;0;0;0;4;1;0;4;0;0;0;0
"22/10/2021";"15:02:00";"234";"Acidente s";"95";"BR-290/RS";"Oeste";"Colisão - Lateral";0;2;0;0;0;0;0;3;0;0;2;0;0;0;0
"22/10/2021";"15:09:00";"236";"Acidente s";"92,31";"BR-290/RS";"Oeste";"Colisão - Lateral";0;1;0;0;0;0;0;3;1;0;2;0;0;0;0
"22/10/2021";"18:00:00";"296";"Acidente s";"87";"BR-290/RS";"Leste";"Colisão - Traseira";0;2;0;0;0;0;0;2;0;0;14;0;0;0;0
"22/10/2021";"19:39:00";"316";"Acidente s";"280";"BR-386/RS";"Sul";"Saída de pista";0;1;0;0;0;0;0;2;0;0;1;0;0;0;0
"22/10/2021";"20:35:00";"330";"Acidente s";"247";"BR-386/RS";"Sul";"Colisão - Transversal";0;1;0;0;0;0;0;2;0;0;2;0;0;0;0
"22/10/2021";"21:00:00";"338";"Acidente s";"23";"BR-290/RS";"Leste";"Choque com objeto sobre a pista";0;1;0;0;0;0;0;3;0;0;5;0;0;1;0
"23/10/2021";"03:59:00";"15";"Atropelame";"412";"BR-386/RS";"Sul";"Atropelamento - Usuário";0;1;0;0;1;0;0;1;0;0;1;0;0;0;0
"23/10/2021";"05:36:00";"24";"Acidente s";"10,18";"BR-101/RS";"Norte";"Choque Defensa";0;1;0;0;0;0;0;1;0;0;2;0;0;0;0
"23/10/2021";"06:02:00";"31";"Acidente s";"426";"BR-386/RS";"Sul";"Colisão - Traseira";0;0;0;0;0;0;0;36;2;0;1;0;0;0;0
"23/10/2021";"14:46:00";"159";"Acidente s";"10";"BR-448/RS";"Norte";"Saída de pista";0;1;0;0;0;0;0;1;0;0;2;0;0;0;0
"23/10/2021";"20:00:00";"212";"Acidente s";"357";"BR-386/RS";"Norte";"Saída de pista";0;1;0;0;0;0;0;1;0;0;1;0;0;0;0
"23/10/2021";"21:39:00";"222";"Acidente c";"343";"BR-386/RS";"Sul";"Colisão - Lateral";0;1;0;1;1;0;0;1;0;0;0;0;0;1;0
"23/10/2021";"21:48:00";"223";"Acidente s";"22";"BR-448/RS";"Sul";"Choque Barreira";0;1;0;0;0;0;0;5;0;0;1;0;0;0;0
"24/10/2021";"00:05:00";"2";"Acidente s";"216";"BR-386/RS";"Norte";"Engavetamento";0;3;0;0;0;0;0;3;0;0;1;0;0;0;0
"24/10/2021";"04:50:00";"13";"Acidente c";"231";"BR-386/RS";"Norte";"Capotamento";0;1;0;1;0;0;0;1;0;0;1;0;0;0;0
"24/10/2021";"13:56:00";"116";"Acidente c";"12";"BR-448/RS";"Sul";"Colisão - Traseira";0;2;0;1;0;0;0;1;0;0;0;0;0;0;0
"24/10/2021";"18:30:00";"177";"Acidente s";"87";"BR-290/RS";"Leste";"Queda de moto";0;1;0;0;0;0;0;2;0;0;2;0;0;0;0
"24/10/2021";"19:38:00";"196";"Acidente s";"5";"BR-290/RS";"Oeste";"Choque com objeto sobre a pista";0;1;0;0;0;0;0;4;0;0;4;0;0;0;0
"24/10/2021";"20:28:00";"210";"Acidente s";"5,53";"BR-290/RS";"Oeste";"Colisão - Traseira";0;1;0;0;0;0;0;3;0;0;0;0;0;1;0
"25/10/2021";"08:50:00";"83";"Acidente s";"385";"BR-386/RS";"Norte";"Choque Defensa";0;1;0;0;0;0;0;1;0;0;2;0;0;0;0
"25/10/2021";"20:19:00";"254";"Acidente s";"60";"BR-290/RS";"Leste";"Atropelamento de Animal";0;1;0;0;0;0;0;1;0;0;7;0;0;0;0
"25/10/2021";"22:39:00";"261";"Acidente s";"77";"BR-290/RS";"Oeste";"Colisão - Traseira";0;0;0;0;0;0;0;2;0;0;1;0;2;0;0
"26/10/2021";"11:01:00";"130";"Acidente c";"46";"BR-101/RS";"Sul";"Engavetamento";0;2;0;0;1;0;0;5;0;0;1;0;0;0;0
"26/10/2021";"13:45:00";"157";"Acidente s";"347";"BR-386/RS";"Sul";"Colisão - Lateral";0;1;0;0;0;0;0;2;0;0;2;0;0;1;0
"26/10/2021";"13:56:00";"162";"Acidente s";"69";"BR-290/RS";"Oeste";"Colisão - Traseira";0;1;0;0;0;0;0;2;1;0;0;0;0;0;0
"26/10/2021";"15:35:00";"183";"Acidente s";"359";"BR-386/RS";"Norte";"Capotamento";0;1;0;0;0;0;0;1;0;0;2;0;0;0;0
"26/10/2021";"17:37:00";"215";"Acidente s";"75";"BR-290/RS";"Oeste";"Colisão - Traseira";0;1;0;0;0;0;0;2;0;0;1;0;0;0;1
"26/10/2021";"18:52:00";"234";"Acidente s";"425";"BR-386/RS";"Sul";"Colisão - Transversal";0;2;0;0;0;0;0;2;0;0;2;0;0;0;0
"26/10/2021";"20:31:00";"255";"Acidente s";"19";"BR-290/RS";"Oeste";"Colisão - Traseira";0;2;0;0;0;0;0;3;1;0;3;0;0;0;0
"27/10/2021";"02:13:00";"15";"Acidente s";"62";"BR-101/RS";"Norte";"Colisão - Traseira";0;1;0;0;0;0;0;2;0;0;2;1;0;0;0
"27/10/2021";"07:05:00";"55";"Acidente s";"86";"BR-290/RS";"Leste";"Colisão - Traseira";0;1;0;0;0;0;0;2;0;0;6;0;0;1;0
"27/10/2021";"07:33:00";"75";"Acidente s";"86";"BR-290/RS";"Leste";"Colisão - Traseira";0;2;0;0;0;0;0;3;0;0;2;0;0;0;0
"27/10/2021";"08:02:00";"93";"Acidente c";"86";"BR-290/RS";"Leste";;0;1;0;2;0;0;0;1;0;0;3;0;1;0;0
"27/10/2021";"13:44:00";"185";"Acidente s";"84";"BR-101/RS";"Norte";"Colisão - Transversal";0;2;0;0;0;0;0;3;0;0;0;0;0;0;0
"27/10/2021";"17:14:00";"241";"Acidente s";"96";"BR-290/RS";"Oeste";"Engavetamento";0;3;0;0;0;0;0;8;0;0;5;0;0;0;0
"28/10/2021";"03:00:00";"22";"Acidente s";"72";"BR-101/RS";"Sul";"Colisão - Traseira";0;0;0;0;0;0;0;2;0;0;3;0;0;2;0
"28/10/2021";"05:24:00";"31";"Acidente s";"72";"BR-101/RS";"Sul";"Tombamento";0;0;0;0;0;0;0;1;0;0;4;0;0;1;0
"28/10/2021";"07:15:00";"62";"Acidente c";"435";"BR-386/RS";"Norte";"Queda de moto";0;1;0;1;0;0;0;1;0;0;0;0;1;0;0
"28/10/2021";"07:48:00";"92";"Acidente c";"86";"BR-290/RS";"Oeste";"Engavetamento";0;4;0;1;0;0;0;7;0;0;1;0;0;0;0
"28/10/2021";"07:50:00";"95";"Acidente s";"345";"BR-386/RS";"Norte";"Engavetamento";0;3;0;0;0;0;0;3;0;0;1;0;0;0;0
"28/10/2021";"07:56:00";"97";"Acidente c";"342";"BR-386/RS";"Sul";"Colisão - Traseira";0;1;0;1;0;0;1;3;0;0;4;0;1;0;0
"28/10/2021";"08:51:00";"127";"Acidente s";"326";"BR-386/RS";"Norte";"Queda de moto";0;0;0;0;0;0;0;1;0;0;1;0;1;0;0
"29/10/2021";"00:49:00";"5";"Acidente s";"92";"BR-290/RS";"Leste";"Queda de ribanceira";0;1;0;0;0;0;0;1;0;0;2;0;0;0;0
"29/10/2021";"02:26:00";"14";"Acidente s";"77";"BR-101/RS";"Norte";"Atropelamento de Animal";0;0;0;0;0;0;0;2;1;0;1;0;0;0;0
"29/10/2021";"09:16:00";"114";"Acidente s";"87";"BR-290/RS";"Oeste";"Colisão - Lateral";0;1;0;0;0;0;0;2;1;0;2;0;0;0;0
"29/10/2021";"11:12:00";"141";"Acidente s";"70";"BR-101/RS";"Norte";"Colisão - Traseira";0;2;0;0;0;0;0;2;0;0;2;0;0;0;0
"29/10/2021";"11:27:00";"149";"Acidente s";"59";"BR-101/RS";"Norte";"Queda de ribanceira";0;1;0;0;0;0;0;2;0;0;1;0;0;0;0
"29/10/2021";"11:40:00";"152";"Acidente s";"91";"BR-290/RS";"Leste";"Colisão - Lateral";0;1;0;0;0;0;0;2;0;0;1;0;0;0;0
"29/10/2021";"17:58:00";"249";"Acidente s";"90";"BR-290/RS";"Leste";"Engavetamento";0;3;0;0;0;0;0;5;0;0;2;0;0;0;0
"29/10/2021";"18:05:00";"251";"Acidente s";"293";"BR-386/RS";"Sul";"Engavetamento";0;3;0;0;0;0;0;7;0;0;4;0;0;0;0
"29/10/2021";"19:01:00";"265";"Acidente c";"94";"BR-290/RS";"Leste";"Colisão - Traseira";0;1;0;1;0;0;0;1;0;0;0;0;1;0;0
"29/10/2021";"19:58:00";"277";"Acidente c";"274";"BR-386/RS";"Norte";"Colisão - Traseira";0;0;1;0;0;0;0;1;0;0;2;0;1;0;1
"29/10/2021";"23:07:00";"322";"Acidente s";"68";"BR-290/RS";"Leste";"Atropelamento de Animal";0;1;0;0;0;0;0;5;0;0;2;0;0;0;0
"30/10/2021";"00:19:00";"3";"Atropelame";"368";"BR-386/RS";"Sul";"Atropelamento - Usuário";1;0;0;0;0;0;0;1;0;0;3;1;0;0;0
"30/10/2021";"02:50:00";"15";"Acidente c";"350";"BR-386/RS";"Sul";"Choque Defensa";0;2;0;0;1;0;0;2;0;0;3;0;0;0;0
"30/10/2021";"10:20:00";"95";"Acidente c";"60";"BR-290/RS";"Oeste";"Colisão - Lateral";0;2;0;0;2;0;0;2;0;0;2;0;0;0;0
"30/10/2021";"11:50:00";"125";"Acidente s";"19";"BR-101/RS";"Norte";"Colisão - Lateral";0;2;0;0;0;0;0;2;0;0;3;0;0;0;0
"30/10/2021";"19:21:00";"237";"Acidente s";"346";"BR-386/RS";"Ambos";"Saída de pista";0;1;0;0;0;0;0;1;0;0;1;0;0;0;0
"31/10/2021";"04:17:00";"19";"Acidente s";"212";"BR-386/RS";"Norte";"Saída de pista";0;1;0;0;0;0;0;1;0;0;2;0;0;0;0
"31/10/2021";"08:19:00";"62";"Acidente s";"412";"BR-386/RS";"Norte";"Colisão - Lateral";0;2;0;0;0;0;0;6;0;0;2;0;0;0;0
"31/10/2021";"11:35:00";"97";"Acidente s";"60";"BR-290/RS";"Leste";"Colisão - Traseira";0;2;0;0;0;0;0;3;0;0;1;0;0;0;0
"31/10/2021";"15:57:00";"145";"Acidente s";"60";"BR-290/RS";"Leste";"Colisão - Lateral";0;2;0;0;0;0;0;7;0;0;1;0;0;0;0
"31/10/2021";"19:55:00";"226";"Acidente s";"19";"BR-290/RS";"Leste";"Colisão - Traseira";0;2;0;0;0;0;0;5;0;0;2;0;0;0;0
"31/10/2021";"21:15:00";"250";"Acidente s";"270";"BR-386/RS";"Norte";"Colisão - Traseira";0;2;0;0;0;0;0;8;0;0;6;0;0;0;0
"31/10/2021";"21:45:00";"257";"Acidente c";"80";"BR-290/RS";"Oeste";"Queda de ribanceira";0;1;0;0;1;0;0;0;0;0;2;0;0;0;0
"31/10/2021";"22:28:00";"261";"Acidente s";"90";"BR-290/RS";"Leste";"Colisão - Traseira";0;1;0;0;0;0;0;3;0;0;2;1;0;0;0
"01/11/2021";"02:35:00";"8";"Acidente s";"63";"BR-101/RS";"Sul";"Atropelamento de Animal";0;0;0;0;0;0;0;0;0;1;2;0;0;0;0
"01/11/2021";"16:08:00";"214";"Acidente s";"331";"BR-386/RS";"Norte";"Colisão - Traseira";0;0;0;0;0;1;0;0;0;1;2;0;0;0;0
"01/11/2021";"16:09:00";"215";"Acidente s";"40";"BR-101/RS";"Norte";"Choque Barreira";1;0;0;0;0;0;0;0;0;0;1;0;0;0;0
"01/11/2021";"23:03:00";"310";"Acidente c";"80";"BR-290/RS";"Leste";"Tombamento";1;0;0;0;0;0;0;1;0;0;0;0;1;0;0
"02/11/2021";"04:44:00";"18";"Acidente s";"264";"BR-386/RS";"Norte";"Atropelamento de Animal";1;0;0;0;0;0;0;0;0;0;1;0;0;0;0
"02/11/2021";"08:03:00";"49";"Acidente c";"78";"BR-290/RS";"Oeste";"Queda de moto";0;0;0;1;0;0;0;0;0;0;0;2;0;0;0
"02/11/2021";"11:10:00";"86";"Acidente c";"10";"BR-448/RS";"Sul";"Queda de moto";0;0;0;1;0;0;0;0;0;0;0;2;0;0;0
"02/11/2021";"13:48:00";"130";"Acidente s";"49";"BR-290/RS";"Leste";"Colisão - Lateral";2;0;0;0;0;0;0;0;0;0;2;0;0;0;0
"02/11/2021";"17:32:00";"191";"Acidente s";"60";"BR-290/RS";"Leste";"Colisão - Lateral";1;0;0;0;0;0;0;0;0;1;3;0;0;0;0
"02/11/2021";"21:37:00";"262";"Acidente s";"22";"BR-448/RS";"Norte";"Colisão - Lateral";1;0;0;0;0;1;0;0;0;0;3;0;0;0;0
"03/11/2021";"01:01:00";"3";"Acidente s";"24";"BR-290/RS";"Oeste";"Colisão - Traseira";2;0;0;0;0;0;0;0;0;0;6;0;0;0;0
"03/11/2021";"02:34:00";"12";"Acidente c";"367";"BR-386/RS";"Norte";"Colisão - Lateral";1;0;0;0;0;0;0;1;0;0;1;0;0;1;0
"03/11/2021";"06:01:00";"30";"Acidente c";"75";"BR-101/RS";"Norte";"Queda de ribanceira";1;0;0;0;0;0;0;0;0;0;1;1;0;0;0
"03/11/2021";"06:48:00";"41";"Acidente s";"92";"BR-290/RS";"Leste";"Queda de moto";0;0;0;1;0;0;0;0;0;0;1;0;0;0;0
"03/11/2021";"08:03:00";"84";"Acidente s";"437";"BR-386/RS";"Sul";"Engavetamento";2;0;0;0;0;0;0;0;0;1;3;0;0;0;0
"03/11/2021";"09:03:00";"116";"Acidente c";"345";"BR-386/RS";"Norte";"Colisão - Traseira";2;0;0;0;0;0;0;0;0;0;1;1;0;0;0
"03/11/2021";"10:18:00";"127";"Acidente s";"92";"BR-290/RS";"Leste";"Colisão - Traseira";2;0;0;0;0;0;0;0;0;0;5;0;0;0;0
"03/11/2021";"11:31:00";"142";"Acidente s";"65";"BR-290/RS";"Oeste";"Choque Defensa";1;0;0;0;0;0;0;0;0;0;1;0;0;0;0
"03/11/2021";"12:01:00";"149";"Acidente s";"22";"BR-448/RS";"Sul";"Choque Barreira";1;0;0;0;0;0;0;0;0;0;1;0;0;0;0
"03/11/2021";"13:33:00";"172";"Acidente s";"73";"BR-290/RS";"Leste";"Colisão - Lateral";1;0;1;0;0;0;0;0;0;0;2;0;0;0;0
"03/11/2021";"16:26:00";"197";"Acidente s";"4";"BR-101/RS";"Norte";"Queda de ribanceira";1;0;0;0;0;0;0;0;0;0;1;0;0;0;0
"03/11/2021";"16:55:00";"205";"Acidente s";"435";"BR-386/RS";"Norte";"Colisão - Transversal";2;0;0;0;0;0;0;0;0;0;2;0;0;0;0
"03/11/2021";"19:05:00";"228";"Acidente c";"345";"BR-386/RS";"Norte";"Queda de moto";0;0;0;1;0;0;0;0;0;0;0;1;0;0;0
"03/11/2021";"20:33:00";"241";"Acidente s";"400";"BR-386/RS";"Sul";"Saída de pista";1;0;0;0;0;0;0;0;0;0;2;0;0;0;0
"03/11/2021";"23:36:00";"262";"Acidente s";"77";"BR-101/RS";"Norte";"Atropelamento de Animal";0;0;0;0;0;0;0;0;0;0;1;0;0;0;0
"04/11/2021";"10:07:00";"142";"Acidente s";"96";"BR-290/RS";"Oeste";"Colisão - Traseira";1;0;0;1;0;0;0;0;0;0;2;0;0;0;0
"04/11/2021";"15:46:00";"229";"Acidente s";"335";"BR-386/RS";"Sul";"Colisão - Traseira";0;0;0;0;0;0;0;0;0;2;2;0;0;0;0
"04/11/2021";"17:31:00";"245";"Acidente s";"94";"BR-290/RS";"Oeste";"Colisão - Lateral";1;0;0;1;0;0;0;0;0;0;3;0;0;0;0
"04/11/2021";"22:49:00";"305";"Acidente s";"55";"BR-290/RS";"Oeste";"Saída de pista";1;0;0;0;0;0;0;0;0;0;2;0;0;0;0
"05/11/2021";"04:22:00";"20";"Acidente s";"32";"BR-290/RS";"Leste";"Outros";1;0;0;0;0;0;0;0;0;0;1;0;0;0;0
"05/11/2021";"07:54:00";"95";"Acidente s";"17";"BR-448/RS";"Sul";"Colisão - Traseira";2;0;0;0;0;0;0;0;0;0;2;0;0;0;0
"05/11/2021";"09:40:00";"140";"Acidente s";"307";"BR-386/RS";"Sul";"Choque Talude";0;0;0;0;0;0;0;0;0;0;2;0;0;0;0
"05/11/2021";"10:17:00";"150";"Acidente s";"86";"BR-290/RS";"Oeste";"Colisão - Traseira";1;0;0;0;0;1;0;0;0;0;4;0;0;0;0
"05/11/2021";"18:33:00";"267";"Acidente s";"15";"BR-448/RS";"Sul";"Colisão - Lateral";1;0;0;0;0;0;0;0;0;0;3;0;0;0;0
"06/11/2021";"03:55:00";"17";"Acidente s";"382";"BR-386/RS";"Sul";"Saída de pista";0;0;0;1;0;0;0;0;0;0;1;0;0;0;0
"06/11/2021";"07:33:00";"45";"Acidente c";"234";"BR-386/RS";"Norte";"Colisão - Frontal";1;0;0;1;0;0;0;0;0;1;2;0;0;1;0
"06/11/2021";"08:02:00";"51";"Acidente s";"347";"BR-386/RS";"Sul";"Capotamento";1;0;0;0;0;0;0;0;0;0;1;0;0;0;0
"06/11/2021";"09:32:00";"74";"Acidente s";"89";"BR-290/RS";"Oeste";"Colisão - Lateral";3;0;0;0;0;0;0;0;0;0;4;0;0;0;0
"06/11/2021";"11:34:00";"95";"Acidente s";"8";"BR-290/RS";"Oeste";"Choque Defensa";1;0;0;0;0;0;0;0;0;0;1;0;0;0;0
"06/11/2021";"11:56:00";"98";"Acidente c";"63";"BR-101/RS";"Norte";;1;0;0;0;0;0;0;0;0;0;0;0;2;0;0
"06/11/2021";"12:12:00";"103";"Acidente s";"410";"BR-386/RS";"Norte";"Queda de ribanceira";1;0;0;0;0;0;0;0;0;0;2;0;0;0;0
"06/11/2021";"13:10:00";"115";"Acidente c";"10";"BR-448/RS";"Norte";"Capotamento";1;0;0;0;0;0;0;0;0;0;0;1;0;0;0
"06/11/2021";"13:35:00";"119";"Acidente s";"9";"BR-101/RS";"Sul";"Colisão - Lateral";0;0;0;0;0;0;0;1;0;0;2;0;0;0;0
"06/11/2021";"14:13:00";"132";"Acidente s";"97";"BR-290/RS";"Oeste";"Colisão - Lateral";2;0;0;0;0;0;0;0;0;0;4;0;0;0;0
"06/11/2021";"14:51:00";"140";"Acidente s";"397";"BR-386/RS";"Norte";"Capotamento";1;0;0;0;0;0;0;0;0;0;3;0;0;0;0
"06/11/2021";"15:51:00";"149";"Acidente c";"396";"BR-386/RS";"Norte";"Capotamento";1;0;0;0;0;0;0;0;0;0;3;1;0;0;0
"06/11/2021";"17:23:00";"166";"Acidente s";"92";"BR-290/RS";"Oeste";"Colisão - Traseira";2;0;0;0;0;0;0;0;0;0;2;0;0;0;0
"06/11/2021";"20:43:00";"197";"Acidente c";"240";"BR-386/RS";"Sul";"Capotamento";1;0;0;0;0;0;0;0;0;0;1;2;0;0;0
"06/11/2021";"23:57:00";"221";"Acidente c";"29";"BR-101/RS";"Sul";"Saída de pista";1;0;0;0;0;0;0;0;0;0;1;1;0;0;0
"07/11/2021";"09:57:00";"54";"Acidente s";"80";"BR-290/RS";"Oeste";"Queda de ribanceira";1;0;0;0;0;0;0;0;0;0;2;0;0;0;0
"07/11/2021";"11:39:00";"68";"Acidente s";"19,1";"BR-290/RS";"Leste";;2;0;0;0;0;0;0;0;0;0;2;0;0;0;0
"07/11/2021";"15:02:00";"97";"Acidente c";"270";"BR-386/RS";"Norte";"Colisão - Traseira";2;0;0;0;0;0;0;0;0;0;3;1;0;0;0
"07/11/2021";"16:37:00";"109";"Acidente c";"27";"BR-290/RS";"Oeste";"Queda de ribanceira";1;0;0;0;0;0;0;0;0;0;0;2;1;0;0
"07/11/2021";"19:17:00";"145";"Acidente c";"416";"BR-386/RS";"Norte";"Colisão - Traseira";2;0;0;0;0;0;0;0;0;0;2;1;0;0;0
"07/11/2021";"19:56:00";"158";"Acidente s";"38";"BR-290/RS";"Leste";"Colisão - Lateral";2;0;0;0;0;0;0;0;0;0;2;0;0;0;0
"07/11/2021";"22:43:00";"187";"Acidente s";"7";"BR-290/RS";"Oeste";"Saída de pista";1;0;0;0;0;0;0;0;0;0;1;0;0;0;0
"08/11/2021";"08:13:00";"84";"Acidente s";"343";"BR-386/RS";"Sul";"Colisão - Traseira";1;0;0;0;0;0;0;0;0;1;2;0;0;0;0
"08/11/2021";"15:10:00";"175";"Acidente c";"238";"BR-386/RS";"Norte";"Saída de pista";1;0;0;0;0;0;0;0;0;0;0;2;0;0;0