data;horario;n_da_ocorrencia;tipo_de_ocorrencia;km;trecho;sentido;tipo_de_acidente;automovel;bicicleta;caminhao;moto;onibus;outros;tracao_animal;transporte_de_cargas_especiais;trator_maquinas;utilitarios;ilesos;levemente_feridos;moderadamente_feridos;gravemente_feridos;mortos
"04/01/2022";"09:05:00";"92";"Acidente s";"63";"BR-290/RS";"Oeste";"Saída de pista";1;0;0;0;0;0;0;0;0;0;2;0;0;0;0
"04/01/2022";"10:22:00";"115";"Acidente s";"263";"BR-386/RS";"Norte";"Colisão - Traseira";2;0;0;0;0;0;0;0;0;0;3;0;0;0;0
"04/01/2022";"12:34:00";"145";"Acidente s";"82";"BR-101/RS";"Norte";"Atropelamento de Animal";1;0;0;0;0;0;0;0;0;0;4;0;0;0;0
"04/01/2022";"13:02:00";"153";"Acidente s";"307";"BR-386/RS";"Sul";"Queda de ribanceira";1;0;0;0;0;0;0;0;0;0;1;0;0;0;0
"04/01/2022";"13:22:00";"159";"Acidente s";"432";"BR-386/RS";"Norte";"Colisão - Lateral";1;0;0;0;0;0;0;0;0;0;4;0;0;0;0
"04/01/2022";"13:35:00";"165";"Acidente s";"347";"BR-386/RS";"Sul";"Colisão - Lateral";2;0;0;0;0;0;0;0;0;0;8;0;0;0;0
"04/01/2022";"14:18:00";"178";"Acidente s";"86";"BR-290/RS";"Oeste";"Colisão - Lateral";2;0;0;0;0;0;0;0;0;0;5;0;0;0;0
"04/01/2022";"16:30:00";"216";"Acidente s";"426";"BR-386/RS";"Sul";"Colisão - Lateral";1;0;0;0;0;0;0;1;0;0;2;0;0;0;0
"05/01/2022";"09:28:00";"135";"Acidente c";"307";"BR-386/RS";"Norte";"Colisão - Transversal";2;0;0;0;0;0;0;0;0;0;2;1;0;0;0
"05/01/2022";"10:46:00";"160";"Acidente s";"19";"BR-290/RS";"Oeste";"Colisão - Traseira";2;0;0;0;0;0;0;0;0;0;2;0;0;0;0
"05/01/2022";"10:50:00";"162";"Acidente s";"14";"BR-290/RS";"Leste";"Queda de ribanceira";1;0;0;0;0;0;0;0;0;0;1;0;0;0;0
"05/01/2022";"10:53:00";"163";"Acidente s";"19";"BR-101/RS";"Sul";"Colisão - Traseira";2;0;0;0;0;0;0;0;0;0;3;0;0;0;0
"05/01/2022";"11:19:00";"167";"Acidente s";"440";"BR-386/RS";"Sul";"Saída de pista";1;0;0;0;0;1;0;0;0;0;2;0;0;0;0
"05/01/2022";"11:30:00";"172";"Acidente s";"15";"BR-290/RS";"Oeste";"Choque Defensa";1;0;0;0;0;0;0;0;0;0;3;0;0;0;0
"05/01/2022";"12:13:00";"176";"Acidente s";"410";"BR-386/RS";"Norte";"Queda de ribanceira";1;0;0;0;0;0;0;0;0;0;2;0;0;0;0
"05/01/2022";"12:37:00";"182";"Acidente c";"294";"BR-386/RS";"Sul";"Queda de ribanceira";1;0;0;0;0;0;0;0;0;0;0;3;0;0;0
"05/01/2022";"14:38:00";"210";"Acidente s";"40";"BR-290/RS";"Oeste";"Saída de pista";1;0;0;0;0;0;0;0;0;0;1;0;0;0;0
"05/01/2022";"14:43:00";"212";"Acidente s";"16";"BR-290/RS";"Oeste";"Queda de ribanceira";1;0;0;0;0;0;0;0;0;0;2;0;0;0;0
"05/01/2022";"15:17:00";"219";"Acidente s";"42";"BR-101/RS";"Norte";"Colisão - Traseira";2;0;0;0;0;0;0;0;0;0;3;0;0;0;0
"05/01/2022";"15:50:00";"227";"Acidente c";"50";"BR-290/RS";"Leste";"Queda de ribanceira";1;0;0;0;0;0;0;0;0;0;0;1;1;0;0
"05/01/2022";"16:59:00";"245";"Acidente s";"77";"BR-290/RS";"Leste";"Queda de moto";0;0;0;1;0;0;0;0;0;0;1;0;0;0;0
"05/01/2022";"17:02:00";"246";"Acidente s";"39";"BR-101/RS";"Sul";"Queda de ribanceira";1;0;0;0;0;0;0;0;0;0;3;0;0;0;0
"06/01/2022";"02:29:00";"9";"Acidente s";"11";"BR-290/RS";"Oeste";"Saída de pista";1;0;0;0;0;0;0;0;0;0;2;0;0;0;0
"06/01/2022";"15:08:00";"214";"Acidente s";"343";"BR-386/RS";"Norte";"Colisão - Traseira";1;0;1;0;0;0;0;0;0;0;2;0;0;0;0
"06/01/2022";"17:06:00";"253";"Acidente s";"60,18";"BR-290/RS";"Leste";"Colisão - Traseira";2;0;0;0;0;0;0;0;0;0;3;0;0;0;0
"06/01/2022";"17:19:00";"258";"Acidente c";"347";"BR-386/RS";"Sul";"Colisão - Traseira";2;0;0;0;0;0;0;0;0;0;1;1;0;0;0
"06/01/2022";"18:25:00";"275";"Acidente c";"92";"BR-290/RS";"Oeste";"Colisão - Transversal";2;0;0;0;0;0;0;0;0;0;4;1;0;0;0
"06/01/2022";"20:37:00";"298";"Acidente s";"64";"BR-290/RS";"Oeste";"Saída de pista";1;0;0;0;0;0;0;0;0;0;4;0;0;0;0
"06/01/2022";"23:20:00";"326";"Acidente c";"28";"BR-101/RS";"Sul";"Colisão - Traseira";0;0;1;0;0;0;0;1;0;0;1;1;0;1;0
"07/01/2022";"07:24:00";"67";"Acidente s";"426";"BR-386/RS";"Sul";"Colisão - Transversal";2;0;0;0;0;0;0;0;0;0;5;0;0;0;0
"07/01/2022";"07:39:00";"77";"Acidente c";"75";"BR-290/RS";"Oeste";"Queda de moto";0;0;0;1;0;0;0;0;0;0;0;1;0;0;0
"07/01/2022";"07:40:00";"76";"Acidente s";"426";"BR-386/RS";"Sul";"Colisão - Traseira";2;0;0;0;0;0;0;0;0;0;6;0;0;0;0
"07/01/2022";"11:02:00";"142";"Acidente s";"231";"BR-386/RS";"Sul";"Colisão - Traseira";1;0;0;0;0;0;0;0;0;1;2;0;0;0;0
"07/01/2022";"13:20:00";"170";"Acidente s";"351";"BR-386/RS";"Norte";"Colisão - Lateral";1;0;1;0;0;0;0;0;0;0;7;0;0;0;0
"07/01/2022";"14:09:00";"189";"Acidente s";"90";"BR-290/RS";"Leste";"Colisão - Traseira";1;0;0;0;0;0;0;1;0;0;2;0;0;0;0
"07/01/2022";"14:40:00";"199";"Acidente c";"76";"BR-101/RS";"Sul";"Queda de ribanceira";1;0;0;0;0;0;0;0;0;0;0;1;0;0;0
"07/01/2022";"15:25:00";"208";"Acidente s";"86";"BR-101/RS";"Norte";"Colisão - Traseira";2;0;0;0;0;0;0;0;0;0;2;0;0;0;0
"07/01/2022";"15:48:00";"214";"Acidente c";"238";"BR-386/RS";"Norte";"Capotamento";1;0;0;0;0;0;0;0;0;0;0;0;0;1;0
"07/01/2022";"16:58:00";"233";"Acidente c";"88";"BR-290/RS";"Leste";"Queda de moto";0;0;0;1;0;0;0;0;0;0;0;1;0;0;0
"07/01/2022";"20:25:00";"290";"Acidente s";"351";"BR-386/RS";"Norte";"Colisão - Traseira";2;0;0;0;0;0;0;0;0;0;2;0;0;0;0
"07/01/2022";"20:40:00";"298";"Acidente s";"432";"BR-386/RS";"Sul";"Saída de pista";1;0;0;0;0;0;0;0;0;0;1;0;0;0;0
"07/01/2022";"21:00:00";"303";"Acidente c";"53";"BR-290/RS";"Leste";"Queda de moto";0;0;0;1;0;0;0;0;0;0;0;2;0;0;0
"08/01/2022";"03:47:00";"14";"Acidente s";"345";"BR-386/RS";"Sul";"Saída de pista";1;0;0;0;0;0;0;0;0;0;1;0;0;0;0
"08/01/2022";"06:13:00";"26";"Acidente s";"36";"BR-290/RS";"Oeste";"Queda de ribanceira";0;0;0;0;0;0;0;0;0;1;1;0;0;0;0
"08/01/2022";"09:45:00";"88";"Acidente c";"235";"BR-386/RS";"Norte";"Colisão - Frontal";1;0;1;0;0;0;0;1;0;0;14;3;0;0;2
"08/01/2022";"12:24:00";"128";"Acidente s";"325";"BR-386/RS";"Sul";"Queda de ribanceira";1;0;0;0;0;0;0;0;0;0;1;0;0;0;0
"08/01/2022";"16:39:00";"183";"Acidente s";"19";"BR-101/RS";"Norte";"Choque - Sinalização";1;0;0;0;0;0;0;0;0;0;1;0;0;0;0
"09/01/2022";"02:45:00";"10";"Acidente s";"219";"BR-386/RS";"Sul";"Saída de pista";1;0;0;0;0;0;0;0;0;0;3;0;0;0;0
"09/01/2022";"03:06:00";"11";"Acidente c";"219";"BR-386/RS";"Sul";"Choque - Arvore";1;0;0;0;0;0;0;0;0;0;0;1;0;0;0
"09/01/2022";"04:17:00";"16";"Acidente s";"339";"BR-386/RS";"Norte";"Capotamento";1;0;0;0;0;0;0;0;0;0;1;0;0;0;0
"09/01/2022";"05:35:00";"24";"Acidente s";"431,37";"BR-386/RS";"Norte";"Saída de pista";0;0;0;0;0;0;0;0;0;1;2;0;0;0;0
"09/01/2022";"09:31:00";"71";"Acidente s";"41";"BR-290/RS";"Leste";"Queda de ribanceira";1;0;0;0;0;0;0;0;0;0;2;0;0;0;0
"09/01/2022";"15:42:00";"155";"Acidente c";"91";"BR-290/RS";"Oeste";"Colisão - Traseira";1;0;0;1;0;0;0;0;0;0;1;1;0;0;0
"09/01/2022";"17:07:00";"174";"Acidente s";"38";"BR-290/RS";"Oeste";"Colisão - Traseira";2;0;0;0;0;0;0;0;0;0;6;0;0;0;0
"09/01/2022";"21:08:00";"236";"Acidente s";"1";"BR-290/RS";"Oeste";"Colisão - Traseira";2;0;0;0;0;0;0;0;0;0;4;0;0;0;0
"09/01/2022";"21:56:00";"248";"Acidente s";"23";"BR-290/RS";"Oeste";"Colisão - Traseira";2;0;0;0;0;0;0;0;0;0;8;0;0;0;0
"10/01/2022";"02:08:00";"16";"Acidente s";"11";"BR-290/RS";"Oeste";"Saída de pista";1;0;0;0;0;0;0;0;0;0;2;0;0;0;0
"10/01/2022";"07:38:00";"61";"Acidente s";"40";"BR-290/RS";"Leste";"Queda de ribanceira";1;0;0;0;0;0;0;0;0;0;1;0;0;0;0
"10/01/2022";"08:44:00";"88";"Acidente s";"392";"BR-386/RS";"Norte";"Colisão - Lateral";1;0;0;0;0;0;0;0;0;1;7;0;0;0;0
"10/01/2022";"10:54:00";"149";"Acidente s";"432";"BR-386/RS";"Norte";"Engavetamento";1;0;1;0;0;0;0;0;0;1;4;0;0;0;0
"10/01/2022";"16:33:00";"266";"Acidente s";"95,16";"BR-290/RS";"Leste";"Colisão - Lateral";1;0;0;0;0;0;0;1;0;0;2;0;0;0;0
"10/01/2022";"18:01:00";"289";"Acidente s";"26";"BR-290/RS";"Oeste";"Saída de pista";1;0;0;0;0;0;0;0;0;0;1;0;0;0;0
"11/01/2022";"00:27:00";"4";"Acidente c";"368";"BR-386/RS";"Norte";"Colisão - Frontal";2;0;0;0;0;0;0;0;0;0;0;4;0;1;0
"11/01/2022";"08:02:00";"62";"Acidente s";"395";"BR-386/RS";"Sul";"Colisão - Transversal";2;0;0;0;0;0;0;0;0;0;2;0;0;0;0
"11/01/2022";"13:30:00";"163";"Acidente c";"52";"BR-290/RS";"Oeste";"Capotamento";1;0;0;0;0;0;0;0;0;0;0;2;1;1;0
"12/01/2022";"09:10:00";"103";"Acidente s";"415";"BR-386/RS";"Ambos";"Engavetamento";3;0;0;0;0;0;0;0;0;0;3;0;0;0;0
"12/01/2022";"09:18:00";"109";"Acidente s";"97";"BR-290/RS";"Leste";"Colisão - Lateral";1;0;0;0;0;1;0;0;0;0;2;0;0;0;0
"12/01/2022";"11:35:00";"149";"Acidente s";"278";"BR-386/RS";"Ambos";"Engavetamento";3;0;0;0;0;0;0;0;0;0;8;0;0;0;0
"12/01/2022";"13:07:00";"170";"Acidente s";"17";"BR-290/RS";"Oeste";"Queda de ribanceira";1;0;0;0;0;0;0;0;0;0;1;0;0;0;0
"12/01/2022";"13:11:00";"172";"Acidente s";"341";"BR-386/RS";"Norte";"Colisão - Traseira";1;0;1;0;0;0;0;0;0;0;2;0;0;0;0
"13/01/2022";"06:51:00";"40";"Atropelame";"59";"BR-101/RS";"Sul";"Atropelamento - Usuário";1;0;0;0;0;0;0;1;0;0;1;0;0;1;0
"13/01/2022";"14:16:00";"181";"Acidente s";"47";"BR-101/RS";"Sul";"Queda de ribanceira";1;0;0;0;0;0;0;0;0;0;1;0;0;0;0
"13/01/2022";"16:05:00";"218";"Acidente s";"88";"BR-290/RS";"Leste";"Colisão - Lateral";1;0;0;0;0;2;0;0;0;0;3;0;0;0;0
"13/01/2022";"16:52:00";"238";"Acidente s";"22";"BR-448/RS";"Norte";"Colisão - Traseira";1;0;1;0;0;0;0;0;0;0;3;0;0;0;0
"14/01/2022";"00:11:00";"3";"Acidente s";"349";"BR-386/RS";"Norte";"Choque Barreira";0;0;1;0;0;0;0;0;0;0;1;0;0;0;0
"14/01/2022";"06:42:00";"43";"Acidente s";"2";"BR-448/RS";"Norte";"Capotamento";1;0;0;0;0;0;0;0;0;0;1;0;0;0;0
"14/01/2022";"08:33:00";"98";"Acidente s";"343";"BR-386/RS";"Norte";"Engavetamento";3;0;0;0;0;0;0;0;0;0;5;0;0;0;0
"14/01/2022";"09:14:00";"119";"Acidente s";"19";"BR-290/RS";"Leste";"Colisão - Lateral";2;0;0;0;0;0;0;0;0;0;4;0;0;0;0
"14/01/2022";"10:45:00";"149";"Acidente s";"44";"BR-290/RS";"Oeste";"Colisão - Lateral";2;0;0;0;0;0;0;0;0;0;5;0;0;0;0
"14/01/2022";"10:48:00";"150";"Acidente c";"225";"BR-386/RS";"Sul";"Colisão - Traseira";2;0;0;0;0;0;0;0;0;0;0;1;1;0;0
"14/01/2022";"10:54:00";"154";"Acidente s";"26";"BR-290/RS";"Leste";"Colisão - Traseira";1;0;1;0;0;0;0;0;0;0;2;0;0;0;0
"14/01/2022";"11:15:00";"159";"Acidente s";"41";"BR-101/RS";"Sul";"Colisão - Traseira";2;0;0;0;0;0;0;0;0;0;2;0;0;0;0
"14/01/2022";"12:18:00";"183";"Acidente c";"52";"BR-290/RS";"Leste";"Colisão - Traseira";1;0;0;1;0;0;0;0;0;0;1;1;0;0;0
"14/01/2022";"13:24:00";"203";"Acidente s";"60";"BR-290/RS";"Oeste";"Engavetamento";1;0;2;0;0;0;0;0;0;0;3;0;0;0;0
"14/01/2022";"14:34:00";"226";"Acidente c";"439";"BR-386/RS";"Sul";"Colisão - Traseira";0;0;0;1;0;0;0;1;0;0;1;1;0;0;0
"14/01/2022";"18:37:00";"315";"Acidente s";"413";"BR-386/RS";"Norte";"Saída de pista";0;0;0;0;0;0;0;1;0;0;1;0;0;0;0
"14/01/2022";"18:45:00";"317";"Acidente c";"347";"BR-386/RS";"Sul";"Capotamento";1;0;0;0;0;0;0;0;0;0;0;0;1;0;0
"14/01/2022";"18:59:00";"322";"Acidente c";"425";"BR-386/RS";"Sul";"Saída de pista";1;0;0;0;0;0;0;0;0;0;0;1;0;0;0
"14/01/2022";"20:18:00";"346";"Acidente s";"397";"BR-386/RS";"Norte";"Choque Talude";1;0;0;0;0;0;0;0;0;0;2;0;0;0;0
"15/01/2022";"02:16:00";"11";"Acidente s";"361";"BR-386/RS";"Sul";"Queda de ribanceira";1;0;0;0;0;0;0;0;0;0;4;0;0;0;0
"15/01/2022";"02:47:00";"14";"Acidente s";"4";"BR-101/RS";"Norte";"Saída de pista";1;0;0;0;0;0;0;0;0;0;2;0;0;0;0
"15/01/2022";"07:56:00";"75";"Acidente s";"274";"BR-386/RS";"Norte";"Saída de pista";1;0;0;0;0;0;0;0;0;0;3;0;0;0;0
"15/01/2022";"08:07:00";"79";"Acidente c";"413";"BR-386/RS";"Sul";"Colisão - Frontal";1;0;0;1;0;0;0;0;0;0;2;1;1;0;0
"15/01/2022";"09:39:00";"107";"Acidente s";"285";"BR-386/RS";"Sul";"Colisão - Traseira";2;0;0;0;0;0;0;0;0;0;3;0;0;0;0
"15/01/2022";"13:08:00";"153";"Acidente s";"420";"BR-386/RS";"Norte";"Queda de ribanceira";1;0;0;0;0;0;0;0;0;0;1;0;0;0;0
"15/01/2022";"15:32:00";"206";"Acidente s";"35";"BR-101/RS";"Norte";"Choque Praça - Submarino";0;0;0;0;0;1;0;0;0;0;1;0;0;0;0
"15/01/2022";"17:23:00";"248";"Acidente s";"97";"BR-290/RS";"Oeste";"Choque Defensa";0;0;0;1;0;0;0;0;0;0;1;0;0;0;0
"15/01/2022";"18:59:00";"274";"Acidente s";"91";"BR-290/RS";"Leste";"Colisão - Traseira";2;0;0;0;0;0;0;0;0;0;3;0;0;0;0
"15/01/2022";"20:13:00";"286";"Acidente s";"407";"BR-386/RS";"Sul";"Queda de ribanceira";1;0;0;0;0;0;0;0;0;0;4;0;0;0;0
"15/01/2022";"20:58:00";"299";"Acidente s";"19";"BR-290/RS";"Leste";"Colisão - Traseira";1;0;0;0;0;0;0;0;0;1;5;0;0;0;0
"15/01/2022";"21:03:00";"302";"Acidente c";"359";"BR-386/RS";"Ambos";"Saída de pista";1;0;0;0;0;0;0;0;0;0;0;0;1;0;0
"16/01/2022";"00:44:00";"5";"Acidente s";"40";"BR-290/RS";"Leste";"Saída de pista";1;0;0;0;0;0;0;0;0;0;1;0;0;0;0
"16/01/2022";"04:12:00";"16";"Acidente c";"0";"BR-448/RS";"Norte";"Queda de Ponte/Viaduto";1;0;0;0;0;0;0;0;0;0;0;0;2;0;0
"16/01/2022";"13:04:00";"149";"Acidente s";"320";"BR-386/RS";"Norte";"Colisão - Lateral";2;0;0;0;0;0;0;0;0;0;2;0;0;0;0
"16/01/2022";"16:33:00";"240";"Acidente c";"3";"BR-290/RS";"Oeste";"Engavetamento";9;0;0;0;0;0;0;0;0;0;16;1;1;2;0
"16/01/2022";"17:15:00";"253";"Acidente s";"5";"BR-290/RS";"Oeste";"Colisão - Traseira";2;0;0;0;0;0;0;0;0;0;2;0;0;0;0
"16/01/2022";"17:54:00";"267";"Acidente c";"3";"BR-290/RS";"Leste";"Queda de moto";1;0;0;1;0;0;0;0;0;0;1;0;1;0;0
"16/01/2022";"18:31:00";"277";"Acidente s";"86";"BR-101/RS";"Sul";"Choque - Sinalização";2;0;0;0;0;0;0;0;0;0;4;0;0;0;0
"16/01/2022";"18:33:00";"278";"Acidente c";"22";"BR-448/RS";"Norte";"Choque Barreira";1;0;0;0;0;0;0;0;0;0;4;1;0;0;0
"16/01/2022";"18:39:00";"280";"Acidente c";"320";"BR-386/RS";"Sul";"Saída de pista";1;0;0;0;0;0;0;0;0;0;0;1;0;0;0
"16/01/2022";"18:58:00";"288";"Acidente s";"11";"BR-290/RS";"Leste";"Saída de pista";1;0;0;0;0;0;0;0;0;0;1;0;0;0;0
"16/01/2022";"20:47:00";"319";"Acidente s";"416";"BR-386/RS";"Sul";"Saída de pista";1;0;0;0;0;0;0;0;0;0;3;0;0;0;0
"16/01/2022";"21:02:00";"327";"Acidente s";"95";"BR-290/RS";"Oeste";"Colisão - Traseira";2;0;0;0;0;0;0;0;0;0;2;0;0;0;0
"16/01/2022";"21:04:00";"330";"Acidente s";"439";"BR-386/RS";"Sul";"Capotamento";1;0;0;0;0;0;0;0;0;0;1;0;0;0;0
"16/01/2022";"21:17:00";"334";"Acidente c";"29";"BR-290/RS";"Oeste";"Atropelamento de Animal";2;0;0;0;0;0;0;0;0;0;1;2;0;0;0
"16/01/2022";"21:35:00";"341";"Acidente s";"29";"BR-290/RS";"Leste";"Atropelamento de Animal";0;0;0;0;0;0;0;1;0;0;1;0;0;0;0
"16/01/2022";"23:22:00";"368";"Acidente s";"24";"BR-290/RS";"Oeste";"Colisão - Traseira";2;0;0;0;0;0;0;0;0;0;2;0;0;0;0
"17/01/2022";"01:04:00";"14";"Acidente s";"19";"BR-290/RS";"Oeste";"Colisão - Lateral";1;0;1;0;0;0;0;0;0;0;5;0;0;0;0
"17/01/2022";"01:48:00";"26";"Acidente c";"25";"BR-101/RS";"Sul";"Tombamento";1;0;0;0;0;0;0;2;0;0;1;1;0;0;0
"17/01/2022";"04:23:00";"35";"Acidente s";"419";"BR-386/RS";"Sul";"Choque - Meio Fio";1;0;0;0;0;0;0;0;0;0;2;0;0;0;0
"17/01/2022";"07:35:00";"88";"Acidente s";"88";"BR-290/RS";"Oeste";"Colisão - Traseira";2;0;0;0;0;0;0;0;0;0;3;0;0;0;0
"17/01/2022";"08:42:00";"117";"Acidente s";"3";"BR-290/RS";"Oeste";"Colisão - Traseira";2;0;0;0;0;0;0;0;0;0;2;0;0;0;0
"17/01/2022";"09:41:00";"144";"Acidente s";"60";"BR-290/RS";"Oeste";"Colisão - Traseira";1;0;0;0;0;0;0;1;0;0;4;0;0;0;0
"17/01/2022";"11:41:00";"185";"Acidente s";"35";"BR-101/RS";"Norte";"Colisão - Traseira";2;0;0;0;0;0;0;0;0;0;2;0;0;0;0
"17/01/2022";"13:09:00";"215";"Acidente s";"392";"BR-386/RS";"Norte";"Colisão - Traseira";1;0;0;0;0;0;0;0;0;1;4;0;0;0;0
"17/01/2022";"14:47:00";"245";"Acidente s";"304";"BR-386/RS";"Sul";"Queda de ribanceira";1;0;0;0;0;0;0;0;0;0;3;0;0;0;0
"17/01/2022";"15:33:00";"264";"Acidente c";"10";"BR-448/RS";"Norte";"Engavetamento";0;0;3;0;0;0;0;0;0;0;4;0;0;0;2
"17/01/2022";"15:55:00";"269";"Acidente c";"343";"BR-386/RS";"Norte";"Queda de moto";1;0;0;0;0;0;0;0;0;0;0;1;0;0;0
"17/01/2022";"17:41:00";"301";"Acidente s";"57";"BR-290/RS";"Oeste";"Saída de pista";1;0;0;0;0;0;0;0;0;0;2;0;0;0;0
"17/01/2022";"19:14:00";"323";"Acidente c";"307";"BR-386/RS";"Sul";"Tombamento";0;0;0;0;0;0;0;1;0;0;0;1;0;0;0
"17/01/2022";"23:32:00";"367";"Atropelame";"94";"BR-290/RS";"Leste";"Atropelamento - Morador/Trabalhador/Estudante";0;0;0;0;0;0;0;0;0;1;1;0;0;0;1
"18/01/2022";"00:15:00";"3";"Acidente c";"39";"BR-290/RS";"Leste";"Colisão - Transversal";1;0;0;0;0;0;0;0;0;1;5;0;0;1;0
"18/01/2022";"04:11:00";"20";"Acidente c";"333";"BR-386/RS";"Sul";"Queda de ribanceira";1;0;1;0;0;0;0;0;0;0;1;0;3;2;0
"18/01/2022";"05:41:00";"27";"Acidente s";"85";"BR-290/RS";"Oeste";"Colisão - Lateral";1;0;0;0;0;0;0;0;0;1;2;0;0;0;0
"18/01/2022";"07:00:00";"51";"Acidente c";"51";"BR-290/RS";"Oeste";"Colisão - Traseira";1;0;0;0;0;1;0;0;0;0;1;3;1;0;0
"18/01/2022";"10:22:00";"130";"Acidente c";"402";"BR-386/RS";"Norte";"Queda de ribanceira";1;0;0;0;0;0;0;0;0;0;0;1;0;0;0
"18/01/2022";"13:57:00";"179";"Acidente c";"355";"BR-386/RS";"Sul";"Capotamento";1;0;0;0;0;0;0;0;0;0;0;0;1;0;0
"18/01/2022";"14:24:00";"188";"Acidente c";"331";"BR-386/RS";"Norte";"Colisão - Lateral";2;0;0;0;0;0;0;0;0;0;1;2;1;0;0
"18/01/2022";"15:06:00";"199";"Acidente s";"72";"BR-290/RS";"Oeste";"Colisão - Traseira";2;0;0;0;0;0;0;0;0;0;4;0;0;0;0
"18/01/2022";"17:19:00";"230";"Acidente c";"414";"BR-386/RS";"Sul";"Saída de pista";1;0;0;0;0;0;0;0;0;0;1;0;1;0;0
"18/01/2022";"19:48:00";"252";"Acidente s";"220";"BR-386/RS";"Norte";"Colisão - Lateral";1;0;0;0;0;0;0;1;0;0;2;0;0;0;0
"19/01/2022";"06:07:00";"28";"Acidente s";"75";"BR-290/RS";"Leste";"Queda de ribanceira";1;0;0;0;0;0;0;0;0;0;1;0;0;0;0
"19/01/2022";"07:19:00";"42";"Acidente s";"394";"BR-386/RS";"Norte";"Queda de ribanceira";0;0;1;0;0;0;0;0;0;0;1;0;0;0;0
"19/01/2022";"10:06:00";"119";"Acidente s";"94";"BR-290/RS";"Oeste";"Colisão - Lateral";1;0;0;0;0;1;0;0;0;0;3;0;0;0;0
"19/01/2022";"12:45:00";"168";"Acidente c";"15";"BR-101/RS";"Sul";"Saída de pista";1;0;0;0;0;1;0;0;0;0;0;1;0;0;0
"20/01/2022";"01:12:00";"5";"Acidente s";"17";"BR-290/RS";"Leste";"Choque Defensa";1;0;0;0;0;0;0;0;0;0;4;0;0;0;0
"20/01/2022";"05:03:00";"16";"Acidente c";"438";"BR-386/RS";"Sul";"Colisão - Transversal";1;0;0;1;0;0;0;0;0;0;1;0;1;0;0
"20/01/2022";"05:45:00";"18";"Acidente c";"354";"BR-386/RS";"Norte";"Capotamento";1;0;0;0;0;0;0;0;0;0;0;1;0;0;0
"20/01/2022";"08:24:00";"84";"Acidente c";"25";"BR-101/RS";"Sul";"Capotamento";1;0;0;0;0;0;0;0;0;0;0;0;0;1;0
"20/01/2022";"09:40:00";"115";"Acidente s";"22";"BR-101/RS";"Norte";"Choque - Meio Fio";1;0;0;0;0;0;0;0;0;0;3;0;0;0;0
"20/01/2022";"10:09:00";"126";"Acidente c";"27";"BR-290/RS";"Leste";"Saída de pista";1;0;0;0;0;0;0;0;0;0;0;0;1;0;0
"20/01/2022";"10:25:00";"131";"Acidente s";"60";"BR-290/RS";"Oeste";"Choque Praça - Cabine";0;0;0;0;0;0;0;1;0;0;1;0;0;0;0
"20/01/2022";"10:31:00";"137";"Acidente s";"60";"BR-290/RS";"Leste";"Choque Praça - Cabine";0;0;0;0;0;0;0;1;0;0;1;0;0;0;0
"20/01/2022";"10:39:00";"140";"Acidente s";"390";"BR-386/RS";"Sul";"Saída de pista";1;0;0;0;0;0;0;0;0;0;1;0;0;0;0
"20/01/2022";"12:11:00";"172";"Acidente c";"75";"BR-290/RS";"Leste";"Saída de pista";1;0;0;0;0;0;0;0;0;0;0;1;0;0;0
"20/01/2022";"19:48:00";"292";"Acidente s";"5";"BR-448/RS";"Norte";"Colisão - Traseira";1;0;0;0;0;0;0;0;0;0;2;0;0;0;0
"20/01/2022";"21:51:00";"312";"Acidente s";"71";"BR-101/RS";"Norte";"Saída de pista";1;0;0;0;0;0;0;0;0;0;1;0;0;0;0
"21/01/2022";"02:50:00";"163";"Acidente s";"396";"BR-386/RS";"Norte";"Saída de pista";0;0;1;0;0;0;0;0;0;0;1;0;0;0;0
"21/01/2022";"02:59:00";"165";"Atropelame";"344";"BR-386/RS";"Norte";"Atropelamento - Usuário";1;0;0;0;0;0;0;0;0;0;1;0;0;0;1
"21/01/2022";"07:54:00";"221";"Acidente s";"344";"BR-386/RS";"Sul";"Engavetamento";2;0;0;0;0;0;0;0;0;0;2;0;0;0;0
"21/01/2022";"08:51:00";"249";"Acidente s";"277";"BR-386/RS";"Sul";"Colisão - Traseira";1;0;0;0;0;0;0;0;0;0;4;0;0;0;0
"21/01/2022";"09:21:00";"262";"Acidente s";"343";"BR-386/RS";"Norte";"Colisão - Transversal";2;0;0;0;0;0;0;0;0;0;2;0;0;0;0
"21/01/2022";"10:29:00";"287";"Acidente s";"29";"BR-290/RS";"Oeste";"Colisão - Lateral";1;0;0;0;0;0;0;0;0;1;2;0;0;0;0
"21/01/2022";"10:30:00";"288";"Acidente c";"19";"BR-290/RS";"Oeste";"Tombamento";0;0;0;0;0;1;0;0;0;0;0;1;0;0;0
"21/01/2022";"10:42:00";"292";"Acidente s";"34";"BR-290/RS";"Leste";"Choque com objeto sobre a pista";1;0;0;0;0;1;0;0;0;0;2;0;0;0;0
"21/01/2022";"12:27:00";"319";"Acidente s";"401";"BR-386/RS";"Sul";"Capotamento";1;0;0;0;0;0;0;0;0;0;2;0;0;0;0
"21/01/2022";"14:30:00";"347";"Acidente s";"379";"BR-386/RS";"Norte";"Colisão - Traseira";1;0;0;0;0;0;0;1;0;0;3;0;0;0;0
"21/01/2022";"15:25:00";"361";"Acidente s";"69";"BR-290/RS";"Oeste";"Colisão - Traseira";1;0;1;0;0;0;0;0;0;0;2;0;0;0;0
"21/01/2022";"19:09:00";"429";"Acidente c";"87";"BR-101/RS";"Sul";"Choque - Poste";1;0;0;0;0;0;0;0;0;0;0;0;1;0;0
"21/01/2022";"23:21:00";"482";"Atropelame";"271";"BR-386/RS";"Norte";"Atropelamento - Andarilho";1;0;0;0;0;0;0;0;0;0;1;0;0;0;1