data;horario;n_da_ocorrencia;tipo_de_ocorrencia;km;trecho;sentido;tipo_de_acidente;automovel;bicicleta;caminhao;moto;onibus;outros;tracao_animal;transporte_de_cargas_especiais;trator_maquinas;utilitarios;ilesos;levemente_feridos;moderadamente_feridos;gravemente_feridos;mortos
"23/03/2022";"19:07:00";"206";"Acidente s";"391";"BR-386/RS";"Norte";"Colisão - Lateral";2;0;0;0;0;0;0;0;0;0;4;0;0;0;0
"23/03/2022";"19:38:00";"214";"Acidente s";"190";"BR-386/RS";"Norte";"Saída de pista";1;0;0;0;0;0;0;0;0;0;5;0;0;0;0
"23/03/2022";"21:00:00";"227";"Acidente s";"20";"BR-448/RS";"Sul";"Saída de pista";1;0;0;0;0;0;0;0;0;0;5;0;0;0;0
"23/03/2022";"21:12:00";"228";"Acidente c";"398";"BR-386/RS";"Norte";"Tombamento";0;0;1;0;0;0;0;0;0;0;0;0;1;0;0
"24/03/2022";"00:10:00";"3";"Acidente s";"6";"BR-290/RS";"Oeste";"Saída de pista";0;0;1;0;0;0;0;0;0;0;1;0;0;0;0
"24/03/2022";"00:57:00";"11";"Acidente c";"88";"BR-290/RS";"Leste";"Saída de pista";2;0;0;0;0;0;0;0;0;0;1;4;1;0;0
"24/03/2022";"05:36:00";"24";"Acidente s";"15";"BR-290/RS";"Leste";"Capotamento";1;0;0;0;0;0;0;0;0;0;1;0;0;0;0
"24/03/2022";"07:37:00";"49";"Acidente s";"407";"BR-386/RS";"Norte";"Saída de pista";0;0;0;0;0;1;0;0;0;0;3;0;0;0;0
"24/03/2022";"16:33:00";"195";"Acidente s";"347";"BR-386/RS";"Sul";"Engavetamento";3;0;0;0;0;0;0;0;0;0;3;0;0;0;0
"24/03/2022";"18:13:00";"220";"Acidente s";"87";"BR-290/RS";"Leste";"Colisão - Traseira";1;0;0;0;0;0;0;0;0;1;2;0;0;0;0
"24/03/2022";"19:25:00";"231";"Atropelame";"81";"BR-101/RS";"Norte";"Atropelamento - Andarilho";1;0;0;0;0;0;0;0;0;0;2;0;0;0;1
"24/03/2022";"20:54:00";"249";"Acidente s";"262";"BR-386/RS";"Norte";"Colisão - Lateral";1;0;1;0;0;0;0;0;0;0;2;0;0;0;0
"25/03/2022";"06:27:00";"27";"Acidente s";"4";"BR-448/RS";"Sul";"Engavetamento";0;0;1;0;0;1;0;0;0;1;5;0;0;0;0
"25/03/2022";"12:13:00";"126";"Acidente c";"446";"BR-386/RS";"Sul";"Choque Defensa";1;0;0;0;0;0;0;0;0;0;0;1;0;0;0
"25/03/2022";"13:44:00";"145";"Acidente s";"436";"BR-386/RS";"Norte";"Colisão - Lateral";2;0;0;0;0;0;0;0;0;0;5;0;0;0;0
"25/03/2022";"16:09:00";"179";"Acidente s";"328";"BR-386/RS";"Norte";"Colisão - Traseira";2;0;0;0;0;0;0;0;0;0;4;0;0;0;0
"25/03/2022";"16:21:00";"183";"Acidente s";"55";"BR-101/RS";"Norte";"Capotamento";1;0;0;0;0;0;0;0;0;0;1;0;0;0;0
"25/03/2022";"17:28:00";"194";"Acidente s";"63";"BR-101/RS";"Sul";"Colisão - Traseira";1;0;0;0;0;0;0;0;0;1;3;0;0;0;0
"25/03/2022";"17:49:00";"200";"Acidente c";"343";"BR-386/RS";"Norte";"Colisão - Traseira";1;0;0;0;0;1;0;0;0;0;4;1;0;0;0
"25/03/2022";"18:24:00";"208";"Acidente s";"86";"BR-290/RS";"Oeste";"Colisão - Transversal";1;0;0;1;0;0;0;0;0;0;2;0;0;0;0
"25/03/2022";"19:08:00";"219";"Acidente c";"435";"BR-386/RS";"Norte";"Colisão - Traseira";1;0;0;1;0;0;0;0;0;0;1;1;1;0;0
"25/03/2022";"21:39:00";"237";"Acidente s";"47";"BR-290/RS";"Leste";"Colisão - Transversal";2;0;0;0;0;0;0;0;0;0;6;0;0;0;0
"25/03/2022";"22:04:00";"244";"Acidente s";"443";"BR-386/RS";"Norte";"Saída de pista";1;0;0;0;0;0;0;0;0;0;2;0;0;0;0
"26/03/2022";"03:48:00";"24";"Acidente s";"96";"BR-290/RS";"Leste";"Colisão - Frontal";2;0;0;0;0;0;0;0;0;0;6;0;0;0;0
"26/03/2022";"04:55:00";"26";"Acidente s";"10";"BR-101/RS";"Sul";"Saída de pista";1;0;0;0;0;1;0;0;0;0;2;0;0;0;0
"26/03/2022";"07:47:00";"68";"Acidente c";"242";"BR-386/RS";"Norte";"Colisão - Frontal";2;0;0;0;0;0;0;0;0;0;2;0;0;1;0
"26/03/2022";"08:30:00";"77";"Acidente c";"246";"BR-386/RS";"Norte";"Colisão - Frontal";2;0;0;0;0;0;0;0;0;0;1;1;0;0;0
"26/03/2022";"15:07:00";"167";"Acidente c";"355";"BR-386/RS";"Sul";"Queda de moto";1;0;0;0;0;0;0;0;0;0;0;0;1;0;0
"26/03/2022";"17:58:00";"198";"Acidente c";"7";"BR-101/RS";"Norte";"Colisão - Traseira";1;0;0;1;0;0;0;0;0;0;2;1;0;0;0
"26/03/2022";"19:47:00";"209";"Acidente c";"213";"BR-386/RS";"Sul";"Saída de pista";1;0;0;0;0;0;0;0;0;0;0;1;0;0;0
"27/03/2022";"03:20:00";"14";"Acidente s";"248";"BR-386/RS";"Norte";"Saída de pista";1;0;0;0;0;0;0;0;0;0;1;0;0;0;0
"27/03/2022";"04:05:00";"16";"Acidente c";"436";"BR-386/RS";"Norte";"Colisão - Traseira";2;0;0;0;0;0;0;0;0;0;3;0;2;0;0
"27/03/2022";"04:46:00";"22";"Acidente s";"375";"BR-386/RS";"Sul";"Colisão - Traseira";2;0;0;0;0;0;0;0;0;0;7;0;0;0;0
"27/03/2022";"05:21:00";"26";"Acidente s";"414";"BR-386/RS";"Sul";"Colisão - Traseira";2;0;0;0;0;0;0;0;0;0;3;0;0;0;0
"27/03/2022";"09:42:00";"81";"Acidente s";"4";"BR-448/RS";"Sul";"Choque Defensa";1;0;0;0;0;0;0;0;0;0;1;0;0;0;0
"27/03/2022";"17:20:00";"172";"Acidente c";"63";"BR-101/RS";"Sul";"Colisão - Lateral";2;0;0;0;0;0;0;0;0;0;5;0;1;0;0
"27/03/2022";"20:32:00";"210";"Acidente c";"442";"BR-386/RS";"Norte";"Queda de moto";0;0;0;1;0;0;0;0;0;0;0;2;0;0;0
"27/03/2022";"20:38:00";"212";"Acidente c";"330";"BR-386/RS";"Norte";"Colisão - Traseira";2;0;0;1;0;0;0;0;0;0;2;1;0;0;0
"28/03/2022";"00:10:00";"2";"Acidente s";"60";"BR-290/RS";"Oeste";"Atropelamento de Animal";1;0;0;0;0;0;0;0;0;0;2;0;0;0;0
"28/03/2022";"03:32:00";"19";"Acidente s";"24";"BR-290/RS";"Leste";"Atropelamento de Animal";1;0;0;0;0;0;0;0;0;0;1;0;0;0;0
"28/03/2022";"05:06:00";"27";"Acidente s";"81";"BR-101/RS";"Sul";"Capotamento";1;0;0;0;0;0;0;0;0;0;1;0;0;0;0
"28/03/2022";"07:50:00";"69";"Acidente s";"92";"BR-290/RS";"Oeste";"Colisão - Lateral";1;0;0;0;0;0;0;1;0;0;3;0;0;0;0
"28/03/2022";"07:52:00";"70";"Acidente s";"345";"BR-386/RS";"Norte";"Engavetamento";3;0;0;0;0;0;0;0;0;0;4;0;0;0;0
"28/03/2022";"08:42:00";"92";"Acidente s";"426";"BR-386/RS";"Sul";"Colisão - Traseira";1;0;0;0;0;0;0;1;0;0;2;0;0;0;0
"28/03/2022";"09:07:00";"104";"Acidente s";"439";"BR-386/RS";"Sul";"Colisão - Traseira";1;0;0;0;0;0;0;0;0;1;2;0;0;0;0
"28/03/2022";"11:24:00";"149";"Acidente s";"267";"BR-386/RS";"Norte";"Choque Talude";1;0;0;0;0;0;0;0;0;0;1;0;0;0;0
"28/03/2022";"14:15:00";"181";"Acidente c";"345";"BR-386/RS";"Norte";"Colisão - Traseira";0;0;0;1;0;1;0;0;0;0;1;2;0;0;0
"28/03/2022";"15:37:00";"209";"Acidente s";"44";"BR-101/RS";"Sul";"Colisão - Traseira";2;0;0;0;0;0;0;0;0;0;3;0;0;0;0
"28/03/2022";"18:37:00";"244";"Acidente s";"280";"BR-386/RS";"Norte";"Tombamento";0;0;0;0;0;0;0;1;0;0;1;0;0;0;0
"28/03/2022";"20:48:00";"265";"Acidente c";"297";"BR-386/RS";"Sul";"Colisão - Frontal";1;0;0;0;0;0;0;1;0;0;0;1;0;0;2
"29/03/2022";"07:11:00";"38";"Acidente s";"91";"BR-290/RS";"Oeste";"Colisão - Traseira";1;0;0;1;0;0;0;0;0;0;3;0;0;0;0
"29/03/2022";"09:29:00";"109";"Acidente s";"202";"BR-386/RS";"Norte";"Colisão - Lateral";1;0;1;0;0;0;0;0;0;0;2;0;0;0;0
"29/03/2022";"11:18:00";"138";"Acidente s";"250";"BR-386/RS";"Norte";"Colisão - Traseira";2;0;0;0;0;0;0;0;0;0;2;0;0;0;0
"29/03/2022";"11:49:00";"143";"Acidente c";"4";"BR-448/RS";"Norte";"Queda de moto";0;0;0;1;0;0;0;0;0;0;0;1;0;0;0
"29/03/2022";"14:35:00";"181";"Acidente c";"12";"BR-448/RS";"Sul";"Queda de moto";0;0;0;1;0;0;0;0;0;0;0;0;1;0;0
"29/03/2022";"21:20:00";"257";"Atropelame";"416";"BR-386/RS";"Sul";"Atropelamento - Andarilho";1;0;0;0;0;0;0;0;0;0;1;1;0;0;0
"29/03/2022";"21:54:00";"263";"Acidente s";"92";"BR-290/RS";"Leste";"Saída de pista";1;0;0;0;0;0;0;0;0;0;1;0;0;0;0
"30/03/2022";"06:24:00";"23";"Acidente s";"92,23";"BR-290/RS";"Oeste";"Colisão - Lateral";2;0;0;0;0;0;0;1;0;0;3;0;0;0;0
"30/03/2022";"07:27:00";"31";"Acidente c";"10";"BR-290/RS";"Oeste";"Queda de ribanceira";1;0;0;0;0;0;0;0;0;0;2;1;0;0;0
"30/03/2022";"07:52:00";"36";"Acidente s";"10";"BR-290/RS";"Leste";"Choque Defensa";1;0;0;0;0;0;0;0;0;0;4;0;0;0;0
"30/03/2022";"08:22:00";"43";"Acidente s";"50";"BR-290/RS";"Leste";"Choque Defensa";1;0;0;0;0;0;0;0;0;0;2;0;0;0;0
"30/03/2022";"09:41:00";"60";"Acidente s";"91";"BR-290/RS";"Leste";"Queda de ribanceira";1;0;0;0;0;0;0;0;0;0;4;0;0;0;0
"30/03/2022";"09:53:00";"62";"Acidente s";"14";"BR-101/RS";"Norte";"Queda de ribanceira";1;0;0;0;0;0;0;0;0;0;1;0;0;0;0
"30/03/2022";"12:12:00";"94";"Acidente c";"307";"BR-386/RS";"Sul";"Saída de pista";0;0;0;0;0;0;0;0;0;1;2;0;1;0;0
"30/03/2022";"16:45:00";"142";"Acidente s";"1";"BR-290/RS";"Oeste";"Queda de ribanceira";1;0;0;0;0;0;0;0;0;0;1;0;0;0;0
"30/03/2022";"17:52:00";"152";"Acidente s";"276";"BR-386/RS";"Sul";"Colisão - Lateral";1;0;0;0;0;0;0;1;0;0;2;0;0;0;0
"30/03/2022";"21:39:00";"179";"Acidente s";"362";"BR-386/RS";"Norte";"Colisão - Lateral";2;0;0;0;0;0;0;0;0;0;4;0;0;0;0
"31/03/2022";"00:33:00";"2";"Acidente s";"57";"BR-101/RS";"Norte";"Saída de pista";1;0;0;0;0;0;0;0;0;0;1;0;0;0;0
"31/03/2022";"07:52:00";"48";"Acidente s";"412";"BR-386/RS";"Norte";"Colisão - Lateral";2;0;0;0;0;0;0;0;0;0;2;0;0;0;0
"31/03/2022";"07:52:00";"51";"Acidente s";"87";"BR-290/RS";"Oeste";"Engavetamento";3;0;0;0;0;0;0;0;0;0;3;0;0;0;0
"31/03/2022";"08:27:00";"75";"Acidente s";"416";"BR-386/RS";"Sul";"Colisão - Lateral";1;0;1;0;0;0;0;0;0;0;4;0;0;0;0
"31/03/2022";"08:41:00";"85";"Acidente c";"87,43";"BR-290/RS";"Oeste";"Colisão - Traseira";1;0;0;1;0;0;0;0;0;0;1;1;0;0;0
"31/03/2022";"09:15:00";"100";"Acidente s";"86,22";"BR-290/RS";"Oeste";"Colisão - Traseira";2;0;0;0;0;0;0;0;0;0;5;0;0;0;0
"31/03/2022";"09:59:00";"110";"Acidente s";"47";"BR-101/RS";"Sul";"Colisão - Traseira";2;0;0;0;0;0;0;0;0;0;3;0;0;0;0
"31/03/2022";"13:28:00";"160";"Acidente s";"79";"BR-290/RS";"Leste";"Queda de ribanceira";1;0;0;0;0;0;0;0;0;0;2;0;0;0;0
"31/03/2022";"15:06:00";"179";"Acidente s";"27";"BR-101/RS";"Sul";"Queda de ribanceira";1;0;0;0;0;0;0;0;0;0;2;0;0;0;0
"31/03/2022";"16:16:00";"201";"Acidente s";"77";"BR-290/RS";"Leste";"Choque Barreira";2;0;0;0;0;0;0;0;0;0;2;0;0;0;0
"31/03/2022";"21:29:00";"260";"Acidente s";"33";"BR-101/RS";"Sul";"Saída de pista";1;0;0;0;0;0;0;0;0;0;1;0;0;0;0
"01/04/2022";"07:26:00";"45";"Acidente s";"436";"BR-386/RS";"Sul";"Colisão - Lateral";1;0;0;0;0;0;0;0;0;0;1;0;0;0;0
"01/04/2022";"07:29:00";"46";"Acidente s";"221";"BR-386/RS";"Norte";"Queda de ribanceira";0;0;1;0;0;0;0;0;0;0;1;0;0;0;0
"01/04/2022";"09:40:00";"112";"Acidente s";"277";"BR-386/RS";"Sul";"Queda de ribanceira";1;0;0;0;0;0;0;0;0;0;2;0;0;0;0
"01/04/2022";"11:37:00";"148";"Acidente s";"59";"BR-290/RS";"Leste";"Colisão - Traseira";2;0;0;0;0;0;0;0;0;0;2;0;0;0;0
"01/04/2022";"13:27:00";"181";"Acidente s";"262";"BR-386/RS";"Norte";"Choque - Poste";0;0;0;0;0;0;0;1;0;0;1;0;0;0;0
"01/04/2022";"14:16:00";"193";"Acidente s";"402";"BR-386/RS";"Sul";"Colisão - Frontal";2;0;0;0;0;0;0;0;0;0;4;0;0;0;0
"01/04/2022";"16:44:00";"233";"Acidente s";"333";"BR-386/RS";"Sul";"Engavetamento";3;0;0;0;0;0;0;0;0;0;6;0;0;0;0
"01/04/2022";"17:34:00";"248";"Acidente s";"88";"BR-290/RS";"Leste";"Colisão - Traseira";2;0;0;0;0;0;0;0;0;0;3;0;0;0;0
"01/04/2022";"17:46:00";"250";"Acidente s";"88";"BR-290/RS";"Leste";"Colisão - Traseira";2;0;0;0;0;0;0;0;0;0;3;0;0;0;0
"01/04/2022";"18:07:00";"255";"Acidente s";"86";"BR-290/RS";"Leste";"Colisão - Lateral";2;0;0;0;0;0;0;0;0;0;3;0;0;0;0
"01/04/2022";"18:16:00";"257";"Acidente c";"437";"BR-386/RS";"Sul";"Colisão - Transversal";2;0;0;0;0;0;0;0;0;0;1;0;1;0;0
"01/04/2022";"20:56:00";"290";"Acidente s";"20";"BR-101/RS";"Norte";"Colisão - Frontal";2;0;0;0;0;0;0;0;0;0;4;0;0;0;0
"02/04/2022";"07:26:00";"46";"Acidente s";"60";"BR-290/RS";"Leste";"Colisão - Lateral";1;0;1;0;0;0;0;0;0;0;4;0;0;0;0
"02/04/2022";"07:50:00";"57";"Acidente s";"297";"BR-386/RS";"Norte";"Saída de pista";1;0;0;0;0;0;0;0;0;0;1;0;0;0;0
"02/04/2022";"12:48:00";"135";"Acidente s";"345";"BR-386/RS";"Sul";"Queda de ribanceira";1;0;0;0;0;0;0;0;0;0;1;0;0;0;0
"02/04/2022";"14:42:00";"159";"Atropelame";"12";"BR-448/RS";"Sul";"Atropelamento - Usuário";1;0;0;0;0;0;0;0;0;0;1;0;1;0;0
"02/04/2022";"15:55:00";"175";"Acidente s";"408";"BR-386/RS";"Sul";"Capotamento";1;0;0;0;0;0;0;0;0;0;1;0;0;0;0
"02/04/2022";"19:54:00";"224";"Acidente c";"368";"BR-386/RS";"Norte";"Colisão - Lateral";2;0;0;0;0;0;0;0;0;0;0;4;0;1;0
"02/04/2022";"19:57:00";"226";"Acidente s";"60";"BR-290/RS";"Oeste";"Colisão - Traseira";2;0;0;0;0;0;0;0;0;0;4;0;0;0;0
"03/04/2022";"00:08:00";"2";"Acidente s";"283";"BR-386/RS";"Sul";"Saída de pista";1;0;0;0;0;0;0;0;0;0;1;0;0;0;0
"03/04/2022";"04:59:00";"17";"Acidente s";"268";"BR-386/RS";"Sul";"Saída de pista";1;0;0;0;0;0;0;0;0;0;1;0;0;0;0
"03/04/2022";"05:49:00";"21";"Acidente c";"94";"BR-290/RS";"Oeste";"Choque Defensa";3;0;0;0;0;0;0;0;0;0;2;0;2;0;0
"03/04/2022";"07:27:00";"24";"Acidente s";"305";"BR-386/RS";"Sul";"Queda de ribanceira";0;0;0;0;0;0;0;0;0;1;9;0;0;0;0
"03/04/2022";"08:34:00";"29";"Acidente s";"94";"BR-290/RS";"Leste";"Choque Barreira";1;0;0;0;0;0;0;0;0;0;2;0;0;0;0
"03/04/2022";"12:30:00";"63";"Acidente s";"92";"BR-290/RS";"Leste";"Queda de ribanceira";1;0;0;0;0;0;0;0;0;0;5;0;0;0;0
"03/04/2022";"12:47:00";"67";"Acidente c";"38";"BR-101/RS";"Norte";"Choque Barreira";1;0;0;0;0;0;0;0;0;0;0;1;0;0;0
"03/04/2022";"16:26:00";"94";"Atropelame";"445";"BR-386/RS";"Sul";"Atropelamento - Esportista";1;0;0;0;0;1;0;0;0;0;0;1;0;0;0
"03/04/2022";"17:21:00";"109";"Acidente s";"22";"BR-448/RS";"Sul";"Choque Barreira";1;0;0;0;0;0;0;0;0;0;1;0;0;0;0
"03/04/2022";"18:05:00";"120";"Acidente s";"87";"BR-290/RS";"Oeste";"Choque Defensa";1;0;0;0;0;0;0;0;0;0;3;0;0;0;0
"03/04/2022";"18:16:00";"121";"Acidente s";"440";"BR-386/RS";"Sul";"Capotamento";1;0;0;0;0;0;0;0;0;0;1;0;0;0;0
"03/04/2022";"19:38:00";"137";"Acidente s";"417";"BR-386/RS";"Sul";"Choque Defensa";1;0;0;0;0;0;0;0;0;0;5;0;0;0;0
"03/04/2022";"20:17:00";"147";"Acidente s";"81";"BR-290/RS";"Leste";"Choque Defensa";1;0;0;0;0;0;0;0;0;0;1;0;0;0;0
"03/04/2022";"21:17:00";"158";"Acidente s";"423";"BR-386/RS";"Sul";"Saída de pista";1;0;0;0;0;0;0;0;0;0;2;0;0;0;0
"03/04/2022";"21:59:00";"161";"Acidente s";"368";"BR-386/RS";"Norte";"Saída de pista";1;0;0;0;0;0;0;0;0;0;2;0;0;0;0
"03/04/2022";"22:25:00";"165";"Acidente c";"437";"BR-386/RS";"Sul";"Colisão - Traseira";2;0;0;0;0;0;0;0;0;0;2;1;1;0;0
"03/04/2022";"22:39:00";"168";"Acidente s";"423";"BR-386/RS";"Sul";"Saída de pista";1;0;0;0;0;0;0;0;0;0;1;0;0;0;0
"03/04/2022";"23:00:00";"171";"Acidente s";"42";"BR-290/RS";"Ambos";"Saída de pista";1;0;0;0;0;0;0;0;0;0;1;0;0;0;0
"03/04/2022";"23:18:00";"174";"Acidente s";"5";"BR-290/RS";"Oeste";"Choque Defensa";1;0;0;0;0;0;0;0;0;0;4;0;0;0;0
"03/04/2022";"23:57:00";"179";"Acidente s";"2";"BR-290/RS";"Leste";"Capotamento";1;0;0;0;0;0;0;0;0;0;4;0;0;0;0
"04/04/2022";"00:52:00";"2";"Acidente s";"75";"BR-290/RS";"Oeste";"Queda de ribanceira";1;0;0;0;0;0;0;0;0;0;1;0;0;0;0
"04/04/2022";"01:58:00";"10";"Acidente s";"71";"BR-290/RS";"Ambos";"Capotamento";1;0;0;0;0;0;0;0;0;0;2;0;0;0;0
"04/04/2022";"04:29:00";"17";"Acidente s";"85";"BR-290/RS";"Leste";"Saída de pista";1;0;0;0;0;0;0;0;0;0;1;0;0;0;0
"04/04/2022";"07:44:00";"44";"Acidente s";"211";"BR-386/RS";"Norte";"Colisão - Transversal";0;0;1;0;0;0;0;0;0;1;2;0;0;0;0
"04/04/2022";"08:01:00";"48";"Acidente c";"297";"BR-386/RS";"Sul";"Tombamento";0;0;0;0;0;0;0;1;0;0;0;1;0;0;0
"04/04/2022";"09:04:00";"90";"Acidente s";"96";"BR-290/RS";"Oeste";"Colisão - Traseira";2;0;0;0;0;0;0;0;0;0;2;0;0;0;0
"04/04/2022";"09:11:00";"96";"Acidente s";"15";"BR-448/RS";"Norte";"Choque Barreira";1;0;0;0;0;0;0;0;0;0;1;0;0;0;0
"04/04/2022";"18:09:00";"225";"Acidente s";"81";"BR-290/RS";"Oeste";"Saída de pista";1;0;0;0;0;0;0;0;0;0;1;0;0;0;0
"04/04/2022";"19:03:00";"234";"Acidente s";"90";"BR-290/RS";"Leste";"Colisão - Traseira";2;0;0;0;0;0;0;0;0;0;2;0;0;0;0
"05/04/2022";"00:53:00";"3";"Atropelame";"49";"BR-101/RS";"Norte";"Atropelamento - Morador/Trabalhador/Estudante";0;0;1;0;0;0;0;0;0;0;1;0;0;1;0
"05/04/2022";"11:10:00";"111";"Acidente s";"435";"BR-386/RS";"Norte";"Colisão - Traseira";0;0;0;0;0;2;0;0;0;0;2;0;0;0;0
"05/04/2022";"13:31:00";"154";"Acidente c";"67";"BR-290/RS";"Oeste";"Queda de moto";0;0;0;1;0;0;0;0;0;0;0;2;0;0;0
"05/04/2022";"19:42:00";"235";"Acidente s";"64";"BR-290/RS";"Oeste";"Atropelamento de Animal";1;0;0;0;0;0;0;0;0;0;1;0;0;0;0
"05/04/2022";"20:04:00";"240";"Acidente s";"335";"BR-386/RS";"Sul";"Capotamento";1;0;0;0;0;0;0;0;0;0;1;0;0;0;0
"06/04/2022";"05:12:00";"16";"Acidente s";"19";"BR-290/RS";"Leste";"Colisão - Traseira";1;0;0;0;0;0;0;0;0;1;3;0;0;0;0
"06/04/2022";"08:17:00";"71";"Acidente s";"84";"BR-101/RS";"Norte";"Colisão - Lateral";1;0;1;0;0;0;0;0;0;0;3;0;0;0;0
"06/04/2022";"09:03:00";"95";"Acidente s";"333";"BR-386/RS";"Sul";"Colisão - Traseira";1;0;1;0;0;0;0;0;0;0;2;0;0;0;0
"06/04/2022";"14:14:00";"155";"Acidente c";"34";"BR-290/RS";"Oeste";"Choque Defensa";1;0;1;0;0;0;0;0;0;0;1;0;1;0;0
"06/04/2022";"15:32:00";"177";"Acidente s";"45";"BR-290/RS";"Oeste";"Choque Defensa";1;0;0;0;0;0;0;0;0;0;3;0;0;0;0
"06/04/2022";"16:06:00";"185";"Acidente s";"426";"BR-386/RS";"Norte";"Choque - Sinalização";0;0;1;0;0;0;0;0;0;0;1;0;0;0;0
"06/04/2022";"17:23:00";"202";"Acidente s";"426";"BR-386/RS";"Norte";"Colisão - Traseira";0;0;0;1;0;0;0;1;0;0;3;0;0;0;0
"06/04/2022";"17:36:00";"204";"Acidente s";"88";"BR-290/RS";"Leste";"Capotamento";3;0;0;0;0;0;0;0;0;0;8;0;0;0;0
"06/04/2022";"19:22:00";"222";"Acidente s";"93";"BR-290/RS";"Leste";"Engavetamento";4;0;0;0;0;0;0;1;0;0;10;0;0;0;0
"07/04/2022";"01:19:00";"11";"Acidente s";"220";"BR-386/RS";"Norte";"Saída de pista";1;0;0;0;0;0;0;0;0;0;1;0;0;0;0
"07/04/2022";"03:57:00";"16";"Acidente s";"345";"BR-386/RS";"Norte";"Queda de ribanceira";1;0;0;0;0;0;0;0;0;0;1;0;0;0;0
"07/04/2022";"05:26:00";"19";"Acidente c";"424";"BR-386/RS";"Sul";"Queda de ribanceira";1;0;0;0;0;0;0;0;0;0;1;1;0;0;0
"07/04/2022";"06:46:00";"30";"Acidente s";"424";"BR-386/RS";"Norte";"Colisão - Lateral";1;0;0;0;0;0;0;1;0;0;2;0;0;0;0
"07/04/2022";"08:02:00";"54";"Acidente c";"38";"BR-101/RS";"Norte";"Colisão - Traseira";0;0;1;0;0;0;0;1;0;0;0;2;0;0;0
"07/04/2022";"16:19:00";"176";"Acidente s";"77";"BR-290/RS";"Oeste";"Queda de moto";0;0;0;1;0;0;0;0;0;0;1;0;0;0;0
"07/04/2022";"19:05:00";"206";"Acidente s";"426";"BR-386/RS";"Norte";"Choque Praça - Cabine";0;0;1;0;0;0;0;0;0;0;1;0;0;0;0
"08/04/2022";"06:35:00";"25";"Acidente c";"299";"BR-386/RS";"Sul";"Saída de pista";0;0;0;0;0;1;0;0;0;0;7;2;0;0;0
"08/04/2022";"08:20:00";"57";"Acidente s";"76";"BR-290/RS";"Leste";"Choque Defensa";1;0;0;0;0;0;0;0;0;0;2;0;0;0;0
"08/04/2022";"09:04:00";"84";"Acidente s";"304";"BR-386/RS";"Sul";"Colisão - Lateral";1;0;1;0;0;0;0;0;0;0;2;0;0;0;0
"08/04/2022";"11:45:00";"134";"Acidente s";"364";"BR-386/RS";"Sul";"Colisão - Traseira";2;0;0;0;0;0;0;0;0;0;4;0;0;0;0
"08/04/2022";"15:06:00";"189";"Acidente s";"2";"BR-101/RS";"Sul";"Saída de pista";1;0;0;0;0;0;0;0;0;0;1;0;0;0;0
"08/04/2022";"15:14:00";"191";"Acidente s";"82";"BR-290/RS";"Oeste";"Saída de pista";1;0;0;0;0;0;0;0;0;0;2;0;0;0;0
"08/04/2022";"16:03:00";"201";"Acidente s";"50";"BR-290/RS";"Oeste";"Saída de pista";1;0;0;0;0;0;0;0;0;0;1;0;0;0;0
"08/04/2022";"16:23:00";"203";"Acidente s";"18";"BR-290/RS";"Leste";"Colisão - Traseira";2;0;0;0;0;0;0;0;0;0;2;0;0;0;0
"08/04/2022";"16:45:00";"208";"Acidente s";"375";"BR-386/RS";"Sul";"Choque - Poste";0;0;0;0;0;1;0;0;0;0;1;0;0;0;0
"08/04/2022";"16:52:00";"210";"Acidente s";"2";"BR-290/RS";"Leste";"Capotamento";1;0;0;0;0;0;0;0;0;0;1;0;0;0;0
"09/04/2022";"02:20:00";"4";"Acidente s";"428";"BR-386/RS";"Norte";"Saída de pista";1;0;0;0;0;0;0;0;0;0;1;0;0;0;0
"09/04/2022";"04:51:00";"8";"Acidente c";"80";"BR-290/RS";"Oeste";"Saída de pista";1;0;0;0;0;0;0;0;0;0;1;1;0;0;0
"09/04/2022";"06:43:00";"19";"Acidente s";"19";"BR-290/RS";"Leste";"Choque - Pilar";0;0;0;0;0;0;0;1;0;0;1;0;0;0;0
"09/04/2022";"09:24:00";"69";"Acidente s";"96";"BR-290/RS";"Oeste";"Colisão - Traseira";1;0;0;0;0;1;0;0;0;0;6;0;0;0;0
"09/04/2022";"09:30:00";"72";"Acidente s";"53";"BR-290/RS";"Oeste";"Colisão - Traseira";2;0;0;0;0;0;0;0;0;0;2;0;0;0;0
"09/04/2022";"18:37:00";"173";"Acidente c";"435";"BR-386/RS";"Norte";"Colisão - Transversal";1;0;0;1;0;0;0;0;0;0;1;0;1;0;0
"09/04/2022";"19:57:00";"190";"Acidente c";"368";"BR-386/RS";"Norte";"Queda de moto";0;0;0;1;0;0;0;0;0;0;1;1;0;0;0
"09/04/2022";"20:34:00";"200";"Acidente s";"95";"BR-290/RS";"Oeste";"Colisão - Traseira";3;0;0;0;0;0;0;0;0;0;4;0;0;0;0
"09/04/2022";"21:39:00";"210";"Acidente s";"360";"BR-386/RS";"Sul";"Saída de pista";1;0;0;0;0;0;0;0;0;0;2;0;0;0;0
"09/04/2022";"23:37:00";"220";"Acidente s";"73";"BR-290/RS";"Ambos";"Saída de pista";2;0;0;0;0;0;0;0;0;0;4;0;0;0;0
"10/04/2022";"04:15:00";"12";"Acidente s";"224";"BR-386/RS";"Norte";"Capotamento";1;0;0;0;0;0;0;0;0;0;1;0;0;0;0
"10/04/2022";"04:42:00";"15";"Acidente s";"358";"BR-386/RS";"Norte";"Saída de pista";1;0;0;0;0;0;0;0;0;0;1;0;0;0;0
"10/04/2022";"05:53:00";"24";"Acidente s";"365";"BR-386/RS";"Sul";"Saída de pista";1;0;0;0;0;0;0;0;0;0;1;0;0;0;0
"10/04/2022";"10:26:00";"66";"Acidente s";"275";"BR-386/RS";"Norte";"Saída de pista";0;0;0;0;0;0;0;0;0;1;2;0;0;0;0