data;horario;n_da_ocorrencia;tipo_de_ocorrencia;km;trecho;sentido;tipo_de_acidente;automovel;bicicleta;caminhao;moto;onibus;outros;tracao_animal;transporte_de_cargas_especiais;trator_maquinas;utilitarios;ilesos;levemente_feridos;moderadamente_feridos;gravemente_feridos;mortos
"10/04/2022";"15:45:00";"120";"Acidente c";"78";"BR-101/RS";"Sul";"Queda de moto";0;0;0;1;0;0;0;0;0;0;1;0;1;0;0
"10/04/2022";"19:57:00";"157";"Acidente s";"47";"BR-290/RS";"Oeste";"Choque com objeto sobre a pista";1;0;0;0;0;0;0;0;0;0;4;0;0;0;0
"10/04/2022";"20:02:00";"162";"Acidente s";"22";"BR-290/RS";"Leste";"Choque com objeto sobre a pista";1;0;0;0;0;0;0;0;0;0;4;0;0;0;0
"10/04/2022";"20:50:00";"175";"Acidente c";"80";"BR-290/RS";"Oeste";"Capotamento";1;0;0;0;0;0;0;0;0;0;0;0;1;0;0
"10/04/2022";"22:24:00";"182";"Atropelame";"406";"BR-386/RS";"Norte";"Atropelamento - Usuário";1;0;0;0;0;0;0;0;0;0;1;0;0;1;0
"11/04/2022";"08:44:00";"63";"Acidente s";"343";"BR-386/RS";"Norte";"Colisão - Traseira";2;0;0;0;0;0;0;0;0;0;1;0;0;0;0
"11/04/2022";"11:53:00";"97";"Acidente c";"293";"BR-386/RS";"Sul";"Queda de ribanceira";0;0;1;0;0;0;0;0;0;0;0;0;1;0;0
"11/04/2022";"14:07:00";"116";"Acidente c";"37";"BR-290/RS";"Leste";"Colisão - Traseira";0;0;1;0;0;0;0;0;0;1;3;1;0;0;0
"11/04/2022";"17:25:00";"138";"Acidente c";"345";"BR-386/RS";"Norte";"Colisão - Transversal";0;0;1;0;0;1;0;0;0;0;1;0;0;1;0
"11/04/2022";"17:43:00";"141";"Acidente s";"307";"BR-386/RS";"Sul";"Choque - Call Box";0;0;0;0;0;0;0;0;0;1;1;0;0;0;0
"11/04/2022";"19:17:00";"150";"Atropelame";"248";"BR-386/RS";"Sul";"Atropelamento - Andarilho";1;0;0;0;0;0;0;0;0;0;0;0;1;0;0
"11/04/2022";"23:17:00";"173";"Acidente s";"89";"BR-290/RS";"Oeste";"Colisão - Traseira";2;0;0;0;0;0;0;0;0;0;3;0;0;0;0
"12/04/2022";"00:54:00";"7";"Acidente s";"32";"BR-290/RS";"Oeste";"Saída de pista";0;0;1;0;0;0;0;0;0;0;2;0;0;0;0
"12/04/2022";"01:46:00";"9";"Acidente s";"403";"BR-386/RS";"Sul";"Atropelamento de Animal";1;0;0;0;0;0;0;0;0;0;1;0;0;0;0
"12/04/2022";"03:53:00";"16";"Acidente s";"27";"BR-101/RS";"Norte";"Saída de pista";0;0;1;0;0;0;0;0;0;0;2;0;0;0;0
"12/04/2022";"04:28:00";"17";"Acidente s";"215,36";"BR-386/RS";"Sul";"Queda de ribanceira";1;0;0;0;0;0;0;0;0;0;1;0;0;0;0
"12/04/2022";"07:00:00";"35";"Acidente c";"435";"BR-386/RS";"Norte";"Colisão - Lateral";1;0;0;1;0;0;0;0;0;0;1;0;1;0;0
"12/04/2022";"10:48:00";"116";"Acidente s";"248";"BR-386/RS";"Norte";"Colisão - Lateral";2;0;0;0;0;0;0;0;0;0;2;0;0;0;0
"12/04/2022";"14:18:00";"162";"Acidente s";"94";"BR-290/RS";"Leste";"Colisão - Traseira";1;0;0;0;0;0;0;0;0;1;2;0;0;0;0
"12/04/2022";"14:53:00";"168";"Acidente s";"92";"BR-290/RS";"Oeste";"Colisão - Lateral";2;0;0;0;0;0;0;0;0;0;3;0;0;0;0
"12/04/2022";"20:03:00";"234";"Acidente c";"33";"BR-290/RS";"Leste";"Colisão - Traseira";0;0;0;1;0;1;0;0;0;0;1;0;1;0;0
"13/04/2022";"05:59:00";"20";"Acidente s";"72";"BR-290/RS";"Oeste";"Tombamento";0;0;0;0;0;0;0;1;0;0;1;0;0;0;0
"13/04/2022";"08:13:00";"64";"Acidente s";"52";"BR-101/RS";"Sul";"Tombamento";0;0;0;0;0;1;0;0;0;0;1;0;0;0;0
"13/04/2022";"12:17:00";"148";"Acidente s";"2";"BR-290/RS";"Leste";"Saída de pista";1;0;0;0;0;0;0;0;0;0;1;0;0;0;0
"13/04/2022";"15:37:00";"189";"Acidente s";"83";"BR-290/RS";"Leste";"Colisão - Lateral";2;0;0;0;0;0;0;0;0;0;2;0;0;0;0
"13/04/2022";"17:08:00";"206";"Acidente s";"439";"BR-386/RS";"Sul";"Choque Defensa";1;0;0;0;0;0;0;0;0;0;1;0;0;0;0
"13/04/2022";"18:19:00";"224";"Acidente c";"90";"BR-290/RS";"Leste";"Colisão - Lateral";1;0;0;1;0;0;0;0;0;0;2;1;0;0;0
"13/04/2022";"19:11:00";"239";"Acidente s";"60";"BR-290/RS";"Leste";"Colisão - Transversal";1;0;0;0;0;0;0;1;0;0;4;0;0;0;0
"13/04/2022";"20:03:00";"248";"Acidente s";"92";"BR-290/RS";"Oeste";"Colisão - Transversal";2;0;0;0;0;0;0;0;0;0;8;0;0;0;0
"14/04/2022";"01:19:00";"8";"Acidente s";"2";"BR-290/RS";"Leste";"Colisão - Transversal";3;0;0;0;0;0;0;0;0;0;7;0;0;0;0
"14/04/2022";"04:02:00";"18";"Acidente s";"13";"BR-101/RS";"Norte";"Tombamento";0;0;0;0;0;0;0;0;0;1;1;0;0;0;0
"14/04/2022";"05:22:00";"23";"Acidente s";"29";"BR-290/RS";"Oeste";"Tombamento";0;0;0;0;0;0;0;1;0;0;4;0;0;0;0
"14/04/2022";"07:02:00";"37";"Acidente s";"259";"BR-386/RS";"Sul";"Choque com objeto sobre a pista";1;0;0;0;0;0;0;0;0;0;1;0;0;0;0
"14/04/2022";"08:12:00";"66";"Acidente c";"443";"BR-386/RS";"Sul";"Colisão - Frontal";2;0;0;0;0;0;0;0;0;0;3;0;1;0;0
"14/04/2022";"09:08:00";"81";"Acidente s";"363";"BR-386/RS";"Norte";"Colisão - Transversal";2;0;0;0;0;0;0;0;0;0;6;0;0;0;0
"14/04/2022";"15:17:00";"158";"Acidente s";"311";"BR-386/RS";"Norte";"Saída de pista";1;0;0;0;0;0;0;0;0;0;1;0;0;0;0
"14/04/2022";"17:26:00";"196";"Acidente s";"346";"BR-386/RS";"Norte";"Engavetamento";3;0;0;0;0;0;0;0;0;0;10;0;0;0;0
"14/04/2022";"18:41:00";"215";"Acidente s";"345";"BR-386/RS";"Norte";"Colisão - Traseira";2;0;0;0;0;0;0;0;0;0;3;0;0;0;0
"14/04/2022";"20:18:00";"239";"Acidente s";"425";"BR-386/RS";"Norte";"Colisão - Traseira";1;0;1;0;0;0;0;0;0;0;26;0;0;0;0
"14/04/2022";"20:51:00";"248";"Acidente s";"12";"BR-101/RS";"Norte";"Choque - Poste";1;0;0;0;0;0;0;0;0;0;2;0;0;0;0
"14/04/2022";"22:17:00";"268";"Acidente s";"285";"BR-386/RS";"Norte";"Atropelamento de Animal";1;0;0;0;0;0;0;0;0;0;3;0;0;0;0
"15/04/2022";"05:41:00";"25";"Acidente s";"327";"BR-386/RS";"Norte";"Colisão - Traseira";2;0;0;0;0;0;0;0;0;0;2;0;0;0;0
"15/04/2022";"08:17:00";"52";"Acidente s";"307";"BR-386/RS";"Norte";"Colisão - Traseira";2;0;0;0;0;0;0;0;0;0;4;0;0;0;0
"15/04/2022";"09:19:00";"70";"Acidente s";"410";"BR-386/RS";"Norte";"Engavetamento";2;0;1;0;0;0;0;0;0;0;3;0;0;0;0
"15/04/2022";"10:24:00";"85";"Acidente s";"333";"BR-386/RS";"Sul";"Engavetamento";3;0;0;0;0;0;0;0;0;0;8;0;0;0;0
"15/04/2022";"10:44:00";"90";"Acidente c";"95";"BR-290/RS";"Oeste";"Atropelamento - Esportista";1;0;0;0;0;0;0;0;0;0;0;1;0;0;0
"15/04/2022";"14:31:00";"135";"Acidente s";"406";"BR-386/RS";"Sul";"Queda de ribanceira";1;0;0;0;0;0;0;0;0;0;1;0;0;0;0
"15/04/2022";"14:45:00";"136";"Acidente c";"10";"BR-290/RS";"Leste";"Colisão - Traseira";2;0;0;0;0;0;0;0;0;0;2;1;0;0;0
"15/04/2022";"16:44:00";"155";"Acidente s";"434";"BR-386/RS";"Norte";"Queda de ribanceira";1;0;0;0;0;0;0;0;0;0;1;0;0;0;0
"15/04/2022";"17:32:00";"163";"Acidente s";"92";"BR-290/RS";"Leste";"Colisão - Traseira";2;0;0;0;0;0;0;0;0;0;2;0;0;0;0
"16/04/2022";"07:43:00";"29";"Acidente c";"75";"BR-290/RS";"Leste";"Queda de moto";0;0;0;1;0;0;0;0;0;0;1;1;0;0;0
"16/04/2022";"15:47:00";"101";"Acidente s";"17";"BR-448/RS";"Sul";"Colisão - Traseira";2;0;0;0;0;0;0;0;0;0;6;0;0;0;0
"17/04/2022";"06:23:00";"24";"Acidente s";"70";"BR-290/RS";"Leste";"Saída de pista";1;0;0;0;0;0;0;0;0;0;1;0;0;0;0
"17/04/2022";"10:22:00";"44";"Acidente s";"62";"BR-290/RS";"Leste";"Colisão - Traseira";2;0;0;0;0;0;0;0;0;0;3;0;0;0;0
"17/04/2022";"14:20:00";"78";"Acidente s";"338";"BR-386/RS";"Sul";"Colisão - Traseira";2;0;0;0;0;0;0;0;0;0;8;0;0;0;0
"17/04/2022";"15:03:00";"85";"Acidente s";"283";"BR-386/RS";"Norte";"Engavetamento";3;0;0;0;0;0;0;0;0;0;3;0;0;0;0
"17/04/2022";"16:45:00";"104";"Acidente s";"326";"BR-386/RS";"Sul";"Colisão - Traseira";2;0;0;0;0;0;0;0;0;0;5;0;0;0;0
"17/04/2022";"17:05:00";"111";"Acidente s";"216";"BR-386/RS";"Norte";"Colisão - Traseira";2;0;0;0;0;0;0;0;0;0;4;0;0;0;0
"17/04/2022";"17:47:00";"123";"Acidente s";"94";"BR-290/RS";"Oeste";"Colisão - Lateral";1;0;0;1;0;0;0;0;0;0;5;0;0;0;0
"17/04/2022";"19:03:00";"151";"Acidente s";"219";"BR-386/RS";"Sul";"Colisão - Transversal";2;0;0;0;0;0;0;0;0;0;2;0;0;0;0
"17/04/2022";"19:50:00";"167";"Acidente s";"31";"BR-290/RS";"Oeste";"Engavetamento";2;0;0;0;0;1;0;0;0;0;5;0;0;0;0
"17/04/2022";"19:53:00";"168";"Acidente s";"306";"BR-386/RS";"Sul";"Colisão - Traseira";2;0;0;0;0;0;0;0;0;0;4;0;0;0;0
"18/04/2022";"06:03:00";"18";"Atropelame";"325";"BR-386/RS";"Ambos";"Atropelamento - Morador/Trabalhador/Estudante";2;0;0;0;0;0;0;0;0;0;2;0;0;0;1
"18/04/2022";"09:22:00";"71";"Acidente c";"95";"BR-290/RS";"Oeste";"Colisão - Traseira";2;0;0;0;0;0;0;0;0;0;2;0;1;0;0
"18/04/2022";"11:45:00";"114";"Acidente s";"194";"BR-386/RS";"Norte";"Saída de pista";1;0;0;0;0;0;0;0;0;0;2;0;0;0;0
"18/04/2022";"13:09:00";"148";"Acidente s";"295";"BR-386/RS";"Sul";"Colisão - Traseira";1;0;0;0;0;0;0;1;0;0;5;0;0;0;0
"18/04/2022";"17:47:00";"220";"Acidente s";"245";"BR-386/RS";"Norte";"Colisão - Lateral";2;0;0;0;0;0;0;0;0;0;5;0;0;0;0
"19/04/2022";"02:58:00";"12";"Acidente c";"50";"BR-290/RS";"Leste";"Saída de pista";0;0;1;0;0;0;0;0;0;0;0;1;0;0;0
"19/04/2022";"07:55:00";"59";"Acidente s";"96";"BR-290/RS";"Oeste";"Colisão - Traseira";2;0;0;1;0;0;0;0;0;0;5;0;0;0;0
"19/04/2022";"08:11:00";"65";"Acidente s";"415";"BR-386/RS";"Norte";"Saída de pista";0;0;0;0;0;0;0;1;0;0;1;0;0;0;0
"19/04/2022";"10:19:00";"118";"Acidente c";"20";"BR-448/RS";"Norte";"Colisão - Lateral";2;0;0;0;0;0;0;0;0;0;1;0;1;0;0
"19/04/2022";"10:54:00";"129";"Acidente s";"278";"BR-386/RS";"Sul";"Saída de pista";1;0;0;0;0;0;0;0;0;0;1;0;0;0;0
"19/04/2022";"11:59:00";"144";"Acidente s";"345";"BR-386/RS";"Norte";"Engavetamento";1;0;0;1;0;0;0;0;0;0;2;0;0;0;0
"19/04/2022";"12:35:00";"153";"Acidente s";"446";"BR-386/RS";"Norte";"Colisão - Traseira";1;0;0;0;0;0;0;1;0;0;2;0;0;0;0
"19/04/2022";"15:51:00";"200";"Acidente s";"311";"BR-386/RS";"Sul";"Colisão - Traseira";2;0;0;0;0;0;0;0;0;0;2;0;0;0;0
"19/04/2022";"17:36:00";"226";"Acidente c";"247";"BR-386/RS";"Norte";"Colisão - Transversal";1;0;1;0;0;0;0;0;0;0;1;0;3;0;0
"19/04/2022";"17:36:00";"227";"Acidente s";"433";"BR-386/RS";"Sul";"Colisão - Traseira";0;0;1;0;0;1;0;0;0;0;2;0;0;0;0
"19/04/2022";"18:22:00";"235";"Acidente s";"433";"BR-386/RS";"Norte";"Choque com objeto sobre a pista";1;0;0;0;0;0;0;0;0;0;3;0;0;0;0
"19/04/2022";"19:33:00";"252";"Acidente s";"345";"BR-386/RS";"Sul";"Colisão - Transversal";1;0;0;0;0;1;0;0;0;0;2;0;0;0;0
"19/04/2022";"21:42:00";"279";"Acidente s";"60";"BR-101/RS";"Sul";"Capotamento";1;0;0;0;0;0;0;0;0;0;1;0;0;0;0
"19/04/2022";"22:45:00";"285";"Acidente s";"41";"BR-290/RS";"Oeste";"Saída de pista";0;0;0;0;0;0;0;0;0;1;1;0;0;0;0
"19/04/2022";"23:58:00";"296";"Acidente c";"242";"BR-386/RS";"Sul";"Saída de pista";0;0;1;0;0;0;0;0;0;0;0;0;1;0;0
"20/04/2022";"04:31:00";"13";"Acidente s";"41";"BR-290/RS";"Ambos";"Tombamento";0;0;0;0;0;0;0;0;0;1;1;0;0;0;0
"20/04/2022";"20:13:00";"240";"Acidente c";"389";"BR-386/RS";"Sul";"Colisão - Traseira";2;0;0;1;0;0;0;0;0;0;2;2;0;0;0
"21/04/2022";"01:57:00";"8";"Acidente s";"399";"BR-386/RS";"Norte";"Saída de pista";1;0;0;0;0;0;0;0;0;0;1;0;0;0;0
"21/04/2022";"02:38:00";"11";"Acidente s";"347";"BR-386/RS";"Sul";"Choque Defensa";1;0;0;0;0;0;0;0;0;0;1;0;0;0;0
"21/04/2022";"06:44:00";"33";"Acidente s";"80";"BR-290/RS";"Leste";"Saída de pista";1;0;0;0;0;0;0;0;0;0;1;0;0;0;0
"21/04/2022";"08:31:00";"52";"Acidente c";"10";"BR-101/RS";"Norte";"Colisão - Traseira";1;0;0;1;0;0;0;0;0;0;1;2;0;0;0
"21/04/2022";"10:11:00";"76";"Acidente s";"62";"BR-290/RS";"Leste";"Colisão - Lateral";1;0;1;0;0;0;0;0;0;0;2;0;0;0;0
"21/04/2022";"10:21:00";"79";"Acidente s";"215";"BR-386/RS";"Sul";"Colisão - Traseira";2;0;0;0;0;0;0;0;0;0;7;0;0;0;0
"21/04/2022";"11:01:00";"91";"Acidente s";"10";"BR-101/RS";"Sul";"Colisão - Traseira";3;0;1;0;0;0;0;0;0;0;5;0;0;0;0
"21/04/2022";"11:05:00";"93";"Acidente s";"342";"BR-386/RS";"Norte";"Colisão - Traseira";2;0;0;0;0;0;0;0;0;0;4;0;0;0;0
"21/04/2022";"11:39:00";"100";"Acidente s";"270";"BR-386/RS";"Norte";"Colisão - Transversal";2;0;0;0;0;0;0;0;0;0;2;0;0;0;0
"21/04/2022";"12:01:00";"106";"Acidente c";"19";"BR-101/RS";"Norte";"Colisão - Lateral";1;0;0;1;0;0;0;0;0;0;2;1;0;0;0
"21/04/2022";"16:22:00";"142";"Acidente c";"346";"BR-386/RS";"Norte";"Colisão - Traseira";0;0;1;1;0;0;0;0;0;0;2;1;0;0;0
"21/04/2022";"19:00:00";"166";"Acidente c";"342";"BR-386/RS";"Sul";"Colisão - Transversal";2;0;0;0;0;0;0;0;0;0;1;1;0;0;0
"22/04/2022";"15:53:00";"182";"Acidente c";"338";"BR-386/RS";"Norte";"Colisão - Transversal";2;0;0;0;0;0;0;0;0;0;7;1;0;0;0
"22/04/2022";"16:36:00";"188";"Acidente s";"353";"BR-386/RS";"Norte";"Colisão - Lateral";1;0;0;0;0;1;0;0;0;0;6;0;0;0;0
"23/04/2022";"03:26:00";"7";"Acidente c";"3";"BR-290/RS";"Oeste";"Colisão - Transversal";2;0;0;0;0;0;0;0;0;0;1;1;0;1;0
"23/04/2022";"04:10:00";"13";"Acidente s";"64";"BR-290/RS";"Oeste";"Atropelamento de Animal";1;0;0;0;0;0;0;0;0;0;1;0;0;0;0
"23/04/2022";"04:34:00";"17";"Acidente s";"94";"BR-290/RS";"Leste";"Capotamento";1;0;0;0;0;0;0;0;0;0;1;0;0;0;0
"23/04/2022";"05:54:00";"23";"Acidente s";"29";"BR-290/RS";"Leste";"Queda de ribanceira";1;0;0;0;0;0;0;0;0;0;1;0;0;0;0
"23/04/2022";"09:11:00";"73";"Acidente s";"440";"BR-386/RS";"Norte";"Colisão - Traseira";2;0;0;0;0;0;0;0;0;0;2;0;0;0;0
"23/04/2022";"17:38:00";"162";"Acidente s";"91";"BR-290/RS";"Leste";"Colisão - Lateral";2;0;0;0;0;0;0;0;0;0;3;0;0;0;0
"23/04/2022";"18:10:00";"167";"Acidente c";"202";"BR-386/RS";"Sul";"Engavetamento";3;0;0;0;0;0;0;0;0;0;2;2;0;0;0
"23/04/2022";"22:27:00";"203";"Acidente s";"92";"BR-290/RS";"Oeste";"Saída de pista";1;0;0;0;0;0;0;0;0;0;1;0;0;0;0
"24/04/2022";"05:03:00";"19";"Acidente c";"20";"BR-101/RS";"Norte";"Choque Barreira";1;0;0;0;0;0;0;0;0;0;0;0;0;0;1
"24/04/2022";"05:49:00";"27";"Acidente s";"80";"BR-290/RS";"Leste";"Choque - Poste";1;0;0;0;0;0;0;0;0;0;1;0;0;0;0
"24/04/2022";"07:50:00";"46";"Acidente c";"247";"BR-386/RS";"Norte";"Colisão - Transversal";2;0;0;0;0;0;0;0;0;0;3;0;2;0;0
"24/04/2022";"09:31:00";"58";"Acidente s";"305";"BR-386/RS";"Sul";"Capotamento";1;0;0;0;0;0;0;0;0;0;2;0;0;0;0
"24/04/2022";"12:43:00";"98";"Acidente s";"296";"BR-386/RS";"Norte";"Colisão - Lateral";1;0;0;1;0;0;0;0;0;0;3;0;0;0;0
"24/04/2022";"16:27:00";"134";"Acidente c";"358";"BR-386/RS";"Sul";"Saída de pista";1;0;0;0;0;0;0;0;0;0;0;0;1;0;0
"24/04/2022";"19:54:00";"178";"Acidente c";"306";"BR-386/RS";"Sul";"Saída de pista";1;0;0;0;0;0;0;0;0;0;1;1;0;0;0
"24/04/2022";"21:46:00";"191";"Acidente s";"440";"BR-386/RS";"Norte";"Saída de pista";1;0;0;0;0;0;0;0;0;0;2;0;0;0;0
"25/04/2022";"04:57:00";"14";"Acidente s";"446";"BR-386/RS";"Sul";"Choque Barreira";1;0;0;0;0;0;0;0;0;0;1;0;0;0;0
"25/04/2022";"09:59:00";"110";"Acidente s";"435";"BR-386/RS";"Norte";"Colisão - Transversal";2;0;0;0;0;0;0;0;0;0;5;0;0;0;0
"25/04/2022";"14:29:00";"183";"Acidente c";"41";"BR-290/RS";"Oeste";"Saída de pista";1;0;0;0;0;0;0;0;0;0;0;0;1;0;0
"25/04/2022";"15:45:00";"199";"Acidente c";"19";"BR-101/RS";"Sul";"Colisão - Traseira";2;0;0;0;0;0;0;0;0;0;1;1;0;0;0
"25/04/2022";"19:54:00";"247";"Acidente s";"71";"BR-290/RS";"Oeste";"Queda de moto";0;0;0;1;0;0;0;0;0;0;1;0;0;0;0
"25/04/2022";"22:39:00";"277";"Acidente s";"16";"BR-290/RS";"Leste";"Colisão - Traseira";1;0;1;0;0;0;0;0;0;0;3;0;0;0;0
"25/04/2022";"22:50:00";"281";"Acidente s";"361";"BR-386/RS";"Norte";"Saída de pista";1;0;0;0;0;0;0;0;0;0;2;0;0;0;0
"26/04/2022";"04:17:00";"16";"Acidente s";"304";"BR-386/RS";"Norte";"Saída de pista";0;0;1;0;0;0;0;0;0;0;2;0;0;0;0
"26/04/2022";"08:45:00";"63";"Acidente s";"22";"BR-448/RS";"Sul";"Choque Barreira";1;0;0;0;0;0;0;0;0;0;1;0;0;0;0
"26/04/2022";"13:45:00";"123";"Acidente s";"350";"BR-386/RS";"Norte";"Queda de ribanceira";1;0;0;0;0;0;0;0;0;0;1;0;0;0;0
"26/04/2022";"17:33:00";"156";"Acidente s";"304";"BR-386/RS";"Sul";"Saída de pista";0;0;0;0;0;0;0;1;0;0;1;0;0;0;0
"26/04/2022";"20:19:00";"182";"Acidente c";"86";"BR-290/RS";"Oeste";"Colisão - Traseira";1;0;0;1;0;0;0;0;0;0;1;0;1;0;0
"26/04/2022";"21:03:00";"187";"Acidente s";"267";"BR-386/RS";"Sul";"Colisão - Lateral";2;0;0;0;0;0;0;0;0;0;9;0;0;0;0
"26/04/2022";"21:46:00";"196";"Acidente s";"373";"BR-386/RS";"Sul";"Queda de ribanceira";1;0;0;0;0;0;0;0;0;0;1;0;0;0;0
"27/04/2022";"06:16:00";"19";"Acidente s";"88";"BR-290/RS";"Oeste";"Queda de moto";0;0;0;1;0;0;0;0;0;0;2;0;0;0;0
"27/04/2022";"23:45:00";"277";"Acidente s";"35";"BR-290/RS";"Oeste";"Colisão - Lateral";0;0;0;0;0;0;0;1;0;1;2;0;0;0;0
"28/04/2022";"00:28:00";"3";"Acidente c";"228";"BR-386/RS";"Sul";"Saída de pista";1;0;0;0;0;0;0;0;0;0;0;0;1;0;0
"28/04/2022";"04:24:00";"12";"Acidente s";"70";"BR-290/RS";"Oeste";"Saída de pista";1;0;0;0;0;0;0;0;0;0;1;0;0;0;0
"28/04/2022";"06:40:00";"18";"Acidente s";"42";"BR-290/RS";"Leste";"Queda de ribanceira";1;0;0;0;0;0;0;0;0;0;1;0;0;0;0
"28/04/2022";"07:14:00";"34";"Acidente s";"15";"BR-448/RS";"Norte";"Colisão - Lateral";2;0;0;0;0;0;0;0;0;0;2;0;0;0;0
"28/04/2022";"07:50:00";"49";"Acidente s";"290";"BR-386/RS";"Norte";"Colisão - Lateral";1;0;0;0;0;0;0;1;0;0;2;0;0;0;0
"28/04/2022";"11:21:00";"111";"Acidente s";"348";"BR-386/RS";"Sul";"Queda de ribanceira";1;0;0;0;0;0;0;0;0;0;1;0;0;0;0
"28/04/2022";"11:32:00";"112";"Acidente s";"341";"BR-386/RS";"Norte";"Colisão - Traseira";0;0;0;0;0;0;0;2;0;0;2;0;0;0;0
"28/04/2022";"11:55:00";"115";"Acidente s";"324";"BR-386/RS";"Sul";"Queda de ribanceira";1;0;0;0;0;0;0;0;0;0;3;0;0;0;0
"28/04/2022";"12:16:00";"120";"Acidente s";"75,06";"BR-290/RS";"Oeste";"Queda de ribanceira";1;0;0;0;0;0;0;0;0;0;1;0;0;0;0
"28/04/2022";"12:19:00";"121";"Acidente s";"333";"BR-386/RS";"Sul";"Colisão - Traseira";1;0;0;0;0;1;0;0;0;0;2;0;0;0;0
"28/04/2022";"12:48:00";"126";"Acidente s";"91";"BR-290/RS";"Leste";"Colisão - Lateral";0;0;0;0;0;0;0;1;0;1;2;0;0;0;0
"28/04/2022";"16:48:00";"159";"Acidente s";"420";"BR-386/RS";"Sul";"Capotamento";1;0;0;0;0;1;0;0;0;0;2;0;0;0;0
"28/04/2022";"21:24:00";"215";"Acidente s";"307";"BR-386/RS";"Sul";"Saída de pista";0;0;1;0;0;0;0;0;0;0;1;0;0;0;0
"29/04/2022";"11:00:00";"115";"Acidente s";"22";"BR-448/RS";"Norte";"Queda de moto";0;0;0;1;0;0;0;0;0;0;1;0;0;0;0
"29/04/2022";"14:05:00";"153";"Acidente s";"91";"BR-290/RS";"Leste";"Colisão - Lateral";2;0;0;0;0;0;0;0;0;0;5;0;0;0;0
"29/04/2022";"17:34:00";"197";"Acidente s";"88";"BR-290/RS";"Leste";"Choque Defensa";1;0;0;0;0;0;0;0;0;0;1;0;0;0;0
"29/04/2022";"17:44:00";"201";"Acidente c";"355";"BR-386/RS";"Norte";"Colisão - Lateral";0;0;1;1;0;0;0;0;0;0;1;0;1;0;0
"29/04/2022";"18:33:00";"208";"Acidente s";"14";"BR-448/RS";"Norte";"Capotamento";1;0;0;0;0;0;0;0;0;0;1;0;0;0;0
"29/04/2022";"18:58:00";"219";"Acidente c";"34";"BR-101/RS";"Norte";"Queda de moto";0;0;0;1;0;0;0;0;0;0;0;0;1;0;0
"29/04/2022";"19:45:00";"253";"Acidente s";"88";"BR-290/RS";"Leste";"Choque com veículo no acostamento";1;0;0;0;0;1;0;0;0;0;2;0;0;0;0
"29/04/2022";"19:55:00";"235";"Acidente c";"22";"BR-290/RS";"Oeste";"Choque com veículo na faixa de rolamento";0;0;1;0;0;0;0;0;0;1;1;0;2;0;0
"29/04/2022";"21:18:00";"248";"Acidente s";"22";"BR-290/RS";"Oeste";"Choque com objeto sobre a pista";1;0;0;0;0;0;0;0;0;0;4;0;0;0;0
"29/04/2022";"22:02:00";"258";"Acidente s";"426";"BR-386/RS";"Norte";"Choque com objeto sobre a pista";1;0;0;0;0;0;0;0;0;0;3;0;0;0;0
"30/04/2022";"04:38:00";"13";"Acidente s";"445";"BR-386/RS";"Sul";"Choque com objeto sobre a pista";1;0;0;0;0;0;0;0;0;0;1;0;0;0;0
"30/04/2022";"09:28:00";"68";"Acidente s";"427";"BR-386/RS";"Norte";"Colisão - Traseira";2;0;0;0;0;0;0;0;0;0;3;0;0;0;0
"30/04/2022";"11:33:00";"95";"Acidente s";"325";"BR-386/RS";"Sul";"Colisão - Traseira";2;0;0;0;0;0;0;0;0;0;4;0;0;0;0
"30/04/2022";"13:14:00";"116";"Acidente s";"9";"BR-448/RS";"Sul";"Colisão - Lateral";1;0;1;0;0;0;0;0;0;0;4;0;0;0;0
"30/04/2022";"14:33:00";"138";"Acidente s";"239";"BR-386/RS";"Sul";"Colisão - Traseira";2;0;0;0;0;0;0;0;0;0;7;0;0;0;0
"30/04/2022";"15:13:00";"145";"Acidente s";"358";"BR-386/RS";"Sul";"Colisão - Traseira";2;0;0;0;0;0;0;0;0;0;7;0;0;0;0
"30/04/2022";"16:32:00";"166";"Acidente c";"392";"BR-386/RS";"Sul";"Queda de moto";1;0;0;1;0;0;0;0;0;0;0;0;1;0;0
"30/04/2022";"19:14:00";"192";"Acidente s";"426";"BR-386/RS";"Norte";"Colisão - Traseira";2;0;0;0;0;0;0;0;0;0;4;0;0;0;0
"30/04/2022";"19:48:00";"201";"Acidente c";"363";"BR-386/RS";"Norte";"Colisão - Transversal";2;0;0;0;0;0;0;0;0;0;0;2;1;0;0
"30/04/2022";"20:19:00";"207";"Acidente s";"443,55";"BR-386/RS";"Norte";"Atropelamento de Animal";1;0;0;0;0;0;0;0;0;0;2;0;0;0;0
"30/04/2022";"21:45:00";"224";"Acidente s";"368";"BR-386/RS";"Norte";"Capotamento";1;0;0;0;0;0;0;0;0;0;1;0;0;0;0
"30/04/2022";"22:08:00";"229";"Acidente s";"435,13";"BR-386/RS";"Norte";"Saída de pista";1;0;0;0;0;0;0;0;0;0;4;0;0;0;0
"01/05/2022";"00:08:00";"1";"Acidente c";"431";"BR-386/RS";"Norte";"Engavetamento";3;0;0;0;0;0;0;0;0;1;7;2;0;0;0
"01/05/2022";"09:25:00";"41";"Acidente s";"22";"BR-448/RS";"Sul";"Choque Barreira";1;0;0;0;0;0;0;0;0;0;1;0;0;0;0
"01/05/2022";"11:27:00";"55";"Acidente s";"14";"BR-448/RS";"Sul";"Colisão - Lateral";2;0;0;0;0;0;0;0;0;0;5;0;0;0;0
"01/05/2022";"11:54:00";"59";"Acidente s";"372";"BR-386/RS";"Sul";"Choque Defensa";1;0;0;0;0;0;0;0;0;0;2;0;0;0;0