data;horario;n_da_ocorrencia;tipo_de_ocorrencia;km;trecho;sentido;tipo_de_acidente;automovel;bicicleta;caminhao;moto;onibus;outros;tracao_animal;transporte_de_cargas_especiais;trator_maquinas;utilitarios;ilesos;levemente_feridos;moderadamente_feridos;gravemente_feridos;mortos
"01/07/2022";"21:59:00";"254";"Acidente s";"339";"BR-386/RS";"Sul";"Saída de pista";1;0;0;0;0;0;0;0;0;0;1;0;0;0;0
"01/07/2022";"22:59:00";"258";"Acidente c";"345";"BR-386/RS";"Norte";"Colisão - Transversal";0;0;0;1;0;0;0;0;0;0;0;1;0;0;1
"02/07/2022";"00:17:00";"2";"Acidente s";"15";"BR-448/RS";"Norte";"Choque Defensa";1;0;0;0;0;0;0;0;0;0;3;0;0;0;0
"02/07/2022";"01:52:00";"11";"Acidente c";"94";"BR-290/RS";"Oeste";"Queda de moto";0;0;0;1;0;0;0;0;0;0;0;1;0;0;0
"02/07/2022";"03:59:00";"15";"Acidente s";"391";"BR-386/RS";"Sul";"Saída de pista";1;0;0;0;0;0;0;0;0;0;1;0;0;0;0
"02/07/2022";"04:27:00";"18";"Acidente s";"391";"BR-386/RS";"Sul";"Colisão - Frontal";2;0;0;0;0;0;0;0;0;0;5;0;0;0;0
"02/07/2022";"05:33:00";"21";"Acidente s";"346";"BR-386/RS";"Norte";"Capotamento";1;0;0;0;0;0;0;0;0;0;1;0;0;0;0
"02/07/2022";"09:18:00";"85";"Acidente s";"316";"BR-386/RS";"Norte";"Colisão - Traseira";2;0;0;0;0;0;0;0;0;0;4;0;0;0;0
"02/07/2022";"10:23:00";"100";"Acidente s";"329";"BR-386/RS";"Norte";"Colisão - Traseira";2;0;0;0;0;0;0;0;0;0;5;0;0;0;0
"02/07/2022";"11:48:00";"111";"Acidente s";"262";"BR-386/RS";"Norte";"Colisão - Traseira";2;0;0;0;0;0;0;0;0;0;2;0;0;0;0
"02/07/2022";"18:34:00";"172";"Atropelame";"270";"BR-386/RS";"Norte";"Atropelamento - Usuário";1;0;0;0;0;0;0;0;0;0;1;1;0;0;0
"03/07/2022";"04:40:00";"13";"Acidente s";"5";"BR-101/RS";"Norte";"Choque Barreira";1;0;0;0;0;0;0;0;0;0;1;0;0;0;0
"03/07/2022";"04:59:00";"14";"Acidente s";"80";"BR-290/RS";"Leste";"Saída de pista";1;0;0;0;0;0;0;0;0;0;1;0;0;0;0
"03/07/2022";"07:27:00";"22";"Acidente s";"25";"BR-101/RS";"Norte";"Queda de ribanceira";1;0;0;0;0;0;0;0;0;0;1;0;0;0;0
"03/07/2022";"07:29:00";"23";"Acidente c";"217";"BR-386/RS";"Norte";"Saída de pista";1;0;0;0;0;0;0;0;0;0;0;0;0;0;1
"03/07/2022";"10:10:00";"41";"Acidente s";"375";"BR-386/RS";"Norte";"Choque Praça - Submarino";1;0;0;0;0;0;0;0;0;0;1;0;0;0;0
"03/07/2022";"11:14:00";"51";"Acidente c";"47";"BR-290/RS";"Oeste";"Capotamento";2;0;0;0;0;0;0;0;0;0;1;0;1;0;0
"03/07/2022";"13:06:00";"68";"Acidente s";"10";"BR-448/RS";"Sul";"Choque Defensa";1;0;0;0;0;0;0;0;0;0;1;0;0;0;0
"03/07/2022";"19:08:00";"109";"Acidente c";"214";"BR-386/RS";"Norte";"Colisão - Frontal";2;0;0;0;0;0;0;0;0;0;0;4;0;0;0
"03/07/2022";"21:02:00";"120";"Acidente s";"90";"BR-290/RS";"Oeste";"Colisão - Lateral";1;0;0;0;0;1;0;0;0;0;3;0;0;0;0
"04/07/2022";"05:45:00";"30";"Acidente s";"426";"BR-386/RS";"Norte";"Colisão - Traseira";1;0;1;0;0;0;0;0;0;0;5;0;0;0;0
"04/07/2022";"06:26:00";"35";"Acidente s";"222";"BR-386/RS";"Norte";"Colisão - Lateral";0;0;0;0;0;0;0;0;0;2;2;0;0;0;0
"04/07/2022";"06:46:00";"37";"Acidente c";"346";"BR-386/RS";"Sul";"Queda de ribanceira";1;0;0;0;0;0;0;0;0;0;0;1;0;0;0
"04/07/2022";"06:58:00";"41";"Acidente s";"367";"BR-386/RS";"Norte";"Saída de pista";1;0;0;0;0;0;0;0;0;0;1;0;0;0;0
"04/07/2022";"07:12:00";"46";"Acidente s";"22";"BR-290/RS";"Oeste";"Colisão - Traseira";2;0;0;0;0;0;0;0;0;0;3;0;0;0;0
"04/07/2022";"08:59:00";"90";"Acidente s";"22";"BR-448/RS";"Norte";"Choque Barreira";1;0;0;0;0;0;0;0;0;0;1;0;0;0;0
"04/07/2022";"18:11:00";"230";"Acidente c";"346";"BR-386/RS";"Norte";"Colisão - Lateral";1;0;0;0;0;1;0;0;0;0;1;0;1;0;0
"04/07/2022";"18:30:00";"232";"Acidente s";"414";"BR-386/RS";"Norte";"Queda de Carga";1;0;0;0;0;1;0;0;0;0;5;0;0;0;0
"04/07/2022";"18:49:00";"240";"Acidente c";"91";"BR-290/RS";"Oeste";"Colisão - Traseira";1;0;0;1;0;1;0;0;0;0;2;1;0;0;0
"04/07/2022";"19:41:00";"251";"Acidente s";"26";"BR-290/RS";"Leste";"Saída de pista";1;0;0;0;0;0;0;0;0;0;1;0;0;0;0
"04/07/2022";"23:58:00";"279";"Acidente c";"322";"BR-386/RS";"Norte";"Engavetamento";0;0;2;0;0;0;0;1;0;0;2;0;0;2;0
"05/07/2022";"05:12:00";"16";"Acidente s";"308";"BR-386/RS";"Norte";"Saída de pista";0;0;0;0;0;0;0;1;0;0;1;0;0;0;0
"05/07/2022";"06:09:00";"20";"Acidente c";"307";"BR-386/RS";"Sul";"Tombamento";0;0;1;0;0;0;0;0;0;0;0;1;0;0;0
"05/07/2022";"07:44:00";"39";"Acidente c";"69";"BR-290/RS";"Leste";"Colisão - Frontal";3;0;0;0;0;0;0;0;0;0;2;1;0;0;1
"05/07/2022";"09:50:00";"95";"Atropelame";"56";"BR-101/RS";"Norte";"Atropelamento - Usuário";1;0;0;0;0;0;0;0;0;1;1;0;1;0;0
"05/07/2022";"18:12:00";"186";"Acidente s";"91";"BR-290/RS";"Leste";"Colisão - Traseira";1;0;0;1;0;0;0;0;0;0;2;0;0;0;0
"05/07/2022";"19:21:00";"201";"Acidente c";"407";"BR-386/RS";"Sul";"Queda de ribanceira";1;0;0;0;0;0;0;0;0;0;1;1;0;0;0
"06/07/2022";"00:28:00";"4";"Atropelame";"437";"BR-386/RS";"Sul";"Atropelamento - Andarilho";0;0;0;0;0;1;0;0;0;0;1;0;1;0;0
"06/07/2022";"06:03:00";"16";"Acidente s";"417";"BR-386/RS";"Norte";"Tombamento";0;0;1;0;0;0;0;0;0;0;1;0;0;0;0
"06/07/2022";"06:49:00";"21";"Atropelame";"325";"BR-386/RS";"Norte";"Atropelamento - Morador/Trabalhador/Estudante";1;0;0;0;0;0;0;0;0;0;3;1;0;0;0
"06/07/2022";"14:43:00";"164";"Acidente s";"180";"BR-386/RS";"Sul";"Colisão - Transversal";0;0;2;0;0;0;0;0;0;0;2;0;0;0;0
"06/07/2022";"18:20:00";"201";"Acidente s";"19";"BR-290/RS";"Leste";"Colisão - Transversal";1;0;1;0;0;0;0;0;0;0;2;0;0;0;0
"06/07/2022";"18:49:00";"208";"Acidente s";"379";"BR-386/RS";"Sul";"Colisão - Lateral";2;0;0;0;0;0;0;0;0;0;4;0;0;0;0
"06/07/2022";"18:53:00";"210";"Acidente s";"16";"BR-290/RS";"Oeste";"Colisão - Lateral";1;0;1;0;0;0;0;0;0;0;2;0;0;0;0
"06/07/2022";"18:58:00";"211";"Acidente c";"345";"BR-386/RS";"Sul";"Queda de moto";1;0;0;1;0;0;0;0;0;0;2;1;0;0;0
"06/07/2022";"19:34:00";"216";"Acidente s";"346,34";"BR-386/RS";"Sul";"Saída de pista";1;0;0;0;0;0;0;0;0;0;1;0;0;0;0
"06/07/2022";"20:38:00";"229";"Acidente s";"385";"BR-386/RS";"Norte";"Saída de pista";1;0;0;0;0;0;0;0;0;0;1;0;0;0;0
"07/07/2022";"07:13:00";"30";"Acidente s";"195";"BR-386/RS";"Sul";"Saída de pista";1;0;0;0;0;0;0;0;0;0;1;0;0;0;0
"07/07/2022";"13:04:00";"144";"Acidente s";"308";"BR-386/RS";"Sul";"Saída de pista";0;0;0;0;0;0;0;1;0;0;1;0;0;0;0
"07/07/2022";"14:33:00";"155";"Acidente s";"74";"BR-290/RS";"Leste";"Queda de moto";0;0;0;1;0;0;0;0;0;0;1;0;0;0;0
"07/07/2022";"15:42:00";"166";"Acidente s";"433";"BR-386/RS";"Sul";"Saída de pista";0;0;0;0;0;0;0;0;0;1;1;0;0;0;0
"07/07/2022";"17:21:00";"184";"Acidente c";"21";"BR-448/RS";"Sul";"Colisão - Lateral";2;0;0;0;0;0;0;0;0;0;2;1;0;0;0
"07/07/2022";"18:15:00";"198";"Acidente s";"19";"BR-290/RS";"Leste";"Colisão - Traseira";1;0;0;0;0;0;0;1;0;0;2;0;0;0;0
"08/07/2022";"02:22:00";"10";"Acidente s";"307";"BR-386/RS";"Sul";"Saída de pista";0;0;0;0;0;0;0;1;0;0;1;0;0;0;0
"08/07/2022";"06:19:00";"28";"Acidente s";"39";"BR-290/RS";"Leste";"Tombamento";0;0;1;0;0;0;0;0;0;0;1;0;0;0;0
"08/07/2022";"07:15:00";"36";"Acidente s";"434";"BR-386/RS";"Norte";"Colisão - Traseira";2;0;0;0;0;0;0;0;0;0;2;0;0;0;0
"08/07/2022";"09:21:00";"97";"Acidente c";"252";"BR-386/RS";"Norte";"Capotamento";1;0;0;0;0;0;0;0;0;0;0;5;0;0;0
"08/07/2022";"13:12:00";"151";"Acidente s";"65";"BR-290/RS";"Oeste";"Saída de pista";1;0;0;0;0;0;0;0;0;0;1;0;0;0;0
"08/07/2022";"15:22:00";"168";"Acidente c";"434";"BR-386/RS";"Norte";"Colisão - Transversal";1;0;0;1;0;0;0;0;0;0;2;0;1;0;0
"08/07/2022";"19:00:00";"211";"Acidente s";"431";"BR-386/RS";"Norte";"Colisão - Lateral";0;0;1;0;0;1;0;0;0;0;3;0;0;0;0
"08/07/2022";"19:53:00";"221";"Acidente s";"390";"BR-386/RS";"Norte";"Colisão - Traseira";2;0;0;0;0;0;0;0;0;0;2;0;0;0;0
"08/07/2022";"22:18:00";"238";"Acidente s";"359";"BR-386/RS";"Norte";"Saída de pista";1;0;0;0;0;0;0;0;0;0;1;0;0;0;0
"09/07/2022";"00:50:00";"6";"Acidente s";"439";"BR-386/RS";"Norte";"Capotamento";2;0;0;0;0;0;0;0;0;0;3;0;0;0;0
"09/07/2022";"01:50:00";"8";"Acidente c";"13";"BR-448/RS";"Norte";"Colisão - Traseira";2;0;0;0;0;0;0;0;0;0;1;0;5;0;0
"09/07/2022";"06:38:00";"25";"Acidente c";"70";"BR-290/RS";"Leste";"Colisão - Lateral";1;0;0;0;0;0;0;0;0;1;6;2;0;0;0
"09/07/2022";"11:41:00";"97";"Acidente c";"238";"BR-386/RS";"Norte";"Colisão - Lateral";1;0;0;1;0;0;0;0;0;0;1;2;0;0;0
"09/07/2022";"12:30:00";"104";"Acidente s";"358";"BR-386/RS";"Norte";"Queda de ribanceira";1;0;0;0;0;0;0;0;0;0;2;0;0;0;0
"09/07/2022";"15:53:00";"142";"Acidente c";"92";"BR-290/RS";"Oeste";"Queda de moto";0;0;0;1;0;0;0;0;0;0;0;0;1;0;0
"09/07/2022";"18:24:00";"171";"Acidente s";"361";"BR-386/RS";"Sul";"Saída de pista";1;0;0;0;0;1;0;0;0;0;3;0;0;0;0
"09/07/2022";"18:29:00";"173";"Acidente c";"10";"BR-101/RS";"Sul";"Colisão - Transversal";2;0;0;0;0;0;0;0;0;0;1;1;1;0;0
"09/07/2022";"19:38:00";"189";"Atropelame";"236";"BR-386/RS";"Norte";"Atropelamento - Morador/Trabalhador/Estudante";0;0;0;0;0;1;0;0;0;0;1;0;0;0;2
"09/07/2022";"20:30:00";"196";"Acidente s";"429";"BR-386/RS";"Sul";"Saída de pista";1;0;0;0;0;0;0;0;0;0;1;0;0;0;0
"10/07/2022";"03:21:00";"12";"Acidente s";"43";"BR-290/RS";"Oeste";"Saída de pista";0;0;1;0;0;0;0;0;0;0;1;0;0;0;0
"10/07/2022";"10:08:00";"63";"Acidente s";"35";"BR-101/RS";"Sul";"Choque Praça - Cabine";0;0;0;0;0;0;0;1;0;0;1;0;0;0;0
"10/07/2022";"14:54:00";"114";"Acidente s";"15";"BR-101/RS";"Sul";"Colisão - Traseira";0;0;0;2;0;0;0;0;0;0;3;0;0;0;0
"10/07/2022";"18:30:00";"162";"Acidente c";"418";"BR-386/RS";"Sul";"Colisão - Lateral";1;0;0;0;0;0;0;0;0;0;0;0;1;0;0
"10/07/2022";"20:33:00";"183";"Acidente s";"91";"BR-290/RS";"Leste";"Colisão - Lateral";2;0;0;0;0;0;0;0;0;0;3;0;0;0;0
"10/07/2022";"21:25:00";"196";"Acidente c";"70";"BR-101/RS";"Sul";"Colisão - Traseira";2;0;0;0;0;0;0;0;0;0;2;1;0;0;0
"11/07/2022";"04:23:00";"19";"Acidente s";"405";"BR-386/RS";"Sul";"Queda de ribanceira";1;0;0;0;0;0;0;0;0;0;1;0;0;0;0
"11/07/2022";"06:20:00";"25";"Atropelame";"343";"BR-386/RS";"Norte";"Atropelamento - Esportista";0;0;0;1;0;0;0;0;0;0;0;1;1;0;0
"11/07/2022";"08:08:00";"71";"Acidente c";"75";"BR-101/RS";"Sul";"Capotamento";1;0;0;0;0;0;0;0;0;0;0;1;0;0;0
"11/07/2022";"08:41:00";"85";"Acidente s";"427";"BR-386/RS";"Norte";"Choque Barreira";1;0;0;0;0;0;0;0;0;0;1;0;0;0;0
"11/07/2022";"08:59:00";"94";"Acidente c";"74";"BR-290/RS";"Leste";"Colisão - Lateral";1;0;1;0;0;0;0;0;0;0;1;0;2;0;0
"11/07/2022";"11:13:00";"144";"Acidente s";"81";"BR-290/RS";"Oeste";"Queda de ribanceira";1;0;0;0;0;0;0;0;0;0;1;0;0;0;0
"11/07/2022";"13:55:00";"184";"Acidente s";"7";"BR-101/RS";"Norte";"Capotamento";1;0;0;0;0;0;0;0;0;0;1;0;0;0;0
"11/07/2022";"17:19:00";"232";"Acidente s";"14";"BR-290/RS";"Oeste";"Capotamento";1;0;0;0;0;0;0;0;0;0;4;0;0;0;0
"11/07/2022";"19:08:00";"251";"Acidente c";"337";"BR-386/RS";"Ambos";"Colisão - Frontal";3;0;0;0;0;0;0;0;0;0;2;0;1;0;1
"11/07/2022";"20:05:00";"265";"Acidente c";"82";"BR-290/RS";"Oeste";"Colisão - Traseira";1;0;1;0;0;0;0;0;0;0;1;1;0;0;0
"11/07/2022";"21:36:00";"273";"Acidente s";"364";"BR-386/RS";"Sul";"Saída de pista";1;0;0;0;0;0;0;0;0;0;2;0;0;0;0
"11/07/2022";"22:06:00";"283";"Acidente s";"92";"BR-290/RS";"Leste";"Colisão - Traseira";1;0;1;0;0;0;0;0;0;0;5;0;0;0;0
"11/07/2022";"22:55:00";"287";"Acidente s";"395";"BR-386/RS";"Norte";"Saída de pista";0;0;1;0;0;0;0;0;0;0;1;0;0;0;0
"11/07/2022";"23:06:00";"288";"Acidente s";"214";"BR-386/RS";"Sul";"Saída de pista";0;0;0;0;0;0;0;0;0;1;7;0;0;0;0
"12/07/2022";"08:34:00";"56";"Acidente s";"92";"BR-290/RS";"Leste";"Choque Defensa";1;0;0;0;0;0;0;0;0;0;1;0;0;0;0
"12/07/2022";"09:26:00";"78";"Acidente s";"436";"BR-386/RS";"Sul";"Saída de pista";1;0;0;0;0;0;0;0;0;0;1;0;0;0;0
"12/07/2022";"15:48:00";"165";"Acidente s";"399";"BR-386/RS";"Sul";"Saída de pista";0;0;1;0;0;0;0;0;0;0;1;0;0;0;0
"12/07/2022";"18:29:00";"185";"Acidente s";"60";"BR-290/RS";"Oeste";"Colisão - Lateral";1;0;0;0;0;0;0;1;0;0;2;0;0;0;0
"12/07/2022";"18:35:00";"187";"Acidente s";"90,31";"BR-290/RS";"Leste";"Colisão - Lateral";0;0;0;0;0;0;0;1;0;1;2;0;0;0;0
"12/07/2022";"20:12:00";"205";"Acidente s";"92";"BR-290/RS";"Oeste";"Capotamento";1;0;0;0;0;0;0;0;0;0;1;0;0;0;0
"12/07/2022";"20:27:00";"206";"Acidente s";"245";"BR-386/RS";"Norte";"Saída de pista";1;0;1;0;0;0;0;0;0;0;2;0;0;0;0
"13/07/2022";"01:09:00";"3";"Acidente s";"306";"BR-386/RS";"Norte";"Saída de pista";1;0;0;0;0;0;0;0;0;0;1;0;0;0;0
"13/07/2022";"01:25:00";"4";"Acidente s";"63";"BR-101/RS";"Norte";"Choque com objeto sobre a pista";1;0;0;0;0;0;0;0;0;0;2;0;0;0;0
"13/07/2022";"07:54:00";"56";"Acidente s";"406";"BR-386/RS";"Sul";"Saída de pista";0;0;1;0;0;0;0;0;0;0;1;0;0;0;0
"13/07/2022";"15:58:00";"189";"Acidente c";"343";"BR-386/RS";"Sul";"Colisão - Transversal";2;0;1;0;0;0;0;0;0;0;4;0;1;0;0
"13/07/2022";"18:12:00";"211";"Acidente c";"347";"BR-386/RS";"Sul";"Colisão - Transversal";2;0;0;0;0;0;0;0;0;1;3;1;0;0;0
"13/07/2022";"19:46:00";"236";"Acidente s";"92";"BR-290/RS";"Leste";"Colisão - Lateral";2;0;0;0;0;0;0;0;0;0;3;0;0;0;0
"14/07/2022";"05:40:00";"24";"Acidente c";"335";"BR-386/RS";"Norte";"Tombamento";0;0;1;0;0;0;0;0;0;0;0;1;0;0;0
"14/07/2022";"06:57:00";"29";"Acidente s";"13";"BR-290/RS";"Oeste";"Choque Defensa";1;0;0;0;0;0;0;0;0;0;2;0;0;0;0
"14/07/2022";"08:01:00";"39";"Acidente s";"414";"BR-386/RS";"Sul";"Saída de pista";0;0;0;0;0;0;0;0;0;1;1;0;0;0;0
"14/07/2022";"08:48:00";"55";"Acidente s";"2";"BR-101/RS";"Norte";"Choque Defensa";1;0;0;0;0;0;0;0;0;0;3;0;0;0;0
"14/07/2022";"09:26:00";"78";"Acidente s";"11";"BR-290/RS";"Leste";"Saída de pista";1;0;0;0;0;0;0;0;0;0;1;0;0;0;0
"14/07/2022";"10:50:00";"91";"Acidente s";"343";"BR-386/RS";"Sul";"Colisão - Transversal";2;0;0;0;0;0;0;0;0;0;5;0;0;0;0
"14/07/2022";"12:09:00";"98";"Acidente c";"345";"BR-386/RS";"Sul";"Queda de ribanceira";0;0;0;1;0;0;0;0;0;0;0;1;0;0;0
"14/07/2022";"14:01:00";"112";"Acidente c";"397";"BR-386/RS";"Norte";"Saída de pista";1;0;0;0;0;0;0;0;0;0;4;0;1;0;0
"14/07/2022";"15:46:00";"123";"Acidente s";"331";"BR-386/RS";"Sul";"Colisão - Traseira";0;0;0;0;0;0;0;0;0;2;2;0;0;0;0
"14/07/2022";"16:30:00";"130";"Acidente s";"11";"BR-290/RS";"Leste";"Saída de pista";1;0;0;0;0;0;0;0;0;0;1;0;0;0;0
"14/07/2022";"16:52:00";"133";"Acidente s";"94";"BR-290/RS";"Oeste";"Choque Barreira";1;0;0;0;0;0;0;0;0;0;1;0;0;0;0
"14/07/2022";"17:05:00";"137";"Acidente s";"94";"BR-290/RS";"Oeste";"Colisão - Traseira";2;0;0;0;0;0;0;0;0;0;2;0;0;0;0
"14/07/2022";"17:36:00";"141";"Acidente s";"70";"BR-290/RS";"Oeste";"Colisão - Lateral";1;0;0;0;0;1;0;0;0;0;2;0;0;0;0
"14/07/2022";"18:30:00";"151";"Acidente s";"414";"BR-386/RS";"Sul";"Colisão - Traseira";2;0;0;0;0;0;0;0;0;0;5;0;0;0;0
"15/07/2022";"06:25:00";"27";"Acidente s";"83";"BR-290/RS";"Oeste";"Colisão - Traseira";2;0;0;0;0;0;0;0;0;0;2;0;0;0;0
"15/07/2022";"07:29:00";"35";"Acidente s";"60";"BR-290/RS";"Oeste";"Choque Praça - Cabine";0;0;0;0;0;0;0;1;0;0;2;0;0;0;0
"15/07/2022";"11:36:00";"100";"Acidente s";"373";"BR-386/RS";"Norte";"Saída de pista";1;0;0;0;0;0;0;0;0;0;1;0;0;0;0
"15/07/2022";"12:30:00";"111";"Acidente s";"410";"BR-386/RS";"Norte";"Saída de pista";1;0;0;0;0;0;0;0;0;0;1;0;0;0;0
"15/07/2022";"13:51:00";"126";"Acidente s";"349";"BR-386/RS";"Norte";"Colisão - Lateral";1;0;0;1;0;0;0;0;0;0;2;0;0;0;0
"15/07/2022";"14:36:00";"134";"Acidente s";"411";"BR-386/RS";"Norte";"Saída de pista";1;0;0;0;0;0;0;0;0;0;1;0;0;0;0
"15/07/2022";"14:42:00";"135";"Acidente s";"215";"BR-386/RS";"Sul";"Colisão - Lateral";1;0;1;0;0;0;0;0;0;0;3;0;0;0;0
"15/07/2022";"15:47:00";"160";"Acidente s";"49";"BR-290/RS";"Leste";"Queda de ribanceira";1;0;0;0;0;0;0;0;0;0;2;0;0;0;0
"15/07/2022";"18:04:00";"187";"Acidente s";"86";"BR-290/RS";"Oeste";"Colisão - Traseira";2;0;0;0;0;0;0;0;0;0;2;0;0;0;0
"15/07/2022";"18:17:00";"189";"Acidente s";"4";"BR-101/RS";"Sul";"Colisão - Traseira";1;0;1;0;0;0;0;0;0;0;3;0;0;0;0
"15/07/2022";"19:53:00";"211";"Acidente s";"445";"BR-386/RS";"Norte";"Saída de pista";1;0;0;0;0;0;0;0;0;0;1;0;0;0;0
"16/07/2022";"01:58:00";"253";"Acidente s";"85";"BR-290/RS";"Oeste";"Atropelamento de Animal";1;0;0;0;0;0;0;0;0;0;1;0;0;0;0
"16/07/2022";"04:33:00";"262";"Acidente c";"39";"BR-290/RS";"Oeste";"Colisão - Traseira";1;0;0;0;0;0;0;1;0;0;5;1;0;0;0
"16/07/2022";"10:21:00";"314";"Acidente c";"398";"BR-386/RS";"Sul";"Capotamento";1;0;0;0;0;0;0;0;0;0;2;1;1;0;0
"16/07/2022";"12:18:00";"333";"Acidente s";"94";"BR-290/RS";"Oeste";"Choque Barreira";1;0;0;0;0;0;0;0;0;0;1;0;0;0;0
"16/07/2022";"12:42:00";"338";"Acidente s";"75";"BR-290/RS";"Oeste";"Choque Defensa";1;0;0;0;0;0;0;0;0;0;3;0;0;0;0
"16/07/2022";"17:04:00";"372";"Acidente s";"83";"BR-290/RS";"Oeste";"Choque Barreira";1;0;0;0;0;0;0;0;0;0;2;0;0;0;0
"16/07/2022";"17:23:00";"376";"Acidente s";"440";"BR-386/RS";"Norte";"Saída de pista";1;0;0;0;0;0;0;0;0;0;1;0;0;0;0
"16/07/2022";"21:14:00";"416";"Acidente s";"395";"BR-386/RS";"Sul";"Outros";0;0;0;0;0;0;0;1;0;0;1;0;0;0;0
"17/07/2022";"16:22:00";"92";"Acidente s";"19";"BR-290/RS";"Oeste";"Colisão - Traseira";2;0;0;0;0;0;0;0;0;0;2;0;0;0;0
"17/07/2022";"20:00:00";"137";"Atropelame";"342";"BR-386/RS";"Norte";"Atropelamento - Usuário";0;0;0;0;0;1;0;0;0;0;1;0;0;1;0
"17/07/2022";"20:16:00";"140";"Acidente s";"216";"BR-386/RS";"Norte";"Saída de pista";1;0;0;0;0;0;0;0;0;0;1;0;0;0;0
"17/07/2022";"22:38:00";"155";"Acidente s";"9";"BR-101/RS";"Sul";"Colisão - Lateral";2;0;0;0;0;0;0;0;0;0;3;0;0;0;0
"17/07/2022";"23:18:00";"159";"Acidente s";"44";"BR-290/RS";"Leste";"Atropelamento de Animal";1;0;0;0;0;0;0;0;0;0;3;0;0;0;0
"17/07/2022";"23:55:00";"165";"Acidente s";"220";"BR-386/RS";"Sul";"Saída de pista";1;0;0;0;0;0;0;0;0;0;2;0;0;0;0
"18/07/2022";"08:10:00";"64";"Acidente s";"92";"BR-290/RS";"Oeste";"Engavetamento";4;0;0;0;0;0;0;0;0;0;5;0;0;0;0
"18/07/2022";"09:48:00";"114";"Acidente c";"435";"BR-386/RS";"Sul";"Choque Barreira";1;0;0;0;0;0;0;0;0;0;0;0;1;0;0
"18/07/2022";"17:38:00";"215";"Acidente c";"435";"BR-386/RS";"Norte";"Engavetamento";3;0;0;0;0;0;0;0;0;0;3;2;0;0;0
"18/07/2022";"18:06:00";"224";"Acidente c";"40";"BR-101/RS";"Sul";"Colisão - Transversal";2;0;0;0;0;0;0;0;0;0;1;2;0;0;0
"19/07/2022";"02:22:00";"12";"Acidente s";"50";"BR-101/RS";"Sul";"Saída de pista";1;0;0;0;0;0;0;0;0;0;2;0;0;0;0
"19/07/2022";"08:20:00";"72";"Acidente s";"444";"BR-386/RS";"Sul";"Colisão - Lateral";1;0;0;0;0;0;0;1;0;0;3;0;0;0;0
"19/07/2022";"08:27:00";"75";"Acidente s";"60";"BR-290/RS";"Oeste";"Colisão - Traseira";2;0;0;0;0;0;0;0;0;0;4;0;0;0;0
"19/07/2022";"09:20:00";"102";"Acidente s";"287";"BR-386/RS";"Norte";"Queda de ribanceira";0;0;0;0;0;1;0;1;0;0;1;0;0;0;0
"19/07/2022";"09:37:00";"109";"Acidente s";"345";"BR-386/RS";"Sul";"Colisão - Traseira";1;0;0;0;0;0;0;0;0;1;2;0;0;0;0
"19/07/2022";"14:12:00";"163";"Acidente s";"398";"BR-386/RS";"Norte";"Colisão - Lateral";0;0;1;0;0;2;0;0;0;0;1;0;0;0;0
"19/07/2022";"19:23:00";"221";"Acidente s";"9";"BR-101/RS";"Norte";"Colisão - Transversal";1;0;0;0;0;0;0;1;0;0;3;0;0;0;0
"19/07/2022";"19:44:00";"223";"Acidente s";"297";"BR-386/RS";"Sul";"Saída de pista";1;0;0;0;0;0;0;0;0;0;1;0;0;0;0
"20/07/2022";"03:50:00";"8";"Acidente s";"94";"BR-290/RS";"Oeste";"Colisão - Traseira";1;0;0;0;0;0;0;0;0;1;4;0;0;0;0
"20/07/2022";"07:12:00";"28";"Acidente s";"88";"BR-290/RS";"Oeste";"Colisão - Traseira";1;0;0;0;1;0;0;0;0;0;2;0;0;0;0
"20/07/2022";"08:57:00";"67";"Acidente s";"60";"BR-290/RS";"Oeste";"Colisão - Traseira";2;0;0;0;0;0;0;0;0;0;6;0;0;0;0
"20/07/2022";"20:40:00";"210";"Acidente s";"302";"BR-386/RS";"Norte";"Queda de ribanceira";1;0;0;0;0;0;0;1;0;0;5;0;0;0;0
"21/07/2022";"01:01:00";"6";"Acidente s";"74";"BR-101/RS";"Sul";"Atropelamento de Animal";1;0;0;0;0;0;0;0;0;0;3;0;0;0;0
"21/07/2022";"01:39:00";"9";"Acidente s";"87";"BR-290/RS";"Leste";"Colisão - Lateral";1;0;0;1;0;0;0;0;0;0;3;0;0;0;0
"21/07/2022";"03:03:00";"11";"Acidente c";"359";"BR-386/RS";"Sul";"Saída de pista";1;0;0;0;0;0;0;0;0;0;0;1;0;0;0
"21/07/2022";"07:56:00";"61";"Acidente s";"91";"BR-290/RS";"Oeste";"Colisão - Traseira";2;0;0;0;0;0;0;0;0;0;3;0;0;0;0
"21/07/2022";"09:59:00";"111";"Acidente s";"343";"BR-386/RS";"Sul";"Colisão - Traseira";0;0;2;0;0;0;0;0;0;0;2;0;0;0;0
"21/07/2022";"12:01:00";"138";"Acidente s";"81";"BR-290/RS";"Leste";"Colisão - Traseira";2;0;0;0;0;0;0;0;0;0;4;0;0;0;0
"21/07/2022";"18:03:00";"224";"Acidente s";"437";"BR-386/RS";"Sul";"Colisão - Traseira";1;0;0;0;0;0;0;0;0;1;3;0;0;0;0
"22/07/2022";"06:33:00";"19";"Acidente s";"433";"BR-386/RS";"Norte";"Queda de ribanceira";1;0;0;0;0;0;0;0;0;0;5;0;0;0;0
"22/07/2022";"09:27:00";"108";"Acidente s";"54";"BR-290/RS";"Oeste";"Saída de pista";1;0;0;0;0;0;0;0;0;0;1;0;0;0;0
"22/07/2022";"13:40:00";"177";"Acidente c";"180";"BR-386/RS";"Sul";"Colisão - Transversal";2;0;0;0;0;0;0;0;0;0;7;1;0;0;0