data;horario;n_da_ocorrencia;tipo_de_ocorrencia;km;trecho;sentido;tipo_de_acidente;automovel;bicicleta;caminhao;moto;onibus;outros;tracao_animal;transporte_de_cargas_especiais;trator_maquinas;utilitarios;ilesos;levemente_feridos;moderadamente_feridos;gravemente_feridos;mortos
"11/08/2022";"08:37:00";"68";"Acidente s";"440";"BR-386/RS";"Sul";"Queda de ribanceira";1;0;0;0;0;0;0;0;0;0;2;0;0;0;0
"11/08/2022";"08:58:00";"82";"Acidente s";"5";"BR-290/RS";"Oeste";"Colisão - Traseira";1;0;0;0;0;1;0;0;0;0;1;0;0;0;0
"11/08/2022";"16:22:00";"192";"Acidente s";"419";"BR-386/RS";"Norte";"Saída de pista";1;0;0;0;0;0;0;0;0;0;1;0;0;0;0
"11/08/2022";"21:15:00";"234";"Acidente s";"206";"BR-386/RS";"Sul";"Saída de pista";0;0;0;0;1;0;0;0;0;0;2;0;0;0;0
"11/08/2022";"22:34:00";"244";"Acidente s";"430";"BR-386/RS";"Norte";"Saída de pista";0;1;0;0;0;0;0;0;0;0;1;0;0;0;0
"12/08/2022";"05:51:00";"22";"Acidente s";"435";"BR-386/RS";"Norte";"Choque - Meio Fio";1;0;0;0;0;0;0;0;0;0;3;0;0;0;0
"12/08/2022";"06:10:00";"23";"Acidente c";"362";"BR-386/RS";"Norte";"Colisão - Lateral";1;0;0;0;0;0;0;0;0;1;2;0;1;0;0
"12/08/2022";"08:27:00";"79";"Acidente s";"24";"BR-290/RS";"Leste";"Choque Defensa";1;0;0;0;0;0;0;0;0;0;4;0;0;0;0
"12/08/2022";"14:29:00";"182";"Acidente s";"392";"BR-386/RS";"Norte";"Colisão - Transversal";0;0;0;0;1;0;0;1;0;0;0;0;2;1;0
"12/08/2022";"17:23:00";"220";"Acidente s";"87";"BR-290/RS";"Leste";"Colisão - Lateral";1;0;0;0;0;0;0;0;1;0;1;0;0;0;0
"12/08/2022";"18:16:00";"233";"Acidente s";"304";"BR-386/RS";"Norte";"Colisão - Lateral";0;1;0;0;0;1;0;0;0;0;0;0;1;0;0
"12/08/2022";"20:50:00";"269";"Acidente s";"68";"BR-290/RS";"Leste";"Queda de ribanceira";1;0;0;0;0;0;0;0;0;0;3;0;0;0;0
"12/08/2022";"21:10:00";"277";"Acidente s";"192";"BR-386/RS";"Ambos";"Atropelamento de Animal";1;1;0;0;1;0;0;0;0;0;6;0;0;0;0
"12/08/2022";"21:13:00";"278";"Acidente s";"439";"BR-386/RS";"Sul";"Colisão - Traseira";1;0;1;0;0;0;0;0;0;0;3;0;0;0;0
"13/08/2022";"02:36:00";"18";"Acidente s";"404";"BR-386/RS";"Sul";"Saída de pista";1;0;0;0;0;0;0;0;0;0;2;0;0;0;0
"13/08/2022";"08:32:00";"62";"Acidente s";"248";"BR-386/RS";"Norte";"Tombamento";1;0;0;0;0;0;0;0;0;0;1;0;0;0;0
"13/08/2022";"10:16:00";"82";"Acidente s";"439";"BR-386/RS";"Norte";"Colisão - Traseira";0;0;0;0;1;0;0;1;0;0;2;0;0;0;0
"13/08/2022";"13:08:00";"118";"Acidente c";"30";"BR-290/RS";"Leste";"Capotamento";1;0;0;0;0;0;0;0;0;0;5;0;0;0;0
"13/08/2022";"13:53:00";"127";"Acidente s";"91";"BR-290/RS";"Leste";"Engavetamento";2;0;0;0;0;0;0;0;0;1;1;1;0;0;0
"13/08/2022";"14:30:00";"135";"Acidente c";"60";"BR-290/RS";"Oeste";"Engavetamento";3;0;0;0;0;0;0;0;0;0;1;0;0;0;0
"13/08/2022";"20:29:00";"206";"Acidente s";"24,4";"BR-290/RS";"Leste";"Atropelamento de Animal";1;0;0;0;0;0;0;0;0;0;1;0;0;0;0
"14/08/2022";"03:27:00";"13";"Acidente c";"346";"BR-386/RS";"Sul";"Saída de pista";1;0;0;0;0;0;0;0;0;0;1;0;0;0;0
"14/08/2022";"05:47:00";"23";"Acidente s";"45";"BR-290/RS";"Leste";"Queda de ribanceira";1;0;0;0;0;0;0;0;0;0;2;0;0;0;0
"14/08/2022";"17:32:00";"142";"Acidente c";"435";"BR-386/RS";"Ambos";"Colisão - Lateral";1;0;0;0;0;0;0;0;1;0;1;0;0;0;0
"15/08/2022";"05:04:00";"13";"Acidente s";"24";"BR-290/RS";"Oeste";"Queda de ribanceira";0;0;0;0;1;0;0;0;0;0;2;0;0;0;0
"15/08/2022";"08:21:00";"50";"Acidente s";"426";"BR-386/RS";"Sul";"Colisão - Traseira";2;0;0;0;0;0;0;0;0;0;1;0;1;0;0
"15/08/2022";"09:51:00";"91";"Acidente c";"91";"BR-290/RS";"Oeste";"Colisão - Traseira";1;0;0;0;0;0;0;0;1;0;2;1;0;0;0
"15/08/2022";"10:44:00";"107";"Acidente s";"405";"BR-386/RS";"Norte";"Queda de ribanceira";1;0;0;0;0;0;0;0;0;0;0;1;0;0;0
"15/08/2022";"12:06:00";"128";"Acidente c";"215";"BR-386/RS";"Norte";"Colisão - Transversal";2;0;0;0;0;0;0;0;0;0;1;0;0;0;0
"15/08/2022";"13:30:00";"147";"Acidente s";"32";"BR-101/RS";"Norte";"Colisão - Transversal";2;0;0;0;0;0;0;0;0;0;1;0;0;0;0
"15/08/2022";"14:50:00";"168";"Acidente s";"51";"BR-290/RS";"Oeste";"Saída de pista";1;0;0;0;0;0;0;0;0;0;2;0;0;0;0
"15/08/2022";"17:10:00";"200";"Acidente c";"417";"BR-386/RS";"Norte";"Colisão - Frontal";1;0;1;0;0;0;0;0;0;0;2;0;0;0;0
"15/08/2022";"17:20:00";"202";"Acidente s";"333";"BR-386/RS";"Sul";"Colisão - Traseira";1;0;0;0;0;0;0;0;1;0;3;0;0;0;0
"15/08/2022";"18:02:00";"206";"Acidente s";"76";"BR-290/RS";"Oeste";"Choque Defensa";1;0;0;0;0;0;0;0;0;0;2;0;0;0;1
"15/08/2022";"19:19:00";"221";"Acidente c";"13";"BR-448/RS";"Sul";"Tombamento";0;0;0;0;0;0;0;1;0;0;3;0;0;0;0
"15/08/2022";"20:18:00";"239";"Acidente c";"316";"BR-386/RS";"Norte";"Queda de moto";0;0;0;0;0;0;0;0;1;0;1;2;0;0;0
"15/08/2022";"21:44:00";"256";"Acidente s";"398";"BR-386/RS";"Norte";"Saída de pista";1;0;0;0;0;0;0;0;0;0;1;0;0;0;0
"15/08/2022";"23:19:00";"265";"Acidente s";"58";"BR-290/RS";"Oeste";"Saída de pista";0;1;0;0;0;0;0;0;0;0;1;0;0;0;0
"15/08/2022";"23:27:00";"267";"Acidente s";"77";"BR-290/RS";"Oeste";"Saída de pista";1;0;0;0;0;0;0;0;0;0;2;1;0;0;0
"16/08/2022";"14:30:00";"154";"Acidente s";"35";"BR-101/RS";"Norte";"Colisão - Traseira";1;0;0;0;0;1;0;0;0;0;3;0;0;0;0
"16/08/2022";"16:17:00";"168";"Acidente s";"91";"BR-290/RS";"Leste";"Colisão - Lateral";2;0;0;0;0;0;0;0;0;0;3;0;0;0;0
"16/08/2022";"18:20:00";"187";"Acidente s";"422";"BR-386/RS";"Norte";"Colisão - Transversal";1;0;0;0;0;0;0;1;0;0;17;0;0;0;0
"16/08/2022";"18:36:00";"190";"Acidente s";"375";"BR-386/RS";"Sul";"Saída de pista";1;0;0;0;0;0;0;0;0;0;1;0;0;0;0
"16/08/2022";"19:16:00";"199";"Acidente s";"349";"BR-386/RS";"Norte";"Saída de pista";1;0;0;0;0;0;0;0;0;0;3;0;0;0;0
"17/08/2022";"03:04:00";"4";"Acidente s";"42";"BR-290/RS";"Leste";"Atropelamento de Animal";0;0;0;0;0;0;0;0;0;0;1;0;0;0;0
"17/08/2022";"07:53:00";"45";"Acidente s";"428";"BR-386/RS";"Sul";"Tombamento";0;0;0;0;0;0;0;1;0;0;3;0;0;0;0
"17/08/2022";"09:05:00";"64";"Acidente c";"94";"BR-290/RS";"Leste";"Colisão - Traseira";1;0;0;0;0;0;0;0;1;0;4;1;0;0;0
"17/08/2022";"11:31:00";"114";"Acidente c";"19";"BR-290/RS";"Leste";"Colisão - Lateral";1;0;1;0;0;0;0;0;0;0;1;0;0;0;0
"17/08/2022";"12:05:00";"122";"Acidente c";"387";"BR-386/RS";"Sul";"Colisão - Traseira";0;0;1;0;0;0;0;0;1;0;2;0;0;0;0
"17/08/2022";"18:28:00";"205";"Acidente s";"88";"BR-290/RS";"Leste";"Colisão - Traseira";2;0;0;0;0;0;0;0;0;0;1;0;0;0;0
"18/08/2022";"02:46:00";"7";"Acidente s";"397";"BR-386/RS";"Norte";"Saída de pista";0;0;1;0;0;0;0;0;0;0;2;0;0;0;0
"18/08/2022";"04:15:00";"9";"Acidente s";"10";"BR-290/RS";"Oeste";"Tombamento";0;1;0;0;0;0;0;0;0;0;2;0;0;0;1
"18/08/2022";"06:41:00";"18";"Acidente s";"353";"BR-386/RS";"Norte";"Saída de pista";1;0;0;0;0;0;0;0;0;0;4;0;0;0;0
"18/08/2022";"06:51:00";"20";"Atropelame";"93";"BR-290/RS";"Leste";"Atropelamento - Usuário";1;0;0;0;0;0;0;0;0;0;1;0;0;0;0
"18/08/2022";"06:52:00";"21";"Acidente s";"277";"BR-386/RS";"Sul";"Colisão - Lateral";2;0;0;0;0;0;0;0;0;0;1;1;2;0;0
"18/08/2022";"07:00:00";"22";"Acidente s";"38";"BR-101/RS";"Norte";"Choque Barreira";1;0;0;0;0;0;0;0;0;0;2;0;0;0;0
"18/08/2022";"07:22:00";"25";"Acidente c";"49";"BR-290/RS";"Leste";"Capotamento";1;0;0;0;0;0;0;0;0;0;6;0;0;0;0
"18/08/2022";"08:06:00";"33";"Acidente s";"356";"BR-386/RS";"Sul";"Saída de pista";1;0;0;0;0;0;0;0;0;0;2;0;0;0;0
"18/08/2022";"08:44:00";"41";"Acidente c";"65";"BR-290/RS";"Oeste";"Colisão - Frontal";2;0;0;0;0;0;0;0;0;0;2;0;0;0;0
"18/08/2022";"12:49:00";"81";"Atropelame";"49";"BR-101/RS";"Sul";"Atropelamento - Usuário";0;0;1;1;0;0;0;0;0;0;0;0;1;0;0
"18/08/2022";"16:22:00";"129";"Acidente s";"180";"BR-386/RS";"Norte";"Colisão - Transversal";2;0;0;0;0;0;0;0;0;0;5;0;0;0;0
"18/08/2022";"19:20:00";"163";"Acidente c";"80";"BR-290/RS";"Leste";"Queda de ribanceira";2;0;0;0;0;0;0;0;0;0;1;1;0;0;0
"18/08/2022";"20:00:00";"174";"Acidente s";"90";"BR-290/RS";"Oeste";"Choque Barreira";1;0;0;0;0;0;0;0;0;0;1;0;0;0;0
"19/08/2022";"07:34:00";"35";"Acidente s";"419";"BR-386/RS";"Norte";"Colisão - Lateral";1;0;0;0;0;0;0;1;0;0;4;0;0;0;0
"19/08/2022";"11:46:00";"130";"Acidente c";"210";"BR-386/RS";"Norte";"Engavetamento";3;0;0;0;0;0;0;0;0;0;3;0;0;0;0
"19/08/2022";"14:23:00";"160";"Acidente s";"267";"BR-386/RS";"Sul";"Colisão - Transversal";2;0;0;0;0;0;0;0;0;0;1;0;2;0;0
"19/08/2022";"14:51:00";"169";"Acidente s";"219";"BR-386/RS";"Norte";"Colisão - Lateral";1;0;0;0;1;0;0;0;0;0;2;0;0;0;0
"19/08/2022";"17:57:00";"207";"Acidente s";"92";"BR-290/RS";"Leste";"Colisão - Lateral";1;0;0;0;0;0;0;1;0;0;2;0;0;0;0
"19/08/2022";"18:35:00";"216";"Acidente s";"246";"BR-386/RS";"Norte";"Saída de pista";1;0;0;0;0;0;0;0;0;0;2;0;0;0;0
"19/08/2022";"21:02:00";"246";"Atropelame";"18";"BR-101/RS";"Norte";"Atropelamento - Morador/Trabalhador/Estudante";0;0;0;0;0;0;0;0;1;0;1;0;0;0;0
"19/08/2022";"21:38:00";"254";"Acidente s";"86";"BR-290/RS";"Oeste";"Capotamento";1;0;0;0;0;0;0;0;0;1;1;0;0;0;0
"19/08/2022";"23:58:00";"271";"Acidente s";"84";"BR-290/RS";"Oeste";"Queda de moto";1;0;0;0;0;0;0;0;0;0;2;0;0;0;0
"20/08/2022";"00:39:00";"2";"Acidente s";"24";"BR-290/RS";"Leste";"Choque com objeto sobre a pista";1;0;0;0;1;0;0;0;0;0;1;0;0;0;0
"20/08/2022";"04:54:00";"18";"Acidente s";"86";"BR-101/RS";"Sul";"Atropelamento de Animal";1;0;0;0;0;0;0;0;0;0;3;0;0;0;0
"20/08/2022";"08:25:00";"66";"Acidente s";"88";"BR-290/RS";"Oeste";"Queda de moto";0;0;0;0;0;0;0;0;1;0;2;0;0;0;0
"20/08/2022";"10:33:00";"99";"Acidente s";"342";"BR-386/RS";"Sul";"Colisão - Transversal";2;0;0;0;0;0;0;0;0;0;1;0;0;0;0
"20/08/2022";"14:54:00";"139";"Acidente s";"86";"BR-101/RS";"Norte";"Colisão - Lateral";2;0;0;0;0;0;0;0;0;0;2;0;0;0;0
"20/08/2022";"16:16:00";"146";"Acidente c";"242";"BR-386/RS";"Sul";"Queda de ribanceira";0;1;0;0;0;0;0;0;0;0;0;1;0;0;0
"20/08/2022";"18:36:00";"158";"Acidente s";"29";"BR-290/RS";"Oeste";"Atropelamento de Animal";1;0;0;0;0;0;0;0;0;0;1;0;0;0;0
"20/08/2022";"20:02:00";"169";"Acidente s";"31";"BR-290/RS";"Leste";"Saída de pista";1;0;0;0;0;0;0;0;0;0;1;0;0;0;0
"20/08/2022";"20:49:00";"178";"Acidente s";"426";"BR-386/RS";"Norte";"Colisão - Transversal";2;0;0;0;0;0;0;0;0;0;3;0;0;0;0
"20/08/2022";"21:41:00";"182";"Acidente s";"259";"BR-386/RS";"Norte";"Atropelamento de Animal";1;0;0;0;0;0;0;0;0;0;1;0;0;0;0
"21/08/2022";"01:46:00";"7";"Acidente s";"33";"BR-101/RS";"Sul";"Saída de pista";0;1;0;0;0;0;0;0;0;0;4;0;0;0;0
"21/08/2022";"04:26:00";"16";"Acidente s";"353";"BR-386/RS";"Sul";"Capotamento";1;0;0;0;0;0;0;0;0;0;1;0;0;0;0
"21/08/2022";"10:52:00";"61";"Acidente s";"414";"BR-386/RS";"Sul";"Choque - Meio Fio";1;0;0;0;0;0;0;0;0;0;2;0;0;0;0
"21/08/2022";"18:15:00";"125";"Acidente c";"60";"BR-290/RS";"Oeste";"Colisão - Traseira";2;0;0;0;0;0;0;0;0;0;0;0;1;0;0
"21/08/2022";"18:45:00";"130";"Atropelame";"379,51";"BR-386/RS";"Sul";"Atropelamento - Andarilho";1;0;0;0;0;0;0;0;0;0;2;0;0;0;0
"21/08/2022";"20:57:00";"151";"Acidente s";"83";"BR-101/RS";"Norte";"Queda de ribanceira";1;0;0;0;0;0;0;0;0;0;3;0;0;0;0
"21/08/2022";"21:37:00";"155";"Acidente c";"343";"BR-386/RS";"Sul";"Colisão - Transversal";2;0;0;0;0;0;0;0;0;0;2;0;0;0;0
"21/08/2022";"21:55:00";"157";"Acidente s";"440";"BR-386/RS";"Sul";"Saída de pista";1;0;0;0;0;0;0;0;0;0;2;1;0;0;0
"22/08/2022";"06:13:00";"17";"Acidente s";"414";"BR-386/RS";"Sul";"Saída de pista";0;0;0;0;0;0;0;1;0;0;2;0;0;0;0
"22/08/2022";"08:11:00";"50";"Acidente s";"92";"BR-290/RS";"Oeste";"Engavetamento";3;0;0;0;0;0;0;0;0;0;4;0;0;0;0
"22/08/2022";"10:30:00";"106";"Acidente c";"69";"BR-101/RS";"Sul";"Choque com veículo no acostamento";0;1;0;0;1;0;0;0;0;0;2;0;0;0;0
"22/08/2022";"10:47:00";"110";"Acidente c";"353";"BR-386/RS";"Norte";"Capotamento";1;0;0;0;0;0;0;0;0;0;3;0;0;0;0
"22/08/2022";"11:12:00";"114";"Acidente s";"353";"BR-386/RS";"Norte";"Colisão - Traseira";1;0;1;0;0;0;0;0;0;0;2;0;0;0;0
"22/08/2022";"17:05:00";"185";"Acidente s";"83";"BR-290/RS";"Oeste";"Queda de moto";0;0;0;0;0;0;0;0;1;0;3;1;0;0;0
"22/08/2022";"22:10:00";"230";"Acidente s";"5";"BR-290/RS";"Oeste";"Atropelamento de Animal";1;0;0;0;0;0;0;0;0;0;2;0;3;1;1
"23/08/2022";"02:26:00";"4";"Acidente s";"401";"BR-386/RS";"Sul";"Choque Defensa";1;0;1;0;0;0;0;0;0;0;5;0;0;0;0
"23/08/2022";"03:38:00";"7";"Acidente s";"5";"BR-290/RS";"Leste";"Atropelamento de Animal";1;0;0;0;0;0;0;0;0;0;1;0;0;0;0
"23/08/2022";"08:47:00";"72";"Acidente s";"19";"BR-290/RS";"Leste";"Colisão - Lateral";1;0;1;0;0;0;0;0;0;0;2;0;0;0;0
"23/08/2022";"16:50:00";"206";"Acidente s";"344";"BR-386/RS";"Norte";"Colisão - Traseira";1;0;0;0;1;0;0;0;0;0;1;0;0;0;0
"23/08/2022";"17:26:00";"215";"Acidente s";"343";"BR-386/RS";"Sul";"Colisão - Traseira";2;0;0;0;0;0;0;0;0;0;4;0;0;0;0
"23/08/2022";"17:28:00";"217";"Acidente s";"64";"BR-290/RS";"Oeste";"Colisão - Lateral";2;0;0;0;0;0;0;0;0;0;4;0;0;0;0
"23/08/2022";"18:54:00";"234";"Acidente c";"343";"BR-386/RS";"Sul";"Colisão - Lateral";1;0;0;0;0;0;0;0;1;0;0;1;0;0;0
"24/08/2022";"01:25:00";"7";"Acidente c";"33";"BR-101/RS";"Sul";"Colisão - Traseira";0;1;0;0;0;1;0;0;0;0;2;0;0;0;0
"24/08/2022";"07:05:00";"28";"Acidente s";"19";"BR-290/RS";"Leste";"Colisão - Lateral";1;1;0;0;0;0;0;0;0;0;3;0;0;0;0
"24/08/2022";"09:14:00";"104";"Acidente s";"92";"BR-290/RS";"Oeste";"Colisão - Transversal";1;0;0;0;0;0;0;0;1;0;6;0;0;0;0
"24/08/2022";"10:57:00";"127";"Acidente s";"388";"BR-386/RS";"Norte";"Colisão - Traseira";0;0;1;0;1;0;0;0;0;0;2;0;0;0;0
"24/08/2022";"15:12:00";"189";"Acidente c";"392";"BR-386/RS";"Norte";"Colisão - Transversal";2;0;0;0;0;0;0;0;0;0;0;0;1;0;0
"25/08/2022";"01:48:00";"7";"Acidente s";"306";"BR-386/RS";"Norte";"Saída de pista";0;0;0;0;1;0;0;0;0;0;6;0;0;0;0
"25/08/2022";"03:54:00";"14";"Acidente s";"86";"BR-290/RS";"Oeste";"Queda de ribanceira";1;0;0;0;0;0;0;0;0;0;1;0;0;0;0
"25/08/2022";"09:50:00";"109";"Acidente c";"347";"BR-386/RS";"Sul";"Colisão - Lateral";2;0;0;0;0;0;0;0;0;0;2;0;0;0;0
"25/08/2022";"13:31:00";"158";"Acidente s";"92";"BR-290/RS";"Leste";"Colisão - Lateral";1;0;0;0;0;2;0;0;0;0;2;1;1;0;0
"25/08/2022";"14:30:00";"172";"Acidente s";"75";"BR-290/RS";"Leste";"Choque Barreira";1;0;0;0;0;0;0;0;0;0;1;0;0;0;0
"25/08/2022";"15:44:00";"186";"Acidente c";"248";"BR-386/RS";"Norte";"Colisão - Transversal";2;0;0;0;0;0;0;0;0;0;3;0;0;0;0
"25/08/2022";"17:12:00";"205";"Acidente c";"22";"BR-448/RS";"Norte";"Colisão - Lateral";1;1;0;0;0;0;0;0;0;0;1;0;0;0;0
"25/08/2022";"19:01:00";"227";"Acidente c";"10";"BR-448/RS";"Sul";"Queda de moto";0;0;0;0;0;0;0;0;1;0;1;0;0;0;0
"25/08/2022";"21:04:00";"242";"Acidente s";"220";"BR-386/RS";"Sul";"Saída de pista";0;0;0;0;0;0;0;1;0;0;6;0;0;0;0
"26/08/2022";"03:58:00";"11";"Acidente s";"42";"BR-290/RS";"Oeste";"Saída de pista";0;0;0;0;0;0;0;1;0;0;3;2;0;0;0
"26/08/2022";"04:06:00";"12";"Acidente s";"57";"BR-101/RS";"Norte";"Choque Defensa";1;0;0;0;0;0;0;0;0;0;2;0;0;0;0
"26/08/2022";"07:40:00";"50";"Acidente c";"434";"BR-386/RS";"Sul";"Colisão - Traseira";1;0;1;0;0;0;0;0;0;0;2;1;0;1;0
"26/08/2022";"08:05:00";"66";"Acidente s";"60";"BR-290/RS";"Oeste";"Colisão - Traseira";1;0;1;0;0;0;0;0;0;0;1;2;0;0;0
"26/08/2022";"08:40:00";"90";"Acidente c";"15";"BR-101/RS";"Norte";"Capotamento";1;0;0;0;0;0;0;0;0;0;1;0;0;0;0
"26/08/2022";"08:55:00";"96";"Acidente s";"292";"BR-386/RS";"Norte";"Capotamento";1;0;0;0;0;0;0;0;0;0;1;0;0;0;0
"26/08/2022";"10:15:00";"113";"Acidente s";"86";"BR-290/RS";"Leste";"Colisão - Lateral";1;0;0;0;0;0;0;1;0;0;3;0;0;0;0
"26/08/2022";"15:25:00";"179";"Acidente s";"309";"BR-386/RS";"Sul";"Colisão - Lateral";2;0;0;0;0;0;0;0;0;0;0;0;1;0;0
"26/08/2022";"16:23:00";"188";"Acidente c";"362";"BR-386/RS";"Norte";"Colisão - Traseira";1;0;0;0;0;0;0;0;1;0;2;0;0;0;0
"26/08/2022";"20:00:00";"225";"Acidente s";"262";"BR-386/RS";"Sul";"Choque - Sinalização";1;0;0;0;0;0;0;0;0;0;5;0;0;0;0
"26/08/2022";"20:04:00";"226";"Acidente s";"366";"BR-386/RS";"Norte";"Capotamento";1;0;0;0;0;0;0;0;0;0;1;0;0;0;0
"26/08/2022";"20:20:00";"233";"Acidente s";"399";"BR-386/RS";"Sul";"Queda de ribanceira";1;0;0;0;0;0;0;0;0;0;0;1;0;0;0
"26/08/2022";"21:30:00";"249";"Acidente s";"392";"BR-386/RS";"Sul";"Colisão - Traseira";1;0;0;0;1;0;0;0;0;0;4;0;0;0;0
"26/08/2022";"21:49:00";"258";"Acidente c";"90";"BR-290/RS";"Oeste";"Queda de ribanceira";0;0;0;0;0;0;0;0;1;0;2;0;0;0;0
"27/08/2022";"09:50:00";"53";"Acidente s";"339";"BR-386/RS";"Sul";"Colisão - Traseira";2;0;0;0;0;0;0;0;0;0;1;0;0;0;0
"27/08/2022";"14:33:00";"118";"Acidente c";"444";"BR-386/RS";"Norte";"Colisão - Transversal";2;0;0;0;0;0;0;0;0;0;3;0;0;0;0
"27/08/2022";"15:15:00";"126";"Acidente s";"39";"BR-101/RS";"Norte";"Colisão - Traseira";2;0;0;0;0;0;0;0;0;0;5;0;0;0;0
"27/08/2022";"20:17:00";"192";"Acidente c";"5";"BR-101/RS";"Norte";"Capotamento";2;0;0;0;0;0;0;0;0;0;1;1;0;0;0
"27/08/2022";"22:52:00";"220";"Acidente s";"342";"BR-386/RS";"Sul";"Queda de ribanceira";1;0;0;0;0;0;0;0;0;0;2;0;0;0;0
"27/08/2022";"23:25:00";"223";"Acidente c";"12";"BR-101/RS";"Sul";"Queda de ribanceira";1;0;0;0;0;0;0;0;0;0;0;1;0;0;0
"28/08/2022";"01:29:00";"6";"Acidente s";"408";"BR-386/RS";"Sul";"Saída de pista";1;0;0;0;0;0;0;0;0;0;3;0;0;0;0
"28/08/2022";"01:40:00";"8";"Acidente s";"60,17";"BR-290/RS";"Ambos";"Queda de ribanceira";1;0;0;0;0;0;0;0;0;0;3;0;0;0;0
"28/08/2022";"04:33:00";"18";"Acidente s";"337";"BR-386/RS";"Sul";"Capotamento";1;0;0;0;0;0;0;0;0;0;1;0;0;0;1
"28/08/2022";"05:17:00";"19";"Acidente s";"385";"BR-386/RS";"Norte";"Queda de ribanceira";1;0;0;0;0;0;0;0;0;0;2;0;0;0;0
"28/08/2022";"05:20:00";"20";"Acidente c";"222";"BR-386/RS";"Sul";"Saída de pista";1;0;0;0;0;0;0;0;0;0;4;0;0;0;0
"28/08/2022";"05:42:00";"22";"Acidente s";"325";"BR-386/RS";"Sul";"Saída de pista";1;0;0;0;0;0;0;0;0;0;33;0;0;0;0
"28/08/2022";"06:41:00";"25";"Acidente s";"1";"BR-448/RS";"Sul";"Saída de pista";1;0;0;0;0;0;0;0;0;0;1;0;1;0;0
"28/08/2022";"06:45:00";"26";"Acidente s";"209";"BR-386/RS";"Norte";"Colisão - Traseira";2;0;0;0;0;0;0;0;0;0;0;1;0;0;0
"28/08/2022";"13:52:00";"102";"Acidente c";"93";"BR-290/RS";"Leste";"Colisão - Traseira";1;0;0;0;0;0;0;0;1;0;1;0;0;0;0
"28/08/2022";"16:44:00";"133";"Acidente s";"23";"BR-290/RS";"Leste";"Saída de pista";1;0;0;0;0;0;0;0;0;0;3;0;0;0;0
"28/08/2022";"20:39:00";"190";"Acidente s";"75,14";"BR-101/RS";"Norte";"Queda de ribanceira";1;0;0;0;0;0;0;0;0;0;1;0;0;0;0
"28/08/2022";"22:36:00";"196";"Acidente s";"48";"BR-290/RS";"Oeste";"Tombamento";0;1;0;0;0;0;0;0;0;0;4;1;0;0;0
"29/08/2022";"03:52:00";"10";"Atropelame";"415";"BR-386/RS";"Norte";"Atropelamento - Usuário";1;0;0;1;0;0;0;0;0;0;3;0;0;0;0
"29/08/2022";"04:45:00";"12";"Acidente s";"428";"BR-386/RS";"Sul";"Atropelamento de Animal";1;0;0;0;0;0;0;0;0;0;1;1;0;0;0
"29/08/2022";"14:40:00";"146";"Acidente s";"54";"BR-290/RS";"Oeste";"Saída de pista";1;0;0;0;0;0;0;0;0;0;0;1;0;0;0
"29/08/2022";"19:13:00";"184";"Acidente s";"346";"BR-386/RS";"Norte";"Choque - Sinalização";1;0;0;0;0;0;0;0;0;0;1;0;0;0;0
"29/08/2022";"19:38:00";"191";"Acidente s";"92";"BR-290/RS";"Leste";"Colisão - Lateral";2;0;0;0;0;0;0;0;0;0;1;0;0;0;0
"30/08/2022";"04:42:00";"14";"Acidente s";"50";"BR-290/RS";"Leste";"Saída de pista";1;0;0;0;0;0;0;0;0;0;0;0;0;0;1
"30/08/2022";"07:22:00";"36";"Acidente s";"76";"BR-290/RS";"Leste";"Colisão - Lateral";1;0;0;0;0;1;0;0;0;0;1;0;0;0;0
"30/08/2022";"08:24:00";"69";"Acidente s";"343";"BR-386/RS";"Sul";"Colisão - Traseira";0;0;0;0;0;0;0;2;0;0;3;0;0;0;0
"30/08/2022";"09:24:00";"98";"Acidente c";"190";"BR-386/RS";"Norte";"Colisão - Frontal";1;1;0;0;0;0;0;0;0;0;4;0;0;0;0
"30/08/2022";"14:50:00";"167";"Acidente c";"347";"BR-386/RS";"Norte";"Engavetamento";3;0;0;0;0;0;0;0;0;0;2;0;0;0;0
"30/08/2022";"15:15:00";"174";"Acidente c";"317";"BR-386/RS";"Sul";"Capotamento";1;0;0;0;0;0;0;0;0;0;0;1;0;0;0
"30/08/2022";"15:31:00";"176";"Acidente s";"294";"BR-386/RS";"Norte";"Saída de pista";0;0;0;0;0;1;0;0;0;0;2;0;0;0;0
"30/08/2022";"17:29:00";"187";"Acidente s";"92";"BR-290/RS";"Leste";"Colisão - Lateral";2;0;0;0;0;0;0;0;0;0;2;0;0;0;0
"31/08/2022";"01:14:00";"8";"Acidente s";"29";"BR-290/RS";"Leste";"Choque Defensa";1;0;0;0;0;0;0;0;0;0;0;0;2;2;0
"31/08/2022";"06:27:00";"16";"Acidente s";"307";"BR-386/RS";"Norte";"Saída de pista";0;1;0;0;0;0;0;0;0;0;3;0;0;0;0
"31/08/2022";"07:19:00";"24";"Acidente s";"80";"BR-290/RS";"Leste";"Queda de ribanceira";1;0;0;0;0;0;0;0;0;0;1;0;0;0;0
"31/08/2022";"10:43:00";"113";"Acidente s";"95";"BR-290/RS";"Oeste";"Colisão - Lateral";1;0;0;0;0;0;0;0;1;0;1;2;0;0;0
"31/08/2022";"11:34:00";"127";"Acidente s";"19";"BR-290/RS";"Leste";"Colisão - Lateral";1;0;0;0;1;0;0;0;0;0;1;0;0;0;0
"31/08/2022";"17:45:00";"204";"Acidente c";"346";"BR-386/RS";"Norte";"Colisão - Traseira";1;0;0;0;0;0;0;0;1;0;2;0;0;0;0