data;horario;n_da_ocorrencia;tipo_de_ocorrencia;km;trecho;sentido;tipo_de_acidente;automovel;bicicleta;caminhao;moto;onibus;outros;tracao_animal;transporte_de_cargas_especiais;trator_maquinas;utilitarios;ilesos;levemente_feridos;moderadamente_feridos;gravemente_feridos;mortos
"31/08/2022";"21:59:00";"241";"Acidente s";"262";"BR-386/RS";"Ambos";"Choque Praça - Cabine";0;1;0;0;0;0;0;0;0;0;2;0;0;0;0
"31/08/2022";"23:37:00";"248";"Acidente s";"85";"BR-290/RS";"Leste";"Colisão - Lateral";1;0;1;0;0;0;0;0;0;0;4;0;0;0;0
"01/09/2022";"07:31:00";"44";"Acidente s";"82";"BR-290/RS";"Oeste";"Colisão - Lateral";2;0;0;0;0;0;0;0;0;0;1;0;0;0;0
"01/09/2022";"07:53:00";"57";"Acidente c";"86";"BR-101/RS";"Norte";"Colisão - Lateral";1;0;0;1;0;0;0;0;0;0;2;0;0;0;0
"01/09/2022";"08:16:00";"69";"Acidente s";"80";"BR-290/RS";"Oeste";"Colisão - Lateral";2;0;0;0;0;0;0;0;0;0;6;0;1;0;0
"01/09/2022";"09:10:00";"94";"Acidente s";"354";"BR-386/RS";"Norte";"Saída de pista";1;0;0;0;0;0;0;0;0;0;1;0;0;0;0
"01/09/2022";"11:24:00";"135";"Acidente s";"26";"BR-290/RS";"Leste";"Queda de ribanceira";1;0;0;0;0;0;0;0;0;0;1;0;0;2;0
"01/09/2022";"13:32:00";"160";"Acidente s";"419";"BR-386/RS";"Sul";"Saída de pista";2;0;0;0;0;0;0;0;0;0;2;0;0;0;0
"01/09/2022";"13:55:00";"165";"Acidente s";"89";"BR-290/RS";"Leste";"Colisão - Lateral";2;0;0;0;0;0;0;1;0;0;2;1;0;0;0
"01/09/2022";"17:28:00";"203";"Acidente s";"1";"BR-448/RS";"Norte";"Colisão - Traseira";1;0;1;0;0;0;0;0;0;0;1;1;1;0;0
"01/09/2022";"22:26:00";"255";"Acidente c";"356";"BR-386/RS";"Norte";"Colisão - Traseira";1;0;1;0;0;0;0;0;0;0;2;0;0;0;0
"01/09/2022";"23:04:00";"259";"Acidente s";"41";"BR-290/RS";"Oeste";"Tombamento";0;0;0;0;0;0;0;1;0;0;2;0;0;0;0
"02/09/2022";"03:11:00";"7";"Acidente s";"401";"BR-386/RS";"Ambos";"Saída de pista";1;0;0;0;0;0;0;0;0;0;1;0;1;0;0
"02/09/2022";"06:26:00";"16";"Acidente s";"92";"BR-290/RS";"Oeste";"Saída de pista";1;0;0;0;0;0;0;0;0;0;2;0;0;0;0
"02/09/2022";"07:14:00";"20";"Acidente c";"440";"BR-386/RS";"Norte";"Colisão - Transversal";2;0;0;0;0;0;0;0;0;0;3;0;0;0;0
"02/09/2022";"07:36:00";"28";"Acidente s";"278";"BR-386/RS";"Norte";"Saída de pista";1;0;0;0;0;0;0;0;0;0;1;0;0;0;0
"02/09/2022";"08:14:00";"47";"Acidente c";"86";"BR-290/RS";"Oeste";"Colisão - Lateral";1;0;0;1;0;0;0;0;0;0;2;0;0;0;0
"02/09/2022";"12:21:00";"116";"Acidente s";"19";"BR-290/RS";"Leste";"Colisão - Lateral";1;0;0;0;0;1;0;0;0;0;2;0;1;0;0
"02/09/2022";"14:19:00";"139";"Acidente s";"225";"BR-386/RS";"Norte";"Saída de pista";1;0;0;0;0;0;0;0;0;0;5;0;0;0;0
"02/09/2022";"15:55:00";"156";"Acidente s";"62";"BR-290/RS";"Oeste";"Saída de pista";1;0;0;0;0;0;0;0;0;0;0;1;0;0;0
"02/09/2022";"17:57:00";"169";"Acidente s";"5";"BR-101/RS";"Norte";"Colisão - Traseira";1;0;0;0;0;1;0;0;0;0;2;0;0;0;0
"02/09/2022";"19:16:00";"185";"Acidente s";"200";"BR-386/RS";"Norte";"Atropelamento de Animal";1;0;0;0;0;0;0;0;0;0;2;0;0;0;0
"02/09/2022";"19:19:00";"187";"Acidente s";"427";"BR-386/RS";"Norte";"Colisão - Lateral";1;0;0;0;0;0;0;0;0;1;2;0;0;0;0
"02/09/2022";"19:29:00";"190";"Acidente s";"27";"BR-290/RS";"Oeste";"Saída de pista";1;0;0;0;0;0;0;0;0;0;2;2;0;0;0
"02/09/2022";"21:43:00";"214";"Acidente s";"327";"BR-386/RS";"Sul";"Choque Defensa";1;0;0;0;0;0;0;0;0;0;3;0;0;0;0
"03/09/2022";"03:18:00";"12";"Acidente s";"420";"BR-386/RS";"Ambos";"Capotamento";1;0;0;0;0;0;0;0;0;0;2;1;0;0;0
"03/09/2022";"04:14:00";"14";"Acidente s";"95";"BR-290/RS";"Oeste";"Choque Defensa";1;0;0;0;0;0;0;0;0;0;1;0;0;0;0
"03/09/2022";"06:59:00";"32";"Acidente s";"60";"BR-290/RS";"Oeste";"Choque Praça - Cabine";0;0;0;0;0;1;0;0;0;0;3;0;0;0;0
"03/09/2022";"07:49:00";"47";"Acidente s";"342";"BR-386/RS";"Sul";"Queda de moto";1;0;0;1;0;0;0;0;0;0;1;0;0;0;0
"03/09/2022";"08:10:00";"54";"Acidente s";"275";"BR-386/RS";"Norte";"Colisão - Lateral";1;0;0;0;0;1;0;0;0;0;4;0;0;0;0
"03/09/2022";"10:17:00";"80";"Acidente s";"326";"BR-386/RS";"Sul";"Colisão - Traseira";2;0;0;0;0;0;0;0;0;0;2;0;0;0;0
"03/09/2022";"10:40:00";"87";"Acidente s";"83";"BR-290/RS";"Oeste";"Saída de pista";0;0;0;0;0;0;0;1;0;0;1;0;0;0;0
"03/09/2022";"11:48:00";"98";"Acidente s";"93";"BR-290/RS";"Oeste";"Colisão - Traseira";2;0;0;0;0;0;0;0;0;0;1;2;0;0;0
"03/09/2022";"12:42:00";"111";"Acidente s";"80";"BR-290/RS";"Leste";"Saída de pista";1;0;0;0;0;0;0;0;0;0;1;0;0;0;0
"03/09/2022";"15:21:00";"134";"Acidente c";"346";"BR-386/RS";"Sul";"Colisão - Traseira";2;0;0;0;0;0;0;0;0;0;0;0;2;2;0
"03/09/2022";"15:28:00";"135";"Acidente s";"384";"BR-386/RS";"Norte";"Colisão - Traseira";1;0;0;0;0;0;0;1;0;0;1;0;0;0;0
"03/09/2022";"19:49:00";"181";"Acidente s";"445";"BR-386/RS";"Sul";"Atropelamento de Animal";1;0;0;0;0;0;0;0;0;0;5;0;0;1;2
"03/09/2022";"20:03:00";"184";"Atropelame";"440";"BR-386/RS";"Norte";"Atropelamento - Morador/Trabalhador/Estudante";1;0;0;0;0;0;0;0;0;0;2;0;0;0;0
"04/09/2022";"07:21:00";"27";"Acidente s";"384";"BR-386/RS";"Sul";"Saída de pista";1;0;0;0;0;0;0;0;0;0;2;0;0;0;0
"04/09/2022";"09:37:00";"52";"Acidente s";"7";"BR-101/RS";"Norte";"Colisão - Lateral";2;0;0;0;0;0;0;0;0;0;3;0;0;0;0
"04/09/2022";"13:18:00";"82";"Acidente c";"346";"BR-386/RS";"Sul";"Colisão - Traseira";2;0;0;0;0;0;0;0;0;0;2;0;0;0;0
"04/09/2022";"16:49:00";"114";"Acidente s";"40";"BR-290/RS";"Oeste";"Saída de pista";1;0;0;0;0;0;0;0;0;0;1;1;0;0;0
"04/09/2022";"21:28:00";"158";"Acidente s";"271";"BR-386/RS";"Norte";"Saída de pista";0;0;1;0;0;0;0;0;0;0;2;0;0;0;0
"04/09/2022";"21:44:00";"161";"Acidente c";"299";"BR-386/RS";"Norte";"Colisão - Transversal";1;0;1;0;0;0;0;0;0;0;3;0;0;0;0
"04/09/2022";"22:58:00";"169";"Acidente s";"308";"BR-386/RS";"Sul";"Choque com objeto sobre a pista";1;0;0;0;0;0;0;0;0;0;0;1;0;0;0
"05/09/2022";"08:08:00";"67";"Acidente s";"86";"BR-290/RS";"Leste";"Engavetamento";2;0;1;0;0;1;0;0;0;0;1;0;0;0;0
"05/09/2022";"08:16:00";"72";"Acidente s";"38";"BR-290/RS";"Oeste";"Choque Defensa";1;0;0;0;0;0;0;0;0;0;0;1;0;0;0
"05/09/2022";"08:43:00";"84";"Acidente s";"85";"BR-290/RS";"Leste";"Engavetamento";2;0;0;0;0;0;0;0;0;1;5;0;0;0;0
"05/09/2022";"10:04:00";"121";"Acidente s";"94";"BR-290/RS";"Oeste";"Colisão - Traseira";3;0;0;0;0;0;0;0;0;0;2;0;0;0;0
"05/09/2022";"10:08:00";"123";"Acidente s";"231";"BR-386/RS";"Sul";"Queda de ribanceira";0;0;0;0;0;0;0;1;0;0;1;0;0;2;0
"05/09/2022";"16:35:00";"227";"Acidente c";"36";"BR-290/RS";"Leste";"Queda de ribanceira";1;0;0;0;0;0;0;0;0;0;7;0;0;0;0
"05/09/2022";"17:23:00";"234";"Acidente s";"91";"BR-290/RS";"Oeste";"Engavetamento";3;0;0;0;0;0;0;0;0;0;3;1;0;0;0
"05/09/2022";"20:00:00";"260";"Acidente s";"444";"BR-386/RS";"Norte";"Colisão - Lateral";2;0;0;0;0;0;0;0;0;0;4;0;0;0;0
"05/09/2022";"22:47:00";"279";"Acidente s";"69";"BR-290/RS";"Ambos";"Queda de ribanceira";1;0;0;0;0;0;0;0;0;0;2;0;0;0;0
"05/09/2022";"22:57:00";"280";"Acidente s";"15";"BR-448/RS";"Sul";"Saída de pista";0;0;0;0;0;0;0;1;0;0;5;0;0;0;0
"06/09/2022";"03:08:00";"9";"Acidente s";"303";"BR-386/RS";"Norte";"Saída de pista";0;0;0;0;0;1;0;1;0;0;2;0;0;0;0
"06/09/2022";"07:12:00";"24";"Acidente s";"417";"BR-386/RS";"Sul";"Colisão - Transversal";0;0;1;0;0;0;0;1;0;0;2;0;2;0;0
"06/09/2022";"07:32:00";"36";"Acidente s";"414";"BR-386/RS";"Norte";"Choque - Arvore";1;0;0;0;0;0;0;0;0;0;3;0;0;0;0
"06/09/2022";"07:35:00";"38";"Acidente s";"414";"BR-386/RS";"Norte";"Saída de pista";1;0;0;0;0;0;0;0;0;0;3;0;0;0;0
"06/09/2022";"08:40:00";"71";"Acidente s";"343";"BR-386/RS";"Norte";"Colisão - Traseira";2;0;0;0;0;0;0;0;0;0;3;0;0;0;0
"06/09/2022";"09:01:00";"79";"Acidente c";"92";"BR-290/RS";"Oeste";"Queda de moto";0;0;0;1;0;0;0;0;0;0;1;0;0;0;0
"06/09/2022";"09:48:00";"94";"Acidente s";"369";"BR-386/RS";"Sul";"Atropelamento de Animal";0;0;0;0;0;0;0;0;0;1;1;1;1;0;0
"06/09/2022";"11:14:00";"112";"Acidente s";"394,3";"BR-386/RS";"Norte";"Tombamento";0;0;0;0;0;0;0;1;0;0;1;0;0;0;0
"06/09/2022";"12:05:00";"124";"Acidente s";"431";"BR-386/RS";"Sul";"Saída de pista";0;0;0;0;0;0;0;1;0;0;0;1;0;0;0
"06/09/2022";"13:36:00";"140";"Acidente s";"80";"BR-290/RS";"Oeste";"Queda de moto";0;0;0;1;0;0;0;0;0;0;2;0;0;0;0
"06/09/2022";"15:38:00";"166";"Acidente s";"426";"BR-386/RS";"Norte";"Colisão - Lateral";2;0;0;0;0;0;0;0;0;0;6;0;0;0;0
"06/09/2022";"21:03:00";"232";"Acidente s";"379";"BR-386/RS";"Norte";"Atropelamento de Animal";1;0;0;0;0;0;0;0;0;0;2;0;0;0;0
"06/09/2022";"21:54:00";"234";"Acidente s";"5";"BR-290/RS";"Oeste";"Queda de ribanceira";1;0;0;0;0;0;0;0;0;0;1;0;0;0;0
"06/09/2022";"21:59:00";"235";"Acidente s";"86";"BR-101/RS";"Norte";"Colisão - Lateral";1;0;0;0;0;0;0;1;0;0;8;0;0;0;0
"06/09/2022";"22:33:00";"239";"Acidente s";"308";"BR-386/RS";"Norte";"Saída de pista";1;0;0;0;0;0;0;0;0;0;3;0;0;0;0
"06/09/2022";"22:56:00";"242";"Acidente c";"368";"BR-386/RS";"Norte";"Queda de moto";1;0;0;1;0;0;0;0;0;0;1;0;0;0;0
"06/09/2022";"23:22:00";"245";"Acidente s";"410";"BR-386/RS";"Norte";"Saída de pista";0;0;0;1;0;0;0;0;0;0;1;0;1;0;0
"07/09/2022";"02:17:00";"4";"Acidente s";"346";"BR-386/RS";"Norte";"Saída de pista";1;0;0;0;0;0;0;0;0;0;1;0;0;0;0
"07/09/2022";"06:01:00";"15";"Acidente s";"76";"BR-101/RS";"Norte";"Saída de pista";1;0;0;0;0;0;0;0;0;0;3;0;0;0;0
"07/09/2022";"06:48:00";"17";"Acidente s";"434";"BR-386/RS";"Norte";"Capotamento";1;0;0;0;0;0;0;0;0;0;1;0;1;0;0
"07/09/2022";"10:22:00";"53";"Acidente s";"403";"BR-386/RS";"Sul";"Choque Defensa";1;0;0;0;0;0;0;0;0;0;2;0;0;0;0
"07/09/2022";"15:22:00";"98";"Acidente s";"375";"BR-386/RS";"Norte";"Choque Praça - Cabine";0;0;0;0;0;1;0;0;0;0;2;0;0;0;0
"07/09/2022";"17:36:00";"114";"Acidente c";"418";"BR-386/RS";"Ambos";"Saída de pista";0;0;1;1;0;0;0;0;0;0;1;0;0;0;0
"07/09/2022";"19:25:00";"133";"Acidente c";"257";"BR-386/RS";"Sul";"Colisão - Frontal";2;0;0;0;0;0;0;0;0;0;2;0;1;0;0
"07/09/2022";"19:41:00";"135";"Acidente s";"80";"BR-290/RS";"Leste";"Saída de pista";1;0;0;0;0;0;0;0;0;0;4;0;0;0;0
"07/09/2022";"20:12:00";"138";"Acidente s";"86";"BR-290/RS";"Leste";"Saída de pista";1;0;0;0;0;0;0;0;0;0;0;1;0;0;0
"08/09/2022";"07:53:00";"49";"Acidente s";"84";"BR-290/RS";"Oeste";"Colisão - Traseira";4;0;0;0;0;0;0;0;0;0;0;2;0;0;0
"08/09/2022";"09:44:00";"98";"Atropelame";"440";"BR-386/RS";"Sul";"Atropelamento - Morador/Trabalhador/Estudante";1;0;0;0;0;0;0;0;0;0;1;0;0;0;0
"08/09/2022";"10:19:00";"108";"Acidente c";"288,1";"BR-386/RS";"Norte";"Tombamento";0;0;1;0;0;0;0;0;0;0;3;0;0;0;0
"08/09/2022";"14:14:00";"162";"Acidente s";"97";"BR-290/RS";"Leste";"Engavetamento";3;0;0;0;0;0;0;0;0;0;2;0;0;0;0
"08/09/2022";"23:08:00";"266";"Acidente s";"47";"BR-101/RS";"Norte";"Colisão - Lateral";1;0;1;0;0;0;0;0;0;0;2;0;0;0;0
"09/09/2022";"07:20:00";"37";"Acidente s";"75";"BR-290/RS";"Leste";"Choque Defensa";1;0;0;0;0;0;0;0;0;0;2;0;0;0;0
"09/09/2022";"16:31:00";"192";"Acidente s";"74";"BR-101/RS";"Sul";"Queda de ribanceira";1;0;0;0;0;0;0;0;0;0;2;0;0;0;0
"09/09/2022";"18:04:00";"209";"Acidente s";"422";"BR-386/RS";"Sul";"Queda de ribanceira";1;0;0;0;0;0;0;0;0;0;1;0;0;0;0
"09/09/2022";"18:33:00";"214";"Acidente s";"401";"BR-386/RS";"Sul";"Queda de ribanceira";1;0;0;0;0;0;0;0;0;0;1;0;0;0;0
"09/09/2022";"18:51:00";"217";"Acidente s";"80";"BR-290/RS";"Oeste";"Queda de ribanceira";1;0;0;0;0;0;0;0;0;0;1;0;0;0;0
"09/09/2022";"19:59:00";"227";"Acidente c";"393";"BR-386/RS";"Sul";"Queda de ribanceira";0;0;1;0;0;0;0;0;0;0;2;0;0;0;0
"09/09/2022";"20:03:00";"229";"Acidente s";"287";"BR-386/RS";"Norte";"Colisão - Lateral";1;0;0;0;1;0;0;0;0;0;2;0;0;0;0
"09/09/2022";"20:19:00";"234";"Acidente s";"5";"BR-290/RS";"Leste";"Queda de ribanceira";1;0;0;0;0;0;0;0;0;0;3;0;0;0;0
"09/09/2022";"20:19:00";"235";"Acidente s";"307";"BR-386/RS";"Norte";"Colisão - Traseira";2;0;0;0;0;0;0;0;0;0;1;0;0;0;0
"09/09/2022";"20:21:00";"237";"Acidente s";"3";"BR-290/RS";"Oeste";"Queda de ribanceira";1;0;0;0;0;0;0;0;0;0;1;0;0;0;0
"09/09/2022";"20:31:00";"239";"Acidente s";"94";"BR-290/RS";"Leste";"Choque Barreira";1;0;0;0;0;0;0;0;0;0;0;0;1;0;0
"09/09/2022";"22:33:00";"251";"Acidente s";"2";"BR-101/RS";"Norte";"Tombamento";0;0;1;0;0;0;0;0;0;0;2;0;0;0;0
"09/09/2022";"22:43:00";"253";"Acidente s";"41";"BR-290/RS";"Ambos";"Saída de pista";1;0;0;0;0;0;0;0;0;0;3;0;0;0;0
"10/09/2022";"01:26:00";"8";"Acidente s";"335";"BR-386/RS";"Sul";"Queda de ribanceira";1;0;0;0;0;0;0;0;0;0;2;0;0;0;0
"10/09/2022";"03:44:00";"13";"Acidente s";"364";"BR-386/RS";"Norte";"Saída de pista";1;0;0;0;0;0;0;0;0;0;4;0;0;0;0
"10/09/2022";"05:37:00";"19";"Acidente s";"346";"BR-386/RS";"Norte";"Colisão - Traseira";2;0;0;0;0;0;0;0;0;0;2;0;0;0;0
"10/09/2022";"05:58:00";"21";"Acidente c";"9";"BR-101/RS";"Norte";"Capotamento";1;0;0;0;0;0;0;0;0;1;1;0;0;0;0
"10/09/2022";"07:50:00";"54";"Acidente s";"396";"BR-386/RS";"Sul";"Colisão - Traseira";2;0;0;0;0;0;0;0;0;0;0;0;1;0;0
"10/09/2022";"10:34:00";"101";"Acidente c";"282";"BR-386/RS";"Sul";"Colisão - Transversal";2;0;0;0;0;0;0;0;0;0;2;0;0;0;0
"10/09/2022";"10:49:00";"105";"Acidente s";"91";"BR-290/RS";"Leste";"Choque Defensa";0;0;1;0;0;0;0;0;0;0;4;0;0;0;0
"10/09/2022";"15:02:00";"153";"Acidente c";"256";"BR-386/RS";"Sul";"Capotamento";1;0;0;0;0;0;0;0;0;0;0;1;1;0;0
"10/09/2022";"17:14:00";"177";"Acidente s";"441";"BR-386/RS";"Sul";"Colisão - Traseira";1;0;0;1;0;0;0;0;0;0;2;0;0;0;0
"10/09/2022";"19:20:00";"194";"Acidente s";"411";"BR-386/RS";"Norte";"Engavetamento";3;0;0;0;0;0;0;0;0;0;1;0;0;0;0
"10/09/2022";"20:28:00";"202";"Acidente s";"415";"BR-386/RS";"Norte";"Queda de ribanceira";1;0;0;0;0;1;0;0;0;0;1;2;0;0;0
"11/09/2022";"02:51:00";"8";"Acidente s";"366";"BR-386/RS";"Sul";"Saída de pista";1;0;0;0;0;0;0;0;0;0;1;0;0;0;0
"11/09/2022";"15:26:00";"121";"Acidente s";"60";"BR-290/RS";"Oeste";"Colisão - Traseira";1;0;0;0;0;0;0;0;0;0;0;0;0;1;0
"11/09/2022";"17:24:00";"143";"Acidente s";"80";"BR-101/RS";"Sul";"Colisão - Traseira";2;0;0;0;0;0;0;0;0;0;2;1;1;0;0
"11/09/2022";"19:19:00";"166";"Acidente s";"440";"BR-386/RS";"Norte";"Colisão - Frontal";2;0;0;0;0;0;0;0;0;0;5;0;0;0;0
"11/09/2022";"19:30:00";"173";"Acidente c";"50";"BR-101/RS";"Sul";"Queda de ribanceira";1;0;0;0;0;0;0;0;0;0;1;0;0;1;0
"11/09/2022";"20:18:00";"177";"Acidente s";"401";"BR-386/RS";"Norte";"Saída de pista";1;0;0;0;0;0;0;0;0;0;2;0;0;0;0
"12/09/2022";"03:12:00";"6";"Acidente s";"292";"BR-386/RS";"Norte";"Choque - Arvore";1;0;0;0;0;0;0;0;0;0;2;0;0;0;0
"12/09/2022";"06:52:00";"21";"Acidente s";"250";"BR-386/RS";"Norte";"Queda de ribanceira";1;0;0;0;0;0;0;0;0;0;1;0;0;0;0
"12/09/2022";"11:08:00";"132";"Acidente s";"416";"BR-386/RS";"Norte";"Colisão - Traseira";1;0;1;0;0;0;0;0;0;0;1;0;0;0;0
"12/09/2022";"15:00:00";"186";"Acidente s";"346";"BR-386/RS";"Norte";"Tombamento";0;0;1;0;0;0;0;0;0;0;2;0;0;0;0
"12/09/2022";"15:53:00";"194";"Acidente s";"346,1";"BR-386/RS";"Norte";"Colisão - Lateral";1;0;1;0;0;0;0;0;0;0;1;0;0;0;1
"12/09/2022";"17:48:00";"210";"Acidente c";"68,8";"BR-290/RS";"Oeste";"Colisão - Lateral";2;0;0;0;0;0;0;0;0;0;2;2;0;0;0
"12/09/2022";"19:21:00";"228";"Acidente c";"343";"BR-386/RS";"Sul";"Colisão - Lateral";1;0;0;1;0;0;0;0;0;0;1;0;0;0;0
"13/09/2022";"05:43:00";"14";"Acidente c";"307";"BR-386/RS";"Sul";"Tombamento";0;0;0;0;0;0;0;1;0;0;4;0;0;0;0
"13/09/2022";"06:09:00";"15";"Acidente s";"86";"BR-290/RS";"Leste";"Saída de pista";1;0;0;0;0;0;0;0;0;0;4;0;0;0;0
"13/09/2022";"07:37:00";"43";"Acidente s";"20";"BR-448/RS";"Sul";"Colisão - Traseira";2;0;0;0;0;0;0;0;0;0;0;0;1;0;0
"13/09/2022";"11:12:00";"130";"Acidente s";"230";"BR-386/RS";"Sul";"Colisão - Lateral";1;0;0;0;0;0;0;1;0;0;2;0;0;0;0
"13/09/2022";"18:11:00";"210";"Acidente s";"80";"BR-290/RS";"Oeste";"Queda de moto";0;0;0;1;0;0;0;0;0;0;2;0;1;0;0
"13/09/2022";"20:38:00";"239";"Acidente s";"7";"BR-290/RS";"Oeste";"Saída de pista";1;0;0;0;0;0;0;0;0;0;1;0;0;0;0
"13/09/2022";"21:18:00";"243";"Atropelame";"80";"BR-290/RS";"Leste";"Atropelamento - Usuário";1;0;0;0;0;1;0;0;0;0;3;0;0;0;0
"14/09/2022";"04:40:00";"15";"Acidente s";"399";"BR-386/RS";"Sul";"Saída de pista";0;0;0;0;0;0;0;0;0;1;3;0;0;0;0
"14/09/2022";"13:55:00";"166";"Acidente c";"356";"BR-386/RS";"Norte";"Colisão - Transversal";2;0;0;0;0;0;0;0;0;0;2;0;1;0;0
"14/09/2022";"14:54:00";"172";"Acidente s";"48";"BR-101/RS";"Norte";"Choque Defensa";0;0;0;0;0;0;0;1;0;0;5;0;1;0;0
"14/09/2022";"16:54:00";"194";"Acidente s";"49";"BR-101/RS";"Sul";"Tombamento";0;0;1;0;0;0;0;0;0;0;2;0;0;0;0
"14/09/2022";"19:15:00";"218";"Acidente c";"18";"BR-101/RS";"Sul";"Colisão - Frontal";2;0;0;0;0;0;0;0;0;0;2;0;0;0;0
"15/09/2022";"06:11:00";"16";"Acidente s";"347";"BR-386/RS";"Sul";"Saída de pista";1;0;0;0;0;0;0;0;0;0;2;0;0;0;0
"15/09/2022";"06:52:00";"23";"Acidente s";"430";"BR-386/RS";"Norte";"Choque com veículo na faixa de rolamento";1;0;0;0;0;0;0;1;0;0;1;0;0;0;0
"15/09/2022";"14:08:00";"159";"Acidente s";"342";"BR-386/RS";"Norte";"Colisão - Traseira";1;0;1;0;0;0;0;0;0;0;0;0;0;0;1
"15/09/2022";"15:59:00";"184";"Acidente s";"61";"BR-290/RS";"Leste";"Saída de pista";0;0;1;0;0;0;0;0;0;0;4;0;0;0;0
"15/09/2022";"18:59:00";"213";"Acidente s";"199";"BR-386/RS";"Sul";"Queda de ribanceira";1;0;0;0;0;1;0;0;0;0;0;1;0;0;0
"16/09/2022";"11:01:00";"139";"Acidente s";"6";"BR-448/RS";"Norte";"Choque Barreira";1;0;0;0;0;0;0;0;0;0;1;1;0;0;0
"16/09/2022";"17:08:00";"209";"Acidente s";"380";"BR-386/RS";"Sul";"Colisão - Lateral";1;0;0;0;0;0;0;0;0;0;2;0;0;0;0
"16/09/2022";"19:09:00";"239";"Acidente c";"270";"BR-386/RS";"Sul";"Colisão - Transversal";2;0;0;0;0;0;0;0;0;0;1;0;0;0;0
"16/09/2022";"19:19:00";"240";"Acidente s";"57";"BR-101/RS";"Sul";"Saída de pista";1;0;0;0;0;0;0;0;0;0;1;0;1;0;0
"16/09/2022";"20:05:00";"247";"Acidente s";"7";"BR-290/RS";"Leste";"Atropelamento de Animal";1;0;0;0;0;0;0;0;0;0;0;0;1;0;0
"16/09/2022";"20:06:00";"248";"Acidente s";"265";"BR-386/RS";"Norte";"Atropelamento de Animal";1;0;0;0;0;0;0;0;0;0;2;0;0;0;0
"16/09/2022";"23:29:00";"272";"Acidente s";"12";"BR-101/RS";"Sul";"Saída de pista";1;0;0;0;0;0;0;1;0;0;4;0;0;0;0
"16/09/2022";"23:54:00";"277";"Atropelame";"417";"BR-386/RS";"Norte";"Atropelamento - Andarilho";1;0;0;0;0;0;0;0;0;0;1;0;0;0;0
"17/09/2022";"07:09:00";"37";"Acidente s";"60";"BR-290/RS";"Leste";"Colisão - Traseira";2;0;0;0;0;0;0;0;0;0;7;0;0;0;0
"17/09/2022";"08:41:00";"66";"Acidente s";"92";"BR-290/RS";"Leste";"Choque Defensa";1;0;0;0;0;0;0;0;0;0;11;0;0;0;0
"17/09/2022";"08:50:00";"68";"Acidente c";"228";"BR-386/RS";"Sul";"Colisão - Lateral";2;0;0;0;0;0;0;0;0;0;3;0;0;0;0
"17/09/2022";"10:20:00";"88";"Acidente s";"68";"BR-101/RS";"Norte";"Queda de moto";1;0;0;0;0;0;0;0;0;0;4;0;0;0;0
"17/09/2022";"10:34:00";"92";"Acidente s";"232";"BR-386/RS";"Norte";"Colisão - Traseira";2;0;0;0;0;0;0;0;0;0;4;0;0;0;0
"17/09/2022";"12:07:00";"115";"Acidente s";"39";"BR-101/RS";"Sul";"Saída de pista";1;0;0;0;0;0;0;0;0;0;2;0;0;0;0
"17/09/2022";"14:08:00";"139";"Acidente s";"408";"BR-386/RS";"Sul";"Saída de pista";1;0;0;0;0;0;0;0;0;0;2;0;0;0;0
"17/09/2022";"16:25:00";"159";"Acidente c";"410";"BR-386/RS";"Sul";"Queda de moto";0;0;0;1;0;0;0;0;0;0;4;0;0;0;0
"17/09/2022";"22:58:00";"213";"Acidente s";"370";"BR-386/RS";"Norte";"Colisão - Traseira";2;0;0;0;0;0;0;0;0;0;4;0;0;0;0
"18/09/2022";"17:59:00";"130";"Acidente c";"419";"BR-386/RS";"Norte";"Choque com veículo no acostamento";0;0;0;1;0;0;0;1;0;0;1;0;0;0;0
"19/09/2022";"00:51:00";"10";"Acidente s";"35";"BR-101/RS";"Norte";"Choque Praça - Cabine";0;0;0;0;0;0;0;1;0;0;4;0;0;0;0
"19/09/2022";"07:25:00";"43";"Acidente s";"250";"BR-386/RS";"Norte";"Colisão - Traseira";2;0;0;0;0;0;0;0;0;0;1;0;0;0;0
"19/09/2022";"08:03:00";"65";"Acidente s";"352";"BR-386/RS";"Sul";"Colisão - Lateral";1;0;0;0;0;0;0;1;0;0;3;0;0;0;0
"19/09/2022";"12:32:00";"145";"Acidente c";"360";"BR-386/RS";"Sul";"Capotamento";1;0;0;0;0;0;0;0;0;0;3;0;0;0;0
"19/09/2022";"13:34:00";"157";"Acidente s";"83";"BR-290/RS";"Oeste";"Colisão - Frontal";1;0;0;1;0;0;0;0;0;0;1;0;0;0;0
"19/09/2022";"16:01:00";"185";"Acidente s";"91";"BR-290/RS";"Leste";"Choque Defensa";1;0;0;0;0;0;0;0;0;0;1;0;1;0;0
"19/09/2022";"18:16:00";"212";"Acidente s";"436";"BR-386/RS";"Sul";"Saída de pista";1;0;0;1;0;0;0;0;0;0;0;0;2;0;0
"19/09/2022";"20:01:00";"234";"Acidente s";"400";"BR-386/RS";"Sul";"Saída de pista";1;0;0;0;0;0;0;0;0;0;3;0;0;0;0
"19/09/2022";"21:56:00";"248";"Acidente s";"22";"BR-448/RS";"Sul";"Choque Barreira";1;0;0;0;0;0;0;0;0;0;5;0;0;0;0
"19/09/2022";"22:15:00";"250";"Acidente s";"304";"BR-386/RS";"Sul";"Saída de pista";2;0;0;0;0;0;0;0;0;0;1;0;0;0;0
"19/09/2022";"23:27:00";"256";"Acidente s";"75";"BR-290/RS";"Oeste";"Saída de pista";1;0;0;0;0;0;0;0;0;0;4;0;0;0;0
"20/09/2022";"09:18:00";"62";"Acidente s";"33";"BR-101/RS";"Sul";"Choque Defensa";1;0;0;0;0;0;0;0;0;0;2;0;0;0;0
"20/09/2022";"16:18:00";"155";"Acidente s";"60";"BR-290/RS";"Oeste";"Colisão - Traseira";2;0;0;0;0;0;0;0;0;0;4;0;0;0;0