data;horario;n_da_ocorrencia;tipo_de_ocorrencia;km;trecho;sentido;tipo_de_acidente;automovel;bicicleta;caminhao;moto;onibus;outros;tracao_animal;transporte_de_cargas_especiais;trator_maquinas;utilitarios;ilesos;levemente_feridos;moderadamente_feridos;gravemente_feridos;mortos
"20/09/2022";"20:28:00";"222";"Acidente s";"32";"BR-290/RS";"Oeste";"Choque Defensa";0;0;1;0;0;0;0;0;0;0;3;0;0;0;0
"21/09/2022";"01:00:00";"7";"Acidente s";"87";"BR-290/RS";"Oeste";"Colisão - Traseira";2;0;0;0;0;0;0;0;0;0;3;0;0;0;0
"21/09/2022";"04:20:00";"18";"Acidente c";"29";"BR-101/RS";"Norte";"Saída de pista";1;0;0;0;0;0;0;0;0;0;2;0;0;1;0
"21/09/2022";"07:02:00";"41";"Acidente s";"444";"BR-386/RS";"Norte";"Saída de pista";1;0;0;0;0;0;0;0;0;0;1;1;0;0;0
"21/09/2022";"08:05:00";"84";"Acidente s";"11";"BR-448/RS";"Sul";"Choque Barreira";1;0;0;0;0;0;0;0;0;0;3;0;0;0;0
"21/09/2022";"08:15:00";"94";"Acidente s";"60";"BR-290/RS";"Oeste";"Colisão - Traseira";2;0;0;0;0;0;0;0;0;0;1;0;0;0;0
"21/09/2022";"14:12:00";"189";"Acidente s";"335";"BR-386/RS";"Norte";"Saída de pista";1;0;0;0;0;0;0;0;0;0;5;0;0;0;0
"21/09/2022";"18:48:00";"245";"Acidente s";"344";"BR-386/RS";"Sul";"Engavetamento";3;0;0;0;0;1;0;0;0;0;3;0;0;0;0
"22/09/2022";"00:06:00";"2";"Acidente s";"22";"BR-290/RS";"Leste";"Saída de pista";0;0;1;0;0;0;0;0;0;0;0;0;1;1;0
"22/09/2022";"06:43:00";"28";"Acidente s";"44";"BR-101/RS";"Sul";"Capotamento";1;0;0;0;0;0;0;0;0;0;1;0;0;0;0
"22/09/2022";"09:33:00";"88";"Acidente c";"69";"BR-290/RS";"Leste";"Saída de pista";1;0;0;0;0;0;0;0;0;0;1;0;0;0;0
"22/09/2022";"10:12:00";"96";"Acidente s";"62";"BR-290/RS";"Oeste";"Colisão - Transversal";1;0;0;0;0;1;0;0;0;0;2;0;0;1;0
"22/09/2022";"17:50:00";"200";"Acidente s";"349";"BR-386/RS";"Norte";"Colisão - Traseira";2;0;0;0;0;0;0;0;0;0;0;1;0;0;0
"22/09/2022";"21:23:00";"240";"Acidente s";"369";"BR-386/RS";"Norte";"Saída de pista";1;0;0;0;0;0;0;0;0;0;2;0;0;0;0
"23/09/2022";"07:16:00";"35";"Acidente c";"341";"BR-386/RS";"Norte";"Colisão - Traseira";2;0;0;0;0;0;0;0;0;0;1;0;0;0;0
"23/09/2022";"11:12:00";"144";"Acidente s";"92";"BR-290/RS";"Leste";"Colisão - Traseira";1;0;0;1;0;0;0;0;0;0;2;0;0;0;0
"23/09/2022";"16:11:00";"212";"Acidente s";"314";"BR-386/RS";"Sul";"Choque Barreira";1;0;0;0;0;0;0;0;0;0;3;0;0;0;0
"23/09/2022";"17:05:00";"221";"Acidente s";"90";"BR-290/RS";"Leste";"Colisão - Traseira";2;0;0;0;0;0;0;0;0;0;1;0;0;0;0
"23/09/2022";"17:25:00";"224";"Acidente s";"345";"BR-386/RS";"Sul";"Colisão - Traseira";1;0;1;0;0;0;0;0;0;0;1;0;0;0;0
"23/09/2022";"19:03:00";"245";"Acidente s";"10";"BR-448/RS";"Norte";"Colisão - Traseira";2;0;0;0;0;0;0;0;0;0;2;0;0;0;0
"23/09/2022";"19:16:00";"247";"Acidente c";"338";"BR-386/RS";"Ambos";"Colisão - Traseira";2;0;1;0;0;0;0;0;0;0;3;0;1;0;0
"23/09/2022";"21:40:00";"280";"Acidente c";"91,1";"BR-290/RS";"Leste";"Colisão - Lateral";2;0;0;0;0;0;0;0;0;0;2;0;0;0;0
"23/09/2022";"22:49:00";"289";"Acidente s";"86";"BR-290/RS";"Oeste";"Colisão - Lateral";2;0;0;0;0;0;0;0;0;0;2;0;0;0;0
"24/09/2022";"00:13:00";"7";"Acidente s";"445";"BR-386/RS";"Sul";"Choque Defensa";1;0;0;0;0;0;0;0;0;0;1;0;0;0;0
"24/09/2022";"00:25:00";"9";"Acidente s";"263";"BR-386/RS";"Norte";"Outros";1;0;0;0;0;0;0;0;0;0;1;0;0;0;0
"24/09/2022";"02:03:00";"16";"Acidente s";"366";"BR-386/RS";"Norte";"Atropelamento de Animal";1;0;0;0;0;0;0;0;0;0;0;0;0;0;0
"24/09/2022";"11:30:00";"101";"Acidente s";"346";"BR-386/RS";"Sul";"Colisão - Traseira";2;0;0;0;0;0;0;0;0;0;2;0;0;0;0
"24/09/2022";"12:00:00";"109";"Acidente s";"94";"BR-290/RS";"Oeste";"Colisão - Traseira";2;0;0;0;0;0;0;0;0;0;5;0;0;0;0
"24/09/2022";"13:11:00";"120";"Acidente c";"7";"BR-448/RS";"Norte";"Queda de moto";0;0;0;1;0;0;0;0;0;0;2;0;0;0;0
"24/09/2022";"15:25:00";"149";"Acidente s";"1";"BR-448/RS";"Norte";"Colisão - Lateral";0;0;0;1;0;0;0;1;0;0;0;1;0;0;0
"24/09/2022";"16:07:00";"154";"Acidente s";"325";"BR-386/RS";"Norte";"Colisão - Transversal";1;0;0;0;0;0;0;1;0;0;2;0;0;0;0
"24/09/2022";"19:40:00";"200";"Acidente s";"19";"BR-290/RS";"Leste";"Colisão - Traseira";2;0;0;0;0;0;0;0;0;0;1;0;0;0;0
"24/09/2022";"20:16:00";"209";"Acidente s";"32";"BR-290/RS";"Oeste";"Colisão - Lateral";1;0;1;0;0;0;0;0;0;0;2;0;1;0;0
"24/09/2022";"23:46:00";"239";"Atropelame";"347";"BR-386/RS";"Norte";"Atropelamento - Usuário";1;0;0;0;0;0;0;0;0;0;1;0;0;0;0
"25/09/2022";"02:53:00";"12";"Acidente s";"25";"BR-290/RS";"Oeste";"Colisão - Traseira";2;0;0;0;0;0;0;0;0;0;3;1;0;0;0
"25/09/2022";"09:43:00";"55";"Acidente s";"74";"BR-101/RS";"Sul";"Queda de ribanceira";1;0;0;0;0;0;0;0;0;0;1;0;0;0;0
"25/09/2022";"10:12:00";"62";"Acidente s";"396";"BR-386/RS";"Norte";"Saída de pista";1;0;0;0;0;0;0;0;0;0;1;0;0;0;0
"25/09/2022";"22:15:00";"197";"Acidente c";"227";"BR-386/RS";"Norte";"Capotamento";3;0;0;0;0;0;0;0;0;0;2;0;0;0;0
"25/09/2022";"23:14:00";"201";"Acidente s";"32";"BR-101/RS";"Norte";"Atropelamento de Animal";1;0;0;0;0;0;0;0;0;0;3;0;0;0;0
"25/09/2022";"23:14:00";"202";"Acidente s";"75";"BR-290/RS";"Leste";"Choque Barreira";1;0;0;0;0;0;0;0;0;0;5;0;0;0;0
"26/09/2022";"03:08:00";"11";"Acidente s";"365";"BR-386/RS";"Sul";"Saída de pista";1;0;0;0;0;0;0;0;0;0;2;1;0;0;0
"26/09/2022";"09:20:00";"111";"Acidente s";"57";"BR-101/RS";"Sul";"Saída de pista";1;0;0;0;0;0;0;0;0;0;0;2;0;0;0
"26/09/2022";"09:47:00";"124";"Acidente s";"19";"BR-290/RS";"Oeste";"Colisão - Traseira";2;0;0;0;0;0;0;0;0;0;2;0;0;0;0
"26/09/2022";"11:27:00";"146";"Acidente c";"238";"BR-386/RS";"Sul";"Engavetamento";2;0;0;0;0;2;0;0;0;0;1;0;0;0;0
"26/09/2022";"16:09:00";"221";"Acidente s";"342";"BR-386/RS";"Sul";"Colisão - Transversal";1;0;0;0;0;0;0;1;0;0;1;1;0;0;0
"26/09/2022";"18:03:00";"249";"Atropelame";"438";"BR-386/RS";"Sul";"Atropelamento - Usuário";1;0;0;0;0;0;0;0;0;0;3;0;0;0;0
"26/09/2022";"19:43:00";"273";"Acidente c";"92";"BR-290/RS";"Leste";"Colisão - Traseira";1;0;0;1;0;0;0;0;0;0;0;1;0;0;0
"26/09/2022";"20:53:00";"295";"Acidente s";"365";"BR-386/RS";"Sul";"Capotamento";1;0;0;0;0;0;0;0;0;0;1;0;0;0;0
"26/09/2022";"23:27:00";"310";"Acidente s";"47";"BR-290/RS";"Oeste";"Atropelamento de Animal";1;0;0;0;0;0;0;0;0;0;0;0;1;0;0
"27/09/2022";"08:07:00";"84";"Acidente s";"344";"BR-386/RS";"Sul";"Colisão - Traseira";1;0;1;0;0;0;0;0;0;0;1;0;0;0;0
"27/09/2022";"09:07:00";"117";"Acidente c";"417";"BR-386/RS";"Sul";"Queda de ribanceira";0;0;0;0;0;0;0;1;0;0;1;0;0;0;0
"27/09/2022";"11:35:00";"153";"Acidente s";"354";"BR-386/RS";"Norte";"Colisão - Traseira";1;0;0;1;0;0;0;0;0;0;1;0;0;0;0
"27/09/2022";"14:25:00";"191";"Acidente s";"82";"BR-290/RS";"Leste";"Colisão - Lateral";2;0;0;0;0;0;0;0;0;0;0;0;1;0;0
"27/09/2022";"15:01:00";"202";"Acidente s";"271";"BR-386/RS";"Sul";"Saída de pista";1;0;0;0;0;0;0;0;0;0;1;0;0;0;0
"27/09/2022";"17:00:00";"228";"Acidente c";"435";"BR-386/RS";"Norte";"Queda de moto";0;0;0;1;0;0;0;0;0;0;1;0;0;0;0
"27/09/2022";"19:37:00";"272";"Acidente s";"59";"BR-290/RS";"Oeste";"Capotamento";2;0;0;0;0;0;0;0;0;0;6;0;0;0;0
"27/09/2022";"21:31:00";"288";"Acidente s";"414";"BR-386/RS";"Sul";"Saída de pista";1;0;0;0;0;0;0;0;0;0;1;0;0;0;0
"28/09/2022";"07:57:00";"71";"Acidente s";"3";"BR-448/RS";"Norte";"Choque Barreira";1;0;0;0;0;0;0;0;0;0;1;1;0;0;0
"28/09/2022";"13:40:00";"168";"Acidente s";"53";"BR-290/RS";"Leste";"Colisão - Traseira";1;0;0;0;0;0;0;0;0;1;1;0;0;0;0
"28/09/2022";"17:10:00";"219";"Acidente s";"19";"BR-290/RS";"Oeste";"Colisão - Traseira";2;0;0;0;0;0;0;0;0;0;0;2;0;0;0
"28/09/2022";"18:07:00";"228";"Acidente c";"30";"BR-101/RS";"Sul";"Colisão - Traseira";1;0;0;0;0;0;0;1;0;0;3;0;2;0;0
"28/09/2022";"18:12:00";"232";"Acidente s";"87";"BR-290/RS";"Leste";"Colisão - Traseira";1;0;0;1;0;0;0;0;0;0;1;0;1;3;0
"28/09/2022";"21:49:00";"276";"Acidente c";"439";"BR-386/RS";"Norte";"Queda de moto";0;0;0;1;0;0;0;0;0;0;3;0;0;0;0
"28/09/2022";"23:02:00";"283";"Acidente s";"79";"BR-101/RS";"Sul";"Saída de pista";1;0;0;0;0;0;0;0;0;0;4;0;0;0;0
"29/09/2022";"02:25:00";"12";"Acidente s";"372";"BR-386/RS";"Norte";"Atropelamento de Animal";1;0;0;0;0;0;0;0;0;0;1;0;0;0;0
"29/09/2022";"07:00:00";"44";"Atropelame";"19";"BR-290/RS";"Oeste";"Atropelamento - Funcionário";0;0;0;0;0;0;0;1;0;0;1;0;0;0;0
"29/09/2022";"15:24:00";"198";"Acidente s";"293";"BR-386/RS";"Sul";"Colisão - Traseira";1;0;1;0;0;0;0;0;0;0;1;0;0;0;0
"29/09/2022";"19:41:00";"243";"Acidente s";"326";"BR-386/RS";"Norte";"Colisão - Lateral";1;0;0;0;1;0;0;0;0;0;3;1;1;0;0
"30/09/2022";"00:56:00";"4";"Acidente s";"356";"BR-386/RS";"Norte";"Colisão - Lateral";0;0;1;0;0;0;0;0;0;1;1;0;0;0;0
"30/09/2022";"01:51:00";"7";"Acidente c";"85";"BR-101/RS";"Sul";"Colisão - Traseira";1;0;0;0;0;0;0;1;0;0;2;0;0;0;0
"30/09/2022";"02:46:00";"8";"Acidente c";"53";"BR-290/RS";"Leste";"Tombamento";0;0;0;0;0;0;0;1;0;0;2;0;0;0;0
"30/09/2022";"03:28:00";"12";"Acidente s";"9";"BR-101/RS";"Norte";"Capotamento";1;0;0;0;0;0;0;0;0;0;2;1;0;0;0
"30/09/2022";"16:06:00";"193";"Acidente s";"342";"BR-386/RS";"Norte";"Colisão - Transversal";2;0;0;0;0;0;0;0;0;0;1;0;0;0;0
"30/09/2022";"16:25:00";"197";"Acidente s";"376";"BR-386/RS";"Norte";"Saída de pista";1;0;0;0;0;0;0;0;0;0;1;0;0;0;0
"30/09/2022";"16:26:00";"199";"Acidente c";"401";"BR-386/RS";"Norte";"Colisão - Transversal";2;0;0;0;0;0;0;0;0;0;1;0;0;0;0
"30/09/2022";"17:42:00";"212";"Acidente s";"345";"BR-386/RS";"Norte";"Engavetamento";3;0;0;0;0;0;0;0;0;0;2;0;0;0;0
"30/09/2022";"18:02:00";"217";"Acidente c";"89";"BR-290/RS";"Leste";"Colisão - Lateral";1;0;0;1;0;0;0;0;0;0;1;0;0;1;0
"30/09/2022";"18:14:00";"222";"Acidente c";"42";"BR-290/RS";"Oeste";"Capotamento";1;0;0;0;0;0;0;0;0;0;1;0;0;0;0
"30/09/2022";"20:07:00";"244";"Acidente s";"80";"BR-290/RS";"Oeste";"Saída de pista";1;0;0;0;0;0;0;0;0;0;0;1;0;0;0
"30/09/2022";"21:42:00";"257";"Acidente s";"67";"BR-101/RS";"Sul";"Saída de pista";0;0;1;0;0;0;0;0;0;0;1;0;2;0;0
"30/09/2022";"23:05:00";"272";"Acidente c";"65";"BR-101/RS";"Sul";"Queda de moto";0;0;0;1;0;0;0;0;0;0;1;0;0;0;0
"30/09/2022";"23:29:00";"273";"Acidente s";"20";"BR-448/RS";"Sul";"Queda de moto";0;0;0;1;0;0;0;0;0;0;3;0;0;0;0
"01/10/2022";"04:31:00";"19";"Acidente s";"344";"BR-386/RS";"Norte";"Colisão - Transversal";2;0;0;1;0;0;0;0;0;0;7;0;0;0;0
"01/10/2022";"09:27:00";"66";"Acidente s";"426";"BR-386/RS";"Norte";"Colisão - Transversal";2;0;0;0;0;0;0;0;0;0;1;1;0;0;0
"01/10/2022";"13:30:00";"116";"Acidente s";"75";"BR-290/RS";"Leste";"Choque Defensa";1;0;0;0;0;0;0;0;0;0;2;0;0;0;0
"01/10/2022";"14:21:00";"125";"Acidente c";"70";"BR-290/RS";"Oeste";"Saída de pista";2;0;0;0;0;0;0;0;0;0;1;0;0;0;0
"01/10/2022";"14:42:00";"129";"Acidente s";"392";"BR-386/RS";"Norte";"Colisão - Transversal";2;0;0;0;0;0;0;0;0;0;2;0;0;0;0
"01/10/2022";"20:37:00";"179";"Acidente s";"219";"BR-386/RS";"Ambos";"Colisão - Traseira";2;0;0;0;0;0;0;0;0;0;2;0;0;0;0
"02/10/2022";"02:40:00";"10";"Acidente c";"346";"BR-386/RS";"Norte";"Capotamento";1;0;0;0;0;0;0;0;0;0;2;0;0;0;0
"02/10/2022";"08:05:00";"48";"Acidente s";"6";"BR-290/RS";"Leste";"Saída de pista";0;0;1;0;0;0;0;0;0;0;2;0;0;0;0
"02/10/2022";"15:38:00";"137";"Acidente s";"333";"BR-386/RS";"Sul";"Colisão - Traseira";1;0;0;0;0;0;0;0;0;0;1;0;0;0;0
"02/10/2022";"16:53:00";"148";"Acidente c";"3";"BR-448/RS";"Sul";"Colisão - Lateral";2;0;0;0;0;0;0;0;0;0;0;0;0;0;1
"02/10/2022";"21:40:00";"192";"Acidente s";"353";"BR-386/RS";"Norte";"Queda de moto";0;0;0;1;0;0;0;0;0;0;4;0;0;0;0
"02/10/2022";"22:14:00";"194";"Acidente s";"423,23";"BR-386/RS";"Norte";"Atropelamento de Animal";1;0;0;0;0;0;0;0;0;0;45;0;0;0;0
"03/10/2022";"03:31:00";"11";"Acidente s";"70";"BR-290/RS";"Leste";"Saída de pista";1;0;0;0;0;0;0;0;0;0;0;0;2;0;0
"03/10/2022";"07:14:00";"54";"Acidente s";"304,21";"BR-386/RS";"Sul";"Colisão - Lateral";2;0;0;0;0;0;0;0;0;0;2;0;0;0;0
"03/10/2022";"07:28:00";"63";"Acidente s";"13";"BR-448/RS";"Sul";"Choque Barreira";1;0;0;0;0;0;0;0;0;0;1;0;0;0;0
"03/10/2022";"08:15:00";"97";"Acidente s";"56";"BR-290/RS";"Oeste";"Colisão - Traseira";2;0;0;0;0;0;0;0;0;0;1;0;0;0;0
"03/10/2022";"09:12:00";"122";"Acidente c";"94";"BR-290/RS";"Oeste";"Engavetamento";4;0;0;0;0;0;0;0;0;0;1;0;0;0;0
"03/10/2022";"13:09:00";"173";"Acidente s";"13";"BR-101/RS";"Norte";"Choque - Poste";1;0;0;0;0;0;0;0;0;0;1;0;0;0;0
"03/10/2022";"14:41:00";"202";"Acidente c";"325";"BR-386/RS";"Norte";"Colisão - Frontal";0;0;2;0;0;0;0;0;0;0;1;0;0;0;0
"03/10/2022";"16:05:00";"224";"Acidente s";"335";"BR-386/RS";"Sul";"Queda de ribanceira";1;0;0;0;0;0;0;0;0;0;3;0;0;0;0
"03/10/2022";"17:19:00";"241";"Atropelame";"245";"BR-386/RS";"Sul";"Atropelamento - Morador/Trabalhador/Estudante";1;0;0;0;0;0;0;0;0;0;2;0;0;0;0
"03/10/2022";"18:12:00";"254";"Acidente c";"53";"BR-290/RS";"Oeste";"Queda de ribanceira";1;0;0;0;0;0;0;0;0;0;3;1;0;0;0
"03/10/2022";"18:21:00";"258";"Acidente s";"344";"BR-386/RS";"Norte";"Colisão - Lateral";1;0;0;0;0;0;0;0;0;0;0;2;0;0;0
"03/10/2022";"22:48:00";"293";"Acidente s";"29,21";"BR-290/RS";"Oeste";"Colisão - Traseira";1;0;0;0;0;0;0;0;0;0;4;0;0;0;0
"04/10/2022";"07:41:00";"93";"Acidente c";"346";"BR-386/RS";"Norte";"Colisão - Traseira";1;0;0;1;0;0;0;0;0;0;2;0;0;0;0
"04/10/2022";"08:29:00";"120";"Acidente s";"88";"BR-290/RS";"Oeste";"Colisão - Traseira";2;0;0;0;0;0;0;0;0;0;3;0;0;0;0
"04/10/2022";"09:05:00";"129";"Acidente s";"11";"BR-448/RS";"Norte";"Choque Barreira";2;0;0;0;0;0;0;0;0;0;5;0;0;0;0
"04/10/2022";"09:06:00";"130";"Acidente s";"11";"BR-448/RS";"Sul";"Colisão - Traseira";2;0;0;0;0;0;0;0;0;0;1;1;0;0;0
"04/10/2022";"10:04:00";"151";"Acidente s";"426";"BR-386/RS";"Sul";"Colisão - Traseira";1;0;1;0;0;0;0;0;0;0;1;0;0;0;0
"04/10/2022";"16:54:00";"261";"Acidente c";"343";"BR-386/RS";"Sul";"Colisão - Lateral";0;0;0;1;0;0;0;0;0;0;1;0;0;0;0
"04/10/2022";"17:36:00";"270";"Acidente s";"85";"BR-290/RS";"Leste";"Engavetamento";3;0;0;0;0;0;0;0;0;0;1;0;0;0;0
"04/10/2022";"18:28:00";"279";"Acidente c";"341";"BR-386/RS";"Sul";"Queda de moto";0;0;0;1;0;0;0;0;0;0;6;0;0;0;0
"05/10/2022";"03:56:00";"10";"Acidente s";"72";"BR-101/RS";"Sul";"Colisão - Traseira";0;0;2;0;0;0;0;0;0;0;0;0;0;2;0
"05/10/2022";"04:22:00";"13";"Acidente s";"33";"BR-101/RS";"Sul";"Colisão - Traseira";0;0;1;0;0;0;0;0;0;0;3;0;0;0;0
"05/10/2022";"05:09:00";"14";"Acidente s";"11";"BR-448/RS";"Sul";"Queda de moto";0;0;1;1;0;0;0;0;0;0;2;0;0;0;0
"05/10/2022";"07:26:00";"56";"Acidente c";"87";"BR-290/RS";"Oeste";"Colisão - Lateral";1;0;0;2;0;0;0;0;0;0;1;0;1;0;0
"05/10/2022";"07:49:00";"71";"Acidente s";"300";"BR-386/RS";"Norte";"Colisão - Traseira";1;0;1;0;0;0;0;0;0;0;1;0;0;0;0
"05/10/2022";"11:24:00";"155";"Acidente c";"366";"BR-386/RS";"Norte";"Colisão - Transversal";1;0;0;1;0;0;0;0;0;0;3;0;0;0;0
"05/10/2022";"17:15:00";"232";"Acidente s";"375";"BR-386/RS";"Norte";"Choque Barreira";0;0;1;0;0;0;0;0;0;0;7;0;0;0;0
"05/10/2022";"17:55:00";"236";"Acidente s";"34";"BR-101/RS";"Sul";"Saída de pista";1;0;0;0;0;0;0;0;0;0;2;0;0;0;0
"06/10/2022";"06:37:00";"41";"Acidente s";"239";"BR-386/RS";"Sul";"Queda de ribanceira";1;0;0;0;0;0;0;0;0;0;1;0;0;0;0
"06/10/2022";"07:04:00";"47";"Acidente s";"88";"BR-290/RS";"Oeste";"Colisão - Transversal";2;0;0;0;0;0;0;0;0;0;2;0;0;0;0
"06/10/2022";"07:18:00";"52";"Acidente s";"342";"BR-386/RS";"Sul";"Colisão - Traseira";1;0;0;1;0;0;0;0;0;0;1;0;0;0;0
"06/10/2022";"07:34:00";"59";"Acidente s";"49";"BR-290/RS";"Oeste";"Saída de pista";1;0;0;0;0;0;0;0;0;0;4;0;1;0;0
"06/10/2022";"07:41:00";"60";"Acidente c";"364";"BR-386/RS";"Sul";"Saída de pista";1;0;0;0;0;0;0;0;0;0;1;1;2;0;0
"06/10/2022";"10:35:00";"97";"Acidente s";"22";"BR-448/RS";"Norte";"Saída de pista";1;0;0;0;0;0;0;0;0;0;0;1;0;0;0
"06/10/2022";"11:08:00";"103";"Acidente c";"410";"BR-386/RS";"Sul";"Colisão - Transversal";2;0;0;0;0;0;0;0;0;0;6;0;0;0;0
"06/10/2022";"11:56:00";"107";"Acidente s";"50,4";"BR-290/RS";"Leste";"Saída de pista";1;0;0;0;0;0;0;0;0;0;1;0;1;0;0
"06/10/2022";"12:23:00";"111";"Acidente c";"50,4";"BR-290/RS";"Leste";"Choque com veículo no acostamento";1;0;0;0;0;0;0;0;0;0;2;0;0;0;0
"06/10/2022";"12:49:00";"118";"Acidente s";"22";"BR-448/RS";"Norte";"Choque Barreira";1;0;0;0;0;0;0;0;0;0;4;0;0;0;0
"06/10/2022";"16:07:00";"153";"Acidente s";"50";"BR-290/RS";"Leste";"Colisão - Transversal";1;0;0;0;0;0;0;0;0;0;2;0;0;0;0
"06/10/2022";"18:12:00";"174";"Acidente s";"91";"BR-290/RS";"Leste";"Colisão - Traseira";2;0;0;0;0;0;0;0;0;0;2;1;0;0;0
"06/10/2022";"18:38:00";"183";"Acidente s";"89";"BR-290/RS";"Leste";"Colisão - Traseira";2;0;0;0;0;0;0;0;0;0;3;0;0;0;0
"06/10/2022";"18:50:00";"187";"Acidente c";"88";"BR-290/RS";"Leste";"Colisão - Traseira";1;0;0;1;0;0;0;0;0;0;2;0;0;0;0
"06/10/2022";"19:42:00";"194";"Acidente s";"427";"BR-386/RS";"Sul";"Atropelamento de Animal";0;0;1;0;0;0;0;0;0;0;3;0;0;0;0
"06/10/2022";"19:56:00";"197";"Acidente s";"4";"BR-101/RS";"Sul";"Colisão - Lateral";1;0;1;0;0;0;0;0;0;0;2;0;0;0;0
"06/10/2022";"23:18:00";"218";"Acidente c";"308";"BR-386/RS";"Sul";"Capotamento";0;0;1;0;0;0;0;0;0;0;1;0;0;0;0
"07/10/2022";"00:51:00";"6";"Acidente s";"414";"BR-386/RS";"Sul";"Saída de pista";1;0;0;0;0;0;0;0;0;0;4;0;0;0;0
"07/10/2022";"10:19:00";"158";"Acidente c";"309";"BR-386/RS";"Sul";"Tombamento";0;0;1;0;0;0;0;0;0;0;4;0;0;0;0
"07/10/2022";"10:51:00";"167";"Acidente s";"348";"BR-386/RS";"Norte";"Colisão - Lateral";1;0;1;0;0;0;0;0;0;0;1;0;1;0;0
"07/10/2022";"11:03:00";"169";"Acidente s";"72";"BR-101/RS";"Sul";"Teste Wanderson";1;0;0;0;0;0;0;0;0;0;3;0;0;0;0
"07/10/2022";"13:09:00";"189";"Acidente c";"77";"BR-290/RS";"Oeste";"Capotamento";2;0;0;0;0;0;0;0;0;0;2;0;0;0;0
"07/10/2022";"14:20:00";"209";"Acidente s";"307";"BR-386/RS";"Norte";"Colisão - Traseira";2;0;0;0;0;0;0;0;0;0;1;0;0;1;0
"07/10/2022";"14:39:00";"215";"Acidente c";"277";"BR-386/RS";"Norte";"Colisão - Traseira";1;0;0;0;0;0;0;0;0;0;1;2;0;1;0
"07/10/2022";"14:53:00";"220";"Acidente s";"4";"BR-290/RS";"Oeste";"Queda de ribanceira";1;0;0;0;0;0;0;0;0;0;0;1;0;0;0
"07/10/2022";"16:14:00";"239";"Acidente s";"81";"BR-101/RS";"Norte";"Queda de ribanceira";1;0;0;0;0;0;0;0;0;0;3;0;0;0;0
"07/10/2022";"18:07:00";"269";"Acidente s";"88";"BR-290/RS";"Leste";"Engavetamento";2;0;0;0;0;0;0;0;0;0;2;0;0;0;0
"07/10/2022";"18:33:00";"275";"Acidente s";"60";"BR-290/RS";"Oeste";"Colisão - Lateral";1;0;1;0;0;0;0;0;0;0;1;0;0;0;0
"08/10/2022";"03:24:00";"20";"Acidente c";"211";"BR-386/RS";"Sul";"Colisão - Traseira";2;0;0;0;0;0;0;0;0;0;5;0;0;0;0
"08/10/2022";"14:51:00";"164";"Acidente s";"60";"BR-290/RS";"Leste";"Colisão - Traseira";2;0;0;0;0;0;0;0;0;0;4;0;0;0;0
"08/10/2022";"17:08:00";"193";"Acidente s";"344";"BR-386/RS";"Norte";"Colisão - Transversal";2;0;0;0;0;0;0;0;0;0;1;0;0;0;0
"08/10/2022";"20:05:00";"230";"Acidente s";"249";"BR-386/RS";"Sul";"Colisão - Frontal";1;0;1;0;0;0;0;0;0;0;4;0;0;0;0
"08/10/2022";"22:15:00";"243";"Acidente s";"38";"BR-101/RS";"Sul";"Queda de ribanceira";1;0;0;0;0;0;0;0;0;0;3;0;0;0;0
"09/10/2022";"02:45:00";"21";"Acidente c";"342";"BR-386/RS";"Sul";"Colisão - Traseira";0;0;0;2;0;0;0;0;0;0;3;0;0;0;0
"09/10/2022";"07:43:00";"57";"Acidente s";"33";"BR-290/RS";"Oeste";"Queda de ribanceira";1;0;0;0;0;0;0;0;0;0;5;0;0;0;0
"09/10/2022";"07:46:00";"59";"Acidente c";"86";"BR-290/RS";"Leste";"Choque Defensa";1;0;0;0;0;0;0;0;0;0;2;0;0;0;0
"09/10/2022";"09:20:00";"71";"Acidente s";"69";"BR-290/RS";"Oeste";"Saída de pista";1;0;0;0;0;0;0;0;0;0;2;0;1;0;0
"09/10/2022";"14:44:00";"121";"Acidente s";"50";"BR-101/RS";"Sul";"Capotamento";2;0;0;0;0;0;0;0;0;0;3;0;2;0;0
"09/10/2022";"15:08:00";"125";"Acidente s";"307";"BR-386/RS";"Sul";"Saída de pista";0;0;0;0;0;0;0;0;0;0;2;1;0;0;0
"09/10/2022";"15:19:00";"130";"Acidente s";"307";"BR-386/RS";"Norte";"Saída de pista";1;0;0;0;0;0;0;0;0;0;2;1;0;0;0
"09/10/2022";"16:24:00";"143";"Acidente s";"224";"BR-386/RS";"Sul";"Colisão - Lateral";2;0;0;0;0;0;0;0;0;0;0;0;1;0;0
"09/10/2022";"18:53:00";"175";"Acidente s";"390";"BR-386/RS";"Sul";"Colisão - Lateral";1;0;1;0;0;0;0;0;0;0;6;0;0;0;0
"10/10/2022";"01:20:00";"12";"Acidente s";"295";"BR-386/RS";"Norte";"Choque Defensa";1;0;0;0;0;0;0;0;0;0;1;0;0;0;0
"10/10/2022";"02:39:00";"20";"Acidente c";"329";"BR-386/RS";"Norte";"Saída de pista";1;0;0;0;0;0;0;0;0;0;1;0;0;0;0
"10/10/2022";"03:24:00";"25";"Acidente s";"365";"BR-386/RS";"Sul";"Saída de pista";1;0;0;0;0;0;0;0;0;0;2;0;0;0;0
"10/10/2022";"14:14:00";"202";"Acidente s";"35";"BR-101/RS";"Sul";"Colisão - Traseira";0;0;1;0;0;0;0;0;0;0;2;0;0;0;0
"10/10/2022";"15:18:00";"217";"Acidente c";"417";"BR-386/RS";"Sul";"Saída de pista";1;0;0;0;0;0;0;0;0;0;1;0;0;0;0
"10/10/2022";"18:50:00";"249";"Acidente s";"345";"BR-386/RS";"Sul";"Colisão - Traseira";0;0;1;1;0;0;0;0;0;0;1;0;0;0;0