data;horario;n_da_ocorrencia;tipo_de_ocorrencia;km;trecho;sentido;tipo_de_acidente;automovel;bicicleta;caminhao;moto;onibus;outros;tracao_animal;transporte_de_cargas_especiais;trator_maquinas;utilitarios;ilesos;levemente_feridos;moderadamente_feridos;gravemente_feridos;mortos
"11/10/2022";"01:43:00";"6";"Acidente s";"400";"BR-386/RS";"Sul";"Capotamento";1;0;0;0;0;0;0;0;0;0;1;0;0;0;0
"11/10/2022";"08:29:00";"78";"Acidente s";"213";"BR-386/RS";"Sul";"Atropelamento de Animal";1;0;0;0;0;0;0;0;0;0;2;0;1;0;0
"11/10/2022";"10:46:00";"125";"Acidente c";"33";"BR-101/RS";"Norte";"Colisão - Traseira";0;0;2;0;0;0;0;0;0;0;11;0;0;0;0
"11/10/2022";"11:29:00";"135";"Acidente s";"19";"BR-290/RS";"Leste";"Colisão - Traseira";1;0;1;0;0;0;0;0;0;0;3;0;0;0;0
"11/10/2022";"12:23:00";"145";"Acidente c";"280";"BR-386/RS";"Norte";"Capotamento";1;0;0;0;0;0;0;0;0;0;1;0;0;0;0
"11/10/2022";"14:47:00";"168";"Acidente c";"30";"BR-290/RS";"Leste";"Queda de moto";0;0;0;1;0;0;0;0;0;0;6;0;0;0;0
"11/10/2022";"15:37:00";"177";"Acidente s";"414";"BR-386/RS";"Norte";"Tombamento";0;0;1;0;0;0;0;0;0;0;3;0;0;0;0
"11/10/2022";"15:43:00";"178";"Acidente s";"94";"BR-290/RS";"Leste";"Choque Barreira";1;0;0;0;0;0;0;0;0;0;1;0;0;0;0
"11/10/2022";"15:46:00";"179";"Acidente s";"412";"BR-386/RS";"Norte";"Saída de pista";1;0;0;0;0;0;0;0;0;0;1;0;0;0;0
"11/10/2022";"15:49:00";"180";"Acidente s";"301";"BR-386/RS";"Norte";"Colisão - Traseira";1;0;1;0;0;0;0;0;0;0;4;0;0;0;0
"11/10/2022";"16:56:00";"191";"Acidente s";"243";"BR-386/RS";"Norte";"Saída de pista";1;0;0;0;0;0;0;0;0;0;2;0;0;0;0
"11/10/2022";"18:27:00";"210";"Acidente s";"283";"BR-386/RS";"Norte";"Queda de ribanceira";2;0;0;0;0;0;0;0;0;0;1;0;0;0;0
"12/10/2022";"01:32:00";"7";"Acidente s";"440";"BR-386/RS";"Norte";"Capotamento";1;0;0;0;0;0;0;0;0;0;4;0;0;0;0
"12/10/2022";"03:32:00";"13";"Acidente s";"346";"BR-386/RS";"Sul";"Queda de ribanceira";1;0;0;0;0;0;0;0;0;0;3;0;0;0;0
"12/10/2022";"05:27:00";"17";"Acidente s";"353";"BR-386/RS";"Norte";"Capotamento";1;0;0;0;0;0;0;0;0;0;2;0;0;0;0
"12/10/2022";"08:35:00";"39";"Acidente s";"9";"BR-448/RS";"Sul";"Colisão - Traseira";2;0;0;0;0;0;0;0;0;0;2;0;0;0;0
"12/10/2022";"10:41:00";"58";"Acidente s";"22";"BR-448/RS";"Sul";"Choque Barreira";1;0;0;0;0;0;0;0;0;0;2;1;0;0;0
"12/10/2022";"11:51:00";"70";"Acidente s";"411";"BR-386/RS";"Norte";"Saída de pista";1;0;0;0;0;0;0;0;0;0;1;1;0;0;0
"12/10/2022";"20:02:00";"128";"Acidente s";"398";"BR-386/RS";"Norte";"Saída de pista";1;0;0;0;0;0;0;0;0;0;3;0;2;2;0
"13/10/2022";"06:32:00";"32";"Acidente s";"434";"BR-386/RS";"Sul";"Queda de ribanceira";1;0;0;0;0;0;0;0;0;0;1;1;0;0;0
"13/10/2022";"09:08:00";"110";"Acidente c";"277,1";"BR-386/RS";"Norte";"Tombamento";0;0;1;0;0;0;0;0;0;0;2;0;0;0;0
"13/10/2022";"09:17:00";"115";"Acidente s";"392";"BR-386/RS";"Sul";"Queda de ribanceira";1;0;0;0;0;0;0;0;0;0;3;0;0;0;0
"13/10/2022";"09:44:00";"125";"Acidente s";"368";"BR-386/RS";"Sul";"Choque Defensa";1;0;0;0;0;0;0;0;0;0;2;0;0;0;0
"13/10/2022";"18:18:00";"216";"Acidente s";"22";"BR-448/RS";"Norte";"Colisão - Traseira";1;0;1;0;0;0;0;0;0;0;0;2;0;0;0
"13/10/2022";"19:51:00";"232";"Acidente s";"92";"BR-290/RS";"Leste";"Colisão - Lateral";1;0;0;0;0;0;0;0;0;0;2;0;0;0;0
"13/10/2022";"20:17:00";"235";"Acidente s";"391";"BR-386/RS";"Sul";"Capotamento";0;0;1;0;0;0;0;0;0;0;5;0;0;0;0
"13/10/2022";"22:02:00";"243";"Acidente s";"61";"BR-101/RS";"Norte";"Saída de pista";1;0;0;0;0;0;0;0;0;0;2;0;0;0;0
"14/10/2022";"00:05:00";"2";"Acidente c";"92";"BR-290/RS";"Leste";"Saída de pista";1;0;0;0;0;0;0;0;0;0;1;0;0;0;0
"14/10/2022";"07:19:00";"58";"Acidente s";"341";"BR-386/RS";"Norte";"Colisão - Transversal";1;0;0;0;0;0;0;0;0;0;5;0;0;0;0
"14/10/2022";"07:25:00";"61";"Acidente s";"362";"BR-386/RS";"Sul";"Colisão - Lateral";2;0;0;0;0;0;0;0;0;0;1;0;0;0;0
"14/10/2022";"14:24:00";"174";"Acidente c";"215";"BR-386/RS";"Norte";"Colisão - Frontal";1;0;0;1;0;0;0;0;0;0;1;1;0;0;0
"14/10/2022";"20:00:00";"257";"Acidente s";"346";"BR-386/RS";"Norte";"Choque - Meio Fio";1;0;0;0;0;0;0;0;0;0;1;0;0;0;0
"14/10/2022";"22:54:00";"289";"Acidente s";"258,22";"BR-386/RS";"Norte";"Capotamento";1;0;0;0;0;0;0;0;0;0;5;0;0;0;0
"15/10/2022";"02:16:00";"12";"Acidente c";"80,28";"BR-290/RS";"Leste";"Queda de ribanceira";1;0;0;0;0;0;0;0;0;0;2;0;0;0;0
"15/10/2022";"04:33:00";"17";"Acidente s";"76";"BR-101/RS";"Norte";"Saída de pista";0;0;0;0;0;0;0;0;0;0;2;0;0;0;0
"15/10/2022";"05:49:00";"26";"Acidente c";"49,3";"BR-101/RS";"Sul";"Queda de moto";1;0;0;0;0;0;0;0;0;0;2;0;0;0;0
"15/10/2022";"08:43:00";"76";"Acidente c";"55,6";"BR-290/RS";"Leste";"Capotamento";1;0;0;0;0;0;0;0;0;0;1;0;0;0;0
"15/10/2022";"10:44:00";"89";"Acidente s";"202";"BR-386/RS";"Sul";"Colisão - Traseira";2;0;0;0;0;0;0;0;0;0;5;0;0;0;0
"15/10/2022";"14:57:00";"125";"Atropelame";"384";"BR-386/RS";"Sul";"Atropelamento - Usuário";1;0;0;1;0;0;0;0;0;0;3;0;0;0;0
"15/10/2022";"20:16:00";"173";"Acidente s";"52";"BR-101/RS";"Sul";"Saída de pista";1;0;0;0;0;0;0;0;0;0;1;0;0;0;0
"16/10/2022";"03:20:00";"15";"Acidente s";"339";"BR-386/RS";"Norte";"Outros";1;0;0;0;0;0;0;0;0;0;5;0;0;0;0
"16/10/2022";"03:48:00";"19";"Acidente s";"362";"BR-386/RS";"Sul";"Capotamento";1;0;0;0;0;0;0;0;0;0;1;0;0;0;0
"16/10/2022";"16:10:00";"110";"Acidente s";"80";"BR-290/RS";"Oeste";"Atropelamento de Animal";1;0;0;0;0;0;0;0;0;0;2;0;0;0;0
"16/10/2022";"16:57:00";"120";"Acidente s";"86";"BR-290/RS";"Oeste";"Choque Defensa";1;0;0;0;0;0;0;0;0;0;7;0;0;0;0
"16/10/2022";"19:40:00";"151";"Acidente c";"281,5";"BR-386/RS";"Sul";"Colisão - Transversal";1;0;1;0;0;0;0;0;0;0;2;0;0;0;0
"16/10/2022";"20:37:00";"161";"Acidente c";"375";"BR-386/RS";"Norte";"Colisão - Transversal";1;0;0;1;0;0;0;0;0;0;5;0;1;0;0
"16/10/2022";"20:57:00";"164";"Acidente s";"339";"BR-386/RS";"Sul";"Saída de pista";0;0;1;0;0;0;0;0;0;0;3;0;0;0;0
"16/10/2022";"21:29:00";"172";"Acidente s";"80";"BR-290/RS";"Leste";"Colisão - Traseira";2;0;0;0;0;0;0;0;0;0;1;0;0;0;0
"17/10/2022";"06:07:00";"29";"Acidente s";"1";"BR-290/RS";"Oeste";"Saída de pista";1;0;0;0;0;0;0;0;0;0;2;0;0;0;0
"17/10/2022";"06:10:00";"31";"Acidente c";"366";"BR-386/RS";"Sul";"Saída de pista";1;0;0;0;0;0;0;0;0;0;2;0;0;0;0
"17/10/2022";"09:09:00";"104";"Acidente s";"349";"BR-386/RS";"Sul";"Colisão - Lateral";1;0;1;0;0;0;0;0;0;0;1;0;0;0;0
"17/10/2022";"10:58:00";"131";"Acidente c";"76";"BR-290/RS";"Oeste";"Colisão - Transversal";1;0;1;0;0;0;0;0;0;0;0;1;0;0;0
"17/10/2022";"11:08:00";"134";"Acidente s";"76";"BR-290/RS";"Leste";"Capotamento";1;0;0;0;0;0;0;0;0;0;1;0;0;0;0
"17/10/2022";"12:10:00";"151";"Acidente s";"440";"BR-386/RS";"Sul";"Colisão - Lateral";1;0;1;0;0;0;0;0;0;0;4;0;0;0;0
"17/10/2022";"12:32:00";"157";"Acidente s";"317";"BR-386/RS";"Sul";"Colisão - Traseira";0;0;1;0;0;0;0;0;0;0;3;0;0;0;0
"17/10/2022";"13:59:00";"171";"Acidente c";"346";"BR-386/RS";"Sul";"Colisão - Transversal";1;0;0;0;0;0;0;0;0;0;0;1;0;0;0
"17/10/2022";"19:50:00";"242";"Acidente c";"97";"BR-290/RS";"Oeste";"Engavetamento";3;0;0;0;0;0;0;0;0;0;2;0;0;0;0
"17/10/2022";"22:35:00";"275";"Acidente s";"15";"BR-448/RS";"Sul";"Colisão - Lateral";1;0;1;0;0;0;0;0;0;0;3;0;0;0;0
"18/10/2022";"08:38:00";"109";"Acidente s";"345";"BR-386/RS";"Sul";"Colisão - Traseira";1;0;0;0;0;0;0;0;0;0;0;1;0;0;0
"18/10/2022";"18:40:00";"234";"Acidente s";"89";"BR-290/RS";"Leste";"Colisão - Lateral";1;0;0;1;0;0;0;0;0;0;2;0;0;0;0
"18/10/2022";"19:08:00";"239";"Acidente s";"391";"BR-386/RS";"Sul";"Saída de pista";1;0;0;0;0;0;0;0;0;0;5;0;0;0;0
"19/10/2022";"10:09:00";"117";"Acidente c";"242,4";"BR-386/RS";"Norte";"Queda de ribanceira";1;0;0;0;0;0;0;0;0;0;2;0;0;0;0
"19/10/2022";"12:31:00";"142";"Acidente s";"96";"BR-290/RS";"Oeste";"Saída de pista";3;0;0;0;0;0;0;0;0;0;2;0;0;0;0
"20/10/2022";"05:47:00";"18";"Acidente c";"358";"BR-386/RS";"Norte";"Queda de ribanceira";1;0;0;0;0;0;0;0;0;0;0;2;0;0;0
"20/10/2022";"06:57:00";"31";"Acidente c";"92";"BR-290/RS";"Oeste";"Queda de moto";0;0;0;1;0;0;0;0;0;0;6;0;0;0;0
"20/10/2022";"13:30:00";"158";"Acidente s";"281";"BR-386/RS";"Norte";"Colisão - Traseira";2;0;0;0;0;0;0;0;0;0;3;0;0;0;0
"20/10/2022";"14:26:00";"169";"Acidente s";"80";"BR-290/RS";"Oeste";"Queda de moto";0;0;0;1;0;0;0;0;0;0;0;0;0;1;0
"21/10/2022";"00:09:00";"2";"Acidente c";"309";"BR-386/RS";"Sul";"Colisão - Frontal";1;0;1;0;0;0;0;0;0;0;2;0;0;0;0
"21/10/2022";"07:18:00";"50";"Acidente c";"87";"BR-290/RS";"Oeste";"Queda de moto";0;0;0;1;0;0;0;0;0;0;2;0;1;0;0
"21/10/2022";"10:25:00";"142";"Acidente s";"80";"BR-290/RS";"Leste";"Colisão - Transversal";1;0;0;1;0;0;0;0;0;0;1;0;0;0;0
"21/10/2022";"10:41:00";"146";"Acidente s";"18";"BR-448/RS";"Sul";"Colisão - Lateral";1;0;1;0;0;0;0;0;0;0;3;0;0;0;0
"21/10/2022";"11:35:00";"163";"Acidente s";"397";"BR-386/RS";"Norte";"Saída de pista";0;0;1;0;0;0;0;0;0;0;2;0;0;0;0
"21/10/2022";"15:28:00";"223";"Acidente s";"12";"BR-448/RS";"Sul";"Engavetamento";3;0;0;0;0;0;0;0;0;0;0;0;1;0;0
"21/10/2022";"16:55:00";"244";"Acidente s";"88";"BR-290/RS";"Leste";"Tombamento";2;0;1;0;0;0;0;0;0;0;3;1;1;0;0
"21/10/2022";"17:55:00";"261";"Acidente s";"90";"BR-290/RS";"Leste";"Colisão - Traseira";1;0;0;2;0;0;0;0;0;0;2;0;2;0;0
"21/10/2022";"18:49:00";"283";"Acidente s";"219";"BR-386/RS";"Sul";"Colisão - Lateral";1;0;0;0;0;0;0;0;0;0;1;0;0;0;0
"21/10/2022";"19:38:00";"293";"Acidente s";"32";"BR-101/RS";"Norte";"Queda de ribanceira";1;0;0;0;0;0;0;0;0;0;3;0;0;0;0
"21/10/2022";"20:52:00";"316";"Acidente s";"3";"BR-101/RS";"Norte";"Saída de pista";1;0;0;0;0;0;0;0;0;0;1;0;0;0;0
"21/10/2022";"22:15:00";"329";"Acidente s";"3";"BR-101/RS";"Norte";"Colisão - Traseira";0;0;1;0;0;0;0;0;0;0;2;1;0;0;0
"21/10/2022";"22:24:00";"330";"Acidente s";"29";"BR-290/RS";"Leste";"Colisão - Traseira";2;0;0;0;0;0;0;0;0;0;1;1;0;0;0
"21/10/2022";"23:46:00";"340";"Acidente s";"307";"BR-386/RS";"Sul";"Saída de pista";1;0;0;0;0;0;0;0;0;0;3;0;0;3;1
"22/10/2022";"03:57:00";"20";"Acidente s";"371";"BR-386/RS";"Norte";"Saída de pista";1;0;0;0;0;0;0;0;0;0;1;1;0;0;0
"22/10/2022";"20:55:00";"200";"Acidente s";"443";"BR-386/RS";"Sul";"Colisão - Traseira";2;0;0;0;0;0;0;0;0;0;7;0;0;0;0
"22/10/2022";"22:50:00";"213";"Acidente s";"350";"BR-386/RS";"Norte";"Capotamento";1;0;0;0;0;0;0;0;0;0;1;1;0;0;0
"23/10/2022";"06:02:00";"38";"Acidente s";"35";"BR-101/RS";"Sul";"Choque Praça - Submarino";1;0;0;0;0;0;0;0;0;0;6;0;0;0;0
"23/10/2022";"07:48:00";"59";"Acidente s";"442";"BR-386/RS";"Norte";"Colisão - Traseira";2;0;0;0;0;0;0;0;0;0;5;0;0;0;0
"23/10/2022";"11:01:00";"95";"Acidente s";"92";"BR-290/RS";"Oeste";"Choque Barreira";1;0;0;0;0;0;0;0;0;0;2;0;0;0;0
"23/10/2022";"11:03:00";"96";"Acidente c";"348";"BR-386/RS";"Sul";"Queda de moto";0;0;0;1;0;0;0;0;0;0;3;0;0;0;0
"23/10/2022";"11:09:00";"97";"Acidente c";"417";"BR-386/RS";"Sul";"Queda de moto";0;0;0;1;0;0;0;0;0;0;2;0;0;0;0
"23/10/2022";"12:19:00";"107";"Acidente s";"80";"BR-101/RS";"Norte";"Choque Defensa";1;0;0;0;0;0;0;0;0;0;1;0;0;0;0
"23/10/2022";"14:39:00";"129";"Acidente s";"71";"BR-290/RS";"Oeste";"Colisão - Lateral";2;0;0;0;0;0;0;0;0;0;4;0;0;0;0
"23/10/2022";"14:53:00";"131";"Acidente s";"43";"BR-290/RS";"Oeste";"Queda de moto";0;0;0;1;0;0;0;0;0;0;1;0;0;0;0
"23/10/2022";"17:23:00";"153";"Acidente s";"88";"BR-290/RS";"Leste";"Colisão - Traseira";2;0;0;0;0;0;0;0;0;0;0;1;0;0;0
"23/10/2022";"21:08:00";"202";"Acidente s";"96";"BR-290/RS";"Leste";"Colisão - Lateral";2;0;0;0;0;0;0;0;0;0;1;0;0;0;0
"24/10/2022";"05:21:00";"23";"Acidente s";"440";"BR-386/RS";"Norte";"Saída de pista";1;0;0;0;0;0;0;0;0;0;5;0;0;0;0
"24/10/2022";"07:28:00";"62";"Acidente s";"22";"BR-448/RS";"Norte";"Colisão - Traseira";3;0;0;0;0;0;0;0;0;0;2;0;0;0;0
"24/10/2022";"10:05:00";"124";"Acidente s";"438";"BR-386/RS";"Norte";"Colisão - Traseira";1;0;0;0;0;0;0;0;0;0;4;0;0;0;0
"24/10/2022";"16:09:00";"210";"Atropelame";"75";"BR-290/RS";"Leste";"Atropelamento - Usuário";1;0;0;0;0;0;0;0;0;0;11;0;0;0;0
"24/10/2022";"18:04:00";"236";"Acidente c";"90";"BR-290/RS";"Oeste";"Queda de moto";0;0;0;1;0;0;0;0;0;0;6;0;0;0;0
"24/10/2022";"18:26:00";"241";"Acidente s";"92";"BR-290/RS";"Leste";"Colisão - Lateral";2;0;0;0;0;0;0;0;0;0;1;0;1;0;0
"24/10/2022";"22:06:00";"281";"Acidente s";"42";"BR-290/RS";"Oeste";"Tombamento";0;0;1;0;0;0;0;0;0;0;1;0;0;0;0
"25/10/2022";"01:57:00";"2";"Acidente s";"32";"BR-290/RS";"Leste";"Atropelamento de Animal";1;0;0;0;0;0;0;0;0;0;3;0;0;0;0
"25/10/2022";"07:39:00";"56";"Acidente s";"87,5";"BR-290/RS";"Oeste";"Engavetamento";3;0;0;0;0;0;0;0;0;0;2;0;0;0;0
"25/10/2022";"08:11:00";"77";"Acidente c";"374";"BR-386/RS";"Norte";"Colisão - Transversal";1;0;0;1;0;0;0;0;0;0;4;0;0;0;0
"25/10/2022";"11:38:00";"132";"Acidente s";"58";"BR-290/RS";"Oeste";"Saída de pista";1;0;0;0;0;0;0;0;0;0;1;0;0;0;0
"25/10/2022";"15:04:00";"172";"Acidente s";"348";"BR-386/RS";"Norte";"Queda de moto";0;0;0;1;0;0;0;0;0;0;5;0;0;0;0
"25/10/2022";"19:58:00";"232";"Acidente c";"343,7";"BR-386/RS";"Norte";"Colisão - Transversal";1;0;0;1;0;0;0;0;0;0;1;1;0;0;0
"26/10/2022";"08:11:00";"100";"Acidente c";"86";"BR-290/RS";"Oeste";"Queda de moto";0;0;0;1;0;0;0;0;0;0;1;0;0;0;0
"26/10/2022";"10:27:00";"162";"Acidente s";"284";"BR-386/RS";"Norte";"Capotamento";1;0;0;0;0;0;0;0;0;0;2;0;0;0;0
"26/10/2022";"15:50:00";"231";"Acidente s";"356";"BR-386/RS";"Sul";"Choque Defensa";1;0;0;0;0;0;0;0;0;0;8;0;0;0;0
"26/10/2022";"16:39:00";"237";"Acidente s";"35";"BR-101/RS";"Norte";"Colisão - Traseira";0;0;2;0;0;0;0;0;0;0;2;0;0;0;0
"26/10/2022";"19:51:00";"286";"Acidente s";"7";"BR-290/RS";"Oeste";"Queda de Carga";1;0;1;0;0;0;0;0;0;0;7;0;0;0;0
"27/10/2022";"00:28:00";"2";"Acidente s";"87";"BR-290/RS";"Oeste";"Capotamento";1;0;0;0;0;0;0;0;0;0;1;0;0;0;0
"27/10/2022";"01:36:00";"6";"Acidente s";"259";"BR-386/RS";"Sul";"Tombamento";0;0;1;0;0;0;0;0;0;0;2;0;0;0;0
"27/10/2022";"11:24:00";"166";"Acidente s";"426";"BR-386/RS";"Norte";"Colisão - Traseira";2;0;0;0;0;0;0;0;0;0;1;0;0;0;0
"27/10/2022";"12:04:00";"174";"Acidente c";"321";"BR-386/RS";"Norte";"Colisão - Traseira";1;0;0;1;0;0;0;0;0;0;3;0;0;0;0
"27/10/2022";"13:28:00";"194";"Acidente s";"345";"BR-386/RS";"Norte";"Engavetamento";1;0;0;0;0;0;0;0;0;0;6;0;0;0;0
"27/10/2022";"16:21:00";"256";"Acidente s";"352";"BR-386/RS";"Sul";"Colisão - Transversal";1;0;0;1;0;0;0;0;0;0;3;0;0;0;0
"27/10/2022";"17:20:00";"268";"Acidente s";"46";"BR-290/RS";"Oeste";"Queda de ribanceira";1;0;0;0;0;0;0;0;0;0;1;0;0;0;0
"27/10/2022";"18:00:00";"278";"Acidente s";"94";"BR-290/RS";"Leste";"Choque Defensa";1;0;0;0;0;0;0;0;0;0;3;0;0;0;0
"27/10/2022";"21:49:00";"320";"Acidente c";"75";"BR-290/RS";"Leste";"Choque - Arvore";1;0;0;0;0;0;0;0;0;0;2;0;0;0;0
"28/10/2022";"07:25:00";"78";"Acidente s";"17";"BR-448/RS";"Sul";"Colisão - Lateral";2;0;0;0;0;0;0;0;0;0;4;0;0;0;0
"28/10/2022";"09:50:00";"136";"Acidente s";"359";"BR-386/RS";"Sul";"Colisão - Traseira";1;0;0;0;0;0;0;0;0;0;1;0;0;0;0
"28/10/2022";"12:04:00";"162";"Acidente s";"344";"BR-386/RS";"Sul";"Colisão - Traseira";2;0;0;0;0;0;0;0;0;0;2;0;2;0;0
"28/10/2022";"17:40:00";"228";"Acidente c";"6";"BR-448/RS";"Norte";"Capotamento";1;0;0;0;0;0;0;0;0;0;2;0;0;0;0
"28/10/2022";"18:45:00";"242";"Acidente s";"434";"BR-386/RS";"Norte";"Colisão - Traseira";2;0;0;0;0;0;0;0;0;0;1;0;0;0;0
"29/10/2022";"01:53:00";"11";"Acidente s";"35";"BR-101/RS";"Sul";"Choque Praça - Submarino";0;0;1;0;0;0;0;0;0;0;2;0;0;0;0
"29/10/2022";"07:46:00";"53";"Acidente c";"83";"BR-290/RS";"Leste";"Colisão - Lateral";1;0;0;1;0;0;0;0;0;0;1;0;0;0;0
"29/10/2022";"08:09:00";"64";"Acidente s";"304";"BR-386/RS";"Norte";"Queda de moto";0;0;0;1;0;0;0;0;0;0;2;0;0;0;0
"29/10/2022";"08:13:00";"66";"Acidente c";"33";"BR-290/RS";"Leste";"Colisão - Lateral";2;0;0;0;0;0;0;0;0;0;3;0;0;0;0
"29/10/2022";"12:30:00";"127";"Acidente s";"398";"BR-386/RS";"Norte";"Saída de pista";1;0;0;0;0;0;0;0;0;0;4;0;0;0;0
"29/10/2022";"15:59:00";"166";"Acidente s";"86";"BR-290/RS";"Oeste";"Choque Barreira";1;0;0;0;0;0;0;0;0;0;1;0;0;0;0
"29/10/2022";"16:19:00";"171";"Acidente s";"41";"BR-290/RS";"Oeste";"Colisão - Traseira";2;0;0;0;0;0;0;0;0;0;1;0;0;0;0
"29/10/2022";"19:29:00";"209";"Acidente s";"210";"BR-386/RS";"Norte";"Colisão - Lateral";2;0;0;0;0;0;0;0;0;0;1;0;0;0;0
"30/10/2022";"00:22:00";"1";"Acidente s";"363";"BR-386/RS";"Sul";"Capotamento";1;0;0;0;0;0;0;0;0;0;0;1;0;1;0
"30/10/2022";"07:39:00";"21";"Acidente c";"45";"BR-290/RS";"Oeste";"Tombamento";1;0;0;0;0;0;0;0;0;0;6;1;0;0;0
"30/10/2022";"08:06:00";"28";"Acidente c";"317";"BR-386/RS";"Norte";"Saída de pista";0;0;0;1;0;0;0;0;0;0;3;0;0;0;0
"30/10/2022";"11:23:00";"81";"Acidente s";"34";"BR-290/RS";"Leste";"Queda de moto";0;0;0;1;0;0;0;0;0;0;2;0;0;0;0
"30/10/2022";"11:38:00";"86";"Acidente s";"378";"BR-386/RS";"Sul";"Queda de ribanceira";1;0;0;0;0;0;0;0;0;0;9;0;0;0;0
"30/10/2022";"14:16:00";"108";"Acidente c";"385";"BR-386/RS";"Norte";"Saída de pista";1;0;0;0;0;0;0;0;0;0;4;0;0;0;0
"30/10/2022";"15:54:00";"136";"Acidente s";"60";"BR-290/RS";"Leste";"Colisão - Lateral";1;0;1;0;0;0;0;0;0;0;1;1;0;0;0
"30/10/2022";"21:56:00";"192";"Acidente c";"10";"BR-448/RS";"Norte";"Queda de moto";0;0;0;1;0;0;0;0;0;0;4;0;0;0;0
"30/10/2022";"23:43:00";"203";"Acidente s";"362";"BR-386/RS";"Sul";"Saída de pista";1;0;0;0;0;0;0;0;0;0;1;0;0;0;0
"31/10/2022";"03:22:00";"7";"Acidente c";"372";"BR-386/RS";"Sul";"Queda de moto";1;0;0;0;0;0;0;0;0;0;2;0;0;0;0
"31/10/2022";"04:54:00";"12";"Acidente s";"340";"BR-386/RS";"Norte";"Saída de pista";1;0;0;0;0;0;0;0;0;0;1;0;0;1;0
"31/10/2022";"05:13:00";"14";"Acidente s";"340";"BR-386/RS";"Norte";"Saída de pista";0;0;0;1;0;0;0;0;0;0;9;0;0;0;0
"31/10/2022";"05:35:00";"16";"Acidente s";"417";"BR-386/RS";"Norte";"Atropelamento de Animal";0;0;1;0;0;0;0;0;0;0;5;0;0;0;0
"31/10/2022";"06:57:00";"33";"Acidente c";"336";"BR-386/RS";"Norte";"Tombamento";0;0;1;0;0;0;0;0;0;0;1;0;0;0;0
"31/10/2022";"07:57:00";"50";"Acidente s";"22";"BR-448/RS";"Norte";"Choque Barreira";2;0;0;0;0;0;0;0;0;0;1;0;0;0;0
"31/10/2022";"08:51:00";"64";"Acidente s";"50";"BR-290/RS";"Leste";"Queda de ribanceira";1;0;0;0;0;0;0;0;0;0;1;0;0;0;0
"31/10/2022";"10:14:00";"84";"Acidente s";"433";"BR-386/RS";"Sul";"Engavetamento";4;0;0;0;0;0;0;0;0;0;1;0;0;0;0
"31/10/2022";"10:32:00";"87";"Acidente s";"348";"BR-386/RS";"Norte";"Queda de ribanceira";1;0;0;0;0;0;0;0;0;0;5;0;0;0;0
"31/10/2022";"11:08:00";"91";"Acidente c";"33";"BR-101/RS";"Sul";"Colisão - Lateral";1;0;1;0;0;0;0;0;0;0;3;0;0;0;0
"31/10/2022";"11:26:00";"95";"Acidente s";"360";"BR-386/RS";"Norte";"Queda de ribanceira";1;0;0;0;0;0;0;0;0;0;3;0;0;0;0
"31/10/2022";"13:30:00";"113";"Acidente c";"360";"BR-386/RS";"Norte";"Queda de ribanceira";1;0;0;0;0;0;0;0;0;0;2;0;0;0;0
"31/10/2022";"14:08:00";"117";"Acidente c";"49";"BR-290/RS";"Leste";"Queda de ribanceira";1;0;0;0;0;0;0;0;0;0;1;0;0;0;0
"31/10/2022";"14:14:00";"119";"Acidente c";"310";"BR-386/RS";"Sul";"Colisão - Frontal";3;0;0;0;0;0;0;0;0;0;1;0;0;0;0
"31/10/2022";"14:37:00";"122";"Acidente s";"16";"BR-290/RS";"Leste";"Choque Defensa";1;0;0;0;0;0;0;0;0;0;1;0;0;0;0
"31/10/2022";"15:10:00";"128";"Acidente s";"377";"BR-386/RS";"Sul";"Queda de ribanceira";1;0;0;0;0;0;0;0;0;0;1;1;0;0;0
"31/10/2022";"15:55:00";"133";"Acidente s";"292";"BR-386/RS";"Norte";"Queda de ribanceira";0;0;1;0;0;0;0;0;0;0;4;0;0;0;0
"31/10/2022";"21:12:00";"179";"Acidente s";"27";"BR-290/RS";"Leste";"Saída de pista";1;0;0;0;0;0;0;0;0;0;6;0;0;0;0
"31/10/2022";"21:38:00";"180";"Acidente s";"10";"BR-448/RS";"Norte";"Saída de pista";0;0;0;0;0;0;0;0;0;0;8;0;0;0;0
"31/10/2022";"23:00:00";"187";"Acidente c";"95";"BR-290/RS";"Oeste";"Colisão - Lateral";2;0;0;0;0;0;0;0;0;0;0;0;2;0;0
"01/11/2022";"02:05:00";"4";"Acidente s";"440";"BR-386/RS";"Sul";"Atropelamento de Animal";1;0;0;0;0;0;0;0;0;0;2;0;0;0;0
"01/11/2022";"14:54:00";"166";"Acidente s";"40";"BR-290/RS";"Oeste";"Capotamento";1;0;0;0;0;0;0;0;0;0;1;0;0;0;0
"01/11/2022";"17:11:00";"191";"Acidente s";"72";"BR-290/RS";"Oeste";"Queda de moto";0;0;0;1;0;0;0;0;0;0;2;0;0;0;0
"02/11/2022";"00:42:00";"7";"Acidente c";"339";"BR-386/RS";"Norte";"Saída de pista";0;0;0;1;0;0;0;0;0;0;1;0;0;0;0
"02/11/2022";"06:35:00";"30";"Acidente s";"31";"BR-290/RS";"Oeste";"Saída de pista";1;0;0;0;0;0;0;0;0;0;2;0;0;0;0
"02/11/2022";"17:07:00";"128";"Acidente s";"336";"BR-386/RS";"Sul";"Saída de pista";1;0;0;0;0;0;0;0;0;0;2;0;0;0;0
"02/11/2022";"19:29:00";"150";"Acidente s";"268";"BR-386/RS";"Sul";"Colisão - Lateral";1;0;1;0;0;0;0;0;0;0;2;0;0;0;0
"02/11/2022";"19:42:00";"155";"Acidente s";"423";"BR-386/RS";"Norte";"Colisão - Lateral";2;0;0;0;0;0;0;0;0;0;0;2;0;0;0