data;horario;n_da_ocorrencia;tipo_de_ocorrencia;km;trecho;sentido;tipo_de_acidente;automovel;bicicleta;caminhao;moto;onibus;outros;tracao_animal;transporte_de_cargas_especiais;trator_maquinas;utilitarios;ilesos;levemente_feridos;moderadamente_feridos;gravemente_feridos;mortos
"12/12/2022";"05:27:00";"24";"Acidente s";"45";"BR-290/RS";"Leste";"Choque Defensa";0;0;1;0;0;0;0;0;0;0;5;1;0;0;0
"12/12/2022";"06:38:00";"44";"Acidente s";"95";"BR-290/RS";"Leste";"Choque Defensa";1;0;0;0;0;0;0;0;0;0;1;0;0;0;0
"12/12/2022";"07:11:00";"65";"Acidente s";"24";"BR-290/RS";"Leste";"Colisão - Lateral";1;0;0;0;0;0;0;0;0;0;2;0;0;0;0
"12/12/2022";"08:04:00";"100";"Acidente c";"70";"BR-290/RS";"Oeste";"Colisão - Frontal";2;0;0;0;0;0;0;0;0;0;2;0;0;0;0
"12/12/2022";"08:07:00";"105";"Acidente s";"84";"BR-290/RS";"Oeste";"Engavetamento";5;0;0;0;0;0;0;0;0;1;2;0;1;0;0
"12/12/2022";"13:18:00";"215";"Acidente s";"77";"BR-290/RS";"Leste";"Colisão - Lateral";1;0;1;0;0;0;0;0;0;0;0;1;0;0;0
"12/12/2022";"14:26:00";"241";"Acidente s";"411";"BR-386/RS";"Norte";"Saída de pista";1;0;0;0;0;0;0;0;0;0;3;0;1;0;0
"12/12/2022";"18:48:00";"302";"Acidente s";"342";"BR-386/RS";"Norte";"Colisão - Traseira";2;0;0;0;0;1;0;2;0;0;1;0;0;0;0
"12/12/2022";"19:02:00";"304";"Acidente s";"24";"BR-290/RS";"Oeste";"Choque Defensa";1;0;0;0;0;0;0;0;0;0;3;0;0;0;0
"12/12/2022";"19:36:00";"317";"Acidente s";"9";"BR-448/RS";"Sul";"Saída de pista";1;0;0;0;0;0;0;0;0;0;1;0;0;0;0
"12/12/2022";"20:52:00";"332";"Acidente s";"80";"BR-290/RS";"Leste";"Saída de pista";1;0;0;0;0;0;0;0;0;0;1;0;0;0;0
"13/12/2022";"07:21:00";"72";"Acidente s";"90";"BR-290/RS";"Oeste";"Colisão - Traseira";2;0;0;0;0;0;0;0;0;0;2;0;0;0;0
"13/12/2022";"07:47:00";"90";"Acidente s";"286";"BR-386/RS";"Sul";"Colisão - Traseira";1;0;0;0;0;0;0;0;0;1;2;0;0;0;0
"13/12/2022";"07:56:00";"100";"Acidente s";"410";"BR-386/RS";"Norte";"Capotamento";1;0;0;0;0;0;0;0;0;0;3;0;0;0;0
"13/12/2022";"08:51:00";"131";"Acidente s";"89";"BR-290/RS";"Oeste";"Colisão - Traseira";2;0;0;0;0;0;0;0;0;0;2;0;0;0;0
"13/12/2022";"12:07:00";"190";"Acidente s";"17";"BR-448/RS";"Norte";"Colisão - Lateral";1;0;1;0;0;0;0;0;0;0;4;0;0;0;0
"13/12/2022";"12:12:00";"192";"Acidente s";"46";"BR-101/RS";"Norte";"Colisão - Traseira";2;0;0;0;0;0;0;0;0;0;1;0;0;0;0
"13/12/2022";"13:59:00";"213";"Acidente s";"92";"BR-290/RS";"Oeste";"Colisão - Traseira";1;0;0;0;0;1;0;0;0;0;1;0;0;0;0
"13/12/2022";"19:52:00";"309";"Atropelame";"15";"BR-101/RS";"Sul";"Atropelamento - Esportista";2;0;0;0;0;0;0;0;0;0;1;6;0;0;0
"14/12/2022";"07:13:00";"65";"Acidente c";"349";"BR-386/RS";"Norte";"Colisão - Traseira";2;0;0;0;0;0;0;0;0;0;0;2;0;0;0
"14/12/2022";"07:13:00";"66";"Acidente c";"290";"BR-386/RS";"Ambos";"Colisão - Transversal";1;0;1;0;0;2;0;1;0;0;4;0;0;0;0
"14/12/2022";"08:28:00";"107";"Acidente c";"347";"BR-386/RS";"Sul";"Colisão - Traseira";1;0;0;0;0;0;0;0;0;1;1;0;0;1;0
"14/12/2022";"10:46:00";"151";"Acidente s";"348";"BR-386/RS";"Norte";"Colisão - Traseira";2;0;0;0;0;0;0;0;0;0;45;0;0;0;0
"14/12/2022";"13:05:00";"186";"Acidente s";"346";"BR-386/RS";"Norte";"Colisão - Traseira";1;0;0;0;0;1;0;0;0;0;1;0;0;0;0
"14/12/2022";"15:09:00";"214";"Acidente s";"426,03";"BR-386/RS";"Sul";"Colisão - Traseira";2;0;0;0;0;0;0;0;0;0;4;2;0;0;0
"14/12/2022";"18:07:00";"253";"Acidente c";"352";"BR-386/RS";"Norte";"Queda de moto";0;0;0;2;0;0;0;0;0;0;1;1;0;0;0
"14/12/2022";"18:33:00";"261";"Acidente s";"348";"BR-386/RS";"Norte";"Colisão - Lateral";1;0;1;0;0;0;0;0;0;0;1;0;0;0;0
"14/12/2022";"19:38:00";"268";"Acidente s";"285";"BR-386/RS";"Ambos";"Colisão - Traseira";0;0;1;0;0;1;0;0;0;0;3;0;0;0;0
"15/12/2022";"00:18:00";"3";"Acidente s";"299";"BR-386/RS";"Norte";"Colisão - Lateral";0;0;1;0;0;0;0;0;0;1;3;0;0;0;0
"15/12/2022";"07:27:00";"89";"Acidente s";"434,58";"BR-386/RS";"Norte";"Queda de moto";0;0;0;1;0;0;0;0;0;0;4;0;0;0;0
"15/12/2022";"16:42:00";"254";"Acidente s";"435";"BR-386/RS";"Norte";"Colisão - Transversal";2;0;0;0;0;0;0;0;0;0;2;0;0;0;0
"15/12/2022";"22:25:00";"318";"Acidente s";"11";"BR-448/RS";"Sul";"Saída de pista";1;0;0;0;0;0;0;0;0;0;2;0;0;0;0
"16/12/2022";"10:01:00";"155";"Acidente c";"91";"BR-290/RS";"Oeste";"Colisão - Traseira";1;0;0;1;0;0;0;0;0;0;1;0;0;0;0
"16/12/2022";"13:31:00";"207";"Acidente s";"248";"BR-386/RS";"Norte";"Colisão - Traseira";1;0;0;0;0;1;0;0;0;0;2;0;1;0;0
"16/12/2022";"13:56:00";"211";"Acidente s";"37";"BR-101/RS";"Norte";"Colisão - Lateral";2;0;0;0;0;0;0;0;0;0;2;0;0;0;0
"16/12/2022";"14:57:00";"222";"Acidente s";"17";"BR-290/RS";"Leste";"Colisão - Lateral";2;0;0;0;0;0;0;0;0;0;2;0;0;0;0
"16/12/2022";"16:57:00";"247";"Acidente s";"89";"BR-290/RS";"Leste";"Colisão - Lateral";1;0;1;0;0;0;0;0;0;0;2;0;0;0;0
"17/12/2022";"00:46:00";"13";"Acidente s";"22";"BR-448/RS";"Norte";"Choque Barreira";1;0;0;0;0;0;0;0;0;0;3;0;0;0;0
"17/12/2022";"03:31:00";"39";"Acidente s";"280";"BR-386/RS";"Norte";"Saída de pista";1;0;0;0;0;0;0;0;0;0;2;0;0;0;0
"17/12/2022";"08:29:00";"114";"Acidente s";"60";"BR-290/RS";"Oeste";"Colisão - Traseira";2;0;0;0;0;0;0;0;0;0;1;1;0;0;0
"17/12/2022";"12:49:00";"179";"Acidente s";"68";"BR-290/RS";"Oeste";"Colisão - Traseira";2;0;0;0;0;0;0;0;0;0;2;0;0;0;0
"17/12/2022";"20:51:00";"308";"Acidente s";"38";"BR-101/RS";"Sul";"Saída de pista";1;0;0;0;0;0;0;0;0;0;0;1;1;0;0
"17/12/2022";"21:37:00";"316";"Acidente s";"327";"BR-386/RS";"Sul";"Colisão - Lateral";1;0;1;0;0;0;0;0;0;0;3;0;0;0;0
"18/12/2022";"08:00:00";"32";"Acidente s";"392";"BR-386/RS";"Sul";"Capotamento";1;0;0;0;0;0;0;0;0;0;3;0;0;0;0
"18/12/2022";"10:42:00";"63";"Acidente s";"305";"BR-386/RS";"Sul";"Colisão - Traseira";1;0;0;0;0;1;0;0;0;0;1;0;1;0;0
"18/12/2022";"19:03:00";"157";"Acidente s";"343";"BR-386/RS";"Norte";"Colisão - Traseira";2;0;0;1;0;0;0;0;0;0;1;0;0;0;0
"18/12/2022";"19:24:00";"163";"Acidente s";"270";"BR-386/RS";"Norte";"Colisão - Frontal";1;0;0;0;0;0;0;0;0;0;0;1;0;0;0
"18/12/2022";"19:25:00";"164";"Acidente c";"70";"BR-101/RS";"Norte";"Colisão - Transversal";2;0;0;0;0;0;0;0;0;0;3;0;0;0;0
"19/12/2022";"02:17:00";"13";"Acidente s";"56";"BR-101/RS";"Sul";"Saída de pista";1;0;0;0;0;0;0;0;0;0;1;0;0;0;0
"19/12/2022";"03:40:00";"20";"Acidente s";"11";"BR-101/RS";"Sul";"Saída de pista";1;0;0;0;0;0;0;0;0;0;1;0;0;0;1
"19/12/2022";"04:34:00";"23";"Acidente s";"94";"BR-290/RS";"Leste";"Choque Barreira";1;0;0;0;0;0;0;0;0;0;4;0;1;0;0
"19/12/2022";"05:26:00";"28";"Acidente s";"392";"BR-386/RS";"Sul";"Queda de ribanceira";1;0;0;0;0;0;0;0;0;0;3;0;0;0;0
"19/12/2022";"06:05:00";"30";"Acidente s";"91";"BR-290/RS";"Ambos";"Saída de pista";1;0;0;0;0;0;0;0;0;0;6;0;0;0;0
"19/12/2022";"07:57:00";"72";"Acidente c";"22";"BR-101/RS";"Sul";"Queda de moto";0;0;0;1;0;0;0;0;0;0;2;0;0;0;0
"19/12/2022";"08:14:00";"78";"Acidente s";"227";"BR-386/RS";"Norte";"Saída de pista";1;0;0;0;0;0;0;0;0;0;0;0;1;0;0
"19/12/2022";"08:17:00";"82";"Acidente s";"377";"BR-386/RS";"Norte";"Saída de pista";2;0;0;0;0;0;0;0;0;0;2;0;0;0;0
"19/12/2022";"10:20:00";"131";"Acidente s";"242";"BR-386/RS";"Norte";"Colisão - Lateral";2;0;0;0;0;0;0;0;0;0;0;1;0;0;0
"19/12/2022";"11:53:00";"154";"Acidente c";"356";"BR-386/RS";"Norte";"Queda de moto";0;0;0;1;0;0;0;0;0;0;6;0;0;0;0
"20/12/2022";"07:25:00";"64";"Acidente s";"349";"BR-386/RS";"Norte";"Colisão - Traseira";1;0;1;0;0;0;0;0;0;0;1;1;1;0;0
"20/12/2022";"07:42:00";"77";"Acidente s";"350,32";"BR-386/RS";"Norte";"Engavetamento";3;0;0;0;0;0;0;0;0;0;1;0;0;0;0
"20/12/2022";"09:32:00";"125";"Acidente c";"17";"BR-290/RS";"Oeste";"Capotamento";1;0;0;0;0;0;0;0;0;0;7;1;0;0;0
"20/12/2022";"10:17:00";"135";"Acidente s";"422,37";"BR-386/RS";"Norte";"Colisão - Lateral";1;0;0;0;0;0;0;0;0;0;2;0;0;0;0
"20/12/2022";"15:08:00";"201";"Acidente s";"7";"BR-101/RS";"Sul";"Colisão - Traseira";2;0;0;0;0;0;0;0;0;0;5;2;1;0;0
"21/12/2022";"07:47:00";"91";"Acidente s";"10";"BR-448/RS";"Sul";"Saída de pista";0;0;0;0;0;0;0;0;0;1;1;0;0;0;0
"21/12/2022";"08:26:00";"114";"Acidente s";"81";"BR-290/RS";"Leste";"Colisão - Traseira";2;0;0;0;0;0;0;0;0;0;2;0;0;0;0
"21/12/2022";"09:04:00";"128";"Acidente c";"358";"BR-386/RS";"Norte";"Queda de moto";0;0;0;1;0;0;0;0;0;0;2;1;0;0;0
"21/12/2022";"09:35:00";"140";"Acidente s";"90";"BR-290/RS";"Oeste";"Colisão - Traseira";2;0;0;0;0;0;0;0;0;0;1;1;3;0;0
"21/12/2022";"09:56:00";"145";"Acidente s";"337";"BR-386/RS";"Sul";"Colisão - Transversal";2;0;0;0;0;0;0;0;0;0;4;0;0;0;0
"21/12/2022";"13:43:00";"216";"Acidente c";"333";"BR-386/RS";"Sul";"Tombamento";0;0;0;0;0;0;0;1;0;0;5;0;0;0;0
"21/12/2022";"16:25:00";"253";"Acidente s";"344,17";"BR-386/RS";"Sul";"Colisão - Traseira";2;0;0;0;0;0;0;0;0;0;3;0;0;0;0
"21/12/2022";"22:06:00";"329";"Acidente c";"92";"BR-290/RS";"Oeste";"Choque Defensa";1;0;0;0;0;0;0;0;0;0;2;0;0;0;0
"22/12/2022";"02:21:00";"13";"Acidente s";"291";"BR-386/RS";"Norte";"Choque Defensa";1;0;0;0;0;0;0;0;0;0;3;0;0;0;0
"22/12/2022";"02:38:00";"14";"Acidente s";"413";"BR-386/RS";"Sul";"Saída de pista";1;0;0;0;0;0;0;0;0;0;1;0;0;0;0
"22/12/2022";"06:29:00";"38";"Acidente s";"98";"BR-290/RS";"Leste";"Colisão - Traseira";1;0;1;0;0;0;0;0;0;0;2;0;0;0;0
"22/12/2022";"07:14:00";"61";"Acidente c";"15";"BR-448/RS";"Norte";"Queda de moto";0;0;0;1;0;0;0;0;0;0;2;0;0;0;0
"22/12/2022";"11:34:00";"175";"Acidente c";"344";"BR-386/RS";"Sul";"Colisão - Frontal";3;0;0;0;0;0;0;0;0;0;0;1;0;0;0
"22/12/2022";"12:07:00";"187";"Acidente c";"180";"BR-386/RS";"Sul";"Colisão - Transversal";1;0;1;0;0;0;0;0;0;0;6;0;0;0;0
"22/12/2022";"19:00:00";"292";"Acidente s";"345";"BR-386/RS";"Sul";"Capotamento";1;0;0;0;0;0;0;0;0;0;1;0;0;0;0
"22/12/2022";"20:17:00";"308";"Acidente s";"379";"BR-386/RS";"Sul";"Atropelamento de Animal";1;0;0;0;0;0;0;0;0;0;1;2;0;0;0
"22/12/2022";"20:35:00";"311";"Acidente s";"181";"BR-386/RS";"Sul";"Saída de pista";1;0;0;0;0;0;0;0;0;0;6;0;0;0;0
"23/12/2022";"07:12:00";"35";"Acidente c";"351";"BR-386/RS";"Norte";"Colisão - Traseira";2;0;0;0;0;0;0;0;0;0;5;0;0;0;0
"23/12/2022";"07:40:00";"51";"Acidente c";"346";"BR-386/RS";"Norte";"Colisão - Traseira";2;0;0;0;0;0;0;0;0;0;0;1;0;0;0
"23/12/2022";"08:01:00";"60";"Acidente c";"284";"BR-386/RS";"Norte";"Colisão - Frontal";2;0;0;0;0;0;0;1;0;0;1;1;0;0;0
"23/12/2022";"08:21:00";"64";"Acidente c";"10";"BR-101/RS";"Sul";"Colisão - Traseira";1;0;1;0;0;0;0;0;0;0;1;0;0;0;0
"23/12/2022";"10:26:00";"120";"Acidente s";"350";"BR-386/RS";"Norte";"Engavetamento";3;0;0;0;0;0;0;0;0;0;5;0;0;0;0
"23/12/2022";"12:01:00";"150";"Acidente c";"329,28";"BR-386/RS";"Sul";"Colisão - Lateral";1;0;0;1;0;0;0;0;0;0;3;0;0;0;0
"23/12/2022";"12:24:00";"157";"Acidente s";"340";"BR-386/RS";"Sul";"Colisão - Traseira";1;0;0;0;0;1;0;0;0;0;1;0;0;0;0
"23/12/2022";"13:19:00";"178";"Acidente s";"88";"BR-290/RS";"Leste";"Colisão - Traseira";1;0;0;0;0;1;0;0;0;0;5;0;0;0;0
"23/12/2022";"13:52:00";"192";"Acidente s";"306";"BR-386/RS";"Norte";"Colisão - Traseira";1;0;1;0;0;0;0;0;0;0;1;0;1;1;0
"23/12/2022";"14:38:00";"212";"Acidente s";"55";"BR-101/RS";"Sul";"Colisão - Traseira";2;0;0;0;0;0;0;0;0;0;2;0;0;0;0
"23/12/2022";"14:54:00";"218";"Acidente s";"307";"BR-386/RS";"Sul";"Saída de pista";1;0;0;0;0;0;0;0;0;0;0;1;0;0;0
"23/12/2022";"17:24:00";"268";"Acidente s";"351";"BR-386/RS";"Norte";"Choque - Arvore";1;0;0;0;0;0;0;0;0;0;1;3;0;0;0
"23/12/2022";"20:52:00";"336";"Acidente s";"81";"BR-290/RS";"Oeste";"Atropelamento de Animal";1;0;0;0;0;0;0;0;0;0;2;3;0;0;0
"23/12/2022";"21:34:00";"354";"Acidente s";"242";"BR-386/RS";"Norte";"Saída de pista";1;0;0;0;0;0;0;0;0;0;2;0;0;0;0
"24/12/2022";"00:19:00";"1";"Acidente c";"446";"BR-386/RS";"Norte";"Atropelamento de Animal";0;0;0;1;0;0;0;0;0;0;5;0;0;0;0
"24/12/2022";"00:26:00";"3";"Acidente s";"439";"BR-386/RS";"Norte";"Saída de pista";1;0;0;0;0;0;0;0;0;0;2;0;0;0;0
"24/12/2022";"03:58:00";"21";"Acidente s";"18";"BR-101/RS";"Norte";"Colisão - Lateral";2;0;0;0;0;0;0;0;0;0;2;0;0;0;0
"24/12/2022";"05:15:00";"31";"Acidente s";"49";"BR-290/RS";"Oeste";"Choque Defensa";1;0;0;0;0;0;0;0;0;0;6;4;0;0;0
"24/12/2022";"07:23:00";"54";"Acidente s";"342";"BR-386/RS";"Norte";"Colisão - Traseira";2;0;0;0;0;0;0;0;0;0;5;0;2;0;0
"24/12/2022";"08:01:00";"66";"Acidente s";"225";"BR-386/RS";"Norte";"Engavetamento";3;0;0;0;0;0;0;0;0;0;0;2;0;0;0
"24/12/2022";"08:15:00";"72";"Acidente s";"283";"BR-386/RS";"Norte";"Colisão - Traseira";2;0;0;0;0;0;0;0;0;0;2;0;0;0;0
"24/12/2022";"09:41:00";"96";"Acidente c";"339";"BR-386/RS";"Norte";"Colisão - Frontal";2;0;0;0;0;0;0;0;0;0;2;0;1;0;0
"25/12/2022";"01:13:00";"4";"Acidente s";"289";"BR-386/RS";"Norte";"Saída de pista";1;0;0;0;0;0;0;0;0;0;2;0;0;0;0
"25/12/2022";"09:13:00";"35";"Acidente s";"403";"BR-386/RS";"Norte";"Saída de pista";1;0;0;0;0;0;0;0;0;0;3;0;0;0;0
"25/12/2022";"11:46:00";"68";"Acidente s";"345";"BR-386/RS";"Norte";"Saída de pista";1;0;0;0;0;0;0;0;0;0;2;0;0;0;0
"25/12/2022";"14:13:00";"99";"Acidente s";"333";"BR-386/RS";"Norte";"Saída de pista";1;0;0;0;0;0;0;0;0;0;2;0;0;0;0
"25/12/2022";"20:05:00";"194";"Acidente s";"1";"BR-290/RS";"Oeste";"Choque Defensa";1;0;0;0;0;0;0;0;0;0;1;0;0;0;0
"25/12/2022";"20:35:00";"202";"Acidente s";"397";"BR-386/RS";"Norte";"Choque com objeto sobre a pista";1;0;0;0;0;0;0;0;0;0;2;0;0;0;0
"25/12/2022";"21:15:00";"211";"Acidente c";"344";"BR-386/RS";"Sul";"Colisão - Transversal";1;0;0;1;0;0;0;0;0;0;2;0;0;0;0
"26/12/2022";"07:20:00";"71";"Acidente s";"278";"BR-386/RS";"Norte";"Capotamento";1;0;0;0;0;0;0;0;0;0;2;0;0;0;0
"26/12/2022";"07:39:00";"83";"Acidente s";"342";"BR-386/RS";"Norte";"Colisão - Transversal";1;0;0;1;0;0;0;0;0;0;1;0;0;0;0
"26/12/2022";"10:52:00";"168";"Acidente s";"339";"BR-386/RS";"Sul";"Colisão - Frontal";3;0;0;0;0;0;0;0;0;0;1;0;0;0;0
"26/12/2022";"11:38:00";"187";"Acidente s";"33";"BR-290/RS";"Oeste";"Tombamento";1;0;0;0;0;0;0;0;0;0;1;0;0;0;0
"26/12/2022";"13:22:00";"222";"Acidente s";"242";"BR-386/RS";"Norte";"Colisão - Traseira";2;0;0;0;0;0;0;0;0;0;2;0;0;0;0
"26/12/2022";"13:56:00";"236";"Acidente s";"14";"BR-290/RS";"Oeste";"Saída de pista";1;0;0;0;0;0;0;0;0;0;3;0;0;0;0
"26/12/2022";"14:43:00";"249";"Acidente s";"19";"BR-290/RS";"Leste";"Colisão - Traseira";2;0;0;0;0;0;0;0;0;0;2;0;0;0;0
"26/12/2022";"16:00:00";"271";"Acidente s";"66";"BR-101/RS";"Sul";"Choque Barreira";1;0;0;0;0;0;0;0;0;0;5;0;0;0;0
"26/12/2022";"16:16:00";"280";"Acidente s";"393";"BR-386/RS";"Sul";"Colisão - Lateral";1;0;0;0;0;1;0;1;0;0;0;0;0;1;0
"26/12/2022";"17:46:00";"307";"Acidente s";"349";"BR-386/RS";"Norte";"Colisão - Lateral";1;0;0;0;0;0;0;0;0;1;3;0;0;0;0
"26/12/2022";"19:07:00";"322";"Acidente s";"265";"BR-386/RS";"Norte";"Colisão - Lateral";0;0;2;0;0;0;0;0;0;0;3;0;0;0;0
"26/12/2022";"19:35:00";"333";"Acidente s";"231";"BR-386/RS";"Norte";"Saída de pista";1;0;0;0;0;0;0;0;0;0;2;0;0;0;0
"26/12/2022";"22:32:00";"373";"Acidente s";"407";"BR-386/RS";"Sul";"Saída de pista";1;0;0;0;0;0;0;0;0;0;6;0;0;0;0
"26/12/2022";"22:36:00";"374";"Acidente s";"266";"BR-386/RS";"Norte";"Saída de pista";1;0;0;0;0;0;0;0;0;0;0;0;1;0;0
"27/12/2022";"05:33:00";"27";"Acidente s";"54";"BR-101/RS";"Norte";"Capotamento";1;0;0;0;0;0;0;0;0;0;2;0;0;0;0
"27/12/2022";"10:52:00";"166";"Acidente s";"413";"BR-386/RS";"Norte";"Choque Defensa";1;0;0;0;0;0;0;0;0;0;2;0;0;0;0
"27/12/2022";"17:38:00";"266";"Acidente c";"91";"BR-290/RS";"Leste";"Colisão - Lateral";1;0;0;1;0;0;0;0;0;0;1;1;0;0;0
"27/12/2022";"21:17:00";"334";"Acidente s";"60";"BR-290/RS";"Oeste";"Atropelamento de Animal";1;0;0;0;0;0;0;0;0;0;4;0;0;0;0
"28/12/2022";"00:55:00";"6";"Acidente s";"93";"BR-290/RS";"Oeste";"Choque Barreira";1;0;0;0;0;0;0;0;0;0;3;1;0;0;0
"28/12/2022";"01:24:00";"8";"Acidente s";"414";"BR-386/RS";"Sul";"Saída de pista";1;0;0;0;0;0;0;0;0;0;5;0;0;0;0
"28/12/2022";"04:32:00";"21";"Acidente s";"370";"BR-386/RS";"Ambos";"Saída de pista";1;0;0;0;0;0;0;0;0;0;1;0;1;0;0
"28/12/2022";"05:42:00";"29";"Acidente s";"258";"BR-386/RS";"Sul";"Capotamento";1;0;0;0;0;0;0;0;0;0;4;0;0;0;0
"28/12/2022";"06:00:00";"31";"Acidente s";"92";"BR-290/RS";"Oeste";"Choque Barreira";1;0;0;0;0;0;0;0;0;0;1;0;0;0;0
"28/12/2022";"06:42:00";"41";"Acidente s";"90";"BR-290/RS";"Oeste";"Colisão - Traseira";2;0;0;0;0;0;0;0;0;0;1;0;0;0;0
"28/12/2022";"07:03:00";"52";"Acidente s";"285";"BR-386/RS";"Ambos";"Choque Talude";1;0;0;0;0;0;0;0;0;0;3;0;0;0;0
"28/12/2022";"07:53:00";"78";"Acidente s";"442";"BR-386/RS";"Sul";"Saída de pista";1;0;0;0;0;0;0;0;0;0;4;0;0;0;0
"28/12/2022";"08:12:00";"86";"Acidente s";"252";"BR-386/RS";"Norte";"Saída de pista";1;0;0;0;0;0;0;0;0;0;1;0;0;0;0
"28/12/2022";"08:15:00";"88";"Acidente c";"15";"BR-448/RS";"Norte";"Colisão - Traseira";1;0;0;1;0;0;0;0;0;0;1;0;0;0;0
"28/12/2022";"08:26:00";"92";"Acidente c";"10";"BR-290/RS";"Oeste";"Saída de pista";1;0;0;0;0;0;0;0;0;1;2;0;0;0;0
"28/12/2022";"08:35:00";"97";"Acidente s";"10";"BR-290/RS";"Leste";"Saída de pista";1;0;0;0;0;0;0;0;0;0;2;0;0;0;0
"28/12/2022";"10:10:00";"142";"Acidente s";"381";"BR-386/RS";"Sul";"Colisão - Traseira";1;0;0;0;0;1;0;0;0;0;4;0;0;0;0
"28/12/2022";"10:26:00";"148";"Acidente s";"336";"BR-386/RS";"Sul";"Engavetamento";3;0;0;0;0;0;0;0;0;0;2;0;0;0;0
"28/12/2022";"12:34:00";"179";"Acidente s";"8";"BR-290/RS";"Leste";"Saída de pista";1;0;0;0;0;0;0;0;0;0;16;0;0;0;0
"28/12/2022";"13:30:00";"194";"Atropelame";"342";"BR-386/RS";"Norte";"Atropelamento - Morador/Trabalhador/Estudante";1;0;0;0;0;0;0;0;0;0;1;0;2;0;0
"28/12/2022";"20:01:00";"287";"Acidente s";"204";"BR-386/RS";"Sul";"Colisão - Traseira";2;0;0;0;0;0;0;0;0;0;2;0;0;0;0
"29/12/2022";"03:11:00";"10";"Acidente s";"423";"BR-386/RS";"Norte";"Saída de pista";0;0;1;0;0;0;0;0;0;0;2;0;0;0;0
"29/12/2022";"06:18:00";"19";"Acidente s";"417";"BR-386/RS";"Sul";"Colisão - Traseira";1;0;1;0;0;0;0;0;0;0;1;0;0;0;0
"29/12/2022";"06:46:00";"35";"Acidente c";"325";"BR-386/RS";"Sul";"Colisão - Lateral";1;0;0;1;0;0;0;0;0;0;0;1;0;0;0
"29/12/2022";"08:02:00";"80";"Acidente s";"64";"BR-290/RS";"Oeste";"Colisão - Lateral";2;0;0;0;0;0;0;0;0;0;1;0;0;0;0
"29/12/2022";"09:08:00";"101";"Acidente s";"10";"BR-101/RS";"Sul";"Colisão - Lateral";2;0;0;0;0;0;0;0;0;0;1;0;0;0;0
"29/12/2022";"10:53:00";"142";"Acidente s";"59";"BR-290/RS";"Oeste";"Choque Defensa";1;0;0;0;0;0;0;0;0;0;1;0;5;0;0
"29/12/2022";"12:07:00";"163";"Acidente s";"25";"BR-101/RS";"Norte";"Engavetamento";1;0;0;0;0;0;0;0;0;0;3;0;0;0;0
"29/12/2022";"15:43:00";"219";"Acidente s";"81";"BR-290/RS";"Leste";"Engavetamento";1;0;0;0;0;0;0;0;0;0;1;1;0;0;0
"29/12/2022";"17:17:00";"241";"Acidente s";"73";"BR-290/RS";"Leste";"Colisão - Traseira";0;0;0;0;0;0;0;0;0;0;0;0;0;0;2
"29/12/2022";"23:47:00";"317";"Acidente s";"418";"BR-386/RS";"Sul";"Atropelamento de Animal";1;0;0;0;0;0;0;0;0;0;3;0;0;0;0
"30/12/2022";"08:44:00";"110";"Acidente s";"21";"BR-290/RS";"Leste";"Engavetamento";3;0;0;0;0;0;0;0;0;0;2;0;0;0;0
"30/12/2022";"08:57:00";"116";"Acidente s";"21";"BR-290/RS";"Leste";"Engavetamento";3;0;0;0;0;0;0;0;0;0;1;0;0;0;0
"30/12/2022";"09:48:00";"139";"Acidente s";"28";"BR-290/RS";"Leste";"Colisão - Traseira";2;0;0;0;0;0;0;0;0;0;3;0;0;0;0
"30/12/2022";"14:01:00";"227";"Acidente s";"19";"BR-290/RS";"Leste";"Queda de moto";0;0;0;1;0;0;0;0;0;0;1;0;0;0;0
"30/12/2022";"16:23:00";"291";"Acidente s";"52";"BR-290/RS";"Leste";"Queda de ribanceira";1;0;0;0;0;0;0;0;0;0;0;1;1;0;0
"30/12/2022";"16:28:00";"294";"Acidente s";"92";"BR-290/RS";"Oeste";"Queda de moto";0;0;0;1;0;0;0;0;0;0;1;0;0;0;0
"30/12/2022";"18:38:00";"347";"Atropelame";"2";"BR-101/RS";"Norte";"Atropelamento - Ambulante";1;0;0;0;0;0;0;0;0;0;2;0;1;0;0
"30/12/2022";"20:27:00";"392";"Acidente s";"42";"BR-101/RS";"Norte";"Capotamento";1;0;0;0;0;0;0;0;0;0;1;0;0;0;0
"30/12/2022";"20:52:00";"398";"Acidente s";"25";"BR-290/RS";"Leste";"Colisão - Traseira";2;0;0;0;0;0;0;0;0;0;3;0;0;0;0
"30/12/2022";"20:56:00";"402";"Acidente s";"60";"BR-290/RS";"Leste";"Colisão - Traseira";2;0;0;0;0;0;0;0;0;0;2;0;0;0;0
"31/12/2022";"01:52:00";"19";"Acidente c";"20";"BR-290/RS";"Leste";"Queda de moto";0;0;0;1;0;0;0;0;0;0;3;0;0;0;0
"31/12/2022";"03:06:00";"29";"Acidente s";"27";"BR-290/RS";"Leste";"Atropelamento de Animal";1;0;0;0;0;0;0;0;0;0;0;0;0;0;1
"31/12/2022";"03:34:00";"32";"Acidente s";"53";"BR-290/RS";"Oeste";"Colisão - Traseira";0;0;0;0;0;0;0;2;0;0;5;0;0;0;0
"31/12/2022";"04:27:00";"37";"Acidente s";"36";"BR-290/RS";"Leste";"Saída de pista";1;0;0;0;0;0;0;0;0;0;3;0;0;0;0
"31/12/2022";"04:37:00";"39";"Acidente s";"358";"BR-386/RS";"Sul";"Saída de pista";1;0;0;0;0;0;0;0;0;0;2;0;0;0;0
"31/12/2022";"04:53:00";"40";"Acidente s";"82";"BR-290/RS";"Oeste";"Colisão - Traseira";2;0;0;0;0;0;0;0;0;0;2;0;0;0;0
"31/12/2022";"05:40:00";"42";"Acidente s";"66";"BR-101/RS";"Norte";"Queda de moto";0;0;0;1;0;0;0;0;0;0;2;0;1;0;0