data;horario;n_da_ocorrencia;tipo_de_ocorrencia;km;trecho;sentido;tipo_de_acidente;automovel;bicicleta;caminhao;moto;onibus;outros;tracao_animal;transporte_de_cargas_especiais;trator_maquinas;utilitarios;ilesos;levemente_feridos;moderadamente_feridos;gravemente_feridos;mortos
"31/12/2022";"06:17:00";"57";"Acidente s";"60";"BR-101/RS";"Sul";"Colisão - Traseira";1;0;1;0;0;0;0;0;0;0;5;0;0;0;0
"31/12/2022";"06:24:00";"61";"Acidente c";"38";"BR-290/RS";"Leste";"Queda de moto";0;0;0;1;0;0;0;0;0;0;1;0;0;0;0
"31/12/2022";"09:13:00";"118";"Acidente s";"388";"BR-386/RS";"Sul";"Colisão - Lateral";1;0;0;0;0;1;0;0;0;0;9;0;0;0;0
"31/12/2022";"18:00:00";"294";"Acidente s";"90";"BR-290/RS";"Leste";"Colisão - Lateral";2;0;0;0;0;0;0;0;0;0;0;1;0;0;0
"31/12/2022";"22:28:00";"368";"Acidente c";"44";"BR-101/RS";"Norte";"Atropelamento de Animal";1;0;0;0;0;0;0;0;0;0;3;0;0;0;0
"01/01/2023";"00:59:00";"6";"Acidente c";"353";"BR-386/RS";"Norte";"Capotamento";1;0;0;0;0;0;0;0;0;0;1;0;0;0;0
"01/01/2023";"04:59:00";"35";"Acidente s";"412";"BR-386/RS";"Sul";"Atropelamento de Animal";1;0;0;0;0;0;0;0;0;0;8;0;0;0;0
"01/01/2023";"06:21:00";"47";"Acidente s";"310";"BR-386/RS";"Sul";"Choque Defensa";1;0;0;0;0;0;0;0;0;0;6;0;0;0;0
"01/01/2023";"06:56:00";"52";"Acidente c";"91";"BR-290/RS";"Oeste";"Capotamento";1;0;0;0;0;0;0;0;0;0;0;0;0;1;0
"01/01/2023";"07:04:00";"56";"Acidente c";"57";"BR-101/RS";"Sul";"Queda de ribanceira";1;0;0;0;0;0;0;0;0;0;0;0;1;0;0
"01/01/2023";"07:10:00";"58";"Acidente c";"415";"BR-386/RS";"Sul";"Colisão - Transversal";1;0;0;1;0;0;0;0;0;0;6;0;0;0;0
"01/01/2023";"07:44:00";"62";"Acidente s";"26";"BR-290/RS";"Leste";"Colisão - Traseira";2;0;0;0;0;0;0;0;0;0;4;0;2;0;0
"01/01/2023";"08:10:00";"66";"Acidente s";"55";"BR-290/RS";"Leste";"Queda de ribanceira";1;0;0;0;0;0;0;0;0;0;3;0;0;0;0
"01/01/2023";"15:21:00";"210";"Acidente s";"228";"BR-386/RS";"Sul";"Atropelamento de Animal";1;0;0;0;0;0;0;0;0;0;3;0;0;0;0
"01/01/2023";"15:32:00";"215";"Acidente c";"367";"BR-386/RS";"Sul";"Choque Talude";1;0;0;0;0;0;0;0;0;0;0;1;0;0;0
"01/01/2023";"17:39:00";"271";"Acidente s";"42";"BR-290/RS";"Oeste";"Colisão - Lateral";2;0;0;0;0;0;0;0;0;0;1;0;0;0;0
"01/01/2023";"18:16:00";"289";"Acidente s";"12";"BR-290/RS";"Oeste";"Colisão - Traseira";2;0;0;0;0;0;0;0;0;0;2;0;0;0;0
"01/01/2023";"18:49:00";"305";"Acidente s";"49";"BR-290/RS";"Oeste";"Colisão - Traseira";2;0;0;0;0;0;0;0;0;0;1;0;0;0;0
"01/01/2023";"20:03:00";"342";"Acidente s";"4";"BR-290/RS";"Oeste";"Colisão - Traseira";2;0;0;0;0;0;0;0;0;0;1;0;0;0;0
"01/01/2023";"23:27:00";"422";"Acidente s";"59";"BR-290/RS";"Oeste";"Queda de ribanceira";1;0;0;0;0;0;0;0;0;0;1;1;0;0;0
"02/01/2023";"06:50:00";"82";"Acidente s";"307";"BR-386/RS";"Norte";"Saída de pista";1;0;0;0;0;0;0;0;0;0;1;0;0;0;0
"02/01/2023";"06:50:00";"81";"Acidente s";"25";"BR-290/RS";"Leste";"Colisão - Traseira";2;0;0;0;0;0;0;0;0;0;0;2;0;0;0
"02/01/2023";"07:45:00";"111";"Acidente c";"7";"BR-101/RS";"Norte";"Colisão - Traseira";1;0;0;1;0;0;0;0;0;0;1;1;0;0;0
"02/01/2023";"09:02:00";"152";"Acidente s";"1";"BR-101/RS";"Sul";"Colisão - Traseira";2;0;0;0;0;0;0;0;0;0;0;1;0;0;0
"02/01/2023";"09:08:00";"155";"Acidente s";"308";"BR-386/RS";"Sul";"Colisão - Traseira";2;0;0;0;0;0;0;0;0;0;3;0;0;0;0
"02/01/2023";"09:16:00";"161";"Acidente s";"19";"BR-290/RS";"Leste";"Colisão - Traseira";2;0;0;0;0;0;0;0;0;0;2;0;0;0;0
"02/01/2023";"09:56:00";"180";"Acidente s";"11";"BR-290/RS";"Oeste";"Colisão - Traseira";2;0;0;0;0;0;0;0;0;0;1;0;0;0;0
"02/01/2023";"10:29:00";"191";"Acidente s";"10";"BR-290/RS";"Oeste";"Colisão - Traseira";2;0;0;0;0;1;0;0;0;0;4;0;0;0;0
"02/01/2023";"10:51:00";"203";"Acidente c";"86";"BR-101/RS";"Sul";"Colisão - Traseira";1;0;0;1;0;0;0;0;0;0;3;0;0;0;0
"02/01/2023";"11:03:00";"206";"Acidente s";"6";"BR-101/RS";"Sul";"Colisão - Transversal";2;0;0;0;0;0;0;0;0;0;1;0;0;0;0
"02/01/2023";"12:21:00";"223";"Acidente c";"394";"BR-386/RS";"Norte";"Colisão - Lateral";2;0;0;0;0;0;0;0;0;0;0;1;1;0;0
"02/01/2023";"13:05:00";"235";"Acidente c";"90";"BR-290/RS";"Leste";"Colisão - Lateral";1;0;0;1;0;0;0;0;0;0;4;0;0;0;0
"02/01/2023";"13:51:00";"253";"Acidente s";"91";"BR-290/RS";"Leste";"Colisão - Traseira";1;0;1;0;0;0;0;0;0;0;0;1;0;0;0
"02/01/2023";"14:07:00";"263";"Acidente s";"80";"BR-101/RS";"Sul";"Colisão - Traseira";1;0;0;0;0;0;0;0;0;0;2;3;1;0;0
"02/01/2023";"14:54:00";"278";"Acidente s";"68";"BR-101/RS";"Sul";"Colisão - Traseira";2;0;0;0;0;0;0;0;0;0;3;0;0;0;0
"02/01/2023";"16:55:00";"334";"Acidente c";"372";"BR-386/RS";"Norte";"Colisão - Traseira";2;0;0;0;0;0;0;0;0;0;2;0;0;0;0
"02/01/2023";"17:04:00";"338";"Acidente s";"60";"BR-290/RS";"Leste";"Colisão - Lateral";0;0;2;0;0;0;0;0;0;0;0;0;1;0;0
"02/01/2023";"17:41:00";"355";"Acidente c";"346";"BR-386/RS";"Norte";"Capotamento";1;0;0;0;0;0;0;0;0;0;2;0;0;0;0
"02/01/2023";"17:45:00";"359";"Acidente s";"354";"BR-386/RS";"Norte";"Queda de ribanceira";1;0;0;0;0;0;0;0;0;0;3;0;0;0;0
"02/01/2023";"18:54:00";"385";"Acidente s";"92";"BR-290/RS";"Leste";"Saída de pista";1;0;0;0;0;0;0;0;0;0;0;2;0;0;0
"02/01/2023";"20:58:00";"429";"Acidente s";"10";"BR-290/RS";"Oeste";"Colisão - Traseira";2;0;0;0;0;0;0;0;0;0;1;0;0;0;0
"03/01/2023";"00:06:00";"2";"Acidente c";"70";"BR-290/RS";"Oeste";"Capotamento";1;0;0;0;0;0;0;0;0;0;2;0;0;0;0
"03/01/2023";"07:28:00";"76";"Acidente s";"294";"BR-386/RS";"Sul";"Saída de pista";1;0;0;0;0;0;0;0;0;0;2;0;0;0;0
"03/01/2023";"08:21:00";"100";"Acidente s";"344";"BR-386/RS";"Norte";"Colisão - Lateral";2;0;0;0;0;0;0;0;0;0;2;0;0;0;0
"03/01/2023";"09:16:00";"125";"Acidente c";"215";"BR-386/RS";"Sul";"Colisão - Transversal";1;0;0;1;0;0;0;0;0;0;1;0;0;0;0
"03/01/2023";"09:19:00";"127";"Acidente s";"324";"BR-386/RS";"Sul";"Colisão - Traseira";0;0;1;0;0;0;0;0;0;1;1;0;0;0;0
"03/01/2023";"11:22:00";"169";"Acidente s";"33";"BR-290/RS";"Oeste";"Colisão - Traseira";2;0;0;0;0;0;0;0;0;0;0;2;0;0;0
"03/01/2023";"11:52:00";"176";"Acidente s";"34";"BR-290/RS";"Oeste";"Engavetamento";4;0;0;0;0;0;0;0;0;0;1;1;0;0;0
"03/01/2023";"13:53:00";"209";"Acidente c";"25";"BR-290/RS";"Oeste";"Queda de moto";0;0;0;1;0;0;0;0;0;0;2;0;0;0;0
"03/01/2023";"14:19:00";"214";"Acidente c";"410";"BR-386/RS";"Norte";"Colisão - Traseira";1;0;1;0;0;0;0;0;0;0;2;0;0;0;0
"03/01/2023";"21:57:00";"345";"Acidente c";"346";"BR-386/RS";"Sul";"Queda de moto";0;0;0;1;0;0;0;0;0;0;1;0;1;0;0
"04/01/2023";"04:32:00";"12";"Acidente c";"417";"BR-386/RS";"Norte";"Saída de pista";1;0;0;0;0;0;0;0;0;0;2;0;0;0;0
"04/01/2023";"06:54:00";"31";"Acidente s";"74";"BR-101/RS";"Norte";"Atropelamento de Animal";1;0;0;0;0;0;0;0;0;0;0;0;1;0;0
"04/01/2023";"07:44:00";"73";"Acidente s";"217";"BR-386/RS";"Norte";"Colisão - Traseira";2;0;0;0;0;0;0;0;0;0;7;0;0;0;0
"04/01/2023";"10:57:00";"158";"Acidente s";"60";"BR-290/RS";"Oeste";"Colisão - Traseira";2;0;0;0;0;0;0;0;0;0;2;0;0;0;0
"04/01/2023";"13:36:00";"204";"Atropelame";"83";"BR-290/RS";"Oeste";"Atropelamento - Esportista";1;0;0;0;0;0;0;0;0;0;2;0;0;0;0
"04/01/2023";"15:44:00";"237";"Acidente c";"354";"BR-386/RS";"Norte";"Colisão - Transversal";3;0;0;0;0;0;0;0;0;0;4;0;0;0;0
"04/01/2023";"17:59:00";"282";"Acidente c";"92";"BR-290/RS";"Leste";"Queda de moto";0;0;0;1;0;0;0;0;0;0;4;1;0;0;0
"05/01/2023";"08:18:00";"112";"Acidente s";"421";"BR-386/RS";"Sul";"Atropelamento de Animal";1;0;0;0;0;0;0;0;0;0;1;0;0;0;0
"05/01/2023";"09:15:00";"133";"Acidente s";"55";"BR-290/RS";"Oeste";"Colisão - Traseira";2;0;0;0;0;0;0;0;0;0;1;0;0;0;0
"05/01/2023";"09:19:00";"134";"Acidente s";"59";"BR-101/RS";"Norte";"Colisão - Traseira";1;0;0;1;0;0;0;0;0;0;2;1;0;0;0
"05/01/2023";"10:34:00";"151";"Acidente s";"357";"BR-386/RS";"Norte";"Saída de pista";1;0;0;0;0;0;0;0;0;0;3;0;0;0;0
"05/01/2023";"11:35:00";"167";"Acidente s";"53";"BR-290/RS";"Oeste";"Colisão - Traseira";2;0;0;0;0;0;0;0;0;0;1;0;0;0;0
"05/01/2023";"15:38:00";"236";"Acidente s";"19";"BR-290/RS";"Leste";"Colisão - Traseira";2;0;0;0;0;0;0;0;0;0;7;0;0;0;0
"05/01/2023";"16:43:00";"261";"Acidente s";"307";"BR-386/RS";"Norte";"Colisão - Lateral";0;0;0;0;0;0;0;1;0;1;3;0;0;0;0
"05/01/2023";"18:46:00";"306";"Acidente s";"342";"BR-386/RS";"Norte";"Queda de moto";2;0;0;0;0;0;0;0;0;0;8;0;0;0;0
"05/01/2023";"23:58:00";"364";"Atropelame";"436";"BR-386/RS";"Norte";"Atropelamento - Andarilho";0;0;0;1;0;0;0;0;0;0;6;0;0;0;0
"06/01/2023";"04:43:00";"15";"Acidente s";"44";"BR-290/RS";"Oeste";"Saída de pista";0;0;0;0;0;1;0;0;0;0;3;0;0;0;0
"06/01/2023";"06:13:00";"21";"Acidente c";"80";"BR-101/RS";"Sul";"Saída de pista";1;0;0;0;0;0;0;0;0;0;1;0;0;0;1
"06/01/2023";"07:25:00";"57";"Acidente s";"85";"BR-290/RS";"Oeste";"Colisão - Traseira";2;0;0;0;0;0;0;0;0;0;2;0;0;0;0
"06/01/2023";"07:40:00";"69";"Acidente s";"342";"BR-386/RS";"Norte";"Colisão - Lateral";1;0;0;1;0;0;0;0;0;0;1;0;0;0;0
"06/01/2023";"09:55:00";"129";"Acidente s";"88";"BR-290/RS";"Oeste";"Capotamento";1;0;0;0;0;0;0;0;0;0;1;1;0;0;0
"06/01/2023";"11:23:00";"149";"Acidente s";"40";"BR-101/RS";"Sul";"Saída de pista";1;0;0;0;0;0;0;0;0;0;0;1;0;0;0
"06/01/2023";"12:57:00";"169";"Acidente c";"86";"BR-290/RS";"Leste";"Saída de pista";1;0;0;0;0;0;0;0;0;0;1;0;0;0;0
"06/01/2023";"16:46:00";"236";"Acidente s";"19";"BR-290/RS";"Leste";"Colisão - Traseira";2;0;0;0;0;0;0;0;0;0;7;0;0;0;0
"06/01/2023";"18:21:00";"267";"Acidente s";"440";"BR-386/RS";"Sul";"Saída de pista";1;0;0;0;0;0;0;0;0;0;1;1;0;0;0
"06/01/2023";"22:20:00";"333";"Acidente s";"59";"BR-290/RS";"Oeste";"Capotamento";1;0;0;0;0;0;0;0;0;0;2;0;0;0;0
"06/01/2023";"22:42:00";"339";"Acidente s";"384";"BR-386/RS";"Norte";"Colisão - Traseira";1;0;1;0;0;0;0;0;0;0;1;1;0;0;0
"07/01/2023";"03:28:00";"12";"Acidente s";"40";"BR-290/RS";"Oeste";"Saída de pista";1;0;0;0;0;0;0;0;0;0;4;0;0;0;0
"07/01/2023";"04:00:00";"15";"Acidente s";"24";"BR-290/RS";"Leste";"Colisão - Traseira";2;0;0;0;0;0;0;0;0;0;2;0;0;0;0
"07/01/2023";"05:29:00";"19";"Acidente s";"181";"BR-386/RS";"Sul";"Saída de pista";1;0;0;0;0;0;0;0;0;0;4;0;0;0;0
"07/01/2023";"05:38:00";"20";"Acidente s";"40";"BR-290/RS";"Leste";"Colisão - Traseira";2;0;0;0;0;0;0;0;0;0;2;0;0;0;0
"07/01/2023";"06:44:00";"39";"Acidente s";"91";"BR-290/RS";"Leste";"Choque Defensa";1;0;0;0;0;0;0;0;0;0;1;1;0;0;0
"07/01/2023";"06:46:00";"40";"Acidente s";"50";"BR-290/RS";"Leste";"Saída de pista";1;0;0;0;0;0;0;0;0;0;3;1;0;0;0
"07/01/2023";"09:02:00";"81";"Acidente c";"12";"BR-290/RS";"Leste";"Saída de pista";1;0;0;0;0;0;0;0;0;0;6;0;0;0;0
"07/01/2023";"10:14:00";"102";"Acidente s";"32";"BR-101/RS";"Norte";"Colisão - Traseira";2;0;0;0;0;0;0;0;0;0;3;0;0;0;0
"07/01/2023";"10:56:00";"110";"Acidente s";"338";"BR-386/RS";"Sul";"Engavetamento";1;0;0;0;1;1;0;0;0;0;1;0;0;0;0
"07/01/2023";"12:00:00";"128";"Acidente s";"240";"BR-386/RS";"Norte";"Saída de pista";1;0;0;0;0;0;0;0;0;0;2;0;0;0;0
"07/01/2023";"14:18:00";"152";"Acidente c";"221";"BR-386/RS";"Norte";"Colisão - Frontal";2;0;0;0;0;0;0;0;0;0;3;0;0;0;0
"07/01/2023";"15:13:00";"168";"Acidente s";"32";"BR-101/RS";"Norte";"Colisão - Traseira";2;0;0;0;0;0;0;0;0;0;1;1;0;0;0
"07/01/2023";"15:19:00";"169";"Acidente c";"367";"BR-386/RS";"Sul";"Colisão - Transversal";2;0;0;0;0;0;0;0;0;0;0;3;2;0;0
"07/01/2023";"16:34:00";"183";"Acidente c";"349";"BR-386/RS";"Norte";"Colisão - Transversal";2;0;0;0;0;0;0;0;0;0;8;1;0;0;0
"07/01/2023";"18:50:00";"216";"Atropelame";"69";"BR-290/RS";"Leste";"Atropelamento - Usuário";1;0;0;0;0;0;0;0;0;0;3;0;0;0;0
"07/01/2023";"21:13:00";"236";"Acidente c";"302";"BR-386/RS";"Norte";"Colisão - Transversal";2;0;0;0;0;0;0;0;0;0;1;0;0;0;0
"08/01/2023";"05:04:00";"16";"Acidente c";"304";"BR-386/RS";"Norte";"Saída de pista";0;0;0;1;0;0;0;0;0;0;2;0;0;0;0
"08/01/2023";"07:05:00";"34";"Acidente s";"1";"BR-101/RS";"Norte";"Colisão - Traseira";2;0;0;0;0;0;0;0;0;0;4;3;0;0;0
"08/01/2023";"12:54:00";"100";"Acidente c";"8";"BR-101/RS";"Norte";"Saída de pista";0;0;0;1;0;0;0;0;0;0;1;0;0;0;0
"08/01/2023";"15:50:00";"132";"Acidente c";"239";"BR-386/RS";"Sul";"Colisão - Frontal";6;0;0;0;0;0;0;0;0;0;0;0;1;1;0
"08/01/2023";"16:27:00";"143";"Acidente s";"87";"BR-101/RS";"Sul";"Colisão - Traseira";2;0;0;0;0;0;0;0;0;0;1;0;1;0;0
"08/01/2023";"17:50:00";"161";"Acidente s";"17";"BR-290/RS";"Oeste";"Colisão - Traseira";3;0;0;0;0;0;0;0;0;0;2;0;0;0;0
"08/01/2023";"19:54:00";"219";"Acidente s";"35";"BR-101/RS";"Sul";"Colisão - Lateral";2;0;0;0;0;0;0;0;0;0;3;0;1;0;0
"08/01/2023";"20:04:00";"223";"Acidente s";"5";"BR-290/RS";"Oeste";"Colisão - Traseira";2;0;0;0;0;0;0;0;0;0;2;0;0;0;0
"08/01/2023";"21:12:00";"250";"Acidente c";"95";"BR-290/RS";"Oeste";"Choque Defensa";0;0;0;1;0;0;0;0;0;0;1;0;0;0;0
"08/01/2023";"22:41:00";"286";"Acidente s";"33";"BR-290/RS";"Oeste";"Colisão - Traseira";2;0;0;0;0;0;0;0;0;0;2;1;0;0;0
"08/01/2023";"23:02:00";"292";"Acidente s";"51";"BR-101/RS";"Norte";"Saída de pista";1;0;0;0;0;0;0;0;0;0;1;0;0;0;0
"08/01/2023";"23:53:00";"305";"Acidente s";"25";"BR-290/RS";"Oeste";"Colisão - Traseira";2;0;0;0;0;0;0;0;0;0;4;0;0;0;0
"09/01/2023";"06:54:00";"57";"Acidente s";"49";"BR-101/RS";"Norte";"Colisão - Traseira";0;0;0;0;0;0;0;0;0;2;0;1;0;0;0
"09/01/2023";"07:27:00";"83";"Acidente s";"19";"BR-101/RS";"Sul";"Colisão - Traseira";2;0;0;0;0;0;0;0;0;0;4;0;0;0;0
"09/01/2023";"08:03:00";"112";"Acidente s";"84";"BR-290/RS";"Oeste";"Colisão - Traseira";2;0;0;0;0;0;0;0;0;0;1;0;0;0;0
"09/01/2023";"10:36:00";"181";"Acidente c";"8";"BR-290/RS";"Oeste";"Queda de ribanceira";1;0;0;0;0;0;0;0;0;0;2;0;0;0;0
"09/01/2023";"15:03:00";"237";"Acidente s";"75";"BR-290/RS";"Oeste";"Choque Barreira";1;0;0;0;0;0;0;0;0;0;6;0;0;0;0
"09/01/2023";"16:01:00";"258";"Acidente s";"52";"BR-101/RS";"Sul";"Saída de pista";1;0;0;0;0;0;0;0;0;0;1;0;0;0;0
"09/01/2023";"18:17:00";"293";"Acidente s";"86";"BR-290/RS";"Leste";"Colisão - Traseira";1;0;0;0;0;1;0;0;0;0;3;0;0;0;0
"09/01/2023";"18:27:00";"296";"Acidente s";"90";"BR-290/RS";"Oeste";"Queda de moto";0;0;0;1;0;0;0;0;0;0;5;0;0;0;0
"10/01/2023";"01:02:00";"7";"Acidente s";"35";"BR-290/RS";"Leste";"Colisão - Lateral";1;0;1;0;0;0;0;0;0;0;0;0;2;0;0
"10/01/2023";"02:50:00";"16";"Acidente s";"79";"BR-101/RS";"Sul";"Atropelamento de Animal";1;0;0;0;0;0;0;0;0;0;1;0;0;0;0
"10/01/2023";"09:19:00";"124";"Acidente s";"53";"BR-290/RS";"Oeste";"Colisão - Traseira";2;0;0;0;0;0;0;0;0;0;3;0;0;0;0
"10/01/2023";"09:30:00";"129";"Acidente s";"20";"BR-101/RS";"Norte";"Saída de pista";0;0;0;0;0;0;0;0;0;0;8;0;0;0;0
"10/01/2023";"10:39:00";"150";"Acidente s";"52";"BR-290/RS";"Oeste";"Colisão - Traseira";2;0;0;0;0;0;0;0;0;0;4;0;0;0;0
"10/01/2023";"15:33:00";"219";"Acidente s";"339";"BR-386/RS";"Sul";"Outros";1;0;0;0;0;0;0;0;0;0;2;0;0;0;0
"10/01/2023";"15:51:00";"222";"Acidente c";"333";"BR-386/RS";"Sul";"Colisão - Lateral";1;0;1;0;0;0;0;0;0;0;1;0;0;0;0
"10/01/2023";"17:01:00";"237";"Acidente s";"52";"BR-101/RS";"Norte";"Queda de ribanceira";1;0;0;0;0;0;0;0;0;0;2;0;0;0;0
"10/01/2023";"17:07:00";"238";"Acidente c";"21";"BR-448/RS";"Norte";"Choque Defensa";1;0;0;0;0;0;0;0;0;0;2;0;0;0;0
"10/01/2023";"17:16:00";"243";"Acidente s";"7";"BR-101/RS";"Sul";"Colisão - Transversal";2;0;0;0;0;0;0;0;0;0;1;0;0;0;0
"10/01/2023";"19:48:00";"268";"Acidente s";"22";"BR-448/RS";"Norte";"Choque com objeto sobre a pista";1;0;0;0;0;0;0;0;0;0;2;0;0;0;0
"10/01/2023";"21:14:00";"278";"Acidente c";"86";"BR-290/RS";"Leste";"Colisão - Traseira";1;0;0;1;0;0;0;0;0;0;1;0;0;0;0
"10/01/2023";"21:43:00";"282";"Acidente s";"440";"BR-386/RS";"Norte";"Atropelamento de Animal";1;0;0;0;0;0;0;0;0;0;2;0;0;0;0
"11/01/2023";"00:13:00";"4";"Acidente s";"15";"BR-290/RS";"Oeste";"Queda de moto";0;0;1;1;0;0;0;0;0;0;3;0;1;0;0
"11/01/2023";"03:47:00";"18";"Acidente s";"58";"BR-290/RS";"Oeste";"Tombamento";0;0;1;0;0;0;0;0;0;0;2;0;0;0;0
"11/01/2023";"11:21:00";"155";"Acidente s";"80";"BR-290/RS";"Oeste";"Queda de moto";1;0;0;0;0;0;0;0;0;0;1;0;0;0;0
"11/01/2023";"14:05:00";"201";"Acidente s";"215";"BR-386/RS";"Sul";"Colisão - Traseira";2;0;0;0;0;0;0;0;0;0;1;0;0;0;0
"11/01/2023";"14:23:00";"209";"Acidente s";"57";"BR-101/RS";"Norte";"Colisão - Lateral";2;0;0;0;0;0;0;0;0;0;2;0;0;0;0
"11/01/2023";"17:48:00";"245";"Atropelame";"347";"BR-386/RS";"Norte";"Atropelamento - Usuário";0;0;0;1;0;0;0;0;0;0;3;0;0;0;0
"12/01/2023";"08:12:00";"103";"Acidente s";"349";"BR-386/RS";"Norte";"Engavetamento";2;0;0;0;0;0;0;0;0;0;1;1;0;0;0
"12/01/2023";"08:35:00";"113";"Acidente c";"181";"BR-386/RS";"Norte";"Engavetamento";3;0;0;0;0;0;0;0;0;0;0;1;0;0;0
"12/01/2023";"09:46:00";"143";"Acidente s";"58";"BR-101/RS";"Sul";"Colisão - Lateral";2;0;0;0;0;0;0;0;0;0;0;0;0;1;0
"12/01/2023";"11:32:00";"184";"Acidente s";"21";"BR-448/RS";"Norte";"Colisão - Traseira";2;0;0;0;0;0;0;0;0;0;0;3;1;0;0
"12/01/2023";"12:53:00";"209";"Acidente s";"63";"BR-101/RS";"Norte";"Saída de pista";1;0;0;0;0;0;0;0;0;0;1;0;0;0;0
"12/01/2023";"14:56:00";"237";"Acidente c";"78";"BR-101/RS";"Sul";"Tombamento";0;0;1;0;0;0;0;0;0;0;3;0;0;0;0
"12/01/2023";"15:19:00";"244";"Acidente c";"354";"BR-386/RS";"Sul";"Capotamento";1;0;0;0;0;0;0;0;0;0;2;0;0;0;0
"12/01/2023";"16:31:00";"259";"Acidente s";"91";"BR-290/RS";"Leste";"Colisão - Traseira";2;0;0;0;0;0;0;0;0;0;0;1;0;0;0
"12/01/2023";"20:55:00";"314";"Acidente c";"364";"BR-386/RS";"Norte";"Saída de pista";1;0;0;0;0;0;0;0;0;0;1;0;1;0;0
"12/01/2023";"23:54:00";"330";"Acidente s";"80";"BR-290/RS";"Leste";"Queda de ribanceira";1;0;0;0;0;0;0;0;0;0;2;0;0;0;0
"13/01/2023";"05:41:00";"13";"Acidente s";"54";"BR-290/RS";"Oeste";"Colisão - Traseira";1;0;1;0;0;0;0;0;0;0;0;1;0;0;0
"13/01/2023";"08:34:00";"94";"Acidente c";"366";"BR-386/RS";"Sul";"Saída de pista";1;0;0;0;0;0;0;0;0;0;3;0;0;0;0
"13/01/2023";"10:05:00";"116";"Acidente c";"350";"BR-386/RS";"Sul";"Queda de ribanceira";1;0;0;0;0;0;0;0;0;0;2;0;0;0;0
"13/01/2023";"12:32:00";"155";"Acidente s";"60";"BR-290/RS";"Oeste";"Choque Praça - Submarino";0;0;1;0;0;0;0;0;0;0;2;0;0;0;0
"13/01/2023";"12:47:00";"158";"Acidente s";"343";"BR-386/RS";"Sul";"Colisão - Traseira";0;0;0;0;0;0;0;2;0;0;3;0;0;0;0
"13/01/2023";"15:42:00";"205";"Acidente s";"60";"BR-290/RS";"Oeste";"Colisão - Traseira";1;0;0;0;0;0;0;0;0;0;1;0;0;0;1
"13/01/2023";"18:07:00";"236";"Acidente s";"60";"BR-290/RS";"Leste";"Colisão - Lateral";2;0;0;0;0;0;0;0;0;0;2;0;0;0;0
"13/01/2023";"21:27:00";"294";"Acidente s";"208";"BR-386/RS";"Norte";"Colisão - Frontal";1;0;0;0;0;1;0;0;0;0;0;1;2;0;0
"14/01/2023";"01:50:00";"11";"Acidente s";"72";"BR-101/RS";"Ambos";"Colisão - Traseira";1;0;1;0;0;0;0;0;0;0;2;0;0;0;0
"14/01/2023";"04:07:00";"24";"Acidente c";"55,9";"BR-290/RS";"Leste";"Tombamento";0;0;0;0;0;0;0;1;0;0;2;0;0;0;0
"14/01/2023";"12:28:00";"136";"Acidente s";"14";"BR-101/RS";"Norte";"Saída de pista";1;0;0;0;0;0;0;0;0;0;1;0;0;0;0
"14/01/2023";"15:26:00";"166";"Acidente s";"369";"BR-386/RS";"Sul";"Saída de pista";1;0;0;0;0;0;0;0;0;0;17;0;0;0;0
"14/01/2023";"15:31:00";"167";"Acidente s";"53";"BR-101/RS";"Norte";"Colisão - Traseira";1;0;0;0;0;0;0;1;0;0;2;0;0;0;0
"14/01/2023";"20:37:00";"221";"Acidente s";"341";"BR-386/RS";"Sul";"Saída de pista";1;0;0;0;0;0;0;0;0;0;2;0;0;0;0
"15/01/2023";"12:19:00";"96";"Acidente s";"60";"BR-290/RS";"Oeste";"Colisão - Traseira";2;0;0;0;0;0;0;0;0;0;2;0;1;0;0
"15/01/2023";"14:16:00";"114";"Acidente s";"384";"BR-386/RS";"Norte";"Colisão - Lateral";1;0;0;0;0;0;0;1;0;0;3;0;0;0;0
"15/01/2023";"15:26:00";"129";"Acidente s";"327,05";"BR-386/RS";"Sul";"Colisão - Traseira";2;0;0;0;0;0;0;0;0;0;0;0;1;0;0
"15/01/2023";"15:48:00";"135";"Acidente s";"32";"BR-101/RS";"Sul";"Outros";2;0;0;0;0;0;0;1;0;0;2;0;0;0;0
"15/01/2023";"17:10:00";"162";"Acidente s";"87";"BR-101/RS";"Sul";"Engavetamento";3;0;0;0;0;0;0;0;0;0;2;0;1;0;0
"15/01/2023";"17:56:00";"177";"Acidente s";"78";"BR-101/RS";"Norte";"Colisão - Traseira";1;0;1;0;0;0;0;0;0;0;3;0;0;0;0
"15/01/2023";"18:19:00";"184";"Acidente s";"238";"BR-386/RS";"Sul";"Colisão - Traseira";2;0;0;0;0;0;0;0;0;0;2;0;0;1;0
"15/01/2023";"18:29:00";"186";"Acidente s";"5";"BR-290/RS";"Oeste";"Colisão - Traseira";2;0;0;0;0;0;0;0;0;0;0;1;0;0;0
"15/01/2023";"19:36:00";"204";"Acidente s";"19";"BR-101/RS";"Norte";"Colisão - Traseira";2;0;0;0;0;0;0;0;0;0;4;0;0;0;0
"15/01/2023";"20:23:00";"219";"Acidente s";"26";"BR-290/RS";"Leste";"Colisão - Lateral";1;0;1;0;0;0;0;0;0;0;4;0;0;0;0
"15/01/2023";"21:23:00";"247";"Acidente s";"411";"BR-386/RS";"Norte";"Queda de ribanceira";1;0;0;0;0;0;0;0;0;0;1;0;0;0;0
"15/01/2023";"21:25:00";"248";"Acidente s";"441";"BR-386/RS";"Sul";"Atropelamento de Animal";1;0;0;0;0;0;0;0;0;0;2;0;0;0;0
"15/01/2023";"21:45:00";"255";"Acidente s";"445";"BR-386/RS";"Norte";"Colisão - Lateral";1;0;0;0;0;1;0;0;0;0;1;0;1;0;0