data;horario;n_da_ocorrencia;tipo_de_ocorrencia;km;trecho;sentido;tipo_de_acidente;automovel;bicicleta;caminhao;moto;onibus;outros;tracao_animal;transporte_de_cargas_especiais;trator_maquinas;utilitarios;ilesos;levemente_feridos;moderadamente_feridos;gravemente_feridos;mortos
"16/01/2023";"08:12:00";"94";"Acidente s";"86";"BR-290/RS";"Oeste";"Colisão - Traseira";3;0;0;0;0;0;0;0;0;0;3;0;1;0;0
"16/01/2023";"08:42:00";"104";"Acidente s";"86";"BR-290/RS";"Oeste";"Colisão - Traseira";4;0;0;0;0;0;0;0;0;0;1;0;0;0;0
"16/01/2023";"11:07:00";"155";"Acidente s";"387";"BR-386/RS";"Sul";"Colisão - Lateral";2;0;0;0;0;0;0;0;0;0;1;0;0;0;0
"16/01/2023";"11:34:00";"165";"Acidente c";"92";"BR-290/RS";"Leste";"Colisão - Traseira";2;0;0;0;0;0;0;0;0;0;3;0;0;0;0
"16/01/2023";"12:42:00";"181";"Acidente s";"433";"BR-386/RS";"Norte";"Colisão - Traseira";2;0;0;0;0;0;0;0;0;0;3;0;0;0;0
"16/01/2023";"16:14:00";"238";"Acidente s";"45";"BR-101/RS";"Sul";"Choque Barreira";0;0;1;0;0;0;0;0;0;0;1;0;0;1;0
"16/01/2023";"19:03:00";"279";"Acidente s";"60";"BR-290/RS";"Oeste";"Colisão - Traseira";0;0;0;0;0;0;0;0;0;2;2;0;0;0;0
"17/01/2023";"07:37:00";"75";"Acidente c";"95";"BR-290/RS";"Oeste";"Colisão - Traseira";2;0;0;1;0;0;0;0;0;0;4;0;1;0;0
"17/01/2023";"12:17:00";"174";"Acidente s";"306";"BR-386/RS";"Sul";"Tombamento";0;0;1;0;0;0;0;0;0;0;1;1;0;0;0
"17/01/2023";"12:55:00";"184";"Acidente c";"416";"BR-386/RS";"Norte";"Saída de pista";1;0;0;0;0;0;0;0;0;0;3;0;0;0;0
"17/01/2023";"15:43:00";"232";"Acidente s";"17";"BR-290/RS";"Oeste";"Colisão - Traseira";2;0;0;0;0;0;0;0;0;0;1;0;0;0;0
"17/01/2023";"16:47:00";"252";"Acidente s";"60";"BR-290/RS";"Leste";"Colisão - Lateral";2;0;0;0;0;0;0;0;0;0;2;0;0;0;0
"17/01/2023";"17:21:00";"260";"Acidente s";"216";"BR-386/RS";"Sul";"Colisão - Lateral";0;0;1;0;0;0;0;1;0;0;1;0;0;0;0
"18/01/2023";"16:59:00";"199";"Acidente c";"350";"BR-386/RS";"Norte";"Colisão - Traseira";1;0;0;1;0;0;0;0;0;0;3;1;0;0;0
"18/01/2023";"17:25:00";"205";"Acidente s";"85";"BR-290/RS";"Leste";"Colisão - Lateral";1;0;0;1;0;0;0;0;0;0;1;0;0;0;0
"19/01/2023";"07:45:00";"80";"Acidente s";"96";"BR-290/RS";"Oeste";"Colisão - Lateral";2;0;0;0;0;0;0;1;0;0;3;0;0;0;0
"19/01/2023";"09:13:00";"123";"Acidente s";"19";"BR-290/RS";"Leste";"Colisão - Traseira";1;0;1;0;0;0;0;0;0;0;1;0;0;0;0
"19/01/2023";"13:20:00";"170";"Acidente s";"338";"BR-386/RS";"Norte";"Saída de pista";1;0;0;0;0;0;0;0;0;0;2;0;0;0;0
"19/01/2023";"14:21:00";"185";"Acidente s";"300";"BR-386/RS";"Norte";"Saída de pista";1;0;0;0;0;0;0;0;0;0;2;0;1;0;0
"19/01/2023";"14:28:00";"187";"Acidente c";"53";"BR-290/RS";"Oeste";"Queda de moto";0;0;0;1;0;0;0;0;0;0;5;0;1;0;0
"19/01/2023";"16:39:00";"222";"Acidente s";"7";"BR-101/RS";"Sul";"Queda de ribanceira";2;0;0;0;0;0;0;0;0;0;1;0;1;0;0
"19/01/2023";"18:08:00";"242";"Acidente s";"349";"BR-386/RS";"Norte";"Colisão - Lateral";1;0;0;0;0;0;0;1;0;0;5;0;0;0;0
"20/01/2023";"02:29:00";"9";"Acidente s";"435";"BR-386/RS";"Sul";"Atropelamento de Animal";1;0;0;0;0;0;0;0;0;0;1;0;0;0;0
"20/01/2023";"08:52:00";"116";"Acidente s";"292";"BR-386/RS";"Sul";"Colisão - Lateral";1;0;0;0;0;0;0;0;0;1;2;0;0;0;0
"20/01/2023";"12:45:00";"188";"Acidente s";"426";"BR-386/RS";"Sul";"Colisão - Lateral";1;0;0;0;0;1;0;0;0;0;2;0;0;0;0
"20/01/2023";"15:28:00";"225";"Acidente s";"350";"BR-386/RS";"Norte";"Choque Defensa";1;0;0;0;0;0;0;0;0;0;1;1;0;0;0
"20/01/2023";"15:39:00";"227";"Acidente s";"346";"BR-386/RS";"Norte";"Colisão - Lateral";1;0;1;0;0;0;0;0;0;0;3;0;0;0;0
"20/01/2023";"16:38:00";"247";"Acidente c";"7";"BR-101/RS";"Sul";"Colisão - Traseira";1;0;1;0;0;0;0;0;0;0;1;0;1;0;0
"20/01/2023";"17:48:00";"259";"Acidente s";"346";"BR-386/RS";"Sul";"Colisão - Traseira";2;0;0;0;0;0;0;0;0;0;3;0;0;0;0
"20/01/2023";"18:10:00";"267";"Acidente c";"237";"BR-386/RS";"Norte";"Colisão - Frontal";1;0;0;0;0;1;0;0;0;0;1;0;1;0;0
"20/01/2023";"19:15:00";"278";"Acidente c";"93";"BR-290/RS";"Leste";"Colisão - Lateral";0;0;0;1;0;1;0;0;0;0;2;0;0;0;0
"20/01/2023";"19:49:00";"288";"Acidente s";"342";"BR-386/RS";"Sul";"Colisão - Traseira";2;0;0;0;0;0;0;0;0;0;1;1;0;0;0
"20/01/2023";"20:17:00";"295";"Acidente s";"26";"BR-290/RS";"Leste";"Colisão - Traseira";2;0;0;0;0;0;0;0;0;0;1;1;0;0;0
"20/01/2023";"21:05:00";"306";"Acidente s";"90";"BR-290/RS";"Leste";"Colisão - Lateral";1;0;0;0;0;1;0;0;0;0;2;1;1;0;0
"20/01/2023";"23:54:00";"331";"Acidente c";"92";"BR-290/RS";"Oeste";"Queda de moto";0;0;0;1;0;0;0;0;0;0;2;0;0;0;0
"21/01/2023";"04:40:00";"10";"Acidente c";"346";"BR-386/RS";"Norte";"Queda de moto";1;0;0;0;0;0;0;0;0;0;4;0;0;0;0
"21/01/2023";"08:27:00";"68";"Acidente s";"74";"BR-290/RS";"Oeste";"Engavetamento";3;0;0;0;0;1;0;0;0;0;2;0;0;0;0
"21/01/2023";"10:35:00";"104";"Acidente s";"60";"BR-290/RS";"Leste";"Colisão - Traseira";1;0;0;0;0;0;0;0;0;1;5;0;0;0;0
"21/01/2023";"14:36:00";"164";"Acidente s";"64";"BR-290/RS";"Oeste";"Colisão - Traseira";2;0;0;0;0;0;0;0;0;0;4;0;0;0;0
"21/01/2023";"16:00:00";"200";"Acidente s";"26";"BR-290/RS";"Leste";"Saída de pista";1;0;0;0;0;0;0;0;0;0;4;0;0;0;0
"21/01/2023";"17:38:00";"215";"Acidente c";"190";"BR-386/RS";"Norte";"Queda de moto";0;0;0;1;0;0;0;0;0;0;1;0;0;0;0
"21/01/2023";"18:03:00";"221";"Acidente c";"10";"BR-290/RS";"Oeste";"Choque Defensa";1;0;0;0;0;0;0;0;0;0;1;2;0;0;0
"21/01/2023";"18:40:00";"235";"Acidente s";"86";"BR-290/RS";"Leste";"Choque Defensa";1;0;0;0;0;0;0;0;0;0;5;0;0;0;0
"21/01/2023";"20:21:00";"254";"Acidente s";"22";"BR-448/RS";"Sul";"Colisão - Lateral";2;0;0;0;0;0;0;0;0;0;4;0;0;0;0
"21/01/2023";"23:45:00";"289";"Acidente s";"93";"BR-290/RS";"Leste";"Capotamento";1;0;0;0;0;0;0;0;0;0;1;0;0;0;0
"22/01/2023";"05:15:00";"18";"Acidente c";"327";"BR-386/RS";"Sul";"Colisão - Frontal";3;0;0;0;0;0;0;0;0;0;1;2;1;0;0
"22/01/2023";"09:33:00";"82";"Acidente c";"59";"BR-290/RS";"Leste";"Colisão - Transversal";2;0;0;0;0;0;0;0;0;0;8;0;0;0;0
"22/01/2023";"16:24:00";"171";"Acidente s";"82";"BR-101/RS";"Sul";"Colisão - Traseira";1;0;0;0;0;0;0;0;0;0;2;0;0;0;0
"22/01/2023";"17:43:00";"194";"Acidente c";"435";"BR-386/RS";"Sul";"Colisão - Transversal";2;0;0;0;0;0;0;0;0;0;2;0;0;0;0
"22/01/2023";"18:27:00";"208";"Acidente s";"2";"BR-290/RS";"Oeste";"Engavetamento";3;0;0;0;0;0;0;0;0;0;2;0;0;0;0
"22/01/2023";"19:30:00";"225";"Acidente s";"57";"BR-290/RS";"Oeste";"Engavetamento";3;0;0;0;0;0;0;0;0;0;3;0;0;0;0
"22/01/2023";"20:17:00";"238";"Acidente c";"346";"BR-386/RS";"Sul";"Queda de moto";0;0;0;0;0;1;0;0;0;0;2;0;0;0;0
"23/01/2023";"04:32:00";"14";"Acidente s";"304";"BR-386/RS";"Norte";"Saída de pista";1;0;0;0;0;0;0;0;0;0;1;0;0;0;0
"23/01/2023";"10:37:00";"159";"Acidente s";"347";"BR-386/RS";"Norte";"Colisão - Traseira";1;0;0;0;0;0;0;1;0;0;3;0;0;0;0
"23/01/2023";"15:54:00";"247";"Acidente s";"292";"BR-386/RS";"Norte";"Colisão - Lateral";0;0;0;0;0;0;0;1;0;1;1;0;0;0;0
"23/01/2023";"16:54:00";"262";"Acidente s";"60";"BR-290/RS";"Leste";"Colisão - Traseira";2;0;0;0;0;0;0;0;0;0;2;0;0;0;0
"23/01/2023";"19:18:00";"292";"Atropelame";"19";"BR-101/RS";"Norte";"Atropelamento - Andarilho";0;0;0;1;0;0;0;0;0;0;1;0;0;0;0
"23/01/2023";"21:46:00";"314";"Acidente s";"60";"BR-290/RS";"Leste";"Choque Praça - Cancela";1;0;0;0;0;1;0;0;0;0;1;0;0;0;0
"24/01/2023";"08:26:00";"100";"Acidente s";"96";"BR-290/RS";"Oeste";"Colisão - Traseira";2;0;0;0;0;0;0;0;0;0;0;0;1;0;0
"24/01/2023";"11:20:00";"157";"Acidente s";"351";"BR-386/RS";"Norte";"Colisão - Lateral";1;0;0;0;0;0;0;1;0;0;1;0;0;0;0
"24/01/2023";"12:31:00";"176";"Acidente s";"38";"BR-101/RS";"Sul";"Colisão - Traseira";0;0;1;0;0;1;0;0;0;0;1;0;0;0;0
"24/01/2023";"13:32:00";"188";"Acidente c";"68";"BR-290/RS";"Oeste";"Queda de moto";0;0;0;1;0;0;0;0;0;0;0;0;1;0;0
"24/01/2023";"17:56:00";"250";"Acidente s";"349";"BR-386/RS";"Sul";"Queda de moto";0;0;0;1;0;0;0;0;0;0;0;0;0;5;2
"24/01/2023";"20:25:00";"293";"Acidente s";"415";"BR-386/RS";"Norte";"Choque Defensa";1;0;0;0;0;0;0;0;0;0;1;0;0;0;0
"24/01/2023";"22:14:00";"313";"Acidente s";"57";"BR-290/RS";"Oeste";"Outros";4;0;0;1;0;0;0;0;0;1;2;0;0;0;0
"24/01/2023";"22:33:00";"317";"Acidente s";"69";"BR-290/RS";"Leste";"Colisão - Lateral";2;0;0;0;0;0;0;0;0;0;1;0;1;0;0
"25/01/2023";"03:29:00";"18";"Acidente s";"444";"BR-386/RS";"Sul";"Atropelamento de Animal";1;0;0;0;0;0;0;0;0;0;1;0;0;0;0
"25/01/2023";"07:24:00";"57";"Acidente c";"349";"BR-386/RS";"Sul";"Queda de moto";0;0;0;1;0;0;0;0;0;0;0;0;1;0;0
"25/01/2023";"12:13:00";"191";"Acidente s";"426";"BR-386/RS";"Norte";"Colisão - Transversal";1;0;0;0;0;0;0;0;0;1;1;0;0;0;0
"25/01/2023";"16:36:00";"254";"Acidente s";"18";"BR-448/RS";"Norte";"Colisão - Traseira";4;0;0;0;0;0;0;0;0;0;5;0;0;0;0
"26/01/2023";"06:08:00";"24";"Acidente c";"69";"BR-101/RS";"Sul";"Colisão - Traseira";1;0;0;0;0;1;0;0;0;0;0;0;0;3;0
"26/01/2023";"06:57:00";"44";"Acidente c";"274";"BR-386/RS";"Norte";"Queda de moto";0;0;0;1;0;0;0;0;0;0;2;1;1;0;0
"26/01/2023";"12:34:00";"180";"Acidente s";"19";"BR-290/RS";"Leste";"Colisão - Traseira";5;0;0;0;0;0;0;0;0;0;4;0;0;0;0
"26/01/2023";"13:54:00";"198";"Acidente s";"215";"BR-386/RS";"Norte";"Saída de pista";1;0;0;0;0;0;0;0;0;0;1;0;0;0;0
"26/01/2023";"15:28:00";"225";"Acidente s";"81";"BR-101/RS";"Sul";"Colisão - Lateral";1;0;1;0;0;0;0;0;0;0;4;0;0;0;0
"26/01/2023";"16:02:00";"227";"Acidente s";"81";"BR-101/RS";"Sul";"Saída de pista";1;0;0;0;0;0;0;0;0;0;2;0;0;0;0
"26/01/2023";"17:48:00";"253";"Acidente s";"426";"BR-386/RS";"Sul";"Colisão - Traseira";1;0;0;0;0;0;0;0;0;1;1;0;0;0;0
"26/01/2023";"18:00:00";"256";"Acidente c";"54";"BR-290/RS";"Leste";"Tombamento";0;0;0;0;0;0;0;0;0;1;3;0;0;0;0
"27/01/2023";"03:06:00";"7";"Acidente s";"327";"BR-386/RS";"Sul";"Saída de pista";1;0;0;0;0;0;0;0;0;0;0;1;0;0;0
"27/01/2023";"07:18:00";"62";"Acidente c";"5";"BR-448/RS";"Sul";"Queda de moto";0;0;0;1;0;0;0;0;0;0;1;1;0;0;0
"27/01/2023";"15:29:00";"228";"Acidente c";"277";"BR-386/RS";"Sul";"Capotamento";1;0;0;0;0;0;0;0;0;0;0;1;0;0;0
"27/01/2023";"19:28:00";"304";"Acidente s";"425";"BR-386/RS";"Norte";"Colisão - Frontal";3;0;0;0;0;0;0;0;0;0;3;0;0;0;0
"27/01/2023";"21:33:00";"344";"Acidente s";"337";"BR-386/RS";"Sul";"Colisão - Traseira";2;0;0;0;0;0;0;0;0;0;4;0;0;0;0
"28/01/2023";"02:19:00";"24";"Acidente s";"44";"BR-290/RS";"Leste";"Choque com objeto sobre a pista";1;0;0;0;0;0;0;0;0;0;1;0;0;0;0
"28/01/2023";"05:45:00";"38";"Acidente c";"312";"BR-386/RS";"Norte";"Capotamento";1;0;0;0;0;0;0;0;0;0;1;0;0;0;0
"28/01/2023";"10:12:00";"117";"Acidente s";"59";"BR-290/RS";"Leste";"Colisão - Traseira";2;0;0;0;0;0;0;0;0;0;3;0;0;0;0
"28/01/2023";"14:07:00";"179";"Acidente c";"50";"BR-290/RS";"Leste";"Queda de moto";0;0;0;1;0;0;0;0;0;0;1;0;0;0;0
"28/01/2023";"14:44:00";"190";"Acidente c";"44";"BR-290/RS";"Oeste";"Capotamento";1;0;0;0;0;0;0;0;0;0;3;0;0;0;0
"28/01/2023";"15:29:00";"204";"Acidente c";"40";"BR-290/RS";"Oeste";"Colisão - Traseira";2;0;0;0;0;0;0;0;0;1;5;0;0;0;0
"28/01/2023";"15:55:00";"214";"Acidente c";"233";"BR-386/RS";"Norte";"Queda de moto";0;0;0;1;0;0;0;0;0;0;1;0;0;0;0
"28/01/2023";"17:54:00";"243";"Acidente s";"9";"BR-448/RS";"Norte";"Saída de pista";1;0;0;0;0;0;0;0;0;0;6;0;0;0;0
"28/01/2023";"18:18:00";"252";"Acidente s";"11";"BR-290/RS";"Oeste";"Queda de ribanceira";1;0;0;0;0;0;0;0;0;0;2;1;0;0;0
"28/01/2023";"19:27:00";"266";"Acidente s";"62";"BR-290/RS";"Leste";"Saída de pista";1;0;0;0;0;0;0;0;0;0;1;0;0;0;0
"28/01/2023";"20:52:00";"282";"Acidente s";"180";"BR-386/RS";"Sul";"Saída de pista";1;0;0;0;0;0;0;0;0;0;3;1;0;0;0
"28/01/2023";"22:24:00";"302";"Acidente s";"40";"BR-290/RS";"Oeste";"Colisão - Transversal";2;0;1;0;0;0;0;0;0;0;1;0;0;0;0
"29/01/2023";"00:09:00";"5";"Acidente s";"434";"BR-386/RS";"Norte";"Queda de ribanceira";1;0;0;0;0;0;0;0;0;0;1;1;0;0;0
"29/01/2023";"07:51:00";"80";"Acidente c";"13";"BR-290/RS";"Oeste";"Colisão - Traseira";2;0;0;0;0;0;0;0;0;0;3;0;0;0;0
"29/01/2023";"11:40:00";"132";"Acidente s";"11";"BR-290/RS";"Oeste";"Saída de pista";1;0;0;0;0;0;0;0;0;0;2;0;0;0;0
"29/01/2023";"16:46:00";"196";"Acidente s";"1";"BR-290/RS";"Oeste";"Engavetamento";3;0;0;0;0;0;0;0;0;0;1;1;0;0;0
"29/01/2023";"17:26:00";"203";"Acidente s";"52";"BR-101/RS";"Norte";"Colisão - Transversal";2;0;0;0;0;0;0;0;0;0;6;0;0;0;0
"29/01/2023";"17:50:00";"213";"Acidente c";"426";"BR-386/RS";"Sul";"Choque Praça - Cancela";0;0;0;0;0;0;0;1;0;0;1;1;0;0;0
"29/01/2023";"18:52:00";"235";"Acidente s";"0";"BR-290/RS";"Oeste";"Engavetamento";2;0;0;0;0;0;0;0;0;0;2;0;0;0;0
"29/01/2023";"19:55:00";"245";"Acidente c";"344";"BR-386/RS";"Sul";"Colisão - Frontal";1;0;0;1;0;0;0;0;0;0;2;0;0;0;0
"29/01/2023";"21:30:00";"283";"Acidente s";"432";"BR-386/RS";"Sul";"Saída de pista";1;0;0;0;0;0;0;0;0;0;1;0;0;0;0
"30/01/2023";"03:40:00";"25";"Acidente s";"339";"BR-386/RS";"Norte";"Choque Defensa";1;0;0;0;0;0;0;0;0;0;1;0;0;0;0
"30/01/2023";"04:23:00";"27";"Acidente s";"20";"BR-290/RS";"Oeste";"Choque com objeto sobre a pista";1;0;0;0;0;0;0;0;0;0;1;0;0;0;0
"30/01/2023";"04:29:00";"29";"Acidente s";"20";"BR-290/RS";"Oeste";"Choque com objeto sobre a pista";1;0;0;0;0;0;0;0;0;0;2;0;0;0;0
"30/01/2023";"07:51:00";"94";"Acidente s";"34";"BR-101/RS";"Norte";"Saída de pista";1;0;0;0;0;0;0;0;0;0;2;0;0;0;0
"30/01/2023";"09:11:00";"140";"Acidente s";"92";"BR-290/RS";"Oeste";"Colisão - Traseira";2;0;0;0;0;0;0;0;0;0;3;0;0;0;0
"30/01/2023";"09:35:00";"148";"Acidente s";"90";"BR-290/RS";"Oeste";"Colisão - Traseira";1;0;0;0;0;0;0;0;0;1;2;0;0;0;0
"30/01/2023";"09:39:00";"149";"Acidente s";"35";"BR-101/RS";"Norte";"Colisão - Traseira";2;0;0;0;0;0;0;0;0;0;3;0;0;0;0
"30/01/2023";"09:42:00";"150";"Acidente s";"90";"BR-290/RS";"Oeste";"Colisão - Traseira";2;0;0;0;0;0;0;0;0;0;7;0;0;0;0
"30/01/2023";"09:52:00";"154";"Acidente s";"94";"BR-290/RS";"Oeste";"Colisão - Traseira";1;0;0;0;0;1;0;0;0;0;2;0;0;0;0
"30/01/2023";"10:33:00";"171";"Acidente s";"401";"BR-386/RS";"Norte";"Choque Defensa";1;0;0;0;0;0;0;0;0;0;1;0;0;0;0
"30/01/2023";"12:55:00";"211";"Acidente s";"432";"BR-386/RS";"Norte";"Colisão - Lateral";2;0;0;0;0;0;0;0;0;0;1;1;0;0;0
"30/01/2023";"13:05:00";"215";"Acidente s";"89";"BR-290/RS";"Oeste";"Colisão - Traseira";1;0;0;0;0;1;0;0;0;0;1;1;0;0;0
"30/01/2023";"14:10:00";"226";"Acidente c";"92";"BR-290/RS";"Oeste";"Queda de moto";1;0;0;0;0;0;0;0;0;0;0;1;0;0;0
"30/01/2023";"21:53:00";"334";"Acidente s";"346";"BR-386/RS";"Sul";"Choque - Sinalização";1;0;0;0;0;0;0;0;0;0;2;0;0;0;0
"31/01/2023";"03:43:00";"17";"Acidente s";"57";"BR-290/RS";"Oeste";"Saída de pista";1;0;0;0;0;0;0;0;0;0;2;0;0;0;0
"31/01/2023";"09:09:00";"112";"Acidente s";"89";"BR-290/RS";"Oeste";"Colisão - Lateral";1;0;0;0;0;0;0;0;0;1;1;0;3;0;0
"31/01/2023";"10:13:00";"124";"Acidente s";"95";"BR-290/RS";"Oeste";"Colisão - Traseira";2;0;0;0;0;0;0;0;0;0;1;0;1;0;0
"31/01/2023";"16:31:00";"223";"Acidente c";"72";"BR-290/RS";"Leste";"Colisão - Traseira";3;0;0;0;0;0;0;0;0;0;5;0;0;0;0
"31/01/2023";"18:27:00";"241";"Acidente s";"81";"BR-101/RS";"Norte";"Saída de pista";1;0;0;0;0;0;0;0;0;0;1;0;0;0;0
"01/02/2023";"07:10:00";"61";"Acidente s";"80";"BR-290/RS";"Oeste";"Saída de pista";1;0;0;0;0;0;0;0;0;0;3;0;0;0;0
"01/02/2023";"09:49:00";"130";"Acidente s";"19";"BR-290/RS";"Oeste";"Colisão - Traseira";2;0;0;0;0;0;0;0;0;0;1;0;0;0;0
"01/02/2023";"10:26:00";"137";"Acidente s";"64";"BR-290/RS";"Leste";"Colisão - Lateral";2;0;0;0;0;0;0;0;0;0;2;0;0;0;0
"01/02/2023";"11:23:00";"153";"Acidente s";"72";"BR-290/RS";"Oeste";"Colisão - Lateral";2;0;0;0;0;0;0;0;0;0;0;1;0;0;0
"01/02/2023";"11:43:00";"157";"Acidente c";"436";"BR-386/RS";"Sul";"Colisão - Lateral";1;0;1;0;0;0;0;0;0;0;1;0;0;0;0
"01/02/2023";"12:21:00";"167";"Acidente s";"19";"BR-290/RS";"Leste";"Colisão - Traseira";1;0;0;0;0;0;0;0;0;1;7;0;0;0;0
"01/02/2023";"15:25:00";"200";"Acidente c";"415";"BR-386/RS";"Norte";"Colisão - Traseira";1;0;1;0;0;0;0;0;0;0;2;0;1;0;0
"01/02/2023";"15:28:00";"201";"Acidente s";"7";"BR-101/RS";"Norte";"Engavetamento";3;0;0;0;0;0;0;0;0;0;0;0;4;1;0
"01/02/2023";"17:42:00";"227";"Acidente s";"2";"BR-101/RS";"Sul";"Saída de pista";0;0;1;0;0;0;0;0;0;0;4;1;1;0;0
"01/02/2023";"20:04:00";"259";"Acidente c";"392";"BR-386/RS";"Sul";"Colisão - Traseira";0;0;0;2;0;0;0;0;0;0;3;1;0;0;0
"02/02/2023";"01:12:00";"6";"Acidente c";"390";"BR-386/RS";"Norte";"Colisão - Lateral";3;0;0;0;0;0;0;0;0;0;3;0;0;0;0
"02/02/2023";"05:04:00";"21";"Acidente s";"92";"BR-290/RS";"Leste";"Saída de pista";1;0;0;0;0;0;0;0;0;0;2;0;0;0;0
"02/02/2023";"08:13:00";"84";"Acidente s";"72";"BR-101/RS";"Norte";"Colisão - Lateral";1;0;0;0;0;0;0;1;0;0;2;0;0;0;0
"02/02/2023";"11:32:00";"143";"Acidente s";"81";"BR-101/RS";"Sul";"Saída de pista";1;0;0;0;0;0;0;0;0;0;7;0;0;0;0
"02/02/2023";"12:01:00";"149";"Acidente s";"19";"BR-290/RS";"Leste";"Colisão - Traseira";2;0;0;0;0;0;0;0;0;0;1;0;1;0;0
"02/02/2023";"22:53:00";"269";"Acidente s";"60";"BR-290/RS";"Leste";"Choque com objeto sobre a pista";1;0;0;0;0;0;0;0;0;0;1;0;0;0;0
"02/02/2023";"22:58:00";"270";"Acidente s";"413,19";"BR-386/RS";"Sul";"Saída de pista";0;0;1;0;0;0;0;0;0;0;2;0;0;0;0
"03/02/2023";"02:36:00";"15";"Acidente s";"53";"BR-101/RS";"Sul";"Queda de ribanceira";0;0;0;0;0;0;0;1;0;0;1;0;2;2;1
"03/02/2023";"07:11:00";"44";"Acidente s";"440";"BR-386/RS";"Sul";"Saída de pista";1;0;0;0;0;0;0;0;0;0;2;0;0;0;0
"03/02/2023";"12:08:00";"144";"Acidente s";"304";"BR-386/RS";"Norte";"Colisão - Transversal";1;0;1;0;0;0;0;0;0;0;2;1;0;0;0
"03/02/2023";"14:11:00";"176";"Acidente s";"336";"BR-386/RS";"Norte";"Saída de pista";1;0;0;0;0;0;0;0;0;0;0;0;1;0;0
"03/02/2023";"14:11:00";"177";"Acidente s";"22";"BR-448/RS";"Norte";"Choque - Meio Fio";1;0;0;0;0;0;0;0;0;0;2;0;0;0;0
"03/02/2023";"14:22:00";"180";"Acidente c";"15";"BR-448/RS";"Sul";"Saída de pista";0;0;1;0;0;0;0;0;0;0;1;0;0;0;0
"03/02/2023";"15:42:00";"201";"Acidente c";"89";"BR-290/RS";"Leste";"Queda de moto";0;0;0;1;0;0;0;0;0;0;1;0;0;0;0
"03/02/2023";"16:08:00";"209";"Acidente s";"345";"BR-386/RS";"Norte";"Engavetamento";1;0;2;0;0;0;0;0;0;0;2;0;0;0;0
"03/02/2023";"18:47:00";"239";"Acidente s";"394";"BR-386/RS";"Sul";"Saída de pista";1;0;0;0;0;0;0;0;0;0;4;1;0;0;0
"03/02/2023";"22:47:00";"275";"Acidente s";"224";"BR-386/RS";"Sul";"Atropelamento de Animal";1;0;0;0;0;0;0;0;0;0;3;0;0;0;0
"04/02/2023";"01:21:00";"6";"Acidente s";"255";"BR-386/RS";"Norte";"Saída de pista";1;0;0;0;0;0;0;0;0;0;2;0;0;0;0
"04/02/2023";"03:54:00";"17";"Acidente c";"241";"BR-386/RS";"Norte";"Colisão - Frontal";2;0;0;0;0;0;0;0;0;0;1;0;0;0;0
"04/02/2023";"05:58:00";"26";"Acidente s";"226";"BR-386/RS";"Sul";"Saída de pista";0;0;1;0;0;0;0;0;0;0;4;1;0;0;0
"04/02/2023";"09:42:00";"80";"Acidente c";"344";"BR-386/RS";"Norte";"Engavetamento";1;0;2;0;0;0;0;0;0;0;5;0;0;1;0
"04/02/2023";"09:43:00";"81";"Acidente s";"226";"BR-386/RS";"Norte";"Colisão - Traseira";2;0;0;0;0;0;0;0;0;0;2;0;0;0;0
"05/02/2023";"01:56:00";"7";"Acidente s";"92";"BR-290/RS";"Leste";"Saída de pista";1;0;0;0;0;0;0;0;0;0;2;0;0;0;0
"05/02/2023";"05:17:00";"21";"Acidente c";"83";"BR-101/RS";"Norte";"Saída de pista";1;0;0;0;0;0;0;0;0;0;2;0;0;0;0
"05/02/2023";"07:34:00";"40";"Acidente c";"10";"BR-101/RS";"Norte";"Queda de ribanceira";1;0;0;0;0;0;0;0;0;0;2;0;0;0;0
"05/02/2023";"17:01:00";"134";"Acidente s";"333";"BR-386/RS";"Ambos";"Colisão - Traseira";2;0;0;0;0;0;0;0;0;0;3;0;0;0;0
"05/02/2023";"17:59:00";"149";"Acidente c";"349";"BR-386/RS";"Norte";"Queda de moto";0;0;0;1;0;0;0;0;0;0;5;1;0;0;0
"05/02/2023";"18:46:00";"165";"Acidente s";"357";"BR-386/RS";"Sul";"Saída de pista";1;0;0;0;0;0;0;0;0;0;3;0;0;0;0
"05/02/2023";"19:41:00";"180";"Acidente c";"80";"BR-101/RS";"Norte";"Colisão - Frontal";2;0;1;0;0;0;0;0;0;0;2;0;0;0;0
"05/02/2023";"20:48:00";"196";"Acidente s";"342";"BR-386/RS";"Norte";"Saída de pista";1;0;0;0;0;0;0;0;0;0;5;0;0;0;0
"05/02/2023";"22:21:00";"216";"Acidente s";"19";"BR-290/RS";"Oeste";"Colisão - Lateral";1;0;0;0;0;1;0;0;0;0;1;0;0;0;0
"05/02/2023";"23:34:00";"231";"Acidente s";"49";"BR-101/RS";"Sul";"Saída de pista";1;0;0;0;0;0;0;0;0;0;0;0;1;0;0
"06/02/2023";"02:04:00";"13";"Acidente s";"32";"BR-101/RS";"Sul";"Tombamento";2;0;0;0;0;0;0;0;0;0;7;0;0;0;0
"06/02/2023";"04:44:00";"20";"Acidente c";"344";"BR-386/RS";"Sul";"Queda de moto";0;0;0;1;0;1;0;0;0;0;1;0;0;0;0
"06/02/2023";"05:56:00";"31";"Acidente c";"4";"BR-290/RS";"Oeste";"Colisão - Traseira";1;0;0;0;0;0;0;0;0;0;3;0;0;0;0
"06/02/2023";"05:57:00";"32";"Acidente s";"60";"BR-290/RS";"Leste";"Colisão - Traseira";2;0;0;0;0;0;0;0;0;0;3;0;0;0;0
"06/02/2023";"07:11:00";"64";"Acidente s";"92";"BR-290/RS";"Oeste";"Colisão - Lateral";1;0;1;0;0;0;0;0;0;0;4;0;0;0;0