data;horario;n_da_ocorrencia;tipo_de_ocorrencia;km;trecho;sentido;tipo_de_acidente;automovel;bicicleta;caminhao;moto;onibus;outros;tracao_animal;transporte_de_cargas_especiais;trator_maquinas;utilitarios;ilesos;levemente_feridos;moderadamente_feridos;gravemente_feridos;mortos
"06/02/2023";"07:49:00";"84";"Acidente s";"92";"BR-290/RS";"Leste";"Colisão - Traseira";1;0;1;0;0;0;0;0;0;0;5;0;0;0;0
"06/02/2023";"07:50:00";"87";"Acidente s";"439";"BR-386/RS";"Norte";"Colisão - Transversal";1;0;0;0;0;0;0;1;0;0;3;0;0;0;0
"06/02/2023";"07:54:00";"91";"Acidente c";"88";"BR-290/RS";"Oeste";"Colisão - Lateral";1;0;0;1;0;0;0;0;0;0;0;3;0;0;0
"06/02/2023";"08:14:00";"103";"Acidente c";"283";"BR-386/RS";"Sul";"Colisão - Frontal";1;0;1;0;0;0;0;0;0;0;2;0;0;1;0
"06/02/2023";"09:01:00";"122";"Acidente c";"86";"BR-290/RS";"Oeste";"Colisão - Lateral";1;0;0;1;0;0;0;0;0;0;7;0;0;0;0
"06/02/2023";"09:57:00";"145";"Acidente s";"77";"BR-290/RS";"Oeste";"Colisão - Traseira";2;0;0;0;0;0;0;0;0;0;1;0;0;0;0
"06/02/2023";"18:43:00";"278";"Acidente s";"240";"BR-386/RS";"Norte";"Capotamento";0;0;0;0;0;0;0;1;0;0;3;0;0;0;0
"06/02/2023";"21:08:00";"313";"Acidente s";"77";"BR-101/RS";"Sul";"Saída de pista";1;0;0;0;0;0;0;0;0;0;4;0;0;0;0
"07/02/2023";"08:54:00";"105";"Acidente s";"426";"BR-386/RS";"Norte";"Colisão - Traseira";1;0;0;0;0;0;0;1;0;0;1;0;0;0;0
"07/02/2023";"10:28:00";"134";"Acidente s";"228";"BR-386/RS";"Sul";"Colisão - Traseira";2;0;0;0;0;0;0;0;0;0;1;1;0;0;0
"07/02/2023";"12:39:00";"169";"Acidente s";"40";"BR-101/RS";"Norte";"Saída de pista";1;0;0;0;0;0;0;0;0;0;1;0;0;0;0
"07/02/2023";"19:57:00";"262";"Acidente s";"238";"BR-386/RS";"Sul";"Saída de pista";1;0;0;0;0;0;0;0;0;0;1;0;0;0;0
"07/02/2023";"20:25:00";"269";"Acidente c";"86";"BR-290/RS";"Leste";"Atropelamento - Esportista";0;0;0;2;0;0;0;0;0;0;2;0;0;0;0
"07/02/2023";"21:01:00";"280";"Acidente c";"246";"BR-386/RS";"Norte";"Colisão - Lateral";2;0;0;0;0;0;0;0;0;0;6;0;0;0;0
"07/02/2023";"21:16:00";"284";"Acidente s";"366";"BR-386/RS";"Norte";"Colisão - Lateral";1;0;0;0;0;0;0;0;0;1;3;0;0;0;0
"07/02/2023";"23:15:00";"293";"Acidente s";"399";"BR-386/RS";"Sul";"Choque Defensa";0;0;0;0;0;0;0;0;0;1;0;0;1;0;0
"08/02/2023";"06:37:00";"31";"Acidente s";"24";"BR-290/RS";"Oeste";"Colisão - Lateral";1;0;0;0;0;0;0;0;0;1;2;0;0;0;0
"08/02/2023";"09:56:00";"120";"Acidente s";"236";"BR-386/RS";"Norte";"Colisão - Traseira";2;0;0;0;0;0;0;0;0;0;1;0;0;0;0
"08/02/2023";"12:11:00";"146";"Acidente c";"247";"BR-386/RS";"Norte";"Colisão - Lateral";2;0;0;0;0;0;0;0;0;0;1;0;0;0;0
"08/02/2023";"16:49:00";"203";"Acidente s";"234";"BR-386/RS";"Norte";"Colisão - Lateral";2;0;0;0;0;0;0;0;0;0;2;0;0;0;0
"08/02/2023";"18:51:00";"234";"Acidente s";"96";"BR-290/RS";"Leste";"Colisão - Lateral";1;0;0;1;0;0;0;0;0;0;5;0;0;0;0
"09/02/2023";"02:38:00";"11";"Acidente s";"12";"BR-290/RS";"Oeste";"Atropelamento - Ambulante";0;0;1;0;0;0;0;0;0;0;1;0;0;0;0
"09/02/2023";"08:04:00";"82";"Acidente c";"435";"BR-386/RS";"Sul";"Colisão - Lateral";1;0;0;1;0;0;0;0;0;0;1;0;0;0;0
"09/02/2023";"09:13:00";"108";"Acidente c";"75";"BR-290/RS";"Oeste";"Colisão - Lateral";3;0;0;0;0;0;0;0;0;0;1;0;0;0;0
"09/02/2023";"15:25:00";"195";"Acidente s";"431";"BR-386/RS";"Sul";"Choque com objeto sobre a pista";1;0;1;0;0;0;0;0;0;0;0;0;1;0;0
"09/02/2023";"15:26:00";"194";"Acidente s";"57";"BR-101/RS";"Norte";"Saída de pista";1;0;0;0;0;0;0;0;0;0;2;0;0;0;0
"09/02/2023";"20:35:00";"259";"Acidente s";"437";"BR-386/RS";"Sul";"Colisão - Traseira";2;0;0;0;0;0;0;0;0;0;2;0;2;0;0
"09/02/2023";"21:14:00";"266";"Acidente s";"435";"BR-386/RS";"Sul";"Atropelamento de Animal";1;0;0;0;0;0;0;0;0;0;2;0;0;0;0
"09/02/2023";"23:52:00";"289";"Acidente c";"345";"BR-386/RS";"Sul";"Queda de moto";0;0;0;1;0;0;0;0;0;0;1;3;0;0;0
"10/02/2023";"03:50:00";"18";"Acidente s";"63";"BR-290/RS";"Oeste";"Saída de pista";1;0;0;0;0;0;0;0;0;0;0;1;0;0;0
"10/02/2023";"05:47:00";"32";"Acidente s";"95";"BR-290/RS";"Leste";"Choque Defensa";1;0;0;0;0;0;0;0;0;0;1;1;0;0;0
"10/02/2023";"05:51:00";"34";"Acidente s";"30";"BR-101/RS";"Ambos";"Saída de pista";1;0;0;0;0;0;0;0;0;0;1;0;0;0;0
"10/02/2023";"08:55:00";"117";"Acidente c";"270";"BR-386/RS";"Norte";"Queda de moto";1;0;0;1;0;0;0;0;0;0;3;0;0;0;0
"10/02/2023";"09:52:00";"134";"Acidente s";"245,46";"BR-386/RS";"Sul";"Colisão - Transversal";1;0;0;0;0;1;0;0;0;0;2;0;0;0;0
"10/02/2023";"10:25:00";"146";"Acidente s";"182";"BR-386/RS";"Norte";"Saída de pista";1;0;0;0;0;0;0;0;0;0;1;0;0;0;0
"10/02/2023";"13:21:00";"184";"Acidente c";"7";"BR-290/RS";"Leste";"Queda de ribanceira";0;0;1;0;0;0;0;0;0;0;1;1;0;0;0
"10/02/2023";"13:35:00";"187";"Acidente s";"50";"BR-290/RS";"Leste";"Tombamento";1;0;0;0;0;0;0;0;0;0;2;0;0;0;0
"10/02/2023";"14:53:00";"206";"Acidente s";"90";"BR-290/RS";"Leste";"Colisão - Traseira";1;0;1;0;0;0;0;0;0;0;2;0;0;0;0
"10/02/2023";"15:26:00";"213";"Acidente s";"37";"BR-101/RS";"Sul";"Capotamento";1;0;0;0;0;0;0;0;0;0;3;0;0;0;0
"10/02/2023";"17:34:00";"255";"Acidente s";"93";"BR-290/RS";"Leste";"Colisão - Lateral";1;0;0;1;0;0;0;0;0;0;6;0;0;0;0
"10/02/2023";"17:39:00";"258";"Acidente c";"230";"BR-386/RS";"Sul";"Colisão - Lateral";2;0;0;0;0;0;0;0;0;0;2;0;0;0;0
"10/02/2023";"18:19:00";"274";"Acidente s";"91,34";"BR-290/RS";"Leste";"Colisão - Traseira";2;0;0;0;0;0;0;0;0;0;1;0;0;0;0
"10/02/2023";"22:01:00";"339";"Acidente s";"353";"BR-386/RS";"Sul";"Colisão - Traseira";2;0;0;0;0;0;0;0;0;0;2;0;0;0;0
"11/02/2023";"05:13:00";"16";"Acidente s";"412";"BR-386/RS";"Norte";"Colisão - Lateral";1;0;0;0;0;0;0;1;0;0;3;0;0;0;0
"11/02/2023";"06:37:00";"35";"Acidente s";"92";"BR-290/RS";"Leste";"Saída de pista";1;0;0;0;0;0;0;0;0;0;1;1;0;0;0
"11/02/2023";"06:53:00";"42";"Acidente c";"367";"BR-386/RS";"Sul";"Colisão - Traseira";1;0;0;1;0;0;0;0;0;0;3;0;0;0;0
"11/02/2023";"08:36:00";"93";"Acidente s";"83";"BR-101/RS";"Norte";"Colisão - Traseira";1;0;0;0;0;0;0;0;0;1;3;0;0;0;0
"11/02/2023";"14:01:00";"158";"Acidente s";"14";"BR-101/RS";"Norte";"Choque Barreira";1;0;0;0;0;0;0;0;0;0;4;0;0;0;0
"11/02/2023";"15:08:00";"172";"Acidente s";"60";"BR-290/RS";"Leste";"Colisão - Traseira";1;0;1;0;0;0;0;0;0;0;3;0;0;0;0
"11/02/2023";"17:05:00";"195";"Acidente s";"27";"BR-290/RS";"Leste";"Queda de moto";0;0;0;1;0;0;0;0;0;0;2;0;0;0;0
"11/02/2023";"17:08:00";"197";"Acidente c";"66";"BR-101/RS";"Sul";"Capotamento";1;0;0;0;0;0;0;0;0;0;1;2;0;0;0
"11/02/2023";"17:19:00";"200";"Acidente c";"345";"BR-386/RS";"Norte";"Queda de moto";1;0;0;1;0;0;0;0;0;0;1;0;0;0;0
"11/02/2023";"17:44:00";"204";"Acidente s";"22";"BR-448/RS";"Norte";"Colisão - Lateral";2;0;0;0;0;0;0;0;0;0;1;0;0;0;0
"11/02/2023";"19:19:00";"225";"Acidente c";"80";"BR-290/RS";"Leste";"Colisão - Lateral";1;0;1;0;0;0;0;0;0;0;1;0;0;0;0
"11/02/2023";"21:06:00";"251";"Acidente s";"9";"BR-290/RS";"Leste";"Colisão - Traseira";2;0;0;0;0;0;0;0;0;0;1;0;0;0;0
"12/02/2023";"01:41:00";"8";"Acidente c";"59";"BR-101/RS";"Norte";"Capotamento";1;0;0;0;0;0;0;0;0;0;1;1;0;0;0
"12/02/2023";"07:49:00";"55";"Acidente c";"60";"BR-290/RS";"Leste";"Colisão - Lateral";1;0;0;1;0;0;0;0;0;0;3;0;0;0;0
"12/02/2023";"15:25:00";"169";"Acidente c";"46";"BR-290/RS";"Leste";"Capotamento";1;0;0;0;0;0;0;0;0;0;2;0;0;0;0
"12/02/2023";"16:01:00";"182";"Acidente c";"429";"BR-386/RS";"Norte";"Colisão - Traseira";2;0;0;0;0;0;0;0;0;0;1;0;0;0;0
"12/02/2023";"17:56:00";"223";"Acidente s";"391";"BR-386/RS";"Norte";"Colisão - Lateral";2;0;0;0;0;0;0;0;0;0;1;0;0;0;0
"12/02/2023";"18:30:00";"234";"Acidente s";"353";"BR-386/RS";"Norte";"Capotamento";2;0;0;0;0;0;0;0;0;0;1;0;0;0;0
"12/02/2023";"20:19:00";"272";"Acidente c";"392";"BR-386/RS";"Sul";"Colisão - Lateral";2;0;0;0;0;0;0;0;0;0;2;0;1;0;0
"12/02/2023";"20:24:00";"275";"Acidente c";"215";"BR-386/RS";"Ambos";"Colisão - Transversal";2;0;0;0;0;0;0;0;0;0;2;0;0;0;0
"12/02/2023";"20:34:00";"281";"Acidente s";"87";"BR-290/RS";"Oeste";"Colisão - Lateral";2;0;0;0;0;0;0;0;0;0;1;0;0;0;0
"12/02/2023";"20:39:00";"286";"Acidente s";"29";"BR-290/RS";"Oeste";"Engavetamento";3;0;0;0;0;0;0;0;0;0;1;0;0;0;0
"12/02/2023";"20:44:00";"290";"Acidente s";"424";"BR-386/RS";"Norte";"Colisão - Lateral";2;0;0;0;0;0;0;0;0;0;4;0;0;0;0
"13/02/2023";"01:14:00";"10";"Acidente s";"364";"BR-386/RS";"Sul";"Saída de pista";1;0;0;0;0;0;0;0;0;0;2;0;0;0;0
"13/02/2023";"06:44:00";"38";"Acidente s";"432";"BR-386/RS";"Sul";"Colisão - Traseira";2;0;0;0;0;0;0;0;0;0;0;0;1;0;0
"13/02/2023";"07:09:00";"51";"Acidente s";"91";"BR-290/RS";"Oeste";"Colisão - Traseira";3;0;0;0;0;1;0;0;0;0;4;0;0;0;0
"13/02/2023";"07:37:00";"71";"Acidente s";"11";"BR-448/RS";"Sul";"Colisão - Traseira";1;0;1;0;0;0;0;0;0;1;2;0;0;0;0
"13/02/2023";"11:18:00";"168";"Acidente s";"31";"BR-290/RS";"Oeste";"Saída de pista";1;0;0;0;0;0;0;0;0;0;5;1;1;0;0
"13/02/2023";"11:22:00";"170";"Acidente c";"60";"BR-290/RS";"Oeste";"Colisão - Traseira";2;0;0;0;0;0;0;0;0;0;1;0;0;0;0
"13/02/2023";"11:48:00";"177";"Acidente s";"30";"BR-101/RS";"Sul";"Choque Defensa";1;0;0;0;0;0;0;0;0;0;3;2;0;0;0
"13/02/2023";"13:26:00";"199";"Acidente c";"281";"BR-386/RS";"Norte";"Colisão - Transversal";2;0;0;0;0;0;0;0;0;0;3;0;0;0;0
"13/02/2023";"16:57:00";"252";"Acidente c";"60";"BR-290/RS";"Oeste";"Colisão - Lateral";0;0;0;1;0;1;0;0;0;0;3;0;0;0;0
"13/02/2023";"18:36:00";"269";"Acidente c";"354";"BR-386/RS";"Norte";"Colisão - Transversal";1;0;0;1;0;0;0;0;0;0;2;0;0;0;0
"13/02/2023";"22:24:00";"317";"Acidente s";"279";"BR-386/RS";"Sul";"Colisão - Lateral";1;0;1;0;0;0;0;0;0;0;2;0;0;0;0
"13/02/2023";"23:53:00";"331";"Acidente s";"44";"BR-290/RS";"Leste";"Colisão - Traseira";1;0;1;0;0;0;0;0;0;0;2;1;0;0;0
"14/02/2023";"07:23:00";"71";"Acidente s";"87";"BR-290/RS";"Oeste";"Colisão - Traseira";3;0;0;0;0;0;0;0;0;0;1;0;0;0;0
"14/02/2023";"11:01:00";"151";"Acidente s";"84";"BR-290/RS";"Leste";"Choque Defensa";1;0;0;0;0;0;0;0;0;0;1;0;0;0;0
"14/02/2023";"11:55:00";"169";"Acidente s";"342";"BR-386/RS";"Norte";"Colisão - Frontal";1;0;0;0;0;0;0;0;0;1;0;1;0;0;0
"14/02/2023";"14:28:00";"194";"Acidente c";"228";"BR-386/RS";"Ambos";"Colisão - Frontal";2;0;0;0;0;0;0;0;0;0;2;0;0;0;0
"14/02/2023";"15:42:00";"214";"Acidente s";"61";"BR-290/RS";"Oeste";"Saída de pista";1;0;0;0;0;0;0;0;0;0;2;0;0;0;0
"14/02/2023";"16:27:00";"220";"Acidente s";"307";"BR-386/RS";"Sul";"Saída de pista";1;0;0;0;0;0;0;0;0;0;2;0;0;0;0
"14/02/2023";"17:45:00";"234";"Acidente s";"1";"BR-290/RS";"Oeste";"Saída de pista";1;0;0;0;0;0;0;0;0;0;4;0;0;0;0
"14/02/2023";"18:13:00";"241";"Acidente s";"445";"BR-386/RS";"Norte";"Saída de pista";1;0;0;0;0;0;0;0;0;0;1;0;1;0;0
"14/02/2023";"18:31:00";"243";"Acidente c";"354";"BR-386/RS";"Sul";"Colisão - Traseira";1;0;0;1;0;0;0;0;0;0;2;0;0;0;0
"14/02/2023";"19:32:00";"260";"Acidente s";"80";"BR-290/RS";"Leste";"Queda de ribanceira";1;0;0;0;0;0;0;0;0;0;1;0;0;0;0
"14/02/2023";"20:22:00";"265";"Acidente s";"4,8";"BR-290/RS";"Oeste";"Saída de pista";1;0;0;0;0;0;0;0;0;0;3;0;0;0;0
"14/02/2023";"20:24:00";"266";"Acidente s";"400";"BR-386/RS";"Norte";"Saída de pista";1;0;0;0;0;0;0;0;0;0;1;0;0;0;0
"14/02/2023";"21:03:00";"271";"Acidente s";"207";"BR-386/RS";"Norte";"Saída de pista";1;0;0;0;0;0;0;0;0;0;7;0;0;0;0
"14/02/2023";"21:44:00";"273";"Acidente s";"68";"BR-101/RS";"Sul";"Colisão - Traseira";3;0;1;0;0;0;0;0;0;0;6;0;0;0;0
"15/02/2023";"02:24:00";"12";"Acidente c";"60";"BR-101/RS";"Norte";"Tombamento";0;0;0;0;0;0;0;0;0;1;1;1;0;0;0
"15/02/2023";"05:39:00";"23";"Acidente s";"430";"BR-386/RS";"Sul";"Choque com objeto sobre a pista";1;0;0;0;0;0;0;0;0;0;1;0;0;0;0
"15/02/2023";"06:00:00";"30";"Acidente s";"429";"BR-386/RS";"Norte";"Choque com objeto sobre a pista";1;0;0;0;0;0;0;0;0;0;1;0;0;0;1
"15/02/2023";"08:33:00";"108";"Acidente s";"92";"BR-290/RS";"Oeste";"Colisão - Traseira";2;0;0;0;0;0;0;0;0;0;2;1;0;0;0
"15/02/2023";"08:46:00";"117";"Acidente s";"92";"BR-290/RS";"Oeste";"Engavetamento";2;0;1;0;0;0;0;0;0;0;1;0;0;0;0
"15/02/2023";"11:58:00";"166";"Acidente s";"414";"BR-386/RS";"Sul";"Saída de pista";1;0;0;0;0;0;0;0;0;0;2;0;0;0;0
"15/02/2023";"16:09:00";"221";"Acidente s";"4";"BR-101/RS";"Norte";"Choque - Pilar";0;0;0;0;0;0;0;1;0;0;2;0;0;0;0
"15/02/2023";"16:12:00";"222";"Acidente s";"440";"BR-386/RS";"Sul";"Colisão - Lateral";1;0;0;0;1;0;0;0;0;0;1;0;0;0;0
"15/02/2023";"19:57:00";"268";"Acidente s";"392";"BR-386/RS";"Sul";"Queda de ribanceira";1;0;0;0;0;0;0;0;0;0;5;2;0;0;0
"16/02/2023";"07:18:00";"60";"Acidente s";"439";"BR-386/RS";"Norte";"Capotamento";1;0;0;0;0;0;0;0;0;0;1;0;0;0;0
"16/02/2023";"09:05:00";"109";"Acidente s";"387";"BR-386/RS";"Sul";"Capotamento";1;0;0;0;0;0;0;0;0;0;1;0;0;0;0
"16/02/2023";"09:29:00";"116";"Acidente s";"306";"BR-386/RS";"Norte";"Saída de pista";1;0;0;0;0;0;0;0;0;0;2;0;0;0;0
"16/02/2023";"10:33:00";"132";"Acidente s";"362";"BR-386/RS";"Norte";"Colisão - Traseira";2;0;0;0;0;0;0;0;0;0;4;0;0;0;0
"16/02/2023";"15:14:00";"185";"Acidente s";"406";"BR-386/RS";"Norte";"Colisão - Transversal";1;0;0;0;0;0;0;0;0;1;1;0;0;0;0
"16/02/2023";"17:34:00";"221";"Acidente s";"72";"BR-290/RS";"Leste";"Colisão - Traseira";1;0;0;0;0;1;0;0;0;0;2;0;0;0;0
"16/02/2023";"17:37:00";"222";"Acidente s";"86";"BR-290/RS";"Oeste";"Colisão - Traseira";2;0;0;0;0;0;0;0;0;0;1;0;0;0;0
"16/02/2023";"17:48:00";"227";"Acidente s";"10";"BR-448/RS";"Sul";"Colisão - Traseira";2;0;0;0;0;0;0;0;0;0;1;2;0;0;0
"16/02/2023";"18:57:00";"243";"Acidente s";"90";"BR-290/RS";"Leste";"Colisão - Traseira";2;0;0;0;0;0;0;0;0;0;2;0;0;0;0
"17/02/2023";"04:28:00";"16";"Acidente s";"258";"BR-386/RS";"Sul";"Tombamento";1;0;0;0;0;0;0;0;0;0;1;1;2;0;0
"17/02/2023";"05:06:00";"20";"Acidente s";"362";"BR-386/RS";"Sul";"Queda de ribanceira";1;0;0;0;0;0;0;0;0;0;0;1;1;0;0
"17/02/2023";"06:54:00";"32";"Acidente s";"16";"BR-448/RS";"Norte";"Saída de pista";1;0;0;0;0;0;0;0;0;0;4;0;0;0;0
"17/02/2023";"07:39:00";"54";"Acidente s";"16";"BR-448/RS";"Sul";"Engavetamento";3;0;0;0;0;1;0;0;0;0;1;0;0;0;0
"17/02/2023";"07:48:00";"58";"Acidente s";"355";"BR-386/RS";"Norte";"Colisão - Traseira";2;0;0;0;0;0;0;0;0;0;3;0;0;0;0
"17/02/2023";"07:48:00";"59";"Acidente s";"92";"BR-290/RS";"Leste";"Saída de pista";1;0;0;0;0;0;0;0;0;0;2;0;1;0;0
"17/02/2023";"09:03:00";"85";"Acidente s";"22";"BR-448/RS";"Norte";"Choque Barreira";1;0;0;0;0;0;0;0;0;0;2;0;0;0;0
"17/02/2023";"10:47:00";"123";"Acidente s";"88";"BR-290/RS";"Leste";"Colisão - Traseira";2;0;0;0;0;0;0;0;0;0;1;0;0;0;0
"17/02/2023";"13:28:00";"157";"Acidente c";"96";"BR-290/RS";"Oeste";"Capotamento";1;0;0;0;0;0;0;0;0;0;4;0;0;0;0
"17/02/2023";"14:21:00";"176";"Acidente s";"3";"BR-290/RS";"Leste";"Colisão - Traseira";2;0;0;0;0;0;0;0;0;0;6;1;0;0;0
"17/02/2023";"14:40:00";"181";"Acidente s";"77";"BR-290/RS";"Leste";"Colisão - Traseira";2;0;0;0;0;0;0;0;0;0;1;0;0;0;0
"17/02/2023";"15:07:00";"189";"Acidente s";"77";"BR-290/RS";"Leste";"Colisão - Traseira";2;0;0;0;0;0;0;0;0;0;1;0;0;0;0
"17/02/2023";"16:28:00";"216";"Acidente s";"437";"BR-386/RS";"Norte";"Saída de pista";0;0;0;0;0;0;0;0;0;0;1;0;0;0;0
"17/02/2023";"17:49:00";"245";"Acidente s";"89";"BR-290/RS";"Leste";"Engavetamento";3;0;0;0;0;0;0;0;0;0;2;0;0;0;0
"17/02/2023";"17:51:00";"246";"Acidente s";"40";"BR-290/RS";"Leste";"Colisão - Lateral";2;0;0;0;0;0;0;0;0;0;7;0;0;0;0
"17/02/2023";"18:03:00";"253";"Acidente s";"331";"BR-386/RS";"Norte";"Engavetamento";3;0;0;0;0;1;0;0;0;0;0;2;0;0;0
"17/02/2023";"19:12:00";"275";"Acidente s";"47";"BR-290/RS";"Oeste";"Saída de pista";1;0;0;0;0;0;0;0;0;0;4;0;0;0;0
"17/02/2023";"19:16:00";"278";"Acidente s";"319";"BR-386/RS";"Sul";"Colisão - Traseira";1;0;0;0;0;1;0;0;0;0;1;0;0;0;0
"17/02/2023";"19:51:00";"293";"Acidente s";"83";"BR-290/RS";"Leste";"Engavetamento";3;0;0;0;0;0;0;0;0;0;1;0;0;0;0
"17/02/2023";"20:51:00";"315";"Acidente s";"26";"BR-290/RS";"Leste";"Engavetamento";3;0;0;0;0;0;0;0;0;0;1;0;0;0;0
"17/02/2023";"23:14:00";"354";"Acidente s";"54";"BR-290/RS";"Leste";"Colisão - Transversal";2;0;0;0;0;0;0;0;0;0;1;0;0;0;0
"18/02/2023";"00:43:00";"13";"Acidente s";"33";"BR-101/RS";"Sul";"Capotamento";1;0;0;0;0;0;0;0;0;0;1;0;0;0;0
"18/02/2023";"02:12:00";"26";"Acidente s";"296";"BR-386/RS";"Sul";"Colisão - Traseira";2;0;0;0;0;0;0;0;0;0;0;0;1;0;0
"18/02/2023";"06:14:00";"56";"Acidente s";"77";"BR-290/RS";"Leste";"Engavetamento";3;0;0;0;0;0;0;0;0;0;0;1;0;0;0
"18/02/2023";"08:24:00";"100";"Acidente s";"54";"BR-101/RS";"Norte";"Colisão - Traseira";1;0;0;0;0;1;0;0;0;0;1;0;1;0;0
"18/02/2023";"11:27:00";"165";"Acidente s";"61";"BR-290/RS";"Leste";"Colisão - Lateral";1;0;0;0;0;0;0;0;0;1;2;0;0;0;0
"18/02/2023";"11:40:00";"171";"Acidente s";"366";"BR-386/RS";"Norte";"Atropelamento de Animal";1;0;0;0;0;0;0;0;0;0;1;0;0;0;0
"18/02/2023";"12:54:00";"186";"Acidente s";"75";"BR-290/RS";"Leste";"Colisão - Traseira";2;0;0;0;0;0;0;0;0;0;2;0;0;0;0
"18/02/2023";"14:33:00";"204";"Acidente s";"34";"BR-290/RS";"Leste";"Colisão - Traseira";1;0;0;0;0;1;0;0;0;0;1;0;0;0;0
"18/02/2023";"15:05:00";"212";"Acidente c";"75";"BR-290/RS";"Leste";"Queda de moto";2;0;0;0;0;0;0;0;0;0;3;0;0;0;0
"18/02/2023";"17:22:00";"241";"Acidente s";"60";"BR-290/RS";"Leste";"Colisão - Traseira";2;0;0;0;0;0;0;0;0;0;1;0;1;0;0
"18/02/2023";"18:58:00";"263";"Acidente s";"4";"BR-448/RS";"Sul";"Choque com objeto sobre a pista";1;0;0;0;0;0;0;0;0;0;3;0;0;0;0
"18/02/2023";"20:08:00";"284";"Acidente s";"80";"BR-290/RS";"Leste";"Saída de pista";1;0;0;0;0;0;0;0;0;0;1;0;0;0;0
"19/02/2023";"03:15:00";"13";"Acidente s";"72";"BR-290/RS";"Leste";"Saída de pista";1;0;0;0;0;0;0;0;0;0;1;0;0;0;0
"19/02/2023";"03:33:00";"17";"Acidente s";"346";"BR-386/RS";"Sul";"Saída de pista";1;0;0;0;0;0;0;0;0;0;6;0;0;0;0
"20/02/2023";"01:44:00";"6";"Acidente s";"80";"BR-290/RS";"Leste";"Saída de pista";1;0;0;0;0;0;0;0;0;0;2;0;0;0;0
"20/02/2023";"02:46:00";"10";"Acidente c";"51";"BR-290/RS";"Oeste";"Queda de moto";0;0;0;1;0;0;0;0;0;0;1;0;0;0;0
"20/02/2023";"05:56:00";"24";"Acidente c";"20";"BR-448/RS";"Sul";"Colisão - Traseira";1;0;1;0;0;0;0;0;0;0;1;0;0;0;0
"20/02/2023";"10:36:00";"95";"Acidente c";"80";"BR-101/RS";"Sul";"Saída de pista";1;0;0;0;0;0;0;0;0;0;1;0;0;0;0
"20/02/2023";"11:10:00";"101";"Acidente s";"60";"BR-290/RS";"Oeste";"Choque Praça - Cabine";0;0;0;0;0;0;0;1;0;0;2;0;0;0;0
"20/02/2023";"11:16:00";"103";"Acidente c";"245";"BR-386/RS";"Sul";"Colisão - Transversal";2;0;0;0;0;0;0;0;0;0;0;0;1;0;0
"20/02/2023";"12:16:00";"115";"Acidente s";"4";"BR-290/RS";"Oeste";"Colisão - Traseira";2;0;0;0;0;0;0;0;0;0;1;1;0;0;0
"20/02/2023";"12:56:00";"124";"Acidente s";"414";"BR-386/RS";"Norte";"Saída de pista";1;0;0;0;0;0;0;0;0;0;1;0;0;0;0
"20/02/2023";"13:36:00";"134";"Acidente s";"2";"BR-290/RS";"Leste";"Saída de pista";1;0;0;0;0;0;0;0;0;0;0;1;0;0;0
"20/02/2023";"14:19:00";"143";"Acidente s";"307";"BR-386/RS";"Sul";"Saída de pista";1;0;0;0;0;0;0;0;0;0;1;0;0;0;0
"20/02/2023";"15:30:00";"160";"Acidente s";"410";"BR-386/RS";"Sul";"Colisão - Lateral";2;0;0;0;1;0;0;0;0;0;3;2;0;0;0
"20/02/2023";"16:33:00";"175";"Acidente c";"31";"BR-290/RS";"Oeste";"Saída de pista";1;0;0;0;0;0;0;0;0;0;3;0;0;0;0
"20/02/2023";"16:51:00";"185";"Acidente s";"94";"BR-290/RS";"Leste";"Choque Defensa";1;0;0;0;0;0;0;0;0;0;1;0;0;0;0
"20/02/2023";"18:27:00";"213";"Acidente s";"36";"BR-101/RS";"Norte";"Saída de pista";1;0;0;0;0;0;0;0;0;0;3;0;0;0;0
"20/02/2023";"21:10:00";"269";"Acidente s";"75";"BR-290/RS";"Leste";"Saída de pista";1;0;0;0;0;0;0;0;0;0;0;1;0;0;0
"20/02/2023";"23:51:00";"292";"Acidente c";"295";"BR-386/RS";"Sul";"Saída de pista";1;0;0;0;0;0;0;0;0;0;3;0;0;0;0
"21/02/2023";"00:42:00";"4";"Acidente s";"369";"BR-386/RS";"Norte";"Queda de ribanceira";1;0;0;0;0;0;0;0;0;0;5;0;0;0;0
"21/02/2023";"06:49:00";"31";"Acidente s";"80";"BR-290/RS";"Leste";"Queda de ribanceira";1;0;0;0;0;0;0;0;0;0;3;0;0;0;0
"21/02/2023";"08:12:00";"62";"Acidente s";"349";"BR-386/RS";"Norte";"Tombamento";1;0;0;0;0;0;0;0;0;0;3;0;0;0;0
"21/02/2023";"08:58:00";"76";"Atropelame";"66";"BR-290/RS";"Oeste";"Atropelamento - Usuário";1;0;0;0;0;0;0;0;0;0;0;0;0;1;0
"21/02/2023";"10:46:00";"106";"Acidente s";"4";"BR-290/RS";"Oeste";"Saída de pista";1;0;0;0;0;0;0;0;0;0;1;0;0;0;1
"21/02/2023";"10:53:00";"113";"Acidente c";"22";"BR-290/RS";"Leste";"Capotamento";1;0;0;0;0;0;0;0;0;0;1;0;0;0;0
"21/02/2023";"12:54:00";"146";"Acidente s";"63";"BR-101/RS";"Sul";"Colisão - Traseira";2;0;0;0;0;0;0;0;0;0;1;0;0;0;0
"21/02/2023";"13:00:00";"149";"Acidente s";"69";"BR-101/RS";"Sul";"Engavetamento";1;0;0;0;0;0;0;0;0;0;4;1;0;0;0
"21/02/2023";"14:06:00";"167";"Acidente c";"22";"BR-290/RS";"Oeste";"Colisão - Traseira";2;0;0;0;0;0;0;0;0;0;1;0;0;0;0
"21/02/2023";"14:53:00";"181";"Acidente s";"18";"BR-290/RS";"Oeste";"Colisão - Traseira";1;0;0;2;0;0;0;0;0;0;4;0;0;0;0