data;horario;n_da_ocorrencia;tipo_de_ocorrencia;km;trecho;sentido;tipo_de_acidente;automovel;bicicleta;caminhao;moto;onibus;outros;tracao_animal;transporte_de_cargas_especiais;trator_maquinas;utilitarios;ilesos;levemente_feridos;moderadamente_feridos;gravemente_feridos;mortos
"21/02/2023";"18:10:00";"236";"Acidente s";"236";"BR-386/RS";"Sul";"Atropelamento de Animal";1;0;0;0;0;0;0;0;0;0;1;0;0;0;0
"21/02/2023";"18:40:00";"250";"Acidente c";"19";"BR-448/RS";"Sul";"Capotamento";1;0;0;0;0;0;0;0;0;0;3;0;0;1;0
"21/02/2023";"18:49:00";"256";"Acidente s";"6";"BR-290/RS";"Oeste";"Colisão - Traseira";2;0;0;0;0;0;0;0;0;0;3;0;0;0;0
"21/02/2023";"18:52:00";"257";"Acidente s";"81";"BR-101/RS";"Sul";"Queda de moto";0;0;0;1;0;0;0;0;0;0;0;1;0;0;0
"21/02/2023";"19:17:00";"265";"Acidente s";"70,19";"BR-101/RS";"Sul";"Engavetamento";3;0;0;0;0;0;0;0;0;0;1;1;0;0;0
"21/02/2023";"20:29:00";"291";"Acidente s";"68";"BR-290/RS";"Leste";"Choque com objeto sobre a pista";1;0;0;0;0;0;0;0;0;0;2;0;1;0;0
"21/02/2023";"21:15:00";"307";"Acidente s";"1";"BR-290/RS";"Oeste";"Colisão - Transversal";2;0;0;0;0;0;0;0;0;0;2;0;0;0;0
"22/02/2023";"08:35:00";"91";"Acidente s";"57";"BR-101/RS";"Sul";"Colisão - Lateral";2;0;0;0;0;0;0;0;0;0;1;3;0;0;0
"22/02/2023";"08:44:00";"97";"Acidente c";"33";"BR-101/RS";"Norte";"Colisão - Traseira";1;0;0;1;0;0;0;0;0;0;0;1;0;0;0
"22/02/2023";"11:39:00";"154";"Acidente c";"43";"BR-290/RS";"Oeste";"Engavetamento";4;0;0;0;0;0;0;0;0;0;1;0;0;0;0
"22/02/2023";"14:52:00";"204";"Acidente s";"87";"BR-101/RS";"Sul";"Colisão - Lateral";2;0;0;0;0;0;0;0;0;0;3;0;0;0;0
"22/02/2023";"16:28:00";"234";"Acidente s";"87";"BR-101/RS";"Sul";"Colisão - Traseira";2;0;0;0;0;0;0;0;0;0;3;0;0;1;0
"23/02/2023";"08:08:00";"90";"Acidente s";"340";"BR-386/RS";"Sul";"Colisão - Traseira";0;0;1;0;0;0;0;1;0;0;1;0;0;0;0
"23/02/2023";"10:26:00";"133";"Acidente s";"18";"BR-290/RS";"Oeste";"Saída de pista";1;0;0;0;0;0;0;0;0;0;3;0;0;0;0
"23/02/2023";"11:09:00";"145";"Acidente s";"215";"BR-386/RS";"Sul";"Colisão - Traseira";0;0;2;0;0;0;0;0;0;0;4;0;0;0;0
"23/02/2023";"12:19:00";"160";"Acidente s";"15";"BR-101/RS";"Norte";"Saída de pista";1;0;0;0;0;0;0;0;0;0;5;0;0;0;0
"23/02/2023";"14:41:00";"195";"Acidente s";"92";"BR-290/RS";"Leste";"Colisão - Lateral";1;0;0;0;0;1;0;0;0;0;3;0;0;0;0
"23/02/2023";"16:59:00";"222";"Acidente s";"43";"BR-290/RS";"Leste";"Choque Defensa";1;0;0;0;0;0;0;0;0;0;5;0;0;0;0
"23/02/2023";"18:14:00";"232";"Acidente s";"53";"BR-290/RS";"Leste";"Colisão - Traseira";1;0;0;0;0;1;0;0;0;0;1;0;1;0;0
"23/02/2023";"19:32:00";"252";"Acidente s";"49";"BR-101/RS";"Norte";"Choque Defensa";0;0;1;0;0;0;0;0;0;0;3;0;0;0;0
"24/02/2023";"10:32:00";"114";"Acidente s";"269";"BR-386/RS";"Sul";"Colisão - Traseira";2;0;0;0;0;0;0;0;0;0;0;1;0;0;0
"24/02/2023";"15:08:00";"170";"Acidente s";"80";"BR-290/RS";"Leste";"Colisão - Lateral";2;0;0;0;0;0;0;0;0;0;1;0;0;0;0
"24/02/2023";"17:35:00";"208";"Acidente s";"4";"BR-101/RS";"Norte";"Colisão - Lateral";1;0;1;0;0;0;0;0;0;0;2;3;0;0;0
"24/02/2023";"18:07:00";"213";"Acidente c";"75";"BR-290/RS";"Oeste";"Queda de moto";0;0;0;1;0;0;0;0;0;0;0;4;0;1;1
"24/02/2023";"21:09:00";"242";"Acidente s";"375";"BR-386/RS";"Norte";"Colisão - Traseira";2;0;0;0;0;0;0;0;0;0;1;0;0;0;0
"24/02/2023";"21:21:00";"245";"Acidente s";"39";"BR-101/RS";"Norte";"Colisão - Lateral";2;0;1;0;0;0;0;0;0;0;3;0;0;0;0
"24/02/2023";"22:42:00";"255";"Acidente s";"221";"BR-386/RS";"Sul";"Colisão - Traseira";2;0;0;0;0;0;0;0;0;0;2;0;0;0;0
"25/02/2023";"05:59:00";"20";"Acidente s";"334";"BR-386/RS";"Norte";"Queda de ribanceira";1;0;0;0;0;0;0;0;0;0;0;0;0;3;1
"25/02/2023";"10:02:00";"106";"Acidente s";"34";"BR-290/RS";"Oeste";"Capotamento";1;0;0;0;0;0;0;0;0;0;1;0;0;0;0
"25/02/2023";"10:11:00";"107";"Acidente s";"344";"BR-386/RS";"Sul";"Colisão - Traseira";2;0;0;0;0;0;0;0;0;0;0;3;0;0;0
"25/02/2023";"11:03:00";"119";"Acidente s";"344";"BR-386/RS";"Norte";"Queda de moto";0;0;0;1;0;0;0;0;0;0;0;0;0;1;0
"25/02/2023";"11:13:00";"120";"Acidente s";"80";"BR-290/RS";"Oeste";"Choque Defensa";1;0;0;0;0;0;0;0;0;0;2;0;0;0;0
"25/02/2023";"11:53:00";"125";"Acidente s";"23";"BR-290/RS";"Leste";"Choque Talude";1;0;0;0;0;0;0;0;0;0;1;0;0;0;0
"25/02/2023";"13:24:00";"138";"Acidente s";"401";"BR-386/RS";"Sul";"Saída de pista";1;0;0;0;0;0;0;0;0;0;2;0;0;0;0
"25/02/2023";"14:30:00";"151";"Acidente s";"22";"BR-448/RS";"Sul";"Choque Barreira";1;0;0;0;0;0;0;0;0;0;1;1;0;0;0
"25/02/2023";"17:06:00";"174";"Acidente c";"397";"BR-386/RS";"Sul";"Queda de ribanceira";1;0;0;0;0;0;0;0;0;0;0;1;0;0;0
"25/02/2023";"19:50:00";"197";"Acidente c";"84";"BR-290/RS";"Oeste";"Colisão - Traseira";2;0;0;0;0;0;0;0;0;0;2;0;0;0;0
"26/02/2023";"04:23:00";"18";"Acidente s";"444";"BR-386/RS";"Norte";"Queda de ribanceira";1;0;0;0;0;0;0;0;0;0;2;1;0;0;0
"26/02/2023";"11:17:00";"84";"Atropelame";"80";"BR-290/RS";"Oeste";"Atropelamento - Usuário";1;0;0;0;0;0;0;0;0;0;0;1;0;0;0
"26/02/2023";"13:51:00";"101";"Acidente c";"72";"BR-101/RS";"Norte";"Saída de pista";1;0;0;0;0;0;0;0;0;0;0;2;1;0;0
"26/02/2023";"15:37:00";"128";"Acidente c";"248,28";"BR-386/RS";"Sul";"Colisão - Transversal";2;0;0;0;0;0;0;0;0;0;1;0;0;0;0
"26/02/2023";"17:59:00";"152";"Acidente c";"33";"BR-290/RS";"Leste";"Choque Defensa";1;0;0;0;0;0;0;0;0;0;6;0;0;1;0
"27/02/2023";"07:37:00";"66";"Acidente s";"80";"BR-290/RS";"Oeste";"Colisão - Traseira";2;0;0;1;0;1;0;0;0;0;1;0;0;0;0
"27/02/2023";"11:57:00";"156";"Acidente s";"256";"BR-386/RS";"Sul";"Saída de pista";1;0;0;0;0;0;0;0;0;0;1;0;0;0;0
"27/02/2023";"14:51:00";"190";"Acidente s";"251";"BR-386/RS";"Norte";"Colisão - Traseira";2;0;0;0;0;0;0;0;0;0;1;0;0;0;0
"27/02/2023";"15:14:00";"195";"Acidente c";"30";"BR-290/RS";"Oeste";"Choque Defensa";0;0;1;0;0;0;0;0;0;0;3;0;0;0;0
"27/02/2023";"20:24:00";"247";"Acidente c";"9";"BR-101/RS";"Sul";"Colisão - Frontal";0;0;0;2;0;0;0;0;0;0;1;0;0;0;0
"28/02/2023";"05:16:00";"21";"Acidente s";"86";"BR-290/RS";"Oeste";"Queda de moto";0;0;0;1;0;0;0;0;0;0;0;2;0;0;0
"28/02/2023";"06:03:00";"24";"Acidente c";"297";"BR-386/RS";"Sul";"Colisão - Frontal";1;0;0;0;0;0;0;2;0;0;2;0;0;0;0
"28/02/2023";"11:41:00";"160";"Acidente s";"82";"BR-290/RS";"Oeste";"Colisão - Lateral";1;0;1;0;0;0;0;0;0;0;1;0;0;0;0
"28/02/2023";"15:39:00";"213";"Acidente s";"270";"BR-386/RS";"Sul";"Colisão - Lateral";1;0;0;1;0;0;0;0;0;0;2;0;0;0;0
"28/02/2023";"18:13:00";"242";"Acidente c";"374";"BR-386/RS";"Sul";"Colisão - Traseira";1;0;0;1;0;0;0;0;0;0;2;1;0;0;0
"28/02/2023";"23:16:00";"305";"Acidente c";"15";"BR-101/RS";"Sul";"Queda de moto";0;0;0;1;0;1;0;0;0;0;2;0;0;0;0
"01/03/2023";"06:52:00";"44";"Acidente s";"91";"BR-290/RS";"Oeste";"Colisão - Lateral";1;0;1;0;0;0;0;0;0;0;2;0;0;0;0
"01/03/2023";"08:28:00";"95";"Acidente s";"95";"BR-290/RS";"Oeste";"Engavetamento";2;0;0;1;0;0;0;0;0;0;2;0;0;0;0
"01/03/2023";"08:43:00";"102";"Acidente s";"95";"BR-290/RS";"Leste";"Choque Barreira";1;0;0;0;0;0;0;0;0;0;4;0;0;0;0
"01/03/2023";"09:58:00";"124";"Acidente c";"446";"BR-386/RS";"Norte";"Colisão - Transversal";0;0;1;1;0;0;0;0;0;0;6;0;0;0;0
"01/03/2023";"10:55:00";"133";"Acidente s";"40";"BR-290/RS";"Leste";"Saída de pista";0;0;1;0;0;0;0;0;0;0;2;0;0;0;0
"01/03/2023";"11:17:00";"137";"Acidente s";"5";"BR-101/RS";"Norte";"Colisão - Lateral";1;0;1;0;0;0;0;0;0;0;3;0;0;0;0
"01/03/2023";"13:56:00";"178";"Acidente s";"372";"BR-386/RS";"Norte";"Colisão - Traseira";2;0;0;0;0;0;0;0;0;0;4;0;0;0;0
"01/03/2023";"19:13:00";"235";"Acidente c";"86";"BR-101/RS";"Sul";"Colisão - Traseira";1;0;1;0;0;0;0;0;0;0;5;0;0;0;0
"01/03/2023";"20:43:00";"250";"Acidente s";"213";"BR-386/RS";"Sul";"Queda de ribanceira";1;0;0;0;0;0;0;0;0;0;1;0;0;0;0
"02/03/2023";"02:50:00";"8";"Acidente s";"39,55";"BR-101/RS";"Norte";"Saída de pista";0;0;0;0;0;1;0;0;0;0;3;0;0;0;0
"02/03/2023";"06:40:00";"35";"Acidente s";"54";"BR-290/RS";"Oeste";"Colisão - Lateral";2;0;0;0;0;0;0;0;0;0;1;0;1;0;0
"02/03/2023";"15:20:00";"179";"Acidente c";"344";"BR-386/RS";"Sul";"Engavetamento";2;0;1;0;0;0;0;0;0;0;4;0;0;0;0
"02/03/2023";"18:48:00";"215";"Acidente s";"60";"BR-101/RS";"Norte";"Saída de pista";1;0;0;0;0;0;0;0;0;0;2;0;0;0;0
"02/03/2023";"19:47:00";"223";"Acidente s";"373";"BR-386/RS";"Sul";"Saída de pista";1;0;0;0;0;0;0;0;0;0;1;0;0;0;0
"03/03/2023";"08:30:00";"93";"Acidente s";"95";"BR-290/RS";"Oeste";"Colisão - Lateral";1;0;0;0;0;1;0;0;0;0;3;1;0;0;0
"03/03/2023";"11:49:00";"145";"Acidente c";"51";"BR-101/RS";"Ambos";"Saída de pista";1;0;0;0;0;0;0;0;0;0;0;1;0;0;0
"03/03/2023";"12:16:00";"152";"Acidente s";"308";"BR-386/RS";"Sul";"Saída de pista";0;0;1;0;0;0;0;0;0;0;2;0;0;0;0
"03/03/2023";"14:32:00";"174";"Acidente s";"214";"BR-386/RS";"Norte";"Saída de pista";0;0;1;0;0;0;0;0;0;0;1;1;0;0;0
"03/03/2023";"15:24:00";"184";"Acidente c";"83";"BR-290/RS";"Oeste";"Colisão - Traseira";2;0;0;0;0;0;0;0;0;1;5;0;0;0;0
"03/03/2023";"15:25:00";"185";"Acidente s";"430";"BR-386/RS";"Sul";"Colisão - Traseira";1;0;0;0;0;0;0;0;0;1;2;0;0;0;0
"03/03/2023";"16:17:00";"193";"Acidente s";"78";"BR-101/RS";"Norte";"Colisão - Lateral";1;0;1;0;0;0;0;0;0;0;1;2;0;0;0
"03/03/2023";"16:52:00";"200";"Acidente s";"91";"BR-290/RS";"Leste";"Colisão - Lateral";2;0;0;0;0;0;0;0;0;0;1;3;0;0;0
"03/03/2023";"17:34:00";"211";"Acidente s";"217";"BR-386/RS";"Sul";"Colisão - Transversal";1;0;1;0;0;0;0;0;0;0;0;2;0;0;0
"03/03/2023";"17:46:00";"215";"Acidente s";"306";"BR-386/RS";"Sul";"Saída de pista";1;0;0;0;0;0;0;0;0;0;3;0;0;0;0
"03/03/2023";"18:23:00";"225";"Acidente s";"10";"BR-290/RS";"Leste";"Saída de pista";1;0;0;0;0;0;0;0;0;0;1;0;0;0;0
"03/03/2023";"19:12:00";"238";"Acidente s";"61";"BR-101/RS";"Norte";"Saída de pista";1;0;0;0;0;0;0;0;0;0;3;0;1;0;0
"03/03/2023";"21:59:00";"271";"Acidente s";"10";"BR-290/RS";"Leste";"Choque com objeto sobre a pista";1;0;0;0;0;0;0;0;0;0;3;0;0;0;0
"03/03/2023";"22:14:00";"274";"Atropelame";"387";"BR-386/RS";"Norte";"Atropelamento - Andarilho";1;0;0;0;0;0;0;0;0;0;1;2;0;0;0
"04/03/2023";"00:15:00";"4";"Acidente s";"445";"BR-386/RS";"Sul";"Queda de moto";0;0;0;1;0;0;0;0;0;0;6;0;0;0;0
"04/03/2023";"07:20:00";"37";"Acidente s";"68";"BR-290/RS";"Oeste";"Colisão - Traseira";2;0;0;0;0;0;0;0;0;0;2;0;0;0;0
"04/03/2023";"07:57:00";"45";"Acidente s";"437";"BR-386/RS";"Sul";"Colisão - Frontal";2;0;0;0;0;0;0;0;0;0;3;0;0;0;0
"04/03/2023";"08:24:00";"52";"Acidente c";"22";"BR-448/RS";"Norte";"Choque Barreira";1;0;0;0;0;0;0;0;0;0;2;0;0;0;0
"04/03/2023";"08:33:00";"53";"Acidente s";"22";"BR-448/RS";"Norte";"Choque Barreira";1;0;0;0;0;0;0;0;0;0;2;0;0;0;0
"04/03/2023";"09:25:00";"64";"Acidente s";"86";"BR-290/RS";"Leste";"Queda de ribanceira";1;0;0;0;0;0;0;0;0;0;1;0;0;0;0
"04/03/2023";"10:32:00";"76";"Acidente s";"87";"BR-101/RS";"Norte";"Colisão - Traseira";3;0;0;0;0;0;0;0;0;0;1;0;0;0;0
"04/03/2023";"11:10:00";"82";"Acidente c";"86";"BR-101/RS";"Norte";"Queda de moto";1;0;0;1;0;0;0;0;0;0;0;0;1;0;0
"04/03/2023";"16:34:00";"133";"Acidente s";"375";"BR-386/RS";"Sul";"Choque Barreira";1;0;0;0;0;0;0;0;0;0;2;0;0;0;0
"04/03/2023";"16:52:00";"138";"Acidente s";"411";"BR-386/RS";"Norte";"Colisão - Lateral";1;0;1;0;0;0;0;0;0;0;2;1;0;0;0
"04/03/2023";"18:45:00";"157";"Acidente c";"438";"BR-386/RS";"Sul";"Saída de pista";1;0;0;0;0;0;0;0;0;0;1;0;0;0;0
"04/03/2023";"22:10:00";"188";"Acidente s";"235";"BR-386/RS";"Norte";"Choque Defensa";1;0;0;0;0;0;0;0;0;0;2;0;0;0;0
"05/03/2023";"00:41:00";"5";"Acidente s";"353";"BR-386/RS";"Sul";"Saída de pista";1;0;0;0;0;0;0;0;0;0;2;0;0;0;0
"05/03/2023";"03:45:00";"15";"Acidente c";"20";"BR-101/RS";"Norte";"Choque - Poste";1;0;0;0;0;0;0;0;0;0;5;0;0;0;0
"05/03/2023";"04:05:00";"16";"Acidente s";"34";"BR-290/RS";"Leste";"Saída de pista";1;0;0;0;0;0;0;0;0;0;4;0;0;0;0
"05/03/2023";"11:08:00";"71";"Acidente s";"89";"BR-290/RS";"Leste";"Choque Defensa";2;0;0;0;0;0;0;0;0;0;2;0;0;0;0
"05/03/2023";"15:46:00";"113";"Acidente s";"48";"BR-290/RS";"Oeste";"Colisão - Traseira";2;0;0;0;0;0;0;0;0;0;2;0;0;0;0
"05/03/2023";"17:28:00";"135";"Acidente s";"336";"BR-386/RS";"Sul";"Engavetamento";5;0;0;0;0;0;0;0;0;0;4;0;0;0;0
"05/03/2023";"18:01:00";"141";"Acidente c";"435";"BR-386/RS";"Sul";"Colisão - Traseira";2;0;0;0;0;0;0;0;0;0;1;0;0;0;0
"05/03/2023";"23:20:00";"185";"Acidente s";"257";"BR-386/RS";"Sul";"Atropelamento de Animal";1;0;0;0;0;0;0;0;0;0;1;0;0;0;0
"06/03/2023";"00:50:00";"5";"Acidente s";"2";"BR-101/RS";"Norte";"Choque - Meio Fio";1;0;0;0;0;0;0;0;0;0;1;1;0;0;0
"06/03/2023";"01:56:00";"11";"Acidente s";"347";"BR-386/RS";"Sul";"Colisão - Traseira";2;0;0;0;0;0;0;0;0;0;2;0;0;0;0
"06/03/2023";"02:05:00";"13";"Acidente s";"303";"BR-386/RS";"Norte";"Saída de pista";0;0;0;0;0;0;0;0;0;1;2;0;0;0;0
"06/03/2023";"02:24:00";"15";"Acidente s";"220";"BR-386/RS";"Sul";"Saída de pista";1;0;0;0;0;0;0;0;0;0;1;0;0;0;0
"06/03/2023";"06:23:00";"32";"Acidente s";"439";"BR-386/RS";"Norte";"Saída de pista";1;0;0;0;0;0;0;0;0;0;1;1;0;0;0
"06/03/2023";"09:04:00";"106";"Acidente s";"439";"BR-386/RS";"Sul";"Colisão - Lateral";1;0;1;0;0;0;0;0;0;0;1;2;1;0;0
"06/03/2023";"09:28:00";"115";"Acidente c";"7";"BR-290/RS";"Leste";"Saída de pista";1;0;0;0;0;0;0;0;0;0;1;0;0;0;0
"06/03/2023";"12:07:00";"154";"Acidente s";"432";"BR-386/RS";"Norte";"Saída de pista";1;0;0;0;0;0;0;0;0;0;4;0;0;0;0
"06/03/2023";"15:44:00";"203";"Acidente s";"440";"BR-386/RS";"Norte";"Choque Defensa";1;0;0;0;0;0;0;0;0;0;2;0;0;0;0
"06/03/2023";"15:56:00";"204";"Acidente s";"53";"BR-101/RS";"Sul";"Saída de pista";1;0;0;0;0;0;0;0;0;0;1;0;0;0;0
"06/03/2023";"19:06:00";"226";"Acidente s";"22";"BR-448/RS";"Sul";"Colisão - Lateral";0;0;0;0;1;1;0;0;0;0;0;1;0;0;0
"06/03/2023";"21:08:00";"242";"Acidente s";"393";"BR-386/RS";"Norte";"Saída de pista";1;0;0;0;0;0;0;0;0;0;1;0;0;0;0
"06/03/2023";"22:32:00";"258";"Acidente c";"379";"BR-386/RS";"Norte";"Queda de ribanceira";1;0;0;0;0;0;0;0;0;0;1;0;0;0;0
"07/03/2023";"07:51:00";"67";"Acidente c";"80";"BR-290/RS";"Oeste";"Queda de moto";0;0;0;1;0;0;0;0;0;0;2;0;0;0;0
"07/03/2023";"08:31:00";"93";"Acidente s";"362";"BR-386/RS";"Norte";"Saída de pista";1;0;0;0;0;0;0;0;0;0;5;0;0;0;0
"07/03/2023";"20:17:00";"235";"Acidente s";"29";"BR-290/RS";"Leste";"Choque com objeto sobre a pista";1;0;0;0;0;0;0;0;0;0;2;0;0;0;0
"07/03/2023";"20:35:00";"238";"Acidente s";"24";"BR-101/RS";"Sul";"Saída de pista";1;0;0;0;0;0;0;0;0;0;5;0;0;0;0
"08/03/2023";"00:14:00";"3";"Acidente s";"80";"BR-290/RS";"Leste";"Saída de pista";1;0;0;0;0;0;0;0;0;0;2;1;1;0;0
"08/03/2023";"04:51:00";"12";"Acidente c";"387";"BR-386/RS";"Sul";"Colisão - Traseira";0;0;0;0;0;0;0;0;0;2;1;0;0;0;0
"08/03/2023";"05:34:00";"14";"Acidente s";"389";"BR-386/RS";"Sul";"Colisão - Traseira";0;0;2;0;0;0;0;0;0;0;4;0;0;0;0
"08/03/2023";"07:18:00";"45";"Acidente s";"15";"BR-448/RS";"Sul";"Colisão - Traseira";2;0;0;0;0;0;0;0;0;0;2;0;0;0;0
"08/03/2023";"07:53:00";"71";"Acidente s";"86";"BR-290/RS";"Oeste";"Colisão - Traseira";2;0;0;0;0;0;0;0;0;0;0;1;0;0;0
"08/03/2023";"08:05:00";"81";"Acidente s";"434";"BR-386/RS";"Sul";"Colisão - Lateral";2;0;0;0;1;0;0;0;0;0;1;0;0;0;0
"08/03/2023";"08:19:00";"94";"Acidente s";"13";"BR-448/RS";"Sul";"Colisão - Traseira";1;0;0;0;0;0;0;0;0;1;1;0;0;0;0
"08/03/2023";"09:50:00";"133";"Acidente s";"95";"BR-290/RS";"Oeste";"Choque Barreira";1;0;0;0;0;0;0;0;0;0;2;0;0;0;0
"08/03/2023";"16:49:00";"238";"Acidente s";"73";"BR-290/RS";"Leste";"Choque Defensa";1;0;0;0;0;0;0;0;0;0;0;0;1;0;0
"08/03/2023";"18:17:00";"256";"Acidente s";"344";"BR-386/RS";"Sul";"Colisão - Traseira";1;0;1;0;0;0;0;0;0;0;2;0;0;0;0
"08/03/2023";"19:18:00";"271";"Acidente s";"38";"BR-290/RS";"Oeste";"Saída de pista";1;0;0;0;0;0;0;0;0;0;0;0;0;1;0
"08/03/2023";"23:37:00";"302";"Acidente s";"267";"BR-386/RS";"Sul";"Atropelamento de Animal";0;0;0;0;0;0;0;0;0;1;2;0;0;0;0
"09/03/2023";"00:04:00";"1";"Acidente c";"9";"BR-290/RS";"Leste";"Capotamento";1;0;0;0;0;0;0;0;0;0;3;0;2;0;0
"09/03/2023";"01:36:00";"5";"Acidente s";"23";"BR-290/RS";"Oeste";"Saída de pista";1;0;0;0;0;0;0;0;0;0;4;1;0;0;0
"09/03/2023";"02:25:00";"9";"Acidente s";"40";"BR-290/RS";"Leste";"Saída de pista";1;0;0;0;0;0;0;0;0;0;0;1;0;0;0
"09/03/2023";"03:53:00";"15";"Acidente s";"81";"BR-290/RS";"Leste";"Saída de pista";1;0;0;0;0;0;0;0;0;0;4;0;0;0;0
"09/03/2023";"06:03:00";"23";"Acidente s";"215";"BR-386/RS";"Norte";"Colisão - Traseira";1;0;0;0;0;0;0;1;0;0;2;0;0;0;0
"09/03/2023";"07:48:00";"72";"Acidente s";"87";"BR-290/RS";"Oeste";"Colisão - Traseira";3;0;0;0;0;0;0;0;0;0;3;0;0;0;0
"09/03/2023";"08:27:00";"101";"Acidente s";"10";"BR-448/RS";"Sul";"Choque com objeto sobre a pista";0;0;0;1;0;0;0;0;0;0;0;0;1;0;0
"09/03/2023";"08:30:00";"104";"Acidente s";"75";"BR-290/RS";"Leste";"Colisão - Traseira";2;0;0;0;0;0;0;0;0;0;1;0;1;0;0
"09/03/2023";"09:19:00";"121";"Acidente s";"95";"BR-290/RS";"Oeste";"Colisão - Traseira";2;0;0;0;0;0;0;0;0;0;1;0;0;0;0
"09/03/2023";"11:38:00";"168";"Acidente c";"291";"BR-386/RS";"Norte";"Colisão - Transversal";0;0;0;0;0;0;0;1;0;1;1;3;0;0;0
"09/03/2023";"13:01:00";"188";"Acidente c";"72";"BR-101/RS";"Sul";"Saída de pista";1;0;0;0;0;0;0;0;0;0;3;0;0;0;0
"09/03/2023";"14:47:00";"214";"Acidente s";"356";"BR-386/RS";"Sul";"Colisão - Traseira";2;0;0;0;0;0;0;0;0;0;4;0;0;0;0
"09/03/2023";"16:18:00";"240";"Acidente s";"433";"BR-386/RS";"Norte";"Colisão - Lateral";1;0;0;0;0;0;0;1;0;0;1;1;0;0;0
"09/03/2023";"18:13:00";"260";"Acidente s";"308";"BR-386/RS";"Norte";"Colisão - Traseira";2;0;0;0;0;0;0;0;0;0;1;0;1;0;0
"10/03/2023";"07:10:00";"45";"Acidente c";"14";"BR-448/RS";"Sul";"Capotamento";1;0;0;0;0;0;0;0;0;0;2;0;0;0;0
"10/03/2023";"07:24:00";"52";"Acidente c";"28";"BR-101/RS";"Sul";"Saída de pista";1;0;0;0;0;0;0;0;0;0;2;0;0;0;0
"10/03/2023";"11:32:00";"151";"Acidente s";"90";"BR-290/RS";"Leste";"Engavetamento";2;0;0;0;0;0;0;0;0;1;2;0;0;0;0
"10/03/2023";"12:53:00";"166";"Acidente s";"362";"BR-386/RS";"Sul";"Colisão - Transversal";2;0;0;0;0;0;0;0;0;0;0;2;0;0;0
"10/03/2023";"13:53:00";"187";"Acidente s";"10";"BR-290/RS";"Leste";"Saída de pista";1;0;0;0;0;0;0;0;0;0;2;0;0;0;0
"10/03/2023";"16:56:00";"227";"Acidente s";"372";"BR-386/RS";"Norte";"Tombamento";0;0;1;0;0;0;0;0;0;0;1;0;0;0;0
"10/03/2023";"17:59:00";"242";"Acidente s";"213";"BR-386/RS";"Norte";"Colisão - Traseira";2;0;0;0;0;0;0;0;0;0;1;0;0;0;0
"10/03/2023";"18:19:00";"248";"Acidente s";"411";"BR-386/RS";"Norte";"Saída de pista";1;0;0;0;0;0;0;0;0;0;3;0;0;0;0
"10/03/2023";"18:23:00";"251";"Acidente s";"428";"BR-386/RS";"Sul";"Queda de moto";2;0;0;0;0;0;0;0;0;0;4;0;0;0;0
"10/03/2023";"22:27:00";"306";"Acidente s";"342";"BR-386/RS";"Norte";"Saída de pista";1;0;0;0;0;0;0;0;0;0;1;0;0;0;0
"10/03/2023";"22:30:00";"309";"Acidente s";"318";"BR-386/RS";"Sul";"Saída de pista";1;0;0;0;0;1;0;0;0;0;3;0;0;0;0
"10/03/2023";"22:56:00";"314";"Acidente s";"337";"BR-386/RS";"Norte";"Colisão - Lateral";0;0;0;0;0;0;0;0;0;0;3;0;0;0;0
"10/03/2023";"23:34:00";"316";"Acidente s";"434";"BR-386/RS";"Ambos";"Colisão - Lateral";1;0;1;0;0;0;0;0;0;0;0;2;0;0;0
"11/03/2023";"00:42:00";"4";"Acidente s";"44";"BR-290/RS";"Oeste";"Colisão - Traseira";2;0;0;0;0;0;0;0;0;0;0;0;1;0;0
"11/03/2023";"06:55:00";"53";"Acidente c";"225";"BR-386/RS";"Norte";"Capotamento";1;0;0;0;0;0;0;0;0;0;1;0;0;0;0
"11/03/2023";"14:30:00";"161";"Acidente s";"94";"BR-290/RS";"Oeste";"Colisão - Lateral";2;0;0;0;0;0;0;0;0;0;2;0;0;0;0
"11/03/2023";"16:09:00";"183";"Acidente c";"380";"BR-386/RS";"Sul";"Queda de moto";0;0;0;1;0;0;0;0;0;0;3;0;0;0;0
"11/03/2023";"21:33:00";"242";"Acidente s";"407";"BR-386/RS";"Sul";"Saída de pista";1;0;0;0;0;0;0;0;0;0;3;0;0;0;0
"11/03/2023";"22:27:00";"252";"Acidente s";"80";"BR-290/RS";"Leste";"Saída de pista";1;0;0;0;0;0;0;0;0;0;1;0;0;0;0
"12/03/2023";"03:01:00";"14";"Acidente s";"42";"BR-290/RS";"Oeste";"Choque Defensa";1;0;0;0;0;0;0;0;0;0;5;0;0;0;0
"12/03/2023";"11:11:00";"73";"Acidente c";"22";"BR-101/RS";"Sul";"Colisão - Traseira";1;0;1;0;0;0;0;0;0;0;0;1;0;0;0
"12/03/2023";"16:34:00";"122";"Acidente s";"35";"BR-101/RS";"Sul";"Colisão - Traseira";2;0;0;0;0;0;0;0;0;0;1;0;1;0;0
"12/03/2023";"18:46:00";"155";"Acidente c";"88";"BR-290/RS";"Oeste";"Queda de moto";0;0;0;1;0;0;0;0;0;0;1;0;1;0;0
"12/03/2023";"21:49:00";"205";"Acidente s";"369";"BR-386/RS";"Sul";"Colisão - Lateral";1;0;0;0;0;1;0;0;0;0;2;0;0;0;0
"12/03/2023";"22:37:00";"210";"Acidente s";"214";"BR-386/RS";"Sul";"Colisão - Lateral";1;0;0;0;0;1;0;0;0;0;2;0;0;0;0
"13/03/2023";"06:56:00";"37";"Acidente c";"284";"BR-386/RS";"Sul";"Colisão - Frontal";1;0;0;0;0;0;0;1;0;0;1;0;0;0;0
"13/03/2023";"07:26:00";"51";"Acidente s";"87";"BR-290/RS";"Oeste";"Colisão - Traseira";2;0;0;0;0;0;0;0;0;0;2;0;0;0;0