data;horario;n_da_ocorrencia;tipo_de_ocorrencia;km;trecho;sentido;tipo_de_acidente;automovel;bicicleta;caminhao;moto;onibus;outros;tracao_animal;transporte_de_cargas_especiais;trator_maquinas;utilitarios;ilesos;levemente_feridos;moderadamente_feridos;gravemente_feridos;mortos
"05/04/2023";"20:52:00";"240";"Acidente s";"80,09";"BR-290/RS";"Leste";"Saída de pista";1;0;0;0;0;0;0;0;0;0;2;0;0;0;0
"05/04/2023";"22:07:00";"247";"Acidente s";"250";"BR-386/RS";"Norte";"Colisão - Lateral";1;0;0;0;0;1;0;0;0;0;1;0;0;0;0
"06/04/2023";"04:45:00";"16";"Acidente c";"343";"BR-386/RS";"Sul";"Colisão - Transversal";2;0;0;0;0;0;0;0;0;0;1;0;0;0;0
"06/04/2023";"06:17:00";"22";"Acidente s";"96";"BR-290/RS";"Leste";"Colisão - Traseira";2;0;0;0;0;0;0;0;0;0;1;1;0;0;0
"06/04/2023";"06:37:00";"28";"Acidente s";"208";"BR-386/RS";"Norte";"Saída de pista";1;0;0;0;0;0;0;0;0;0;4;0;0;0;0
"06/04/2023";"11:16:00";"132";"Acidente s";"183";"BR-386/RS";"Norte";"Colisão - Traseira";2;0;0;0;0;0;0;0;0;0;1;0;0;0;0
"06/04/2023";"12:03:00";"143";"Acidente c";"10";"BR-290/RS";"Oeste";"Colisão - Lateral";2;0;0;0;0;0;0;0;0;0;1;0;1;0;0
"06/04/2023";"12:45:00";"154";"Acidente s";"356";"BR-386/RS";"Sul";"Queda de ribanceira";1;0;0;0;0;0;0;0;0;0;1;0;0;0;0
"06/04/2023";"13:01:00";"155";"Acidente s";"307";"BR-386/RS";"Sul";"Saída de pista";1;0;0;0;0;0;0;0;0;0;2;0;0;0;0
"06/04/2023";"13:09:00";"159";"Acidente s";"307";"BR-386/RS";"Norte";"Saída de pista";1;0;0;0;0;0;0;0;0;0;2;0;0;0;0
"06/04/2023";"14:24:00";"180";"Acidente s";"362";"BR-386/RS";"Sul";"Colisão - Transversal";1;0;0;0;1;0;0;0;0;0;3;0;0;0;0
"06/04/2023";"15:19:00";"195";"Acidente s";"342";"BR-386/RS";"Sul";"Saída de pista";2;0;0;0;0;0;0;0;0;0;2;1;0;0;0
"06/04/2023";"16:18:00";"208";"Acidente c";"358";"BR-386/RS";"Ambos";"Saída de pista";1;0;0;0;0;0;0;0;0;0;2;0;0;0;0
"06/04/2023";"16:45:00";"213";"Acidente s";"357";"BR-386/RS";"Sul";"Colisão - Lateral";1;0;1;0;0;0;0;0;0;0;5;0;0;0;0
"06/04/2023";"16:52:00";"215";"Acidente s";"229";"BR-386/RS";"Sul";"Saída de pista";1;0;0;0;0;0;0;0;0;0;2;0;0;0;0
"06/04/2023";"19:14:00";"252";"Acidente s";"70";"BR-101/RS";"Norte";"Saída de pista";1;0;0;0;0;0;0;0;0;0;2;0;0;0;0
"06/04/2023";"20:50:00";"280";"Acidente s";"87";"BR-101/RS";"Norte";"Saída de pista";2;0;0;0;0;0;0;0;0;0;1;0;0;0;1
"06/04/2023";"22:59:00";"307";"Acidente s";"346";"BR-386/RS";"Sul";"Choque - Arvore";1;0;0;0;0;0;0;0;0;0;2;0;0;0;0
"07/04/2023";"01:38:00";"9";"Acidente s";"55";"BR-101/RS";"Sul";"Saída de pista";1;0;0;0;0;0;0;0;0;0;1;0;0;0;0
"07/04/2023";"04:27:00";"26";"Acidente s";"279";"BR-386/RS";"Norte";"Saída de pista";1;0;0;0;0;0;0;0;0;0;1;0;0;0;0
"07/04/2023";"07:07:00";"36";"Acidente c";"273";"BR-386/RS";"Sul";"Colisão - Lateral";2;0;0;0;0;0;0;0;0;0;2;0;0;0;0
"07/04/2023";"09:34:00";"62";"Acidente s";"24";"BR-290/RS";"Leste";"Saída de pista";1;0;0;0;0;0;0;0;0;0;2;0;0;0;0
"07/04/2023";"12:06:00";"103";"Acidente s";"308";"BR-386/RS";"Sul";"Saída de pista";1;0;0;0;0;0;0;0;0;0;1;0;0;0;0
"07/04/2023";"12:29:00";"104";"Acidente s";"64";"BR-290/RS";"Leste";"Choque - Meio Fio";1;0;0;0;0;0;0;0;0;0;1;0;0;0;0
"07/04/2023";"17:15:00";"156";"Acidente s";"346";"BR-386/RS";"Norte";"Saída de pista";1;0;0;0;0;0;0;0;0;0;2;0;0;0;0
"07/04/2023";"20:30:00";"185";"Acidente s";"14";"BR-290/RS";"Leste";"Choque Defensa";3;0;0;0;0;0;0;0;0;0;2;0;0;0;0
"08/04/2023";"05:29:00";"17";"Acidente c";"92";"BR-290/RS";"Oeste";"Atropelamento - Esportista";1;0;0;1;0;0;0;0;0;0;1;0;0;0;0
"08/04/2023";"11:05:00";"62";"Acidente c";"352";"BR-386/RS";"Sul";"Capotamento";2;0;0;0;0;0;0;0;0;0;2;2;0;0;0
"08/04/2023";"12:14:00";"66";"Acidente s";"341";"BR-386/RS";"Sul";"Saída de pista";1;0;0;0;0;0;0;0;0;0;3;0;0;0;0
"08/04/2023";"15:43:00";"102";"Acidente s";"347";"BR-386/RS";"Norte";"Colisão - Lateral";1;0;1;0;0;0;0;0;0;0;3;0;0;0;0
"08/04/2023";"17:54:00";"123";"Acidente s";"4";"BR-290/RS";"Oeste";"Capotamento";1;0;0;0;0;0;0;0;0;0;0;0;1;0;0
"08/04/2023";"21:00:00";"140";"Acidente c";"69";"BR-290/RS";"Oeste";"Capotamento";1;0;0;0;0;0;0;0;0;0;3;0;0;0;0
"08/04/2023";"21:31:00";"144";"Acidente s";"8";"BR-290/RS";"Oeste";"Choque Defensa";0;0;0;0;0;0;0;0;0;1;1;0;0;0;0
"09/04/2023";"04:35:00";"14";"Acidente s";"36";"BR-290/RS";"Oeste";"Saída de pista";1;0;0;0;0;0;0;0;0;0;2;0;0;0;0
"09/04/2023";"09:57:00";"38";"Acidente c";"41";"BR-101/RS";"Sul";"Colisão - Traseira";1;0;0;0;0;0;0;1;0;0;3;0;0;0;0
"09/04/2023";"11:27:00";"52";"Acidente s";"84";"BR-290/RS";"Leste";"Choque Barreira";1;0;0;0;0;0;0;0;0;0;1;0;0;0;0
"09/04/2023";"13:42:00";"75";"Acidente s";"335";"BR-386/RS";"Sul";"Engavetamento";2;0;0;0;0;0;0;0;0;0;3;0;1;0;0
"09/04/2023";"15:12:00";"93";"Acidente s";"335";"BR-386/RS";"Sul";"Engavetamento";3;0;0;0;0;0;0;0;0;0;1;0;0;0;0
"09/04/2023";"16:52:00";"136";"Acidente c";"414";"BR-386/RS";"Sul";"Capotamento";1;0;0;0;0;0;0;0;0;0;2;0;0;0;0
"09/04/2023";"16:52:00";"135";"Acidente s";"392";"BR-386/RS";"Sul";"Engavetamento";2;0;0;0;0;0;0;0;0;0;2;0;0;0;0
"09/04/2023";"18:04:00";"173";"Acidente s";"3";"BR-290/RS";"Oeste";"Engavetamento";3;0;0;0;0;0;0;0;0;0;1;1;0;0;0
"09/04/2023";"18:50:00";"194";"Acidente s";"70";"BR-101/RS";"Sul";"Colisão - Traseira";2;0;0;0;0;0;0;0;0;0;2;0;0;0;0
"09/04/2023";"21:07:00";"249";"Acidente s";"410";"BR-386/RS";"Norte";"Saída de pista";1;0;0;0;0;0;0;0;0;0;1;0;0;0;0
"10/04/2023";"00:21:00";"6";"Acidente s";"3";"BR-448/RS";"Norte";"Choque Defensa";1;0;0;0;0;0;0;0;0;0;1;1;1;0;0
"10/04/2023";"02:10:00";"16";"Acidente s";"416";"BR-386/RS";"Sul";"Atropelamento de Animal";1;0;0;0;0;0;0;0;0;0;2;0;0;0;0
"10/04/2023";"05:41:00";"30";"Acidente c";"9";"BR-101/RS";"Sul";"Colisão - Traseira";2;0;0;0;0;0;0;0;0;0;2;0;0;0;0
"10/04/2023";"08:19:00";"101";"Acidente s";"12";"BR-448/RS";"Sul";"Choque com veículo no acostamento";1;0;1;0;0;0;0;0;0;0;5;0;0;0;0
"10/04/2023";"09:22:00";"117";"Acidente s";"255";"BR-386/RS";"Sul";"Colisão - Traseira";2;0;0;0;0;0;0;0;0;0;0;1;3;0;0
"10/04/2023";"09:23:00";"118";"Acidente s";"92";"BR-290/RS";"Leste";"Colisão - Lateral";2;0;0;0;0;0;0;0;0;0;0;0;1;0;0
"10/04/2023";"14:50:00";"216";"Acidente s";"336";"BR-386/RS";"Sul";"Colisão - Frontal";1;0;0;0;0;0;0;1;0;0;4;0;0;0;0
"10/04/2023";"15:07:00";"218";"Acidente c";"292";"BR-386/RS";"Sul";"Saída de pista";2;0;0;0;0;0;0;0;0;0;4;0;0;0;0
"10/04/2023";"17:42:00";"253";"Acidente s";"26";"BR-101/RS";"Sul";"Capotamento";1;0;0;0;0;0;0;0;0;0;2;0;0;0;0
"10/04/2023";"18:06:00";"255";"Acidente c";"339";"BR-386/RS";"Norte";"Colisão - Transversal";1;0;0;1;0;0;0;0;0;0;1;0;0;0;0
"10/04/2023";"19:55:00";"281";"Acidente s";"421";"BR-386/RS";"Sul";"Colisão - Traseira";1;0;0;0;0;0;0;0;0;0;2;0;0;0;0
"10/04/2023";"23:58:00";"299";"Acidente s";"296";"BR-386/RS";"Norte";"Tombamento";0;0;0;0;0;1;0;0;0;0;1;0;0;0;0
"11/04/2023";"12:58:00";"150";"Acidente c";"35";"BR-101/RS";"Sul";"Choque Defensa";1;0;0;0;0;0;0;0;0;0;1;0;0;0;0
"11/04/2023";"14:13:00";"170";"Acidente c";"32";"BR-290/RS";"Oeste";"Choque Defensa";1;0;0;0;0;0;0;0;0;0;0;1;0;0;0
"11/04/2023";"17:37:00";"201";"Acidente c";"356";"BR-386/RS";"Sul";"Colisão - Lateral";1;0;0;1;0;0;0;0;0;0;1;0;0;0;0
"12/04/2023";"09:22:00";"120";"Acidente s";"50";"BR-290/RS";"Ambos";"Queda de ribanceira";1;0;0;0;0;0;0;0;0;0;1;0;0;0;0
"12/04/2023";"09:54:00";"130";"Acidente s";"14";"BR-101/RS";"Norte";"Queda de ribanceira";1;0;0;0;0;0;0;0;0;0;1;0;0;0;0
"12/04/2023";"10:59:00";"146";"Acidente s";"91";"BR-290/RS";"Leste";"Colisão - Traseira";2;0;0;0;0;0;0;0;0;0;4;0;0;0;0
"12/04/2023";"12:04:00";"166";"Acidente s";"21";"BR-448/RS";"Norte";"Choque Barreira";1;0;0;0;0;0;0;0;0;0;0;0;1;0;0
"12/04/2023";"14:53:00";"212";"Acidente s";"78";"BR-290/RS";"Leste";"Colisão - Lateral";1;0;0;0;0;0;0;1;0;0;2;0;0;0;0
"12/04/2023";"15:00:00";"214";"Acidente c";"219";"BR-386/RS";"Sul";"Colisão - Traseira";0;0;0;1;0;0;0;1;0;0;3;0;0;0;0
"12/04/2023";"15:24:00";"221";"Acidente s";"346";"BR-386/RS";"Sul";"Engavetamento";1;0;1;1;0;0;0;0;0;0;1;0;0;0;0
"12/04/2023";"16:45:00";"228";"Acidente s";"7";"BR-101/RS";"Sul";"Teste Wanderson";1;0;0;0;0;0;0;0;0;0;5;0;0;0;0
"12/04/2023";"17:49:00";"237";"Acidente c";"61";"BR-290/RS";"Leste";"Choque Talude";0;0;0;0;0;0;0;0;0;1;3;0;0;0;0
"12/04/2023";"19:13:00";"250";"Atropelame";"350";"BR-386/RS";"Norte";"Atropelamento - Andarilho";0;0;0;1;0;0;0;0;0;0;0;1;0;0;0
"12/04/2023";"19:23:00";"252";"Acidente s";"16";"BR-101/RS";"Sul";"Colisão - Lateral";0;0;0;0;0;1;0;1;0;0;0;1;0;0;0
"13/04/2023";"07:10:00";"296";"Atropelame";"345";"BR-386/RS";"Norte";"Atropelamento - Usuário";0;0;0;1;0;0;0;0;0;0;1;0;0;0;0
"13/04/2023";"07:43:00";"314";"Acidente s";"94";"BR-290/RS";"Leste";"Saída de pista";1;0;0;0;0;0;0;0;0;0;2;0;0;0;0
"13/04/2023";"08:10:00";"331";"Acidente s";"15";"BR-448/RS";"Sul";"Queda de ribanceira";1;0;0;0;0;0;0;0;0;0;0;2;1;2;0
"13/04/2023";"08:12:00";"333";"Acidente s";"15";"BR-448/RS";"Sul";"Choque Defensa";1;0;0;0;0;0;0;0;0;0;2;0;0;0;0
"13/04/2023";"08:28:00";"336";"Acidente s";"417";"BR-386/RS";"Sul";"Choque - Meio Fio";1;0;0;0;0;0;0;0;0;0;4;0;0;0;1
"13/04/2023";"09:02:00";"342";"Acidente s";"21,35";"BR-448/RS";"Sul";"Choque Barreira";1;0;0;0;0;0;0;0;0;0;4;1;0;0;0
"13/04/2023";"09:09:00";"346";"Acidente s";"418,04";"BR-386/RS";"Sul";"Saída de pista";1;0;0;0;0;0;0;0;0;0;0;1;0;0;0
"13/04/2023";"12:34:00";"403";"Acidente s";"15";"BR-448/RS";"Sul";"Choque Defensa";1;0;0;0;0;0;0;0;0;0;3;0;0;0;0
"13/04/2023";"17:49:00";"473";"Acidente c";"4";"BR-290/RS";"Leste";"Colisão - Lateral";2;0;0;0;0;0;0;0;0;0;2;0;0;0;0
"13/04/2023";"18:12:00";"477";"Acidente s";"374";"BR-386/RS";"Norte";"Colisão - Lateral";2;0;0;0;0;0;0;0;0;0;2;0;0;0;0
"13/04/2023";"21:56:00";"502";"Acidente s";"97";"BR-290/RS";"Leste";"Saída de pista";0;0;0;0;0;0;0;1;0;0;4;0;0;0;0
"13/04/2023";"23:38:00";"511";"Acidente s";"5";"BR-290/RS";"Oeste";"Saída de pista";1;0;0;0;0;0;0;0;0;0;1;0;0;0;0
"14/04/2023";"10:07:00";"92";"Acidente s";"438";"BR-386/RS";"Norte";"Colisão - Transversal";2;0;0;0;0;0;0;0;0;0;1;0;0;0;0
"14/04/2023";"12:16:00";"122";"Acidente s";"324";"BR-386/RS";"Norte";"Colisão - Traseira";2;0;0;0;0;0;0;0;0;0;1;0;0;0;0
"14/04/2023";"14:26:00";"155";"Acidente s";"2";"BR-290/RS";"Leste";"Capotamento";1;0;0;0;0;0;0;0;0;0;2;2;1;0;0
"14/04/2023";"16:14:00";"175";"Acidente s";"63";"BR-101/RS";"Sul";"Choque Defensa";1;0;0;0;0;0;0;0;0;0;1;1;2;0;0
"14/04/2023";"18:51:00";"197";"Acidente s";"327";"BR-386/RS";"Sul";"Colisão - Lateral";1;0;0;0;0;0;0;0;0;1;0;0;1;0;0
"14/04/2023";"20:35:00";"220";"Acidente s";"343";"BR-386/RS";"Norte";"Colisão - Lateral";2;0;0;0;0;0;0;0;0;0;0;0;0;1;0
"14/04/2023";"22:26:00";"227";"Acidente s";"92";"BR-290/RS";"Oeste";"Colisão - Lateral";2;0;0;0;0;0;0;0;0;0;1;0;0;0;1
"15/04/2023";"10:27:00";"91";"Acidente s";"443";"BR-386/RS";"Sul";"Saída de pista";1;0;0;0;0;0;0;0;0;0;3;0;0;0;0
"15/04/2023";"11:28:00";"104";"Acidente s";"215";"BR-386/RS";"Norte";"Colisão - Transversal";2;0;0;0;0;0;0;0;0;0;1;2;0;0;0
"15/04/2023";"16:32:00";"158";"Acidente s";"422";"BR-386/RS";"Norte";"Saída de pista";1;0;0;0;0;0;0;0;0;0;1;0;0;0;0
"15/04/2023";"19:16:00";"181";"Acidente s";"59";"BR-101/RS";"Norte";"Colisão - Lateral";1;0;1;0;0;0;0;0;0;0;2;0;0;0;0
"16/04/2023";"05:00:00";"20";"Acidente s";"85";"BR-290/RS";"Leste";"Choque Barreira";0;0;1;0;0;0;0;0;0;0;0;1;0;0;0
"16/04/2023";"05:40:00";"26";"Acidente c";"335";"BR-386/RS";"Norte";"Saída de pista";1;0;0;0;0;0;0;0;0;0;4;0;0;0;0
"16/04/2023";"13:13:00";"109";"Acidente c";"248";"BR-386/RS";"Norte";"Queda de ribanceira";1;0;0;0;0;0;0;0;0;0;2;0;0;0;0
"16/04/2023";"15:22:00";"127";"Acidente s";"375";"BR-386/RS";"Sul";"Saída de pista";1;0;0;0;0;0;0;0;0;0;2;0;0;0;0
"16/04/2023";"16:17:00";"135";"Acidente s";"399";"BR-386/RS";"Norte";"Saída de pista";1;0;0;0;0;0;0;0;0;0;2;0;0;1;0
"16/04/2023";"16:45:00";"141";"Acidente c";"329";"BR-386/RS";"Norte";"Engavetamento";3;0;0;0;0;0;0;0;0;0;2;0;0;0;0
"16/04/2023";"17:50:00";"156";"Acidente s";"379";"BR-386/RS";"Norte";"Colisão - Traseira";2;0;0;0;0;0;0;0;0;0;0;0;2;0;0
"16/04/2023";"17:57:00";"159";"Acidente s";"225";"BR-386/RS";"Sul";"Capotamento";1;0;0;0;0;0;0;0;0;0;1;0;0;0;0
"16/04/2023";"18:03:00";"160";"Acidente c";"36";"BR-101/RS";"Sul";"Capotamento";1;0;1;0;0;0;0;0;0;0;2;0;1;0;0
"17/04/2023";"06:25:00";"23";"Acidente s";"435";"BR-386/RS";"Sul";"Colisão - Lateral";1;0;0;0;0;0;0;0;0;0;3;0;0;0;0
"17/04/2023";"08:12:00";"68";"Acidente c";"13";"BR-448/RS";"Sul";"Colisão - Traseira";1;0;0;1;0;0;0;0;0;0;4;0;0;0;0
"17/04/2023";"09:59:00";"108";"Acidente s";"353";"BR-386/RS";"Norte";"Saída de pista";1;0;0;0;0;0;0;0;0;0;0;1;0;0;0
"17/04/2023";"10:31:00";"112";"Acidente s";"25";"BR-290/RS";"Leste";"Queda de ribanceira";1;0;0;0;0;0;0;0;0;0;1;0;0;0;0
"18/04/2023";"08:13:00";"90";"Acidente s";"392";"BR-386/RS";"Sul";"Colisão - Lateral";2;0;0;0;0;0;0;0;0;0;3;0;0;0;0
"18/04/2023";"09:48:00";"121";"Acidente s";"95";"BR-290/RS";"Oeste";"Colisão - Traseira";2;0;0;0;0;0;0;0;0;0;4;0;0;0;0
"18/04/2023";"10:24:00";"134";"Acidente s";"19";"BR-101/RS";"Norte";"Colisão - Traseira";2;0;0;0;0;0;0;0;0;0;1;0;0;0;0
"18/04/2023";"14:37:00";"196";"Acidente s";"215";"BR-386/RS";"Sul";"Colisão - Traseira";1;0;0;0;1;0;0;0;0;0;5;0;0;0;0
"18/04/2023";"16:10:00";"213";"Acidente c";"93";"BR-290/RS";"Oeste";"Colisão - Transversal";1;0;0;1;0;0;0;0;0;0;1;0;0;0;0
"18/04/2023";"18:40:00";"242";"Acidente s";"373";"BR-386/RS";"Norte";"Colisão - Lateral";1;0;0;0;0;1;0;0;0;0;0;3;0;0;0
"19/04/2023";"13:19:00";"168";"Acidente c";"325";"BR-386/RS";"Sul";"Colisão - Transversal";1;0;0;1;0;0;0;0;0;0;1;2;0;0;0
"19/04/2023";"14:47:00";"197";"Acidente c";"342";"BR-386/RS";"Sul";"Colisão - Frontal";1;0;0;0;0;0;0;0;0;2;2;1;0;0;0
"19/04/2023";"16:11:00";"215";"Acidente s";"92";"BR-290/RS";"Leste";"Colisão - Lateral";2;0;0;0;0;0;0;0;0;0;3;0;0;0;0
"19/04/2023";"16:38:00";"218";"Acidente s";"22";"BR-448/RS";"Norte";"Choque Defensa";1;0;0;0;0;0;0;0;0;0;1;0;0;0;0
"19/04/2023";"17:09:00";"224";"Acidente s";"22";"BR-448/RS";"Sul";"Choque Barreira";1;0;0;0;0;0;0;0;0;0;1;0;0;0;0
"19/04/2023";"17:29:00";"237";"Acidente s";"52";"BR-290/RS";"Oeste";"Saída de pista";1;0;0;0;0;0;0;0;0;0;1;0;0;0;0
"19/04/2023";"19:39:00";"256";"Acidente c";"407";"BR-386/RS";"Sul";"Saída de pista";0;0;0;1;0;0;0;0;0;0;0;2;0;0;0
"20/04/2023";"00:59:00";"4";"Acidente s";"32";"BR-290/RS";"Leste";"Saída de pista";1;0;0;0;0;0;0;0;0;0;1;1;0;0;0
"20/04/2023";"02:11:00";"8";"Acidente s";"23";"BR-101/RS";"Sul";"Colisão - Traseira";0;0;1;0;0;1;0;0;0;0;2;0;0;0;0
"20/04/2023";"07:35:00";"66";"Acidente s";"14";"BR-448/RS";"Sul";"Colisão - Traseira";1;0;1;0;0;0;0;0;0;0;3;0;0;0;0
"20/04/2023";"17:30:00";"248";"Acidente s";"92";"BR-290/RS";"Leste";"Colisão - Traseira";1;0;0;1;0;0;0;0;0;0;2;1;0;0;0
"20/04/2023";"19:15:00";"278";"Acidente s";"80";"BR-290/RS";"Leste";"Colisão - Lateral";2;0;0;0;0;0;0;0;0;0;1;1;0;0;0
"20/04/2023";"19:16:00";"279";"Acidente s";"337,23";"BR-386/RS";"Norte";"Saída de pista";0;0;1;0;0;0;0;0;0;0;7;0;0;0;0
"20/04/2023";"22:22:00";"313";"Acidente s";"307,26";"BR-386/RS";"Norte";"Tombamento";0;0;0;0;0;0;0;1;0;0;4;0;0;0;0
"21/04/2023";"03:27:00";"14";"Acidente s";"291";"BR-386/RS";"Sul";"Atropelamento de Animal";1;0;0;0;0;0;0;0;0;0;0;2;0;0;0
"21/04/2023";"09:00:00";"63";"Acidente c";"432";"BR-386/RS";"Norte";"Colisão - Traseira";1;0;0;1;0;0;0;0;0;0;1;0;0;0;0
"21/04/2023";"09:30:00";"68";"Acidente s";"267";"BR-386/RS";"Norte";"Colisão - Traseira";2;0;0;0;0;0;0;0;0;0;3;0;0;1;0
"21/04/2023";"11:19:00";"90";"Acidente s";"75";"BR-290/RS";"Leste";"Colisão - Lateral";1;0;0;0;0;0;0;1;0;0;3;1;0;0;0
"21/04/2023";"11:30:00";"92";"Acidente s";"39";"BR-101/RS";"Norte";"Colisão - Traseira";2;0;0;0;0;0;0;0;0;0;3;0;0;0;0
"21/04/2023";"11:46:00";"97";"Acidente s";"216";"BR-386/RS";"Sul";"Colisão - Traseira";2;0;0;0;0;0;0;0;0;0;3;0;0;0;0
"21/04/2023";"16:12:00";"151";"Acidente s";"82";"BR-290/RS";"Leste";"Colisão - Lateral";1;0;0;0;0;0;0;1;0;0;4;0;1;0;0
"21/04/2023";"19:05:00";"177";"Acidente s";"86";"BR-101/RS";"Norte";"Colisão - Traseira";1;0;0;0;0;0;0;0;0;1;2;0;0;0;0
"21/04/2023";"19:17:00";"182";"Acidente s";"51";"BR-290/RS";"Oeste";"Outros";2;0;0;0;0;0;0;0;0;0;0;0;1;1;0
"22/04/2023";"06:28:00";"25";"Acidente c";"54";"BR-290/RS";"Oeste";"Capotamento";1;0;0;0;0;0;0;0;0;0;2;0;0;0;0
"22/04/2023";"10:42:00";"79";"Atropelame";"74";"BR-101/RS";"Norte";"Atropelamento - Morador/Trabalhador/Estudante";1;0;0;0;0;0;0;0;0;0;1;0;0;0;0
"22/04/2023";"17:32:00";"129";"Acidente s";"343";"BR-386/RS";"Norte";"Colisão - Lateral";2;0;0;0;0;0;0;0;0;0;3;0;0;0;0
"22/04/2023";"18:12:00";"139";"Acidente c";"344";"BR-386/RS";"Norte";"Colisão - Traseira";2;0;0;0;0;0;0;0;0;0;3;0;0;0;0
"23/04/2023";"14:10:00";"68";"Acidente s";"91";"BR-290/RS";"Leste";"Colisão - Lateral";2;0;0;0;0;0;0;0;0;0;2;0;1;0;0
"23/04/2023";"14:45:00";"75";"Acidente s";"356";"BR-386/RS";"Sul";"Colisão - Lateral";1;0;1;0;0;0;0;0;0;0;3;0;0;0;0
"23/04/2023";"15:42:00";"90";"Acidente c";"345";"BR-386/RS";"Sul";"Colisão - Lateral";2;0;0;1;0;0;0;0;0;0;6;0;0;0;0
"23/04/2023";"16:45:00";"99";"Acidente s";"346";"BR-386/RS";"Norte";"Engavetamento";4;0;0;0;0;0;0;0;0;0;2;0;0;0;0
"23/04/2023";"18:34:00";"123";"Acidente s";"325";"BR-386/RS";"Sul";"Engavetamento";3;0;0;0;0;1;0;0;0;0;2;0;0;0;0
"23/04/2023";"22:39:00";"169";"Acidente s";"372";"BR-386/RS";"Sul";"Atropelamento de Animal";1;0;0;0;0;0;0;0;0;0;5;0;0;0;0
"23/04/2023";"23:49:00";"181";"Acidente s";"343";"BR-386/RS";"Norte";"Capotamento";1;0;0;0;0;0;0;0;0;0;1;0;0;0;0
"24/04/2023";"06:06:00";"22";"Acidente s";"281";"BR-386/RS";"Norte";"Capotamento";1;0;0;0;0;0;0;0;0;0;1;0;0;0;0
"24/04/2023";"07:15:00";"44";"Acidente c";"22";"BR-448/RS";"Sul";"Choque Barreira";2;0;0;0;0;0;0;0;0;0;2;0;0;0;0
"24/04/2023";"07:34:00";"52";"Acidente c";"350";"BR-386/RS";"Norte";"Colisão - Traseira";1;0;0;1;0;0;0;0;0;0;1;0;0;0;0
"24/04/2023";"07:53:00";"60";"Acidente c";"413";"BR-386/RS";"Sul";"Colisão - Lateral";1;0;0;1;0;0;0;0;0;0;0;1;0;0;0
"24/04/2023";"08:28:00";"81";"Acidente s";"91";"BR-290/RS";"Leste";"Colisão - Lateral";2;0;0;0;0;0;0;0;0;0;1;0;0;0;0
"24/04/2023";"09:32:00";"101";"Acidente s";"345";"BR-386/RS";"Norte";"Colisão - Traseira";1;0;1;0;0;0;0;0;0;0;1;0;0;0;0
"24/04/2023";"12:37:00";"161";"Acidente c";"354";"BR-386/RS";"Norte";"Saída de pista";1;0;0;0;0;0;0;0;0;0;2;0;0;0;0
"24/04/2023";"12:48:00";"166";"Acidente s";"428";"BR-386/RS";"Norte";"Colisão - Transversal";2;0;0;0;0;0;0;0;0;0;1;0;0;0;0
"24/04/2023";"14:07:00";"190";"Acidente s";"428";"BR-386/RS";"Norte";"Colisão - Traseira";2;0;0;0;0;0;0;0;0;0;0;0;0;0;0
"24/04/2023";"17:25:00";"237";"Acidente c";"328,7";"BR-386/RS";"Norte";"Colisão - Lateral";0;0;1;0;0;0;0;1;0;0;0;0;0;1;0
"24/04/2023";"17:26:00";"238";"Acidente s";"328";"BR-386/RS";"Sul";"Saída de pista";1;0;0;0;0;0;0;0;0;0;0;1;0;0;0
"24/04/2023";"20:47:00";"266";"Acidente s";"436";"BR-386/RS";"Sul";"Choque com objeto sobre a pista";2;0;0;0;0;0;0;0;0;0;2;0;0;0;0
"24/04/2023";"22:41:00";"276";"Acidente c";"63";"BR-290/RS";"Oeste";"Colisão - Traseira";0;0;0;0;0;0;0;2;0;0;1;0;0;0;0
"25/04/2023";"06:13:00";"24";"Acidente s";"66";"BR-290/RS";"Leste";"Colisão - Traseira";1;0;0;0;0;0;0;0;0;1;2;0;0;0;0
"25/04/2023";"18:06:00";"218";"Acidente s";"433";"BR-386/RS";"Sul";"Colisão - Lateral";0;0;0;1;0;0;0;0;0;1;2;0;0;0;0
"25/04/2023";"19:42:00";"242";"Acidente s";"78";"BR-101/RS";"Norte";"Saída de pista";1;0;0;0;0;0;0;0;0;0;3;1;0;0;0
"25/04/2023";"22:26:00";"266";"Acidente s";"304";"BR-386/RS";"Norte";"Saída de pista";0;0;0;0;0;0;0;1;0;0;1;1;0;0;0
"26/04/2023";"02:41:00";"6";"Acidente s";"423";"BR-386/RS";"Sul";"Saída de pista";0;0;1;0;0;0;0;0;0;0;1;0;0;0;0
"26/04/2023";"07:25:00";"31";"Acidente s";"360";"BR-386/RS";"Norte";"Capotamento";1;0;0;0;0;0;0;0;0;0;3;0;0;3;0
"26/04/2023";"07:47:00";"40";"Acidente c";"22";"BR-290/RS";"Oeste";"Saída de pista";1;0;0;0;0;0;0;0;0;0;2;1;0;0;0
"26/04/2023";"08:41:00";"64";"Acidente c";"27";"BR-101/RS";"Norte";"Queda de moto";0;0;0;1;0;0;0;0;0;0;1;0;0;0;0
"26/04/2023";"09:37:00";"88";"Acidente s";"94";"BR-290/RS";"Leste";"Choque Defensa";1;0;0;0;0;0;0;0;0;0;2;0;0;0;0
"26/04/2023";"11:36:00";"118";"Acidente c";"296";"BR-386/RS";"Norte";"Tombamento";0;0;0;0;0;0;0;1;0;0;2;0;0;0;0
"26/04/2023";"12:44:00";"131";"Acidente s";"305";"BR-386/RS";"Norte";"Saída de pista";0;0;0;0;0;0;0;1;0;0;1;0;0;0;0
"26/04/2023";"15:06:00";"182";"Acidente c";"248";"BR-386/RS";"Norte";"Colisão - Transversal";1;0;1;0;0;0;0;0;0;0;2;0;0;0;0
"26/04/2023";"16:50:00";"199";"Acidente s";"83";"BR-290/RS";"Leste";"Colisão - Traseira";2;0;0;1;0;0;0;0;0;0;3;0;1;0;0