data;horario;n_da_ocorrencia;tipo_de_ocorrencia;km;trecho;sentido;tipo_de_acidente;automovel;bicicleta;caminhao;moto;onibus;outros;tracao_animal;transporte_de_cargas_especiais;trator_maquinas;utilitarios;ilesos;levemente_feridos;moderadamente_feridos;gravemente_feridos;mortos
"14/05/2023";"16:09:00";"91";"Acidente c";"237";"BR-386/RS";"Norte";"Colisão - Traseira";1;0;0;1;0;0;0;0;0;0;2;0;0;0;0
"14/05/2023";"16:55:00";"95";"Acidente c";"356";"BR-386/RS";"Sul";"Capotamento";2;0;0;0;0;0;0;0;0;0;2;0;0;0;0
"14/05/2023";"17:22:00";"105";"Acidente s";"40";"BR-290/RS";"Oeste";"Choque Defensa";1;0;0;0;0;0;0;0;0;0;2;0;0;0;0
"14/05/2023";"21:06:00";"146";"Acidente s";"243";"BR-386/RS";"Norte";"Saída de pista";1;0;0;0;0;0;0;0;0;0;6;0;0;0;0
"14/05/2023";"22:49:00";"159";"Acidente c";"91";"BR-290/RS";"Leste";"Tombamento";1;0;0;0;0;0;0;1;0;0;2;0;1;0;0
"15/05/2023";"07:27:00";"42";"Acidente s";"419";"BR-386/RS";"Norte";"Colisão - Traseira";3;0;0;0;0;0;0;0;0;0;3;0;1;0;0
"15/05/2023";"07:43:00";"52";"Acidente s";"87";"BR-290/RS";"Oeste";"Colisão - Traseira";2;0;0;0;0;0;0;0;0;0;1;1;0;0;0
"15/05/2023";"08:03:00";"62";"Acidente s";"91";"BR-290/RS";"Leste";"Colisão - Traseira";2;0;0;0;0;0;0;0;0;0;0;1;0;0;0
"15/05/2023";"08:15:00";"70";"Acidente c";"35";"BR-101/RS";"Sul";"Colisão - Frontal";1;0;0;1;0;0;0;0;0;0;1;0;0;0;0
"15/05/2023";"13:29:00";"158";"Acidente s";"73";"BR-290/RS";"Oeste";"Choque Defensa";1;0;0;0;0;0;0;0;0;1;1;0;0;0;0
"15/05/2023";"13:45:00";"163";"Acidente c";"19";"BR-290/RS";"Leste";"Colisão - Traseira";1;0;1;0;0;0;0;0;0;0;2;0;2;1;0
"15/05/2023";"14:16:00";"171";"Acidente c";"180";"BR-386/RS";"Sul";"Queda de moto";0;0;0;1;0;0;0;0;0;0;2;0;0;0;0
"15/05/2023";"16:41:00";"202";"Acidente c";"36";"BR-290/RS";"Oeste";"Queda de moto";0;0;0;1;0;0;0;0;0;0;0;1;0;0;0
"15/05/2023";"23:36:00";"257";"Acidente s";"400";"BR-386/RS";"Norte";"Queda de ribanceira";1;0;0;0;0;0;0;0;0;0;4;0;0;0;0
"16/05/2023";"09:56:00";"124";"Acidente s";"22";"BR-101/RS";"Norte";"Colisão - Traseira";1;0;0;0;0;0;0;0;0;1;4;1;0;0;0
"16/05/2023";"14:29:00";"181";"Acidente s";"92";"BR-290/RS";"Leste";"Colisão - Transversal";2;0;0;0;0;0;0;0;0;0;2;0;0;0;0
"16/05/2023";"16:34:00";"221";"Acidente c";"23";"BR-101/RS";"Norte";"Colisão - Transversal";1;0;0;1;0;0;0;0;0;0;1;0;0;0;0
"16/05/2023";"17:12:00";"226";"Acidente c";"70";"BR-290/RS";"Oeste";"Outros";0;0;0;1;0;0;0;1;0;0;4;0;0;0;0
"16/05/2023";"18:17:00";"235";"Acidente s";"63";"BR-101/RS";"Sul";"Queda de ribanceira";1;0;0;0;0;0;0;0;0;0;2;0;0;0;0
"16/05/2023";"19:12:00";"246";"Atropelame";"317";"BR-386/RS";"Sul";"Atropelamento - Andarilho";1;0;0;0;0;0;0;0;0;0;1;0;1;0;0
"17/05/2023";"07:58:00";"77";"Acidente c";"92";"BR-290/RS";"Leste";"Colisão - Traseira";3;0;0;0;0;0;0;0;0;0;1;0;0;0;0
"17/05/2023";"09:14:00";"100";"Acidente s";"10";"BR-448/RS";"Norte";"Queda de moto";0;0;0;1;0;0;0;0;0;0;1;1;1;0;0
"17/05/2023";"10:50:00";"128";"Acidente s";"87";"BR-290/RS";"Oeste";"Colisão - Lateral";1;0;0;0;0;0;0;1;0;0;1;0;0;0;0
"17/05/2023";"14:05:00";"169";"Acidente s";"426";"BR-386/RS";"Sul";"Colisão - Traseira";1;0;1;0;0;0;0;0;0;0;7;0;0;0;0
"17/05/2023";"18:43:00";"220";"Acidente s";"435";"BR-386/RS";"Sul";"Saída de pista";1;0;0;0;0;0;0;0;0;0;10;0;0;0;0
"17/05/2023";"19:17:00";"229";"Acidente c";"389";"BR-386/RS";"Sul";"Queda de moto";1;0;0;1;0;0;0;0;0;0;3;0;0;0;0
"18/05/2023";"05:20:00";"14";"Acidente s";"385";"BR-386/RS";"Norte";"Saída de pista";1;0;0;0;0;0;0;0;0;0;4;0;0;0;0
"18/05/2023";"09:03:00";"98";"Acidente s";"91";"BR-290/RS";"Leste";"Colisão - Lateral";3;0;0;0;0;0;0;0;0;0;1;0;0;0;0
"18/05/2023";"12:53:00";"150";"Acidente s";"325";"BR-386/RS";"Norte";"Colisão - Frontal";1;0;1;0;0;0;0;0;0;0;1;0;0;0;0
"18/05/2023";"12:57:00";"151";"Acidente s";"85";"BR-290/RS";"Leste";"Queda de moto";0;0;0;1;0;0;0;0;0;0;2;0;0;0;0
"18/05/2023";"16:09:00";"193";"Acidente c";"342";"BR-386/RS";"Norte";"Colisão - Traseira";1;0;0;1;0;0;0;0;0;0;2;0;0;0;0
"18/05/2023";"16:44:00";"200";"Acidente c";"70";"BR-101/RS";"Sul";"Choque Defensa";1;0;0;0;0;0;0;0;0;0;2;0;0;0;0
"18/05/2023";"19:13:00";"236";"Acidente s";"88";"BR-290/RS";"Leste";"Colisão - Traseira";2;0;0;0;0;0;0;0;0;0;3;0;0;0;0
"19/05/2023";"00:05:00";"2";"Acidente s";"51";"BR-101/RS";"Norte";"Saída de pista";1;0;0;0;0;0;0;0;0;0;2;0;0;0;0
"19/05/2023";"07:28:00";"42";"Acidente c";"59";"BR-101/RS";"Norte";"Saída de pista";1;0;0;0;0;0;0;0;0;0;2;0;0;0;0
"19/05/2023";"07:57:00";"64";"Acidente s";"306";"BR-386/RS";"Norte";"Saída de pista";1;0;0;0;0;0;0;0;0;0;2;0;0;0;0
"19/05/2023";"09:06:00";"88";"Acidente s";"438";"BR-386/RS";"Norte";"Colisão - Traseira";2;0;0;0;0;0;0;0;0;0;3;0;0;0;0
"19/05/2023";"10:51:00";"119";"Acidente c";"9";"BR-448/RS";"Norte";"Colisão - Traseira";1;0;1;0;0;0;0;0;0;0;4;0;0;0;0
"19/05/2023";"13:21:00";"142";"Acidente s";"55";"BR-290/RS";"Leste";"Saída de pista";1;0;0;0;0;0;0;0;0;0;1;0;0;0;0
"19/05/2023";"13:36:00";"146";"Acidente s";"445";"BR-386/RS";"Sul";"Colisão - Lateral";1;0;0;0;0;0;0;0;0;1;3;0;0;0;0
"19/05/2023";"18:07:00";"207";"Acidente c";"75";"BR-290/RS";"Leste";"Engavetamento";2;0;0;0;0;0;0;0;0;1;2;0;0;0;0
"19/05/2023";"21:34:00";"245";"Acidente c";"80";"BR-290/RS";"Oeste";"Queda de moto";0;0;0;1;0;0;0;0;0;0;2;0;1;0;0
"19/05/2023";"22:38:00";"251";"Acidente c";"93";"BR-290/RS";"Oeste";"Queda de moto";0;0;0;1;0;0;0;0;0;0;8;0;0;0;0
"20/05/2023";"03:17:00";"19";"Acidente s";"358";"BR-386/RS";"Norte";"Saída de pista";0;0;0;0;1;0;0;0;0;0;2;0;0;0;0
"20/05/2023";"06:52:00";"38";"Acidente s";"80";"BR-290/RS";"Leste";"Saída de pista";1;0;0;0;0;0;0;0;0;0;3;0;0;0;0
"20/05/2023";"07:22:00";"46";"Acidente c";"280";"BR-386/RS";"Norte";"Saída de pista";1;0;0;0;0;0;0;0;0;0;4;0;0;0;0
"20/05/2023";"10:04:00";"98";"Acidente s";"89";"BR-290/RS";"Leste";"Colisão - Traseira";2;0;0;0;0;0;0;0;0;0;3;0;0;0;0
"20/05/2023";"13:43:00";"148";"Acidente c";"72";"BR-101/RS";"Sul";"Queda de moto";1;0;0;0;0;0;0;0;0;0;1;0;0;0;0
"20/05/2023";"19:41:00";"216";"Acidente s";"88";"BR-290/RS";"Leste";"Colisão - Traseira";2;0;0;0;0;0;0;0;0;0;2;0;0;0;0
"20/05/2023";"22:56:00";"242";"Acidente c";"69";"BR-290/RS";"Leste";"Capotamento";1;0;0;0;0;0;0;0;0;0;2;0;0;0;0
"21/05/2023";"00:50:00";"8";"Acidente s";"272";"BR-386/RS";"Sul";"Saída de pista";1;0;0;0;0;0;0;0;0;0;2;0;0;0;0
"21/05/2023";"06:12:00";"26";"Acidente s";"83";"BR-290/RS";"Leste";"Choque com veículo no acostamento";1;0;1;0;0;0;0;0;0;0;0;0;1;0;0
"21/05/2023";"10:10:00";"62";"Acidente s";"70";"BR-101/RS";"Norte";"Colisão - Lateral";1;0;0;0;0;0;0;1;0;0;0;0;0;1;0
"21/05/2023";"11:32:00";"75";"Acidente c";"430";"BR-386/RS";"Sul";"Colisão - Traseira";1;0;0;1;0;0;0;0;0;0;5;0;0;0;0
"21/05/2023";"18:26:00";"147";"Acidente c";"435";"BR-386/RS";"Norte";"Colisão - Lateral";2;0;0;0;0;0;0;0;0;0;1;0;0;0;0
"21/05/2023";"21:27:00";"179";"Acidente s";"342";"BR-386/RS";"Sul";"Saída de pista";1;0;0;0;0;0;0;0;0;0;1;0;0;0;0
"22/05/2023";"05:57:00";"23";"Acidente c";"17";"BR-448/RS";"Norte";"Saída de pista";0;0;1;0;0;0;0;0;0;0;1;0;0;0;0
"22/05/2023";"06:07:00";"24";"Acidente s";"14";"BR-101/RS";"Sul";"Colisão - Lateral";2;0;0;0;0;0;0;0;0;0;0;1;0;0;0
"22/05/2023";"07:00:00";"38";"Acidente s";"80";"BR-290/RS";"Leste";"Saída de pista";1;0;0;0;0;0;0;0;0;0;2;0;0;0;0
"22/05/2023";"08:57:00";"91";"Acidente s";"22";"BR-448/RS";"Sul";"Choque Barreira";1;0;0;0;0;0;0;0;0;0;3;0;0;0;0
"22/05/2023";"15:21:00";"188";"Acidente s";"20";"BR-290/RS";"Oeste";"Colisão - Lateral";1;0;0;0;0;1;0;0;0;0;0;1;0;0;0
"22/05/2023";"16:06:00";"196";"Acidente s";"11";"BR-448/RS";"Sul";"Colisão - Lateral";2;0;0;0;0;0;0;0;0;0;2;0;0;0;0
"22/05/2023";"16:28:00";"200";"Acidente s";"335";"BR-386/RS";"Norte";"Saída de pista";1;0;0;0;0;0;0;0;0;0;2;0;0;0;0
"22/05/2023";"17:58:00";"216";"Acidente s";"435";"BR-386/RS";"Sul";"Colisão - Lateral";1;0;1;0;0;0;0;0;0;0;4;0;0;0;0
"22/05/2023";"18:09:00";"217";"Acidente s";"81";"BR-290/RS";"Leste";"Saída de pista";1;0;0;0;0;0;0;0;0;0;0;0;1;0;0
"22/05/2023";"18:17:00";"219";"Acidente c";"86";"BR-290/RS";"Leste";"Queda de moto";0;0;0;1;0;0;0;0;0;0;2;0;0;0;0
"22/05/2023";"20:56:00";"242";"Acidente s";"304";"BR-386/RS";"Norte";"Tombamento";0;0;1;0;0;0;0;0;0;0;4;0;0;0;0
"23/05/2023";"07:41:00";"61";"Acidente c";"90";"BR-290/RS";"Oeste";"Colisão - Lateral";2;0;0;0;0;0;0;0;0;0;1;0;0;0;0
"23/05/2023";"08:34:00";"96";"Acidente c";"19";"BR-101/RS";"Norte";"Saída de pista";1;0;0;0;0;0;0;0;0;0;2;0;0;0;0
"23/05/2023";"11:10:00";"142";"Acidente s";"28";"BR-290/RS";"Oeste";"Choque Defensa";1;0;0;0;0;0;0;0;0;0;1;0;0;0;0
"23/05/2023";"14:33:00";"188";"Acidente s";"417";"BR-386/RS";"Norte";"Choque - Meio Fio";1;0;0;0;0;0;0;0;0;0;0;1;3;0;0
"23/05/2023";"17:38:00";"215";"Acidente s";"344";"BR-386/RS";"Sul";"Colisão - Transversal";1;0;0;0;0;0;0;0;0;1;2;0;0;0;0
"23/05/2023";"17:54:00";"221";"Acidente c";"346";"BR-386/RS";"Norte";"Engavetamento";3;0;0;0;0;0;0;0;0;0;3;0;0;0;0
"24/05/2023";"07:05:00";"31";"Acidente s";"72";"BR-101/RS";"Sul";"Colisão - Lateral";1;0;0;0;1;0;0;0;0;0;5;0;0;0;0
"24/05/2023";"09:37:00";"119";"Acidente s";"25";"BR-290/RS";"Leste";"Colisão - Frontal";0;0;2;0;0;0;0;0;0;0;3;0;0;0;0
"24/05/2023";"11:36:00";"151";"Acidente s";"80";"BR-290/RS";"Ambos";"Saída de pista";1;0;0;0;0;0;0;0;0;0;2;0;0;0;0
"24/05/2023";"19:54:00";"263";"Acidente s";"218";"BR-386/RS";"Sul";"Atropelamento de Animal";1;0;0;0;0;0;0;0;0;0;3;0;0;0;0
"25/05/2023";"07:34:00";"45";"Acidente s";"94";"BR-290/RS";"Leste";"Engavetamento";4;0;0;0;0;0;0;0;0;0;1;0;0;0;0
"25/05/2023";"08:04:00";"72";"Acidente s";"439";"BR-386/RS";"Norte";"Colisão - Traseira";2;0;0;0;0;0;0;0;0;0;1;0;0;0;0
"25/05/2023";"08:17:00";"81";"Acidente s";"368";"BR-386/RS";"Norte";"Saída de pista";1;0;0;0;0;0;0;0;0;0;1;0;0;0;0
"25/05/2023";"15:45:00";"220";"Acidente c";"417";"BR-386/RS";"Norte";"Colisão - Traseira";0;0;0;1;0;0;0;1;0;0;1;0;0;0;0
"25/05/2023";"16:57:00";"237";"Acidente s";"91";"BR-290/RS";"Leste";"Colisão - Traseira";2;0;0;0;0;1;0;0;0;0;1;0;0;0;0
"25/05/2023";"16:59:00";"239";"Acidente s";"91";"BR-290/RS";"Oeste";"Engavetamento";2;0;1;0;0;0;0;0;0;0;1;1;0;0;0
"25/05/2023";"18:03:00";"249";"Acidente c";"91,56";"BR-290/RS";"Leste";"Colisão - Lateral";1;0;0;1;0;0;0;0;0;0;2;0;0;0;0
"25/05/2023";"18:25:00";"253";"Acidente s";"60";"BR-290/RS";"Leste";"Choque - Sinalização";0;0;1;0;0;0;0;0;0;0;2;0;0;0;0
"25/05/2023";"20:03:00";"272";"Acidente s";"96";"BR-290/RS";"Oeste";"Colisão - Lateral";2;0;0;0;0;0;0;0;0;0;17;0;0;0;0
"25/05/2023";"22:43:00";"295";"Acidente c";"438";"BR-386/RS";"Sul";"Queda de moto";1;0;0;0;0;0;0;0;0;0;2;0;1;0;0
"26/05/2023";"10:40:00";"130";"Acidente s";"224";"BR-386/RS";"Norte";"Saída de pista";1;0;0;0;0;0;0;0;0;0;1;1;0;0;0
"26/05/2023";"16:55:00";"202";"Acidente c";"92";"BR-290/RS";"Leste";"Engavetamento";3;0;0;1;0;0;0;0;0;0;1;0;0;0;0
"26/05/2023";"19:11:00";"247";"Acidente s";"411";"BR-386/RS";"Norte";"Saída de pista";1;0;0;0;0;0;0;0;0;0;1;1;0;0;0
"26/05/2023";"19:53:00";"256";"Acidente s";"264";"BR-386/RS";"Norte";"Colisão - Frontal";1;0;1;0;0;0;0;0;0;0;1;4;0;0;0
"26/05/2023";"20:11:00";"258";"Acidente s";"94";"BR-290/RS";"Oeste";"Colisão - Lateral";1;0;1;0;0;0;0;0;0;0;3;0;0;0;0
"26/05/2023";"20:15:00";"260";"Acidente s";"432";"BR-386/RS";"Sul";"Colisão - Traseira";2;0;0;0;0;0;0;0;0;0;2;0;0;0;0
"26/05/2023";"22:06:00";"272";"Acidente s";"4";"BR-290/RS";"Oeste";"Atropelamento de Animal";1;0;0;0;0;0;0;0;0;0;2;0;1;0;0
"26/05/2023";"23:53:00";"284";"Acidente c";"283";"BR-386/RS";"Sul";"Colisão - Transversal";1;0;1;0;0;0;0;0;0;0;2;0;0;0;0
"27/05/2023";"03:41:00";"14";"Acidente s";"81";"BR-290/RS";"Leste";"Capotamento";1;0;0;0;0;0;0;0;0;0;1;0;0;0;0
"27/05/2023";"05:07:00";"18";"Acidente s";"40";"BR-290/RS";"Leste";"Choque Defensa";1;0;0;0;0;0;0;0;0;0;0;1;0;0;0
"27/05/2023";"06:12:00";"21";"Acidente s";"434";"BR-386/RS";"Sul";"Colisão - Lateral";1;0;1;0;0;0;0;0;0;0;1;0;0;0;0
"27/05/2023";"09:33:00";"67";"Acidente s";"22";"BR-290/RS";"Leste";"Saída de pista";1;0;0;0;0;0;0;0;0;0;1;1;0;0;0
"27/05/2023";"21:13:00";"182";"Acidente s";"297,14";"BR-386/RS";"Sul";"Saída de pista";1;0;0;0;0;0;0;0;0;0;1;0;0;0;0
"28/05/2023";"01:13:00";"8";"Acidente s";"306";"BR-386/RS";"Norte";"Saída de pista";1;0;0;0;0;0;0;0;0;0;3;0;0;0;0
"28/05/2023";"02:27:00";"9";"Acidente s";"80";"BR-290/RS";"Leste";"Queda de ribanceira";1;0;0;0;0;0;0;0;0;0;0;1;0;0;0
"28/05/2023";"08:23:00";"29";"Acidente c";"333";"BR-386/RS";"Sul";"Saída de pista";1;0;0;0;0;0;0;0;0;0;1;0;0;0;0
"28/05/2023";"17:23:00";"110";"Acidente s";"212";"BR-386/RS";"Sul";"Colisão - Traseira";2;0;0;0;0;0;0;0;0;0;2;0;0;0;0
"29/05/2023";"00:48:00";"3";"Acidente s";"372";"BR-386/RS";"Ambos";"Saída de pista";1;0;0;0;0;0;0;0;0;0;2;0;0;0;0
"29/05/2023";"03:24:00";"12";"Acidente c";"22";"BR-448/RS";"Sul";"Choque Barreira";1;0;0;0;0;0;0;0;0;0;1;0;0;0;0
"29/05/2023";"09:33:00";"114";"Acidente c";"362";"BR-386/RS";"Norte";"Queda de moto";1;0;0;0;0;0;0;0;0;0;2;0;0;0;0
"29/05/2023";"10:35:00";"136";"Acidente s";"35";"BR-101/RS";"Sul";"Choque Defensa";1;0;0;0;0;0;0;0;0;0;2;0;0;0;0
"29/05/2023";"13:55:00";"181";"Atropelame";"367";"BR-386/RS";"Norte";"Atropelamento - Funcionário";0;0;0;1;0;0;0;0;0;0;2;0;0;0;0
"29/05/2023";"19:51:00";"242";"Acidente s";"273";"BR-386/RS";"Sul";"Saída de pista";1;0;0;0;0;0;0;0;0;0;10;0;1;0;0
"29/05/2023";"21:15:00";"255";"Atropelame";"75";"BR-290/RS";"Leste";"Atropelamento - Andarilho";1;0;0;0;0;0;0;0;0;0;4;0;0;0;0
"30/05/2023";"09:47:00";"112";"Acidente s";"249";"BR-386/RS";"Sul";"Colisão - Lateral";0;0;0;0;0;0;0;1;0;1;4;0;0;0;0
"30/05/2023";"12:39:00";"161";"Acidente s";"12";"BR-101/RS";"Sul";"Colisão - Frontal";2;0;0;0;0;0;0;0;0;0;4;0;0;0;0
"30/05/2023";"13:01:00";"166";"Acidente c";"440";"BR-386/RS";"Norte";"Tombamento";0;0;0;0;0;0;0;1;0;0;6;0;0;0;0
"30/05/2023";"17:09:00";"214";"Acidente s";"343";"BR-386/RS";"Sul";"Colisão - Lateral";1;0;1;0;0;0;0;0;0;0;6;0;0;0;0
"30/05/2023";"17:27:00";"217";"Acidente s";"35";"BR-101/RS";"Norte";"Colisão - Traseira";0;0;1;0;0;0;0;0;0;1;3;0;0;0;0
"30/05/2023";"17:59:00";"226";"Acidente s";"2";"BR-101/RS";"Norte";"Queda de ribanceira";1;0;0;0;0;0;0;0;0;0;1;0;0;0;0
"30/05/2023";"18:15:00";"230";"Acidente c";"346";"BR-386/RS";"Norte";"Colisão - Traseira";1;0;0;1;0;0;0;0;0;0;2;0;0;0;0
"31/05/2023";"05:28:00";"16";"Acidente s";"370";"BR-386/RS";"Sul";"Saída de pista";1;0;0;0;0;0;0;0;0;0;2;0;0;0;0
"31/05/2023";"12:53:00";"151";"Acidente c";"219";"BR-386/RS";"Norte";"Saída de pista";0;0;0;1;0;0;0;0;0;0;4;0;0;0;0
"31/05/2023";"16:24:00";"192";"Acidente s";"421";"BR-386/RS";"Sul";"Saída de pista";1;0;0;0;0;0;0;0;0;0;1;0;0;0;0
"31/05/2023";"18:47:00";"211";"Acidente c";"2";"BR-101/RS";"Sul";"Colisão - Lateral";1;0;0;2;0;0;0;0;0;0;4;0;0;0;0
"31/05/2023";"19:27:00";"219";"Acidente c";"96";"BR-290/RS";"Oeste";"Colisão - Lateral";2;0;0;0;0;0;0;0;0;0;2;0;0;0;0
"31/05/2023";"21:23:00";"237";"Acidente s";"405";"BR-386/RS";"Sul";"Saída de pista";1;0;0;0;0;0;0;0;0;0;1;1;2;0;0
"01/06/2023";"04:14:00";"21";"Atropelame";"85";"BR-101/RS";"Sul";"Atropelamento - Usuário";0;0;0;0;0;1;0;0;0;0;1;0;0;0;0
"01/06/2023";"05:24:00";"27";"Acidente s";"91";"BR-290/RS";"Leste";"Choque Defensa";1;0;0;0;0;0;0;0;0;0;2;0;0;0;0
"01/06/2023";"05:39:00";"29";"Acidente s";"59";"BR-101/RS";"Sul";"Saída de pista";0;0;0;0;0;0;0;1;0;0;1;1;0;0;0
"01/06/2023";"08:09:00";"84";"Acidente c";"95";"BR-290/RS";"Oeste";"Colisão - Traseira";2;0;0;1;0;0;0;0;0;0;1;0;0;0;0
"01/06/2023";"09:12:00";"122";"Acidente s";"10";"BR-448/RS";"Norte";"Saída de pista";1;0;0;0;0;0;0;0;0;0;1;0;0;0;0
"01/06/2023";"14:47:00";"186";"Acidente s";"228";"BR-386/RS";"Sul";"Colisão - Traseira";2;0;0;0;0;0;0;0;0;0;0;0;2;1;0
"01/06/2023";"17:16:00";"217";"Acidente s";"0";"BR-290/RS";"Oeste";"Atropelamento de Animal";1;0;0;0;0;0;0;0;0;0;1;0;0;0;0
"01/06/2023";"17:51:00";"229";"Atropelame";"412";"BR-386/RS";"Sul";"Atropelamento - Usuário";1;0;0;0;0;1;0;0;0;0;2;0;0;0;0
"01/06/2023";"18:25:00";"237";"Acidente s";"88";"BR-290/RS";"Oeste";"Colisão - Traseira";1;0;1;0;0;0;0;0;0;0;3;0;0;0;0
"01/06/2023";"19:28:00";"247";"Acidente c";"92";"BR-290/RS";"Leste";"Queda de moto";0;0;0;1;0;0;0;0;0;0;1;1;0;0;0
"01/06/2023";"21:34:00";"259";"Acidente c";"80";"BR-290/RS";"Leste";"Queda de moto";0;0;0;1;0;0;0;0;0;0;3;1;0;0;0
"02/06/2023";"07:58:00";"81";"Acidente c";"416";"BR-386/RS";"Norte";"Colisão - Lateral";2;0;0;0;0;0;0;0;0;0;1;0;0;0;0
"02/06/2023";"13:23:00";"161";"Acidente s";"53";"BR-290/RS";"Oeste";"Tombamento";1;0;0;0;0;0;0;0;0;0;4;0;0;0;0
"02/06/2023";"14:10:00";"166";"Acidente c";"351";"BR-386/RS";"Norte";"Colisão - Lateral";1;0;0;1;0;0;0;0;0;0;2;2;0;0;0
"02/06/2023";"14:32:00";"172";"Acidente s";"91";"BR-290/RS";"Leste";"Engavetamento";2;0;1;0;0;0;0;0;0;0;2;0;0;0;0
"02/06/2023";"18:38:00";"219";"Atropelame";"24";"BR-101/RS";"Ambos";"Atropelamento - Usuário";1;0;0;0;0;0;0;0;0;0;3;0;0;0;0
"02/06/2023";"19:20:00";"228";"Acidente s";"368";"BR-386/RS";"Norte";"Outros";1;0;0;0;0;0;0;0;0;0;2;0;0;0;0
"02/06/2023";"19:38:00";"233";"Acidente c";"250";"BR-386/RS";"Norte";"Colisão - Lateral";1;0;0;1;0;0;0;0;0;0;2;0;0;0;0
"02/06/2023";"20:37:00";"242";"Acidente c";"14";"BR-101/RS";"Sul";"Queda de moto";0;0;0;1;0;0;0;0;0;0;0;1;0;1;0
"02/06/2023";"23:10:00";"261";"Acidente c";"273";"BR-386/RS";"Sul";"Queda de ribanceira";1;0;0;0;0;0;0;0;0;0;2;0;0;0;0
"02/06/2023";"23:27:00";"263";"Acidente s";"306";"BR-386/RS";"Norte";"Tombamento";1;0;0;0;0;0;0;0;0;0;4;0;0;0;0
"03/06/2023";"07:07:00";"33";"Acidente c";"346";"BR-386/RS";"Norte";"Colisão - Lateral";0;0;0;1;0;0;0;0;0;0;6;0;0;0;0
"03/06/2023";"10:27:00";"105";"Acidente c";"367";"BR-386/RS";"Norte";"Colisão - Lateral";2;0;0;0;0;0;0;0;0;0;3;1;0;0;0
"03/06/2023";"14:14:00";"147";"Acidente s";"60";"BR-290/RS";"Oeste";"Colisão - Traseira";2;0;0;0;0;0;0;0;0;0;4;0;0;0;0
"03/06/2023";"15:07:00";"159";"Acidente s";"82";"BR-290/RS";"Oeste";"Choque com objeto sobre a pista";2;0;0;0;0;0;0;0;0;0;5;0;0;0;0
"03/06/2023";"15:49:00";"170";"Acidente c";"282";"BR-386/RS";"Sul";"Colisão - Transversal";1;0;0;1;0;0;0;0;0;0;1;0;0;0;0
"03/06/2023";"19:18:00";"214";"Acidente s";"32";"BR-101/RS";"Norte";"Colisão - Traseira";2;0;0;0;0;0;0;0;0;0;1;1;0;0;0
"04/06/2023";"00:24:00";"8";"Acidente c";"91";"BR-290/RS";"Leste";"Capotamento";1;0;0;0;0;0;0;0;0;0;1;2;0;0;0
"04/06/2023";"02:07:00";"15";"Acidente s";"80";"BR-290/RS";"Leste";"Queda de ribanceira";1;0;0;0;0;0;0;0;0;0;2;0;0;0;0
"04/06/2023";"09:30:00";"62";"Acidente c";"437";"BR-386/RS";"Norte";"Capotamento";1;0;0;0;0;0;0;0;0;0;1;0;0;0;0
"04/06/2023";"18:31:00";"159";"Acidente c";"349";"BR-386/RS";"Norte";"Queda de moto";0;0;0;1;0;0;0;0;0;0;1;1;0;0;0
"04/06/2023";"18:47:00";"165";"Acidente s";"368";"BR-386/RS";"Norte";"Queda de ribanceira";1;0;0;0;0;0;0;0;0;0;5;0;0;0;0
"04/06/2023";"19:56:00";"182";"Acidente s";"337";"BR-386/RS";"Norte";"Queda de ribanceira";1;0;0;0;0;0;0;0;0;0;3;0;0;0;0
"04/06/2023";"22:51:00";"200";"Acidente s";"391";"BR-386/RS";"Sul";"Queda de ribanceira";1;0;0;0;0;0;0;0;0;0;1;0;0;0;0
"04/06/2023";"23:03:00";"202";"Acidente s";"80";"BR-290/RS";"Leste";"Queda de ribanceira";1;0;0;0;0;0;0;0;0;0;3;2;0;0;0
"05/06/2023";"08:49:00";"88";"Acidente c";"354";"BR-386/RS";"Norte";"Colisão - Lateral";2;0;0;0;0;0;0;0;0;0;1;0;0;0;0
"05/06/2023";"08:50:00";"90";"Acidente c";"92";"BR-290/RS";"Oeste";"Colisão - Traseira";1;0;0;1;0;0;0;0;0;0;1;0;0;0;0
"05/06/2023";"10:27:00";"119";"Acidente s";"345";"BR-386/RS";"Norte";"Colisão - Traseira";2;0;0;0;0;0;0;0;0;0;1;0;0;0;0
"05/06/2023";"10:39:00";"122";"Acidente s";"310";"BR-386/RS";"Sul";"Colisão - Lateral";1;0;0;0;0;0;0;0;0;1;4;0;0;0;0
"05/06/2023";"12:13:00";"140";"Acidente s";"92";"BR-290/RS";"Leste";"Colisão - Traseira";1;0;1;0;0;0;0;0;0;0;1;0;0;0;0
"05/06/2023";"12:42:00";"144";"Acidente s";"83";"BR-290/RS";"Leste";"Colisão - Traseira";2;0;0;0;0;0;0;0;0;0;1;0;0;0;0
"05/06/2023";"13:03:00";"146";"Acidente s";"43";"BR-290/RS";"Leste";"Saída de pista";1;0;0;0;0;0;0;0;0;0;0;1;0;0;0
"05/06/2023";"13:09:00";"147";"Acidente c";"62";"BR-101/RS";"Sul";"Choque Defensa";1;0;0;0;0;0;0;0;0;0;0;0;2;0;0
"05/06/2023";"17:46:00";"188";"Acidente c";"96";"BR-290/RS";"Oeste";"Queda de moto";0;0;0;1;0;0;0;0;0;0;3;0;0;0;0
"05/06/2023";"18:39:00";"201";"Acidente s";"90";"BR-290/RS";"Leste";"Colisão - Traseira";2;0;0;0;0;0;0;0;0;0;1;0;0;0;0
"05/06/2023";"18:42:00";"203";"Acidente s";"343";"BR-386/RS";"Sul";"Colisão - Traseira";2;0;0;0;0;0;0;0;0;0;4;0;0;0;0
"05/06/2023";"18:51:00";"205";"Acidente s";"439";"BR-386/RS";"Sul";"Colisão - Lateral";2;0;0;0;0;0;0;0;0;0;5;0;0;0;0