data;horario;n_da_ocorrencia;tipo_de_ocorrencia;km;trecho;sentido;tipo_de_acidente;automovel;bicicleta;caminhao;moto;onibus;outros;tracao_animal;transporte_de_cargas_especiais;trator_maquinas;utilitarios;ilesos;levemente_feridos;moderadamente_feridos;gravemente_feridos;mortos
"05/06/2023";"19:23:00";"210";"Acidente s";"22";"BR-448/RS";"Norte";"Colisão - Lateral";1;0;0;0;0;0;0;0;0;1;2;3;0;0;0
"05/06/2023";"19:38:00";"213";"Acidente s";"404";"BR-386/RS";"Norte";"Atropelamento de Animal";1;0;0;0;0;0;0;0;0;0;1;0;0;0;0
"06/06/2023";"06:57:00";"34";"Acidente s";"343";"BR-386/RS";"Norte";"Colisão - Traseira";2;0;0;0;0;0;0;0;0;0;1;0;0;1;0
"06/06/2023";"07:30:00";"61";"Acidente s";"21";"BR-448/RS";"Sul";"Engavetamento";3;0;1;1;0;0;0;0;0;0;1;0;2;0;0
"06/06/2023";"09:19:00";"125";"Acidente s";"362";"BR-386/RS";"Sul";"Colisão - Lateral";1;0;0;0;0;0;0;1;0;0;0;1;0;0;0
"06/06/2023";"09:21:00";"126";"Acidente c";"288";"BR-386/RS";"Norte";"Saída de pista";1;0;0;0;0;0;0;0;0;0;4;1;0;0;0
"06/06/2023";"12:07:00";"163";"Acidente s";"343";"BR-386/RS";"Sul";"Colisão - Traseira";2;0;0;0;0;0;0;0;0;0;7;0;0;0;0
"06/06/2023";"15:53:00";"213";"Acidente s";"361";"BR-386/RS";"Norte";"Colisão - Traseira";1;0;1;0;0;0;0;0;0;0;7;0;0;0;0
"06/06/2023";"17:26:00";"223";"Acidente s";"351";"BR-386/RS";"Norte";"Colisão - Lateral";1;0;1;0;0;0;0;0;0;0;2;0;0;1;0
"06/06/2023";"17:46:00";"229";"Acidente s";"86";"BR-290/RS";"Leste";"Colisão - Lateral";1;0;0;1;0;0;0;0;0;0;1;3;0;0;0
"06/06/2023";"19:15:00";"246";"Acidente c";"85";"BR-290/RS";"Leste";"Colisão - Lateral";1;0;1;0;0;0;0;0;0;0;5;0;0;0;0
"06/06/2023";"21:30:00";"269";"Acidente c";"362";"BR-386/RS";"Sul";"Saída de pista";1;0;0;0;0;0;0;0;0;0;3;0;0;0;0
"07/06/2023";"07:00:00";"40";"Acidente s";"335";"BR-386/RS";"Sul";"Capotamento";1;0;0;0;0;0;0;0;0;0;7;0;0;0;0
"07/06/2023";"07:13:00";"44";"Acidente s";"86";"BR-290/RS";"Oeste";"Colisão - Traseira";2;0;0;0;0;0;0;0;0;0;2;0;0;0;0
"07/06/2023";"07:46:00";"77";"Acidente c";"96";"BR-290/RS";"Oeste";"Colisão - Lateral";1;0;0;2;0;0;0;0;0;0;1;0;0;0;0
"07/06/2023";"13:53:00";"201";"Acidente s";"19";"BR-290/RS";"Leste";"Colisão - Traseira";1;0;0;1;0;0;0;0;0;0;1;0;0;0;0
"07/06/2023";"14:14:00";"208";"Acidente s";"343";"BR-386/RS";"Sul";"Colisão - Traseira";2;0;0;0;0;0;0;0;0;0;3;0;0;0;0
"07/06/2023";"14:43:00";"214";"Acidente s";"356";"BR-386/RS";"Norte";"Saída de pista";0;0;1;0;0;0;0;1;0;0;0;1;0;0;0
"07/06/2023";"15:53:00";"234";"Acidente s";"22";"BR-101/RS";"Norte";"Colisão - Transversal";2;0;0;0;0;0;0;0;0;0;6;0;0;0;0
"07/06/2023";"16:22:00";"237";"Acidente s";"372";"BR-386/RS";"Sul";"Saída de pista";1;0;0;0;0;0;0;0;0;0;2;0;0;0;0
"07/06/2023";"18:47:00";"259";"Acidente s";"51";"BR-101/RS";"Sul";"Choque - Caixa de Captação/Fibra";1;0;0;0;0;0;0;0;0;0;2;0;0;0;0
"07/06/2023";"18:49:00";"260";"Acidente c";"22";"BR-448/RS";"Sul";"Colisão - Lateral";1;0;1;0;0;0;0;0;0;0;4;0;0;0;0
"07/06/2023";"19:01:00";"265";"Acidente s";"33";"BR-290/RS";"Leste";"Saída de pista";1;0;0;0;0;0;0;0;0;0;3;0;0;0;0
"07/06/2023";"20:32:00";"281";"Acidente s";"92";"BR-290/RS";"Oeste";"Colisão - Transversal";2;0;0;0;0;0;0;0;0;0;4;0;0;0;0
"07/06/2023";"21:42:00";"287";"Acidente s";"385";"BR-386/RS";"Norte";"Choque - Meio Fio";0;0;0;0;0;0;0;0;0;0;9;0;0;0;0
"07/06/2023";"22:23:00";"296";"Acidente s";"59";"BR-290/RS";"Leste";"Colisão - Traseira";2;0;0;0;0;0;0;0;0;0;1;0;0;0;0
"08/06/2023";"05:27:00";"36";"Acidente s";"190,02";"BR-386/RS";"Sul";"Capotamento";1;0;0;0;0;0;0;0;0;0;3;0;0;0;0
"08/06/2023";"06:10:00";"39";"Acidente s";"92";"BR-290/RS";"Leste";"Colisão - Lateral";2;0;0;0;0;0;0;0;0;0;6;0;0;0;0
"08/06/2023";"07:14:00";"56";"Acidente s";"325";"BR-386/RS";"Sul";"Colisão - Traseira";2;0;0;0;0;0;0;0;0;0;3;0;0;0;0
"08/06/2023";"07:15:00";"59";"Acidente s";"355";"BR-386/RS";"Sul";"Saída de pista";1;0;0;0;0;0;0;0;0;0;4;0;1;0;0
"08/06/2023";"09:50:00";"98";"Acidente c";"54";"BR-101/RS";"Norte";"Queda de moto";0;0;0;1;0;0;0;0;0;0;8;1;0;0;0
"08/06/2023";"10:32:00";"108";"Acidente s";"95,33";"BR-290/RS";"Leste";"Colisão - Traseira";1;0;1;0;0;0;0;0;0;0;2;0;0;0;0
"08/06/2023";"10:37:00";"111";"Acidente s";"23";"BR-290/RS";"Leste";"Saída de pista";1;0;0;0;0;0;0;0;0;0;5;0;0;0;0
"08/06/2023";"11:42:00";"127";"Acidente c";"70";"BR-290/RS";"Oeste";"Saída de pista";1;0;0;0;0;0;0;0;0;0;2;0;0;0;0
"08/06/2023";"14:05:00";"154";"Acidente s";"254";"BR-386/RS";"Sul";"Colisão - Lateral";1;0;1;0;0;0;0;0;0;0;3;0;0;0;0
"08/06/2023";"15:49:00";"183";"Acidente s";"92,16";"BR-290/RS";"Leste";"Choque Defensa";1;0;0;0;0;0;0;0;0;0;2;0;0;0;0
"08/06/2023";"17:36:00";"209";"Acidente s";"86";"BR-101/RS";"Norte";"Colisão - Lateral";1;0;0;0;0;1;0;0;0;0;3;0;0;0;0
"09/06/2023";"07:58:00";"74";"Acidente c";"81";"BR-290/RS";"Leste";"Saída de pista";1;0;0;0;0;0;0;0;0;0;4;0;0;0;0
"09/06/2023";"09:35:00";"123";"Acidente s";"86";"BR-101/RS";"Sul";"Colisão - Lateral";1;0;0;0;0;0;0;0;0;1;1;0;0;0;0
"09/06/2023";"11:11:00";"141";"Acidente s";"180";"BR-386/RS";"Norte";"Saída de pista";1;0;0;0;0;0;0;0;0;0;4;0;0;0;0
"09/06/2023";"11:14:00";"143";"Acidente s";"262";"BR-386/RS";"Sul";"Colisão - Traseira";2;0;0;0;0;0;0;0;0;0;0;0;1;0;0
"09/06/2023";"16:51:00";"213";"Atropelame";"269";"BR-386/RS";"Sul";"Atropelamento - Usuário";0;0;1;0;0;0;0;0;0;0;1;0;0;0;0
"09/06/2023";"17:55:00";"227";"Acidente s";"92";"BR-290/RS";"Leste";"Choque Defensa";1;0;0;0;0;0;0;0;0;0;2;0;0;0;0
"09/06/2023";"18:41:00";"233";"Atropelame";"437";"BR-386/RS";"Norte";"Atropelamento - Usuário";1;0;0;0;0;0;0;0;0;0;2;0;0;0;0
"09/06/2023";"19:37:00";"242";"Acidente s";"82";"BR-290/RS";"Oeste";"Colisão - Lateral";2;0;0;0;0;0;0;0;0;0;0;1;0;0;0
"10/06/2023";"11:57:00";"86";"Acidente s";"348";"BR-386/RS";"Sul";"Colisão - Traseira";2;0;0;0;0;0;0;0;0;0;2;0;0;0;0
"10/06/2023";"13:00:00";"100";"Acidente s";"344";"BR-386/RS";"Norte";"Colisão - Traseira";2;0;0;0;0;0;0;0;0;0;0;2;0;0;0
"10/06/2023";"16:03:00";"132";"Atropelame";"384";"BR-386/RS";"Sul";"Atropelamento - Usuário";1;0;0;0;0;0;0;0;0;0;2;0;0;0;0
"10/06/2023";"16:32:00";"137";"Acidente s";"305";"BR-386/RS";"Ambos";"Saída de pista";1;0;0;0;0;0;0;0;0;0;3;0;0;0;0
"10/06/2023";"16:45:00";"139";"Acidente s";"367";"BR-386/RS";"Norte";"Saída de pista";1;0;0;0;0;0;0;0;0;0;1;0;0;0;0
"10/06/2023";"16:57:00";"142";"Acidente s";"440";"BR-386/RS";"Norte";"Saída de pista";1;0;0;0;0;0;0;0;0;0;2;1;0;0;0
"10/06/2023";"17:06:00";"148";"Acidente s";"307";"BR-386/RS";"Norte";"Colisão - Transversal";2;0;0;0;0;0;0;0;0;0;2;0;0;0;0
"10/06/2023";"18:44:00";"162";"Acidente s";"80";"BR-290/RS";"Leste";"Saída de pista";1;0;0;0;0;0;0;0;0;0;0;2;0;0;0
"10/06/2023";"18:53:00";"166";"Acidente s";"398";"BR-386/RS";"Sul";"Colisão - Transversal";2;0;0;0;0;0;0;0;0;0;6;0;0;0;0
"10/06/2023";"18:56:00";"168";"Acidente s";"78";"BR-290/RS";"Leste";"Choque Barreira";1;0;0;0;0;0;0;0;0;0;2;0;0;0;0
"10/06/2023";"19:23:00";"172";"Acidente s";"413";"BR-386/RS";"Sul";"Choque com veículo na faixa de rolamento";1;0;0;0;0;0;0;0;0;0;1;0;0;0;1
"10/06/2023";"23:32:00";"203";"Acidente s";"378";"BR-386/RS";"Norte";"Saída de pista";1;0;0;0;0;0;0;0;0;0;3;0;0;0;0
"10/06/2023";"23:36:00";"204";"Acidente s";"344";"BR-386/RS";"Norte";"Saída de pista";1;0;0;0;0;0;0;0;0;0;2;0;0;0;0
"11/06/2023";"01:53:00";"11";"Acidente s";"364";"BR-386/RS";"Sul";"Saída de pista";1;0;0;0;0;0;0;0;0;0;1;0;0;0;0
"11/06/2023";"02:05:00";"15";"Acidente s";"26";"BR-290/RS";"Oeste";"Saída de pista";0;0;1;0;0;0;0;0;0;0;3;0;0;0;0
"11/06/2023";"09:29:00";"50";"Acidente s";"411";"BR-386/RS";"Sul";"Choque Defensa";1;0;0;0;0;0;0;0;0;0;2;0;0;0;0
"11/06/2023";"10:04:00";"52";"Acidente s";"80";"BR-290/RS";"Oeste";"Saída de pista";1;0;0;0;0;0;0;0;0;0;1;0;0;0;1
"11/06/2023";"10:16:00";"55";"Acidente s";"440";"BR-386/RS";"Norte";"Saída de pista";1;0;0;0;0;0;0;0;0;0;7;0;0;0;0
"11/06/2023";"10:51:00";"59";"Acidente s";"440";"BR-386/RS";"Norte";"Saída de pista";1;0;0;0;0;0;0;0;0;0;0;2;0;0;0
"11/06/2023";"11:34:00";"65";"Acidente s";"17";"BR-290/RS";"Leste";"Choque Defensa";1;0;0;0;0;0;0;0;0;0;3;3;0;0;0
"11/06/2023";"11:36:00";"66";"Acidente c";"307";"BR-386/RS";"Norte";"Capotamento";1;0;0;0;0;0;0;0;0;0;4;0;0;0;0
"11/06/2023";"11:38:00";"67";"Acidente s";"94";"BR-290/RS";"Leste";"Choque Barreira";1;0;0;0;0;0;0;0;0;0;3;0;0;0;0
"11/06/2023";"11:57:00";"70";"Acidente s";"2";"BR-448/RS";"Norte";"Saída de pista";1;0;0;0;0;0;0;0;0;0;2;0;0;0;0
"11/06/2023";"12:18:00";"73";"Acidente s";"81";"BR-290/RS";"Leste";"Colisão - Traseira";1;0;0;0;0;0;0;1;0;0;1;0;0;0;0
"11/06/2023";"12:54:00";"81";"Acidente s";"90";"BR-290/RS";"Leste";"Choque Defensa";1;0;0;0;0;0;0;0;0;0;1;1;0;0;0
"11/06/2023";"15:39:00";"104";"Acidente s";"262";"BR-386/RS";"Norte";"Colisão - Traseira";2;0;0;0;0;0;0;0;0;0;0;1;0;0;0
"11/06/2023";"16:14:00";"108";"Acidente s";"23";"BR-290/RS";"Oeste";"Colisão - Traseira";2;0;0;0;0;0;0;0;0;0;5;1;0;0;0
"11/06/2023";"16:25:00";"110";"Acidente c";"333";"BR-386/RS";"Sul";"Colisão - Traseira";2;0;0;0;0;0;0;0;0;0;1;1;1;0;0
"11/06/2023";"17:40:00";"133";"Acidente s";"26";"BR-290/RS";"Oeste";"Colisão - Lateral";1;0;1;0;0;0;0;0;0;0;1;0;0;0;0
"11/06/2023";"19:13:00";"161";"Acidente s";"52";"BR-290/RS";"Oeste";"Colisão - Traseira";2;0;0;0;0;0;0;0;0;0;0;2;0;0;0
"11/06/2023";"20:07:00";"173";"Acidente s";"407";"BR-386/RS";"Sul";"Saída de pista";1;0;0;0;0;0;0;0;0;0;3;0;0;0;0
"12/06/2023";"01:17:00";"8";"Acidente s";"401";"BR-386/RS";"Norte";"Saída de pista";1;0;0;0;0;0;0;0;0;0;4;0;0;0;0
"12/06/2023";"06:10:00";"40";"Acidente s";"80";"BR-101/RS";"Sul";"Colisão - Lateral";1;0;1;0;0;0;0;0;0;0;4;0;0;0;0
"12/06/2023";"11:22:00";"188";"Acidente s";"304,21";"BR-386/RS";"Norte";"Saída de pista";0;0;1;0;0;0;0;0;0;0;0;0;0;1;1
"12/06/2023";"13:50:00";"221";"Acidente s";"10";"BR-101/RS";"Sul";"Saída de pista";1;0;0;0;0;0;0;0;0;0;3;0;0;0;0
"12/06/2023";"15:14:00";"239";"Acidente s";"92";"BR-290/RS";"Leste";"Colisão - Lateral";1;0;0;1;0;0;0;0;0;0;1;0;0;0;0
"12/06/2023";"15:35:00";"242";"Acidente s";"32";"BR-101/RS";"Sul";"Saída de pista";1;0;0;0;0;0;0;0;0;0;4;0;0;0;0
"12/06/2023";"18:30:00";"275";"Acidente c";"392";"BR-386/RS";"Norte";"Colisão - Transversal";2;0;0;0;0;0;0;0;0;0;1;0;0;0;0
"12/06/2023";"19:03:00";"285";"Acidente s";"433";"BR-386/RS";"Norte";"Colisão - Lateral";1;0;0;0;0;0;0;1;0;0;1;0;0;0;0
"13/06/2023";"07:06:00";"46";"Acidente s";"12";"BR-448/RS";"Norte";"Colisão - Traseira";1;0;0;0;0;0;0;1;0;0;0;1;0;0;0
"13/06/2023";"07:11:00";"48";"Acidente c";"446";"BR-386/RS";"Norte";"Queda de moto";0;0;0;1;0;0;0;0;0;0;1;0;0;0;0
"13/06/2023";"12:35:00";"156";"Acidente c";"383";"BR-386/RS";"Sul";"Colisão - Lateral";1;0;0;1;0;0;0;0;0;0;1;1;1;0;0
"13/06/2023";"12:46:00";"158";"Acidente c";"367";"BR-386/RS";"Norte";"Colisão - Lateral";2;0;0;0;0;0;0;0;0;0;2;0;0;0;0
"13/06/2023";"15:08:00";"190";"Acidente c";"278";"BR-386/RS";"Sul";"Colisão - Lateral";0;0;0;0;0;0;0;1;0;1;4;0;0;0;0
"13/06/2023";"18:20:00";"226";"Acidente s";"91";"BR-290/RS";"Leste";"Colisão - Lateral";1;0;1;0;0;0;0;0;0;0;2;0;0;0;0
"13/06/2023";"18:27:00";"227";"Acidente s";"307";"BR-386/RS";"Norte";"Colisão - Frontal";1;0;0;0;0;0;0;1;0;0;1;0;0;0;0
"13/06/2023";"19:05:00";"232";"Acidente c";"81";"BR-290/RS";"Leste";"Colisão - Traseira";2;0;0;0;0;1;0;0;0;0;1;0;0;0;0
"13/06/2023";"19:45:00";"243";"Acidente s";"21";"BR-448/RS";"Norte";"Engavetamento";2;0;0;0;0;0;0;0;0;1;1;2;0;0;0
"13/06/2023";"23:02:00";"277";"Acidente c";"279";"BR-386/RS";"Norte";"Tombamento";0;0;0;0;0;0;0;1;0;0;0;1;0;0;0
"14/06/2023";"06:52:00";"31";"Acidente s";"71";"BR-101/RS";"Sul";"Saída de pista";1;0;0;0;0;0;0;0;0;0;1;0;2;0;0
"14/06/2023";"07:51:00";"57";"Acidente c";"350";"BR-386/RS";"Norte";"Colisão - Traseira";1;0;0;1;0;0;0;0;0;0;2;0;0;0;0
"14/06/2023";"08:02:00";"60";"Acidente s";"383";"BR-386/RS";"Sul";"Choque Defensa";1;0;0;0;0;0;0;0;0;0;1;2;0;0;0
"14/06/2023";"14:17:00";"146";"Acidente s";"437";"BR-386/RS";"Norte";"Colisão - Lateral";0;0;0;0;0;1;0;0;0;1;1;0;0;0;0
"14/06/2023";"15:00:00";"155";"Acidente c";"435";"BR-386/RS";"Norte";"Colisão - Traseira";2;0;0;0;0;0;0;0;0;0;1;0;0;0;0
"14/06/2023";"15:44:00";"163";"Acidente s";"390";"BR-386/RS";"Norte";"Saída de pista";1;0;0;0;0;0;0;0;0;0;0;1;0;0;0
"14/06/2023";"18:15:00";"191";"Acidente s";"81";"BR-290/RS";"Leste";"Colisão - Traseira";2;0;0;0;0;0;0;0;0;0;2;0;0;0;0
"14/06/2023";"19:10:00";"204";"Acidente s";"95";"BR-290/RS";"Ambos";"Colisão - Lateral";1;0;0;1;0;0;0;0;0;0;3;0;0;0;0
"14/06/2023";"19:48:00";"207";"Acidente s";"91";"BR-290/RS";"Oeste";"Choque Defensa";0;0;0;0;0;0;0;0;0;0;0;0;1;0;0
"14/06/2023";"21:04:00";"220";"Acidente s";"430";"BR-386/RS";"Sul";"Colisão - Traseira";1;0;0;0;0;0;0;1;0;0;1;0;1;0;0
"14/06/2023";"23:37:00";"237";"Acidente c";"24";"BR-290/RS";"Oeste";"Tombamento";0;0;0;0;0;1;0;0;0;0;2;0;0;0;0
"15/06/2023";"04:54:00";"15";"Acidente s";"78";"BR-290/RS";"Leste";"Choque Barreira";1;0;0;0;0;0;0;0;0;0;0;0;0;0;1
"15/06/2023";"05:36:00";"22";"Acidente c";"433";"BR-386/RS";"Norte";"Saída de pista";0;0;0;0;0;0;0;0;0;1;2;0;0;0;0
"15/06/2023";"09:47:00";"74";"Acidente s";"398";"BR-386/RS";"Sul";"Choque Defensa";1;0;0;0;0;0;0;0;0;0;23;0;0;0;0
"15/06/2023";"10:19:00";"82";"Acidente s";"410";"BR-386/RS";"Norte";"Saída de pista";1;0;0;0;0;0;0;0;0;0;3;0;0;0;0
"15/06/2023";"11:02:00";"87";"Acidente c";"410";"BR-386/RS";"Sul";"Colisão - Frontal";2;0;0;0;0;0;0;0;0;0;2;0;1;0;0
"15/06/2023";"12:29:00";"95";"Acidente s";"356";"BR-386/RS";"Sul";"Saída de pista";1;0;0;0;0;0;0;0;0;0;7;1;0;0;0
"15/06/2023";"12:31:00";"96";"Acidente c";"410";"BR-386/RS";"Norte";"Colisão - Frontal";2;0;0;0;0;0;0;0;0;0;1;0;0;0;0
"15/06/2023";"12:43:00";"97";"Acidente c";"346";"BR-386/RS";"Sul";"Colisão - Lateral";0;0;0;0;0;1;0;0;0;0;0;1;0;0;0
"15/06/2023";"12:50:00";"99";"Acidente s";"416";"BR-386/RS";"Sul";"Saída de pista";1;0;0;0;0;0;0;0;0;0;5;0;0;0;0
"15/06/2023";"15:00:00";"111";"Acidente c";"77";"BR-290/RS";"Leste";"Choque Barreira";1;0;0;0;0;0;0;0;0;0;1;0;0;0;0
"15/06/2023";"16:10:00";"120";"Acidente c";"438";"BR-386/RS";"Norte";"Colisão - Lateral";1;0;0;0;0;0;0;0;0;1;2;0;0;0;0
"15/06/2023";"17:26:00";"136";"Acidente s";"10";"BR-290/RS";"Oeste";"Choque Defensa";1;0;0;0;0;0;0;0;0;0;5;0;0;0;0
"15/06/2023";"17:52:00";"145";"Acidente s";"434";"BR-386/RS";"Sul";"Colisão - Traseira";1;0;0;0;0;0;0;0;0;1;3;0;0;0;0
"15/06/2023";"18:04:00";"147";"Acidente s";"388";"BR-386/RS";"Norte";"Colisão - Traseira";1;0;0;0;0;0;0;0;0;1;1;0;0;0;0
"15/06/2023";"18:09:00";"148";"Acidente c";"345";"BR-386/RS";"Norte";"Colisão - Traseira";0;0;0;1;0;1;0;0;0;0;2;0;0;0;0
"15/06/2023";"18:11:00";"149";"Acidente s";"30";"BR-101/RS";"Sul";"Saída de pista";1;0;0;0;0;0;0;0;0;0;1;0;0;0;0
"15/06/2023";"18:28:00";"153";"Acidente s";"6";"BR-290/RS";"Oeste";"Saída de pista";1;0;0;0;0;0;0;0;0;0;0;2;0;0;0
"15/06/2023";"19:22:00";"167";"Acidente c";"28";"BR-101/RS";"Norte";"Colisão - Traseira";2;0;0;0;0;0;0;1;0;0;1;0;0;0;0
"15/06/2023";"19:36:00";"171";"Acidente s";"29";"BR-101/RS";"Sul";"Choque Defensa";1;0;0;0;0;0;0;0;0;0;1;1;0;0;0
"15/06/2023";"19:54:00";"174";"Acidente s";"268";"BR-386/RS";"Norte";"Saída de pista";1;0;0;0;0;0;0;0;0;0;3;1;0;0;0
"15/06/2023";"20:08:00";"181";"Acidente s";"351";"BR-386/RS";"Sul";"Saída de pista";1;0;0;0;0;0;0;0;0;0;1;0;0;0;0
"15/06/2023";"20:15:00";"184";"Acidente s";"11";"BR-290/RS";"Oeste";"Capotamento";1;0;0;0;0;0;0;0;0;0;1;0;0;0;0
"15/06/2023";"21:14:00";"194";"Acidente s";"86";"BR-290/RS";"Oeste";"Saída de pista";1;0;0;0;0;0;0;0;0;0;3;0;0;0;0
"15/06/2023";"21:45:00";"201";"Acidente s";"76";"BR-101/RS";"Norte";"Saída de pista";2;0;0;0;0;0;0;0;0;1;2;0;1;1;0
"15/06/2023";"21:47:00";"202";"Acidente s";"411";"BR-386/RS";"Norte";"Saída de pista";1;0;0;0;0;0;0;0;0;0;2;0;0;0;0
"15/06/2023";"22:14:00";"212";"Acidente s";"351";"BR-386/RS";"Norte";"Choque Barreira";1;0;0;0;0;0;0;0;0;0;2;0;0;0;0
"15/06/2023";"22:47:00";"218";"Acidente c";"11";"BR-290/RS";"Oeste";"Saída de pista";1;0;0;0;0;0;0;0;0;0;2;0;0;0;0
"15/06/2023";"23:01:00";"223";"Acidente s";"360";"BR-386/RS";"Sul";"Saída de pista";1;0;0;0;0;0;0;0;0;0;1;0;0;0;0
"15/06/2023";"23:25:00";"234";"Acidente s";"28";"BR-101/RS";"Sul";"Colisão - Traseira";2;0;0;0;0;0;0;0;0;0;4;0;0;0;0
"15/06/2023";"23:29:00";"236";"Acidente s";"28";"BR-101/RS";"Sul";"Saída de pista";1;0;0;0;0;0;0;0;0;0;2;0;0;0;0
"15/06/2023";"23:49:00";"241";"Acidente c";"339";"BR-386/RS";"Norte";"Queda de moto";0;0;0;1;0;0;0;0;0;0;1;0;0;0;0
"16/06/2023";"01:55:00";"22";"Acidente s";"420";"BR-386/RS";"Sul";"Saída de pista";1;0;0;0;0;0;0;0;0;0;4;0;0;0;0
"16/06/2023";"08:41:00";"93";"Acidente s";"96";"BR-290/RS";"Leste";"Choque Defensa";0;0;0;0;0;0;0;0;0;0;0;0;2;0;0
"16/06/2023";"11:41:00";"128";"Acidente s";"412";"BR-386/RS";"Sul";"Saída de pista";1;0;0;0;0;0;0;0;0;0;4;0;0;0;0
"16/06/2023";"20:41:00";"236";"Acidente s";"436";"BR-386/RS";"Norte";"Choque - Meio Fio";1;0;0;0;0;0;0;0;0;0;1;0;2;0;0
"16/06/2023";"22:53:00";"256";"Acidente c";"92";"BR-290/RS";"Oeste";"Choque Defensa";1;0;0;0;0;0;0;0;0;0;3;0;0;0;0
"17/06/2023";"06:04:00";"30";"Acidente c";"347";"BR-386/RS";"Norte";"Choque Barreira";1;0;0;0;0;0;0;0;0;0;0;0;2;0;0
"17/06/2023";"13:55:00";"137";"Acidente c";"77";"BR-101/RS";"Norte";"Saída de pista";1;0;0;0;0;0;0;0;0;0;3;0;0;0;0
"17/06/2023";"14:06:00";"140";"Acidente s";"40";"BR-101/RS";"Norte";"Colisão - Lateral";1;0;1;0;0;0;0;0;0;0;4;0;0;0;0
"17/06/2023";"14:23:00";"144";"Acidente s";"396";"BR-386/RS";"Norte";"Capotamento";1;0;0;0;0;0;0;0;0;0;1;0;0;0;0
"17/06/2023";"16:17:00";"163";"Acidente s";"19";"BR-290/RS";"Leste";"Engavetamento";3;0;0;0;0;0;0;0;0;0;2;0;0;0;0
"17/06/2023";"20:11:00";"204";"Acidente s";"339";"BR-386/RS";"Sul";"Queda de ribanceira";0;0;0;0;0;1;0;0;0;0;5;0;0;0;0
"17/06/2023";"21:42:00";"215";"Acidente s";"74";"BR-290/RS";"Leste";"Atropelamento de Animal";1;0;0;0;0;0;0;0;0;0;3;0;1;0;0
"18/06/2023";"01:33:00";"13";"Acidente s";"44";"BR-290/RS";"Leste";"Atropelamento de Animal";1;0;0;0;0;0;0;0;0;0;2;0;0;0;0
"18/06/2023";"07:18:00";"37";"Acidente s";"416";"BR-386/RS";"Sul";"Saída de pista";1;0;0;0;0;0;0;0;0;0;3;0;0;0;0
"18/06/2023";"09:49:00";"60";"Acidente s";"5";"BR-290/RS";"Leste";"Saída de pista";1;0;0;0;0;0;0;0;0;0;3;0;0;0;0
"18/06/2023";"19:06:00";"159";"Acidente s";"19";"BR-101/RS";"Sul";"Capotamento";2;0;0;0;0;0;0;0;0;0;1;0;0;0;0
"18/06/2023";"21:49:00";"197";"Acidente c";"236";"BR-386/RS";"Sul";"Queda de ribanceira";1;0;0;0;0;0;0;0;0;0;2;0;0;0;0
"18/06/2023";"23:07:00";"212";"Acidente c";"72";"BR-101/RS";"Sul";"Queda de ribanceira";1;0;0;0;0;0;0;0;0;0;1;0;0;0;0
"19/06/2023";"02:00:00";"11";"Acidente s";"341";"BR-386/RS";"Norte";"Queda de ribanceira";1;0;0;0;0;0;0;0;0;0;3;0;0;0;0
"19/06/2023";"06:35:00";"32";"Acidente s";"75";"BR-290/RS";"Oeste";"Colisão - Lateral";1;0;1;0;0;0;0;0;0;0;3;0;0;0;0
"19/06/2023";"06:56:00";"43";"Atropelame";"350";"BR-386/RS";"Sul";"Atropelamento - Usuário";1;0;0;0;0;0;0;0;0;0;4;0;0;0;0
"19/06/2023";"08:33:00";"107";"Acidente s";"75";"BR-290/RS";"Leste";"Colisão - Traseira";2;0;0;0;0;0;0;0;0;0;2;0;0;0;0
"19/06/2023";"14:06:00";"193";"Acidente c";"369";"BR-386/RS";"Sul";"Choque Barreira";0;0;0;1;0;0;0;0;0;0;2;0;0;0;0
"19/06/2023";"14:54:00";"208";"Acidente c";"86";"BR-290/RS";"Leste";"Choque Defensa";1;0;0;0;0;0;0;0;0;0;5;0;0;0;0
"19/06/2023";"18:07:00";"246";"Acidente s";"92";"BR-290/RS";"Leste";"Colisão - Traseira";5;0;0;0;0;0;0;0;0;0;1;1;0;0;0
"19/06/2023";"18:32:00";"251";"Atropelame";"98";"BR-290/RS";"Oeste";"Atropelamento - Morador/Trabalhador/Estudante";1;0;0;1;0;0;0;0;0;0;0;0;0;1;1
"19/06/2023";"18:49:00";"256";"Acidente c";"343";"BR-386/RS";"Sul";"Colisão - Transversal";1;0;0;1;0;0;0;0;0;0;5;0;0;0;0
"20/06/2023";"08:04:00";"79";"Acidente c";"30";"BR-290/RS";"Oeste";"Colisão - Traseira";1;0;0;0;1;0;0;0;0;0;4;0;0;0;0
"20/06/2023";"09:08:00";"111";"Acidente c";"92";"BR-290/RS";"Oeste";"Queda de moto";0;0;0;1;0;0;0;0;0;0;1;0;0;0;0
"20/06/2023";"16:44:00";"210";"Acidente c";"18";"BR-101/RS";"Sul";"Queda de moto";0;0;0;1;0;0;0;0;0;0;1;0;0;0;0
"20/06/2023";"21:55:00";"262";"Acidente s";"405";"BR-386/RS";"Sul";"Atropelamento de Animal";2;0;0;0;0;0;0;0;0;0;4;0;0;0;0
"21/06/2023";"06:50:00";"24";"Acidente s";"50";"BR-101/RS";"Sul";"Saída de pista";1;0;0;0;0;0;0;0;0;0;1;0;0;0;0
"21/06/2023";"10:07:00";"119";"Acidente c";"353";"BR-386/RS";"Norte";"Choque - Poste";1;0;0;0;0;0;0;0;0;0;3;1;0;0;0
"21/06/2023";"19:30:00";"221";"Acidente s";"89";"BR-290/RS";"Leste";"Colisão - Lateral";0;0;1;1;0;0;0;0;0;0;2;0;0;0;0
"21/06/2023";"19:53:00";"225";"Acidente c";"411";"BR-386/RS";"Sul";"Colisão - Frontal";2;0;0;0;0;0;0;0;0;0;4;0;0;0;0