data;horario;n_da_ocorrencia;tipo_de_ocorrencia;km;trecho;sentido;tipo_de_acidente;automovel;bicicleta;caminhao;moto;onibus;outros;tracao_animal;transporte_de_cargas_especiais;trator_maquinas;utilitarios;ilesos;levemente_feridos;moderadamente_feridos;gravemente_feridos;mortos
"22/06/2023";"00:15:00";"2";"Acidente s";"345";"BR-386/RS";"Sul";"Queda de ribanceira";1;0;0;0;0;0;0;0;0;0;4;0;0;0;0
"22/06/2023";"04:07:00";"19";"Acidente s";"74";"BR-101/RS";"Ambos";"Queda de ribanceira";1;0;0;0;0;0;0;0;0;0;0;0;0;1;0
"22/06/2023";"16:42:00";"203";"Acidente c";"92";"BR-290/RS";"Oeste";"Queda de moto";0;0;0;1;0;0;0;0;0;0;5;0;0;0;0
"22/06/2023";"17:59:00";"213";"Acidente s";"82";"BR-290/RS";"Oeste";"Colisão - Lateral";2;0;0;0;0;0;0;0;0;0;0;0;0;0;1
"22/06/2023";"19:59:00";"229";"Acidente c";"327";"BR-386/RS";"Ambos";"Colisão - Frontal";1;0;1;0;0;0;0;0;0;0;4;0;0;0;0
"22/06/2023";"22:35:00";"256";"Acidente s";"328";"BR-386/RS";"Norte";"Choque Defensa";1;0;0;0;0;0;0;0;0;0;2;0;0;0;0
"23/06/2023";"00:17:00";"2";"Acidente c";"75";"BR-290/RS";"Oeste";"Queda de moto";0;0;0;3;0;0;0;0;0;0;0;1;0;0;0
"23/06/2023";"02:28:00";"14";"Acidente c";"280";"BR-386/RS";"Norte";"Capotamento";1;0;0;0;0;0;0;0;0;0;2;0;0;1;0
"23/06/2023";"05:48:00";"24";"Acidente s";"23";"BR-290/RS";"Oeste";"Colisão - Traseira";2;0;0;0;0;0;0;0;0;0;0;2;1;0;0
"23/06/2023";"07:00:00";"43";"Acidente s";"343";"BR-386/RS";"Sul";"Saída de pista";1;0;0;0;0;0;0;0;0;0;1;2;2;0;0
"23/06/2023";"07:22:00";"48";"Acidente s";"29";"BR-290/RS";"Oeste";"Colisão - Transversal";1;0;1;0;0;0;0;0;0;0;4;0;0;0;0
"23/06/2023";"07:28:00";"50";"Acidente c";"344";"BR-386/RS";"Sul";"Colisão - Transversal";1;0;0;1;0;0;0;0;0;0;2;0;0;0;0
"23/06/2023";"13:43:00";"163";"Acidente c";"372";"BR-386/RS";"Sul";"Queda de moto";0;0;0;1;0;0;0;0;0;0;3;0;1;0;0
"23/06/2023";"14:17:00";"169";"Acidente s";"340";"BR-386/RS";"Norte";"Colisão - Transversal";0;0;0;0;0;0;0;1;0;1;5;0;0;0;0
"23/06/2023";"21:54:00";"265";"Acidente s";"393";"BR-386/RS";"Sul";"Saída de pista";1;0;0;0;0;0;0;0;0;0;0;0;1;0;0
"23/06/2023";"22:56:00";"279";"Acidente s";"77";"BR-101/RS";"Norte";"Saída de pista";0;0;0;0;0;0;0;1;0;0;1;0;0;0;0
"24/06/2023";"04:48:00";"18";"Acidente c";"258";"BR-386/RS";"Sul";"Saída de pista";1;0;0;0;0;0;0;0;0;0;1;0;0;0;0
"24/06/2023";"10:43:00";"112";"Acidente s";"272";"BR-386/RS";"Norte";"Saída de pista";0;0;0;0;0;0;0;1;0;0;1;0;0;0;0
"24/06/2023";"12:06:00";"124";"Acidente s";"32";"BR-101/RS";"Sul";"Colisão - Traseira";3;0;0;0;0;0;0;0;0;0;3;0;0;0;0
"24/06/2023";"13:18:00";"144";"Acidente c";"84";"BR-290/RS";"Leste";"Colisão - Traseira";1;0;0;1;0;0;0;0;0;0;1;1;0;0;0
"24/06/2023";"14:56:00";"156";"Acidente c";"240";"BR-386/RS";"Sul";"Saída de pista";1;0;0;0;0;0;0;0;0;0;1;3;0;0;0
"24/06/2023";"16:01:00";"172";"Acidente s";"52";"BR-290/RS";"Leste";"Saída de pista";0;0;0;0;0;0;0;1;0;0;4;0;0;0;0
"24/06/2023";"20:01:00";"210";"Acidente s";"62";"BR-290/RS";"Leste";"Atropelamento de Animal";1;0;0;0;0;0;0;0;0;0;2;0;0;0;0
"25/06/2023";"03:41:00";"15";"Acidente s";"73";"BR-290/RS";"Oeste";"Saída de pista";1;0;0;0;0;0;0;0;0;0;3;0;0;0;0
"25/06/2023";"18:26:00";"134";"Acidente s";"35";"BR-101/RS";"Sul";"Colisão - Traseira";2;0;0;0;0;0;0;0;0;0;1;3;0;0;0
"26/06/2023";"08:45:00";"112";"Acidente c";"337";"BR-386/RS";"Norte";"Colisão - Transversal";1;0;0;0;0;0;0;1;0;0;1;1;0;0;0
"26/06/2023";"20:25:00";"276";"Acidente s";"244";"BR-386/RS";"Norte";"Queda de ribanceira";1;0;0;0;0;0;0;0;0;0;1;0;0;0;0
"27/06/2023";"04:57:00";"30";"Acidente s";"387";"BR-386/RS";"Norte";"Colisão - Lateral";2;0;0;0;0;0;0;0;0;0;1;0;0;0;0
"27/06/2023";"07:00:00";"46";"Acidente c";"83";"BR-290/RS";"Oeste";"Colisão - Traseira";2;0;1;0;0;0;0;0;0;0;2;0;0;0;0
"27/06/2023";"07:04:00";"49";"Acidente c";"9";"BR-448/RS";"Sul";"Colisão - Traseira";1;0;0;0;0;0;0;0;0;1;4;0;0;0;0
"27/06/2023";"10:22:00";"163";"Acidente s";"50";"BR-101/RS";"Sul";"Saída de pista";1;0;0;0;0;0;0;0;0;0;1;0;0;0;0
"27/06/2023";"11:45:00";"181";"Acidente s";"21";"BR-101/RS";"Sul";"Choque Barreira";1;0;0;0;0;0;0;0;0;0;1;1;0;0;0
"27/06/2023";"15:11:00";"220";"Acidente s";"81";"BR-290/RS";"Oeste";"Choque Barreira";1;0;0;0;0;0;0;0;0;0;2;1;0;0;0
"27/06/2023";"15:50:00";"233";"Acidente s";"247";"BR-386/RS";"Norte";"Saída de pista";1;0;0;0;0;0;0;0;0;0;1;0;0;0;0
"27/06/2023";"21:06:00";"290";"Acidente s";"307";"BR-386/RS";"Sul";"Queda de ribanceira";0;0;1;0;0;0;0;0;0;0;1;0;0;0;0
"28/06/2023";"10:31:00";"127";"Atropelame";"95";"BR-290/RS";"Oeste";"Atropelamento - Usuário";0;0;0;0;0;0;0;1;0;0;1;0;0;0;0
"28/06/2023";"12:17:00";"143";"Acidente s";"435";"BR-386/RS";"Sul";"Colisão - Transversal";2;0;0;0;0;0;0;0;0;0;5;0;0;0;0
"29/06/2023";"00:58:00";"4";"Acidente s";"68";"BR-290/RS";"Oeste";"Colisão - Traseira";0;0;2;0;0;0;0;0;0;0;1;2;0;0;0
"29/06/2023";"05:47:00";"16";"Acidente s";"218";"BR-386/RS";"Norte";"Colisão - Traseira";0;0;1;0;0;0;0;0;0;1;2;0;0;0;0
"29/06/2023";"06:43:00";"19";"Acidente c";"339";"BR-386/RS";"Sul";"Colisão - Traseira";0;0;1;1;0;0;0;0;0;0;2;0;0;0;0
"29/06/2023";"09:16:00";"104";"Acidente s";"96";"BR-290/RS";"Oeste";"Colisão - Traseira";3;0;0;0;0;0;0;0;0;0;1;0;1;0;0
"29/06/2023";"09:52:00";"119";"Acidente c";"179";"BR-386/RS";"Norte";"Colisão - Lateral";1;0;1;0;0;0;0;0;0;0;1;0;0;0;0
"29/06/2023";"10:24:00";"129";"Acidente s";"373";"BR-386/RS";"Norte";"Colisão - Traseira";1;0;1;0;0;0;0;0;0;0;5;0;0;0;0
"29/06/2023";"15:00:00";"189";"Acidente s";"245";"BR-386/RS";"Norte";"Colisão - Lateral";1;0;0;0;0;0;0;0;0;1;1;0;0;0;0
"29/06/2023";"17:17:00";"212";"Acidente c";"85";"BR-290/RS";"Oeste";"Queda de moto";1;0;0;1;0;0;0;0;0;0;4;0;0;0;0
"29/06/2023";"18:03:00";"217";"Acidente s";"21";"BR-448/RS";"Norte";"Colisão - Traseira";1;0;1;0;0;0;0;0;0;0;3;0;0;1;0
"29/06/2023";"19:23:00";"235";"Acidente c";"87";"BR-290/RS";"Leste";"Colisão - Lateral";2;0;0;0;0;0;0;0;0;0;2;0;0;0;0
"29/06/2023";"21:25:00";"247";"Acidente s";"257";"BR-386/RS";"Sul";"Saída de pista";1;0;0;0;0;0;0;0;0;0;3;0;0;0;0
"29/06/2023";"22:30:00";"254";"Acidente s";"75";"BR-290/RS";"Oeste";"Atropelamento de Animal";1;0;0;0;0;0;0;0;0;0;1;0;0;1;0
"29/06/2023";"23:45:00";"260";"Acidente c";"10";"BR-448/RS";"Norte";"Choque - Poste";1;0;0;0;0;0;0;0;0;0;0;2;0;0;0
"30/06/2023";"00:03:00";"1";"Acidente s";"424";"BR-386/RS";"Sul";"Atropelamento de Animal";1;0;0;0;0;0;0;0;0;0;2;0;0;0;0
"30/06/2023";"03:43:00";"14";"Acidente c";"289";"BR-386/RS";"Norte";"Colisão - Frontal";2;0;0;0;0;0;0;0;0;0;0;0;1;0;0
"30/06/2023";"03:48:00";"15";"Acidente s";"431,35";"BR-386/RS";"Norte";"Saída de pista";1;0;0;0;0;0;0;0;0;0;0;1;0;0;0
"30/06/2023";"06:51:00";"33";"Acidente s";"10";"BR-290/RS";"Oeste";"Choque Defensa";0;0;1;0;0;0;0;0;0;0;1;0;0;0;0
"30/06/2023";"09:58:00";"140";"Acidente s";"411";"BR-386/RS";"Sul";"Colisão - Traseira";2;0;0;0;0;0;0;0;0;0;2;0;0;0;0
"30/06/2023";"11:08:00";"154";"Acidente s";"329";"BR-386/RS";"Norte";"Engavetamento";2;0;0;0;0;0;0;1;0;0;2;0;0;0;0
"30/06/2023";"12:02:00";"170";"Acidente c";"75";"BR-101/RS";"Sul";"Choque Defensa";1;0;0;0;0;0;0;0;0;0;2;0;0;0;0
"30/06/2023";"12:38:00";"175";"Acidente s";"60";"BR-290/RS";"Leste";"Engavetamento";3;0;0;0;0;0;0;0;0;0;5;1;0;0;0
"30/06/2023";"14:54:00";"205";"Acidente s";"92";"BR-290/RS";"Leste";"Colisão - Lateral";1;0;0;1;0;0;0;0;0;0;1;0;1;0;0
"30/06/2023";"17:04:00";"223";"Acidente c";"75";"BR-290/RS";"Leste";"Colisão - Traseira";1;0;0;1;0;0;0;0;0;0;8;0;0;0;0
"01/07/2023";"03:34:00";"31";"Acidente c";"435";"BR-386/RS";"Norte";"Capotamento";1;0;0;0;0;0;0;0;0;0;1;1;0;0;0
"01/07/2023";"05:31:00";"37";"Acidente c";"392";"BR-386/RS";"Sul";"Choque - Arvore";0;0;0;0;0;0;0;0;0;1;7;0;0;0;0
"01/07/2023";"06:26:00";"42";"Acidente s";"19";"BR-290/RS";"Leste";"Saída de pista";0;0;0;0;0;0;0;1;0;0;0;1;0;0;0
"01/07/2023";"07:56:00";"68";"Acidente c";"327";"BR-386/RS";"Norte";"Colisão - Frontal";1;0;0;1;0;0;0;0;0;0;2;0;0;0;0
"01/07/2023";"08:24:00";"77";"Acidente s";"19";"BR-290/RS";"Leste";"Colisão - Traseira";2;0;0;0;0;0;0;0;0;0;0;1;0;0;0
"01/07/2023";"14:28:00";"133";"Acidente s";"2";"BR-101/RS";"Norte";"Colisão - Traseira";2;0;0;0;0;0;0;0;0;0;3;1;0;0;0
"01/07/2023";"15:17:00";"143";"Acidente s";"69";"BR-101/RS";"Norte";"Colisão - Traseira";2;0;0;0;0;0;0;0;0;0;1;0;0;0;0
"01/07/2023";"15:29:00";"149";"Acidente s";"83";"BR-290/RS";"Leste";"Colisão - Lateral";1;0;0;0;0;0;0;1;0;0;3;2;0;0;0
"01/07/2023";"19:29:00";"184";"Acidente c";"415,3";"BR-386/RS";"Norte";"Colisão - Frontal";3;0;0;0;0;0;0;0;0;0;4;0;0;0;0
"01/07/2023";"19:55:00";"188";"Acidente c";"415,36";"BR-386/RS";"Norte";"Colisão - Lateral";3;0;0;0;0;0;0;0;0;0;2;2;0;0;0
"01/07/2023";"22:28:00";"203";"Acidente c";"89";"BR-290/RS";"Oeste";"Colisão - Lateral";3;0;0;0;0;0;0;0;0;0;5;0;0;0;0
"02/07/2023";"03:56:00";"20";"Acidente s";"58";"BR-290/RS";"Oeste";"Saída de pista";0;0;0;0;0;1;0;0;0;0;3;0;0;0;0
"02/07/2023";"06:04:00";"25";"Acidente s";"269";"BR-386/RS";"Sul";"Colisão - Lateral";1;0;0;0;0;0;0;0;0;1;3;0;0;0;0
"02/07/2023";"06:15:00";"27";"Acidente c";"261";"BR-386/RS";"Sul";"Capotamento";1;0;0;0;0;0;0;0;0;0;1;0;0;0;0
"02/07/2023";"09:07:00";"48";"Acidente s";"306";"BR-386/RS";"Norte";"Saída de pista";1;0;0;0;0;0;0;0;0;0;3;0;0;0;0
"02/07/2023";"09:20:00";"49";"Acidente c";"343";"BR-386/RS";"Norte";"Colisão - Frontal";3;0;0;0;0;0;0;0;0;0;1;1;0;0;0
"02/07/2023";"11:08:00";"62";"Acidente c";"370";"BR-386/RS";"Sul";"Colisão - Traseira";1;0;0;0;0;0;0;1;0;0;3;0;0;0;0
"02/07/2023";"22:32:00";"153";"Acidente s";"59";"BR-290/RS";"Oeste";"Queda de ribanceira";1;0;0;0;0;0;0;0;0;0;7;0;0;0;0
"03/07/2023";"01:53:00";"13";"Acidente s";"342";"BR-386/RS";"Sul";"Saída de pista";1;0;0;0;0;0;0;0;0;0;11;0;0;0;0
"03/07/2023";"02:16:00";"16";"Acidente s";"197";"BR-386/RS";"Norte";"Saída de pista";0;0;0;0;0;0;0;0;0;1;0;2;0;0;0
"03/07/2023";"02:17:00";"17";"Acidente s";"11";"BR-290/RS";"Oeste";"Queda de ribanceira";1;0;0;0;0;0;0;0;0;0;0;1;0;0;0
"03/07/2023";"08:03:00";"88";"Acidente s";"92";"BR-290/RS";"Leste";"Colisão - Traseira";2;0;0;0;0;0;0;0;0;0;1;0;0;0;0
"03/07/2023";"09:38:00";"135";"Acidente c";"303";"BR-386/RS";"Norte";"Colisão - Traseira";1;0;0;0;0;0;0;1;0;0;1;0;0;0;0
"03/07/2023";"17:57:00";"245";"Acidente s";"348";"BR-386/RS";"Norte";"Colisão - Traseira";1;0;0;0;0;0;0;1;0;0;5;0;0;0;0
"03/07/2023";"18:48:00";"252";"Acidente c";"92";"BR-290/RS";"Oeste";"Colisão - Traseira";1;0;0;1;0;0;0;0;0;0;2;0;0;0;0
"03/07/2023";"19:51:00";"267";"Acidente c";"4";"BR-448/RS";"Sul";"Capotamento";1;0;0;0;0;0;0;0;0;0;2;0;0;0;0
"03/07/2023";"22:09:00";"279";"Acidente c";"75";"BR-101/RS";"Norte";"Saída de pista";1;0;0;0;0;0;0;0;0;0;1;1;0;0;0
"04/07/2023";"01:40:00";"5";"Acidente s";"271";"BR-386/RS";"Norte";"Saída de pista";0;0;0;0;0;0;0;0;0;1;1;0;0;0;0
"04/07/2023";"07:07:00";"44";"Acidente c";"349";"BR-386/RS";"Sul";"Colisão - Transversal";1;0;0;1;0;0;0;0;0;0;4;0;0;0;0
"04/07/2023";"12:17:00";"162";"Acidente c";"92";"BR-290/RS";"Oeste";"Colisão - Lateral";2;0;0;0;0;0;0;0;0;0;4;0;0;0;0
"05/07/2023";"05:34:00";"17";"Acidente s";"269";"BR-386/RS";"Sul";"Colisão - Transversal";1;0;1;0;0;0;0;0;0;0;2;1;0;0;0
"05/07/2023";"09:09:00";"124";"Acidente s";"2";"BR-448/RS";"Sul";"Colisão - Lateral";2;0;0;0;0;0;0;0;0;0;3;0;0;0;0
"05/07/2023";"09:26:00";"130";"Acidente c";"344";"BR-386/RS";"Sul";"Colisão - Frontal";1;0;1;0;0;0;0;1;0;0;1;0;0;0;0
"05/07/2023";"12:04:00";"170";"Acidente s";"80";"BR-290/RS";"Oeste";"Colisão - Traseira";1;0;0;0;0;0;0;0;0;1;0;0;4;0;0
"05/07/2023";"17:03:00";"225";"Acidente c";"416";"BR-386/RS";"Norte";"Colisão - Traseira";1;0;0;0;0;0;0;0;0;1;2;0;1;0;0
"05/07/2023";"17:14:00";"229";"Acidente s";"273";"BR-386/RS";"Sul";"Capotamento";1;0;0;0;0;0;0;0;0;0;6;0;0;0;0
"05/07/2023";"17:55:00";"237";"Acidente c";"95";"BR-290/RS";"Oeste";"Queda de moto";0;0;0;1;0;0;0;0;0;0;0;1;0;0;0
"05/07/2023";"18:39:00";"247";"Acidente s";"88";"BR-290/RS";"Leste";"Colisão - Lateral";1;0;0;1;0;0;0;0;0;0;3;0;0;0;0
"05/07/2023";"21:05:00";"269";"Acidente c";"3";"BR-448/RS";"Norte";"Colisão - Lateral";1;0;0;0;0;0;0;1;0;0;2;0;0;0;1
"05/07/2023";"21:06:00";"270";"Acidente s";"346";"BR-386/RS";"Sul";"Saída de pista";1;0;0;0;0;0;0;0;0;0;3;0;0;0;0
"05/07/2023";"23:34:00";"283";"Acidente s";"92";"BR-290/RS";"Oeste";"Saída de pista";1;0;0;0;0;0;0;0;0;0;2;0;0;0;0
"06/07/2023";"15:58:00";"209";"Acidente s";"69";"BR-290/RS";"Leste";"Colisão - Traseira";2;0;0;0;0;0;0;0;0;0;2;0;0;0;0
"06/07/2023";"17:04:00";"221";"Acidente s";"69";"BR-290/RS";"Leste";"Colisão - Traseira";2;0;0;0;0;0;0;0;0;0;1;0;0;0;0
"06/07/2023";"17:17:00";"223";"Acidente s";"86";"BR-290/RS";"Leste";"Colisão - Lateral";1;0;0;0;0;1;0;0;0;0;2;0;0;0;0
"06/07/2023";"18:28:00";"236";"Acidente s";"388";"BR-386/RS";"Norte";"Colisão - Lateral";2;0;0;0;0;0;0;0;0;0;11;0;0;0;0
"07/07/2023";"04:37:00";"17";"Acidente c";"226";"BR-386/RS";"Norte";"Saída de pista";0;0;0;0;0;0;0;1;0;0;6;0;0;0;0
"07/07/2023";"05:52:00";"24";"Acidente s";"401";"BR-386/RS";"Norte";"Saída de pista";1;0;0;0;0;0;0;0;0;0;3;0;0;0;0
"07/07/2023";"08:13:00";"74";"Acidente c";"92";"BR-290/RS";"Leste";"Queda de moto";0;0;0;1;0;0;0;0;0;0;3;0;0;0;0
"07/07/2023";"09:09:00";"93";"Acidente c";"19";"BR-448/RS";"Norte";"Colisão - Traseira";1;0;0;0;0;0;0;1;0;0;2;0;0;0;0
"07/07/2023";"13:07:00";"135";"Acidente s";"22";"BR-448/RS";"Norte";"Colisão - Lateral";1;0;1;0;0;0;0;0;0;0;1;0;0;0;0
"07/07/2023";"14:09:00";"150";"Acidente s";"360";"BR-386/RS";"Norte";"Saída de pista";1;0;0;0;0;0;0;0;0;0;6;0;0;0;0
"07/07/2023";"16:21:00";"169";"Acidente s";"374";"BR-386/RS";"Norte";"Saída de pista";1;0;0;0;0;0;0;0;0;0;3;0;0;0;0
"07/07/2023";"16:59:00";"182";"Acidente s";"394";"BR-386/RS";"Sul";"Saída de pista";1;0;0;0;0;0;0;0;0;0;1;0;0;0;0
"07/07/2023";"17:18:00";"191";"Acidente s";"367";"BR-386/RS";"Norte";"Colisão - Lateral";2;0;0;0;0;0;0;0;0;0;5;0;0;0;0
"07/07/2023";"19:59:00";"233";"Acidente s";"304,2";"BR-386/RS";"Sul";"Colisão - Lateral";0;0;1;0;0;1;0;0;0;0;2;0;0;0;0
"07/07/2023";"20:53:00";"241";"Acidente s";"2";"BR-290/RS";"Leste";"Saída de pista";1;0;0;0;0;0;0;0;0;0;2;0;0;0;0
"07/07/2023";"23:39:00";"266";"Acidente s";"7";"BR-290/RS";"Oeste";"Saída de pista";1;0;0;0;0;0;0;0;0;0;2;0;0;0;0
"08/07/2023";"04:53:00";"25";"Acidente s";"75";"BR-290/RS";"Leste";"Saída de pista";1;0;0;0;0;0;0;0;0;0;2;0;0;0;0
"08/07/2023";"05:27:00";"32";"Acidente s";"89";"BR-290/RS";"Oeste";"Choque Barreira";1;0;0;0;0;0;0;0;0;0;1;0;0;0;0
"08/07/2023";"05:31:00";"34";"Acidente s";"306";"BR-386/RS";"Norte";"Saída de pista";1;0;0;0;0;0;0;0;0;0;2;0;0;0;0
"08/07/2023";"06:27:00";"36";"Acidente s";"393";"BR-386/RS";"Sul";"Saída de pista";1;0;0;0;0;0;0;0;0;0;2;0;0;0;0
"08/07/2023";"06:29:00";"37";"Acidente c";"8";"BR-448/RS";"Sul";"Tombamento";0;0;0;0;0;0;0;0;0;0;2;0;0;0;0
"08/07/2023";"15:30:00";"123";"Acidente s";"39";"BR-101/RS";"Norte";"Tombamento";0;0;1;0;0;0;0;0;0;0;2;0;0;0;0
"08/07/2023";"23:12:00";"160";"Acidente s";"344";"BR-386/RS";"Norte";"Colisão - Traseira";2;0;0;0;0;0;0;0;0;0;2;0;0;0;0
"09/07/2023";"00:57:00";"8";"Acidente s";"404";"BR-386/RS";"Sul";"Saída de pista";1;0;0;0;0;0;0;0;0;0;1;0;0;0;0
"09/07/2023";"01:53:00";"17";"Acidente s";"390";"BR-386/RS";"Norte";"Choque Defensa";1;0;0;0;0;0;0;0;0;0;1;0;0;0;0
"09/07/2023";"02:39:00";"21";"Acidente s";"41";"BR-290/RS";"Oeste";"Saída de pista";0;0;1;0;0;0;0;0;0;0;3;0;0;0;0
"09/07/2023";"04:22:00";"25";"Acidente s";"399";"BR-386/RS";"Norte";"Choque Defensa";1;0;0;0;0;0;0;0;0;0;2;1;0;0;0
"09/07/2023";"05:09:00";"26";"Acidente s";"409";"BR-386/RS";"Sul";"Choque Talude";1;0;0;0;0;0;0;0;0;0;4;0;0;0;0
"09/07/2023";"05:24:00";"29";"Acidente c";"19";"BR-101/RS";"Sul";"Choque Defensa";1;0;0;0;0;0;0;0;0;0;3;0;0;0;0
"09/07/2023";"06:23:00";"34";"Acidente s";"65";"BR-290/RS";"Oeste";"Capotamento";1;0;0;0;0;0;0;0;0;0;0;1;0;0;0
"09/07/2023";"07:02:00";"39";"Acidente c";"356";"BR-386/RS";"Norte";"Colisão - Frontal";1;0;0;0;0;0;0;0;0;0;1;0;0;0;0
"09/07/2023";"11:10:00";"70";"Acidente s";"63";"BR-101/RS";"Norte";"Choque Defensa";1;0;0;0;0;0;0;0;0;0;1;0;0;0;0
"09/07/2023";"16:48:00";"117";"Acidente s";"417";"BR-386/RS";"Norte";"Saída de pista";1;0;0;0;0;0;0;0;0;0;0;0;1;0;0
"09/07/2023";"16:57:00";"119";"Acidente s";"397";"BR-386/RS";"Norte";"Saída de pista";1;0;0;0;0;0;0;0;0;0;1;0;0;0;0
"09/07/2023";"17:32:00";"129";"Acidente s";"292";"BR-386/RS";"Ambos";"Colisão - Lateral";1;0;0;1;0;0;0;0;0;0;3;0;0;0;0
"09/07/2023";"17:37:00";"132";"Acidente s";"97";"BR-290/RS";"Leste";"Choque Defensa";1;0;0;0;0;0;0;0;0;0;5;0;0;0;0
"09/07/2023";"18:01:00";"135";"Acidente c";"94";"BR-290/RS";"Leste";"Queda de moto";0;0;0;1;0;0;0;0;0;0;14;0;0;0;0
"09/07/2023";"19:06:00";"149";"Acidente c";"423";"BR-386/RS";"Norte";"Colisão - Transversal";1;0;0;1;0;0;0;0;0;0;6;0;1;0;0
"10/07/2023";"00:41:00";"7";"Acidente s";"35";"BR-290/RS";"Leste";"Atropelamento de Animal";0;0;1;0;0;0;0;0;0;0;2;0;1;0;0
"10/07/2023";"10:51:00";"147";"Acidente s";"325";"BR-386/RS";"Sul";"Choque - Meio Fio";1;0;0;0;0;0;0;0;0;0;0;1;0;0;0
"10/07/2023";"12:35:00";"167";"Acidente s";"257";"BR-386/RS";"Sul";"Capotamento";1;0;0;0;0;0;0;0;0;0;6;0;0;0;0
"10/07/2023";"12:49:00";"169";"Acidente s";"20";"BR-290/RS";"Oeste";"Colisão - Lateral";1;0;0;0;1;0;0;0;0;0;2;0;0;0;0
"10/07/2023";"14:14:00";"183";"Acidente s";"62";"BR-290/RS";"Leste";"Atropelamento de Animal";1;0;0;0;0;0;0;0;0;0;4;1;0;0;0
"11/07/2023";"18:46:00";"209";"Acidente s";"220";"BR-386/RS";"Sul";"Queda de ribanceira";1;0;0;0;0;0;0;0;0;0;2;2;0;0;0
"11/07/2023";"19:51:00";"216";"Acidente s";"368";"BR-386/RS";"Norte";"Saída de pista";1;0;0;0;0;0;0;0;0;0;5;0;0;0;0
"11/07/2023";"23:17:00";"237";"Acidente s";"434";"BR-386/RS";"Norte";"Atropelamento de Animal";1;0;0;0;0;0;0;0;0;0;0;0;2;0;0
"12/07/2023";"02:15:00";"8";"Acidente s";"92";"BR-290/RS";"Oeste";"Choque Barreira";1;0;0;0;0;0;0;0;0;0;1;0;0;0;0
"12/07/2023";"07:43:00";"49";"Acidente s";"440";"BR-386/RS";"Sul";"Colisão - Traseira";1;0;1;0;0;0;0;0;0;0;2;0;0;0;0
"12/07/2023";"09:07:00";"75";"Acidente s";"426";"BR-386/RS";"Norte";"Colisão - Traseira";1;0;1;0;0;0;0;0;0;0;1;2;1;0;0
"12/07/2023";"10:19:00";"85";"Acidente s";"79";"BR-290/RS";"Oeste";"Choque Defensa";1;0;0;0;0;0;0;0;0;0;1;0;0;0;0
"12/07/2023";"11:39:00";"92";"Acidente c";"64";"BR-290/RS";"Leste";"Saída de pista";1;0;0;0;0;0;0;0;0;0;6;2;0;0;0
"12/07/2023";"13:38:00";"113";"Acidente s";"267";"BR-386/RS";"Sul";"Colisão - Lateral";1;0;1;0;0;0;0;0;0;0;1;0;0;0;0
"12/07/2023";"14:16:00";"117";"Acidente s";"86";"BR-290/RS";"Oeste";"Colisão - Lateral";2;0;0;0;0;0;0;0;0;0;1;0;0;0;0
"12/07/2023";"14:57:00";"124";"Acidente s";"440";"BR-386/RS";"Norte";"Saída de pista";1;0;0;0;0;0;0;0;0;0;1;0;0;0;0
"12/07/2023";"15:16:00";"127";"Acidente s";"361";"BR-386/RS";"Norte";"Saída de pista";1;0;0;0;0;0;0;0;0;0;4;0;0;0;0
"12/07/2023";"15:46:00";"133";"Acidente s";"422";"BR-386/RS";"Norte";"Saída de pista";1;0;0;0;0;0;0;0;0;0;1;0;0;0;0
"12/07/2023";"16:02:00";"135";"Acidente s";"351";"BR-386/RS";"Norte";"Saída de pista";1;0;0;0;0;0;0;0;0;0;1;0;0;0;0
"12/07/2023";"16:04:00";"137";"Acidente s";"37";"BR-290/RS";"Leste";"Saída de pista";1;0;0;0;0;0;0;0;0;0;1;1;0;0;0
"12/07/2023";"16:32:00";"142";"Acidente s";"351";"BR-386/RS";"Sul";"Saída de pista";3;0;0;0;0;0;0;0;0;0;1;0;0;0;0
"12/07/2023";"17:50:00";"152";"Acidente s";"65";"BR-290/RS";"Leste";"Saída de pista";1;0;0;0;0;0;0;0;0;0;2;0;0;0;0
"12/07/2023";"18:34:00";"161";"Acidente s";"353";"BR-386/RS";"Norte";"Saída de pista";1;0;0;0;0;0;0;0;0;0;1;1;0;0;0
"12/07/2023";"19:22:00";"164";"Acidente c";"335";"BR-386/RS";"Norte";"Choque Barreira";1;0;1;0;0;0;0;0;0;0;3;1;0;0;0
"12/07/2023";"19:23:00";"165";"Acidente c";"58";"BR-290/RS";"Oeste";"Saída de pista";1;0;0;0;0;0;0;0;0;0;3;0;0;0;0
"12/07/2023";"19:37:00";"168";"Acidente s";"376";"BR-386/RS";"Sul";"Colisão - Traseira";1;0;1;0;0;0;0;0;0;0;1;1;0;0;0
"12/07/2023";"20:14:00";"174";"Acidente s";"364";"BR-386/RS";"Sul";"Saída de pista";1;0;0;0;0;0;0;0;0;0;2;0;0;0;0
"13/07/2023";"10:41:00";"107";"Acidente s";"426";"BR-386/RS";"Sul";"Colisão - Traseira";1;0;0;0;0;0;0;1;0;0;1;0;0;0;0
"13/07/2023";"10:53:00";"112";"Acidente c";"273";"BR-386/RS";"Norte";"Colisão - Traseira";2;0;0;0;0;0;0;0;0;0;2;0;0;0;0
"13/07/2023";"12:55:00";"128";"Acidente s";"27";"BR-290/RS";"Oeste";"Colisão - Traseira";2;0;0;0;0;0;0;0;0;0;2;0;0;0;0
"13/07/2023";"13:11:00";"129";"Acidente s";"9";"BR-448/RS";"Norte";"Saída de pista";1;0;0;0;0;0;0;0;0;0;3;0;0;0;0
"13/07/2023";"13:31:00";"131";"Acidente c";"1";"BR-101/RS";"Sul";"Colisão - Traseira";0;0;1;0;0;0;0;1;0;0;3;0;0;0;0