data;horario;n_da_ocorrencia;tipo_de_ocorrencia;km;trecho;sentido;tipo_de_acidente;automovel;bicicleta;caminhao;moto;onibus;outros;tracao_animal;transporte_de_cargas_especiais;trator_maquinas;utilitarios;ilesos;levemente_feridos;moderadamente_feridos;gravemente_feridos;mortos
"26/08/2023";"00:16:00";"4";"Acidente c";"346";"BR-386/RS";"Norte";"Colisão - Lateral";1;0;0;0;0;1;0;0;0;0;2;1;0;0;0
"26/08/2023";"02:12:00";"16";"Acidente s";"12,22";"BR-290/RS";"Leste";"Saída de pista";1;0;0;0;0;0;0;0;0;0;1;0;0;0;0
"26/08/2023";"03:37:00";"19";"Acidente s";"41";"BR-290/RS";"Oeste";"Queda de moto";0;0;0;1;0;0;0;0;0;0;2;0;0;0;0
"26/08/2023";"06:50:00";"39";"Acidente s";"26,25";"BR-290/RS";"Leste";"Choque Defensa";1;0;0;0;0;0;0;0;0;0;4;0;0;0;0
"26/08/2023";"15:56:00";"179";"Acidente s";"398,8";"BR-386/RS";"Sul";"Saída de pista";1;0;0;0;0;0;0;0;0;0;4;0;0;0;0
"26/08/2023";"19:50:00";"233";"Acidente s";"411,4";"BR-386/RS";"Norte";"Queda de moto";0;0;0;1;0;0;0;0;0;0;2;0;0;0;0
"27/08/2023";"03:32:00";"15";"Acidente s";"345,1";"BR-386/RS";"Norte";"Queda de ribanceira";1;0;0;0;0;0;0;0;0;0;1;0;0;0;0
"27/08/2023";"04:57:00";"20";"Acidente s";"9,6";"BR-290/RS";"Leste";"Saída de pista";1;0;0;0;0;0;0;0;0;0;1;0;0;0;0
"27/08/2023";"11:04:00";"73";"Acidente s";"425,9";"BR-386/RS";"Sul";"Colisão - Traseira";2;0;0;0;0;0;0;0;0;0;7;0;0;0;0
"27/08/2023";"14:15:00";"95";"Acidente c";"371,2";"BR-386/RS";"Sul";"Choque Defensa";1;0;0;0;0;0;0;0;0;0;0;1;0;0;0
"27/08/2023";"17:35:00";"130";"Acidente s";"66";"BR-290/RS";"Oeste";"Saída de pista";1;0;0;0;0;0;0;0;0;0;3;0;0;0;0
"27/08/2023";"19:33:00";"171";"Acidente s";"440,1";"BR-386/RS";"Sul";"Saída de pista";1;0;0;0;0;0;0;0;0;0;5;0;0;0;0
"27/08/2023";"20:00:00";"178";"Atropelame";"400,12";"BR-386/RS";"Sul";"Atropelamento - Andarilho";1;0;0;0;0;0;0;0;0;0;1;0;0;0;1
"28/08/2023";"01:47:00";"15";"Acidente c";"37";"BR-290/RS";"Leste";"Saída de pista";1;0;0;0;0;0;0;0;0;0;0;1;0;0;0
"28/08/2023";"05:22:00";"27";"Acidente s";"346,45";"BR-386/RS";"Norte";"Saída de pista";1;0;0;0;0;0;0;0;0;0;1;0;0;0;0
"28/08/2023";"07:55:00";"94";"Acidente s";"272,6";"BR-386/RS";"Norte";"Saída de pista";1;0;0;0;0;0;0;0;0;0;1;0;0;0;0
"28/08/2023";"11:59:00";"165";"Acidente c";"3";"BR-101/RS";"Norte";"Saída de pista";1;0;0;0;0;0;0;0;0;0;0;1;0;0;0
"28/08/2023";"12:47:00";"178";"Acidente c";"310,08";"BR-386/RS";"Sul";"Colisão - Traseira";1;0;1;0;0;0;0;0;0;0;2;1;0;0;0
"28/08/2023";"15:22:00";"224";"Acidente s";"419,4";"BR-386/RS";"Sul";"Colisão - Lateral";1;0;0;0;0;0;0;1;0;0;7;0;0;0;0
"28/08/2023";"15:34:00";"227";"Acidente s";"346,2";"BR-386/RS";"Norte";"Colisão - Traseira";1;0;1;0;0;0;0;0;0;0;2;0;0;0;0
"28/08/2023";"15:47:00";"231";"Acidente c";"347,2";"BR-386/RS";"Norte";"Colisão - Traseira";0;0;0;0;0;1;0;0;0;0;0;1;0;0;0
"28/08/2023";"16:36:00";"245";"Acidente s";"347,05";"BR-386/RS";"Sul";"Colisão - Traseira";2;0;0;0;0;0;0;0;0;0;2;0;0;0;0
"28/08/2023";"18:09:00";"259";"Acidente s";"75";"BR-290/RS";"Leste";"Colisão - Traseira";1;0;0;1;0;0;0;0;0;0;4;0;0;0;0
"29/08/2023";"12:46:00";"181";"Acidente c";"93,75";"BR-290/RS";"Oeste";"Colisão - Lateral";1;0;1;0;0;0;0;0;0;0;5;0;1;0;0
"29/08/2023";"14:35:00";"213";"Acidente s";"80,3";"BR-290/RS";"Leste";"Colisão - Traseira";2;0;0;0;0;0;0;0;0;0;2;0;0;0;0
"29/08/2023";"14:51:00";"216";"Acidente s";"91,2";"BR-290/RS";"Leste";"Colisão - Transversal";2;0;0;0;0;0;0;0;0;0;6;0;0;0;0
"29/08/2023";"18:24:00";"251";"Acidente s";"360,36";"BR-386/RS";"Sul";"Saída de pista";1;0;0;0;0;0;0;0;0;0;1;0;0;0;0
"29/08/2023";"19:32:00";"261";"Acidente s";"94,2";"BR-290/RS";"Oeste";"Outros";1;0;0;0;0;0;0;0;0;0;1;0;0;0;0
"29/08/2023";"19:34:00";"263";"Acidente s";"71,8";"BR-101/RS";"Norte";"Colisão - Traseira";2;0;0;0;0;0;0;0;0;0;6;0;0;0;0
"29/08/2023";"20:29:00";"267";"Acidente s";"435,51";"BR-386/RS";"Ambos";"Colisão - Traseira";2;0;0;0;0;0;0;0;0;0;2;0;0;0;0
"29/08/2023";"22:59:00";"283";"Acidente c";"18,42";"BR-290/RS";"Leste";"Colisão - Lateral";1;0;0;0;0;0;0;1;0;0;1;1;0;0;0
"29/08/2023";"23:28:00";"287";"Acidente s";"445,4";"BR-386/RS";"Norte";"Colisão - Lateral";2;0;0;0;0;0;0;0;0;0;3;0;0;0;0
"30/08/2023";"07:30:00";"46";"Acidente s";"25";"BR-290/RS";"Oeste";"Capotamento";1;0;0;0;0;0;0;1;0;0;3;0;0;0;0
"30/08/2023";"08:38:00";"92";"Acidente s";"435";"BR-386/RS";"Sul";"Colisão - Traseira";2;0;0;0;0;1;0;0;0;0;1;0;0;0;0
"30/08/2023";"16:00:00";"228";"Acidente c";"86";"BR-290/RS";"Oeste";"Queda de moto";0;0;0;1;0;0;0;0;0;0;0;0;1;0;0
"30/08/2023";"16:26:00";"232";"Acidente s";"91";"BR-290/RS";"Leste";"Colisão - Traseira";1;0;0;0;0;0;0;1;0;0;3;0;0;0;0
"31/08/2023";"09:35:00";"132";"Acidente s";"41,6";"BR-101/RS";"Sul";"Choque Barreira";1;0;0;0;0;0;0;0;0;0;1;0;0;0;0
"31/08/2023";"10:24:00";"143";"Acidente s";"57";"BR-290/RS";"Oeste";"Colisão - Lateral";1;0;1;0;0;0;0;0;0;0;3;0;0;0;0
"31/08/2023";"12:47:00";"182";"Acidente c";"247";"BR-386/RS";"Norte";"Colisão - Lateral";1;0;0;0;0;0;0;1;0;0;1;0;1;0;0
"31/08/2023";"14:06:00";"198";"Acidente c";"45";"BR-290/RS";"Oeste";"Queda de ribanceira";2;0;0;0;0;0;0;0;0;0;2;2;0;0;0
"31/08/2023";"15:36:00";"224";"Acidente c";"307,2";"BR-386/RS";"Sul";"Queda de ribanceira";0;0;1;0;0;0;0;0;0;0;0;0;0;0;1
"31/08/2023";"18:44:00";"269";"Acidente s";"18,45";"BR-448/RS";"Sul";"Colisão - Transversal";1;0;0;0;0;0;0;0;0;1;3;0;0;0;0
"31/08/2023";"19:13:00";"274";"Acidente s";"16,8";"BR-290/RS";"Leste";"Atropelamento de Animal";1;0;0;0;0;0;0;0;0;0;2;0;0;0;0
"31/08/2023";"22:03:00";"298";"Acidente s";"4,3";"BR-448/RS";"Norte";"Colisão - Traseira";2;0;0;0;0;0;0;0;0;0;3;0;0;0;0
"31/08/2023";"22:12:00";"300";"Acidente c";"343,45";"BR-386/RS";"Sul";"Colisão - Frontal";1;0;0;1;0;0;0;0;0;0;1;0;1;0;0
"31/08/2023";"22:26:00";"301";"Acidente s";"321,2";"BR-386/RS";"Norte";"Choque com objeto sobre a pista";1;0;0;0;0;0;0;0;0;0;1;0;0;0;0
"01/09/2023";"02:02:00";"11";"Acidente c";"59,4";"BR-290/RS";"Oeste";"Colisão - Traseira";0;0;1;1;0;0;2;0;0;0;2;0;2;0;2
"01/09/2023";"12:57:00";"182";"Acidente s";"25,9";"BR-290/RS";"Oeste";"Colisão - Traseira";0;0;0;0;0;0;0;0;0;0;2;0;0;0;0
"01/09/2023";"17:38:00";"239";"Acidente c";"83";"BR-290/RS";"Leste";"Queda de moto";0;0;0;0;1;0;0;0;0;0;0;2;0;0;0
"01/09/2023";"17:58:00";"242";"Acidente s";"345,4";"BR-386/RS";"Norte";"Queda de moto";0;0;0;0;0;0;0;0;0;0;1;0;0;0;0
"01/09/2023";"18:31:00";"250";"Acidente c";"347,2";"BR-386/RS";"Norte";"Colisão - Traseira";0;0;0;0;0;0;0;0;0;0;1;1;0;0;0
"01/09/2023";"20:16:00";"272";"Atropelame";"254,03";"BR-386/RS";"Sul";"Atropelamento - Andarilho";0;0;0;0;0;0;0;0;0;0;1;1;0;0;0
"01/09/2023";"20:34:00";"275";"Acidente s";"401,06";"BR-386/RS";"Norte";"Saída de pista";0;0;0;0;0;0;0;0;0;0;4;0;0;0;0
"01/09/2023";"22:17:00";"293";"Acidente s";"92,08";"BR-290/RS";"Oeste";"Choque Barreira";0;0;0;0;0;0;0;0;0;0;2;0;0;0;0
"01/09/2023";"22:52:00";"300";"Acidente s";"10";"BR-448/RS";"Norte";"Queda de ribanceira";0;0;0;0;0;0;0;0;0;0;1;0;0;0;0
"02/09/2023";"02:20:00";"11";"Acidente s";"10,29";"BR-448/RS";"Norte";"Queda de ribanceira";0;0;0;0;0;0;0;0;0;0;1;0;0;0;0
"02/09/2023";"03:13:00";"14";"Acidente s";"374,4";"BR-386/RS";"Sul";"Colisão - Traseira";0;0;0;0;0;0;0;0;0;1;3;0;0;0;0
"02/09/2023";"03:27:00";"16";"Acidente s";"54,27";"BR-290/RS";"Leste";"Choque Talude";0;0;0;0;0;0;0;0;0;0;2;0;0;0;0
"02/09/2023";"04:09:00";"18";"Acidente s";"67,3";"BR-290/RS";"Oeste";"Saída de pista";0;0;0;0;0;0;0;0;0;0;4;0;0;0;0
"02/09/2023";"04:55:00";"20";"Acidente s";"232,6";"BR-386/RS";"Norte";"Choque - Arvore";0;0;0;0;0;0;0;0;0;0;4;0;0;0;0
"02/09/2023";"12:08:00";"105";"Acidente s";"269,5";"BR-386/RS";"Sul";"Colisão - Lateral";0;0;0;0;0;0;0;0;1;0;3;0;0;0;0
"02/09/2023";"14:38:00";"125";"Acidente c";"44";"BR-290/RS";"Leste";"Colisão - Traseira";0;0;0;0;0;0;0;0;0;1;1;2;2;0;0
"02/09/2023";"16:20:00";"137";"Acidente c";"47";"BR-290/RS";"Leste";"Capotamento";0;0;0;0;0;0;0;0;0;0;0;0;1;0;0
"02/09/2023";"19:43:00";"165";"Acidente s";"346,11";"BR-386/RS";"Norte";"Choque Defensa";0;0;0;0;0;0;0;0;0;0;1;0;0;0;0
"02/09/2023";"22:02:00";"188";"Acidente s";"83,26";"BR-290/RS";"Leste";"Queda de ribanceira";0;0;0;0;0;0;0;0;0;0;1;0;0;0;0
"03/09/2023";"00:12:00";"2";"Acidente s";"31,2";"BR-101/RS";"Sul";"Choque Defensa";0;0;0;0;0;0;0;0;0;0;2;0;0;0;0
"03/09/2023";"06:01:00";"18";"Acidente s";"22,1";"BR-448/RS";"Sul";"Choque Barreira";0;0;0;0;0;0;0;0;0;0;1;0;0;0;0
"03/09/2023";"06:37:00";"22";"Acidente s";"92";"BR-290/RS";"Leste";"Saída de pista";0;0;0;0;0;0;0;0;0;0;1;0;0;0;0
"03/09/2023";"08:32:00";"30";"Acidente s";"75";"BR-290/RS";"Leste";"Saída de pista";0;0;0;0;0;0;0;0;0;0;1;0;0;0;0
"03/09/2023";"09:17:00";"33";"Acidente s";"440";"BR-386/RS";"Norte";"Saída de pista";0;0;0;0;0;0;0;0;0;0;1;0;0;0;0
"03/09/2023";"10:50:00";"49";"Acidente c";"86";"BR-290/RS";"Oeste";"Queda de moto";0;0;0;0;1;0;0;0;0;0;1;1;0;0;0
"03/09/2023";"10:52:00";"51";"Acidente s";"80";"BR-290/RS";"Oeste";"Saída de pista";0;0;0;0;0;0;0;0;0;0;3;0;0;0;0
"03/09/2023";"11:02:00";"53";"Acidente s";"22";"BR-448/RS";"Sul";"Choque Barreira";0;0;0;0;0;0;0;0;0;0;1;0;0;0;0
"03/09/2023";"11:15:00";"55";"Acidente s";"11";"BR-290/RS";"Oeste";"Saída de pista";0;0;0;0;0;0;0;0;0;0;2;0;0;0;0
"03/09/2023";"11:30:00";"56";"Acidente s";"371";"BR-386/RS";"Norte";"Colisão - Lateral";0;0;0;0;0;0;0;0;0;0;3;0;0;0;0
"03/09/2023";"12:32:00";"64";"Acidente s";"9";"BR-448/RS";"Norte";"Saída de pista";0;0;0;0;0;0;0;0;0;0;1;0;0;0;0
"03/09/2023";"12:33:00";"65";"Acidente s";"346,8";"BR-386/RS";"Sul";"Choque Barreira";0;0;0;0;0;0;0;0;0;0;2;0;0;0;0
"03/09/2023";"12:43:00";"66";"Acidente c";"22,7";"BR-448/RS";"Sul";"Choque Barreira";0;0;0;0;0;0;0;0;0;0;0;1;0;0;0
"03/09/2023";"13:03:00";"68";"Acidente s";"78,9";"BR-290/RS";"Oeste";"Choque Barreira";0;0;0;0;0;0;0;0;0;0;1;0;0;0;0
"03/09/2023";"13:12:00";"69";"Acidente s";"417,2";"BR-386/RS";"Sul";"Choque - Meio Fio";0;0;0;0;0;0;0;0;0;0;5;0;0;0;0
"03/09/2023";"14:25:00";"76";"Acidente c";"355,5";"BR-386/RS";"Norte";"Choque Talude";0;0;0;0;0;0;0;0;0;0;1;1;0;0;0
"03/09/2023";"15:18:00";"81";"Acidente s";"10";"BR-448/RS";"Norte";"Saída de pista";0;0;0;0;0;0;0;0;0;0;1;0;0;0;0
"03/09/2023";"15:20:00";"82";"Acidente s";"92";"BR-290/RS";"Leste";"Saída de pista";0;0;0;0;0;0;0;0;0;0;1;0;0;0;0
"03/09/2023";"16:04:00";"88";"Acidente c";"315,5";"BR-386/RS";"Norte";"Colisão - Lateral";0;0;0;0;0;0;0;0;0;1;1;0;2;0;0
"03/09/2023";"16:27:00";"89";"Acidente s";"413,9";"BR-386/RS";"Norte";"Choque - Meio Fio";0;0;0;0;0;0;0;0;0;0;1;0;0;0;0
"03/09/2023";"16:31:00";"90";"Acidente s";"360,1";"BR-386/RS";"Norte";"Choque Defensa";0;0;0;0;0;0;0;0;0;0;1;0;0;0;0
"03/09/2023";"17:11:00";"94";"Acidente s";"410,7";"BR-386/RS";"Norte";"Choque Defensa";0;0;0;0;0;0;0;0;0;0;4;0;0;0;0
"03/09/2023";"17:21:00";"95";"Acidente s";"345,3";"BR-386/RS";"Sul";"Colisão - Traseira";0;0;0;0;0;0;0;0;0;0;5;0;0;0;0
"03/09/2023";"17:45:00";"97";"Acidente s";"396,51";"BR-386/RS";"Norte";"Choque Talude";0;0;0;0;0;0;0;0;0;0;2;0;0;0;0
"03/09/2023";"18:26:00";"103";"Acidente c";"69,12";"BR-290/RS";"Oeste";"Choque com objeto sobre a pista";0;0;0;0;0;0;0;0;0;0;3;1;0;0;0
"03/09/2023";"18:39:00";"104";"Acidente s";"17,14";"BR-448/RS";"Norte";"Choque Defensa";0;0;0;0;0;0;0;0;0;0;1;0;0;0;0
"03/09/2023";"19:25:00";"110";"Acidente s";"85,34";"BR-290/RS";"Leste";"Colisão - Lateral";0;0;1;0;0;0;0;0;0;0;4;0;0;0;0
"03/09/2023";"19:49:00";"112";"Acidente s";"22,2";"BR-448/RS";"Norte";"Outros";0;0;0;0;1;0;0;0;0;0;3;0;0;0;0
"03/09/2023";"19:51:00";"114";"Acidente s";"281,41";"BR-386/RS";"Norte";"Colisão - Lateral";0;0;1;0;0;0;0;0;0;0;2;0;0;0;0
"03/09/2023";"20:07:00";"115";"Acidente c";"19";"BR-290/RS";"Oeste";"Outros";0;0;0;0;0;0;0;0;0;0;3;1;0;0;0
"03/09/2023";"20:17:00";"117";"Acidente s";"10,3";"BR-448/RS";"Norte";"Saída de pista";0;0;0;0;0;0;0;0;0;0;3;0;0;0;0
"03/09/2023";"20:20:00";"118";"Acidente s";"189,08";"BR-386/RS";"Sul";"Saída de pista";0;0;0;0;0;0;0;0;0;0;1;0;0;0;0
"03/09/2023";"21:04:00";"122";"Acidente s";"22,25";"BR-448/RS";"Norte";"Choque Barreira";0;0;0;0;0;0;0;0;0;0;1;0;0;0;0
"03/09/2023";"23:04:00";"135";"Acidente s";"22,19";"BR-448/RS";"Sul";"Choque Barreira";0;0;0;0;0;0;0;0;0;0;2;0;0;0;0
"04/09/2023";"01:19:00";"4";"Acidente s";"289,07";"BR-386/RS";"Norte";"Saída de pista";0;0;0;0;0;0;0;0;0;1;1;0;0;0;0
"04/09/2023";"01:33:00";"6";"Acidente s";"247,6";"BR-386/RS";"Norte";"Queda de ribanceira";0;0;0;0;0;0;0;0;0;0;2;0;0;0;0
"04/09/2023";"01:42:00";"8";"Acidente s";"401,12";"BR-386/RS";"Norte";"Choque Talude";0;0;0;0;0;0;0;0;0;0;1;0;0;0;0
"04/09/2023";"01:52:00";"10";"Acidente c";"402,27";"BR-386/RS";"Norte";"Colisão - Traseira";0;0;1;0;0;0;0;0;0;0;0;1;1;0;0
"04/09/2023";"01:57:00";"11";"Acidente s";"6,12";"BR-290/RS";"Oeste";"Saída de pista";0;0;0;0;0;0;0;0;0;0;1;0;0;0;0
"04/09/2023";"07:43:00";"51";"Acidente s";"322";"BR-386/RS";"Sul";"Saída de pista";0;0;0;0;0;0;0;0;0;0;1;0;0;0;0
"04/09/2023";"07:59:00";"65";"Acidente s";"92";"BR-290/RS";"Leste";"Colisão - Lateral";0;0;0;0;0;0;0;0;0;0;2;0;0;0;0
"04/09/2023";"08:02:00";"66";"Acidente c";"92";"BR-290/RS";"Oeste";"Colisão - Lateral";0;0;0;0;1;0;0;0;0;0;1;1;0;0;0
"04/09/2023";"08:13:00";"73";"Acidente c";"282,8";"BR-386/RS";"Norte";"Colisão - Lateral";0;0;0;0;0;0;0;0;0;0;1;1;0;0;0
"04/09/2023";"08:23:00";"83";"Acidente s";"362,5";"BR-386/RS";"Norte";"Choque Defensa";0;0;0;0;0;0;0;0;0;0;1;0;0;0;0
"04/09/2023";"09:02:00";"92";"Acidente s";"352,8";"BR-386/RS";"Norte";"Choque Defensa";0;0;0;0;0;0;0;0;0;0;1;0;0;0;0
"04/09/2023";"09:20:00";"98";"Acidente s";"92";"BR-290/RS";"Leste";"Colisão - Traseira";0;0;0;0;0;0;0;0;0;1;2;0;0;0;0
"04/09/2023";"10:16:00";"111";"Acidente s";"15";"BR-448/RS";"Sul";"Colisão - Traseira";1;0;0;0;0;0;0;0;0;0;5;0;0;0;0
"04/09/2023";"10:29:00";"119";"Acidente s";"401";"BR-386/RS";"Norte";"Saída de pista";0;0;0;0;0;0;0;0;0;0;1;0;0;0;0
"04/09/2023";"11:12:00";"124";"Acidente s";"15,8";"BR-290/RS";"Oeste";"Saída de pista";0;0;1;0;0;0;0;0;0;0;1;0;0;0;0
"04/09/2023";"11:52:00";"133";"Acidente c";"5,4";"BR-290/RS";"Leste";"Saída de pista";0;0;0;0;0;0;0;0;0;0;1;1;0;0;0
"04/09/2023";"12:13:00";"139";"Acidente s";"37,4";"BR-101/RS";"Sul";"Choque Barreira";0;0;0;0;0;0;0;0;0;0;2;0;0;0;0
"04/09/2023";"13:35:00";"162";"Acidente s";"22";"BR-448/RS";"Norte";"Colisão - Lateral";0;0;0;0;0;0;0;0;0;1;2;0;0;0;0
"04/09/2023";"15:09:00";"177";"Acidente s";"440";"BR-386/RS";"Norte";"Saída de pista";0;0;0;0;0;0;0;0;0;0;1;0;0;0;0
"04/09/2023";"16:58:00";"199";"Acidente s";"300,59";"BR-386/RS";"Norte";"Colisão - Lateral";0;0;0;0;0;0;0;0;0;0;3;0;0;0;0
"04/09/2023";"20:50:00";"259";"Acidente s";"9,8";"BR-448/RS";"Norte";"Queda de ribanceira";0;0;0;0;0;0;0;0;0;0;2;0;0;0;0
"04/09/2023";"21:16:00";"266";"Acidente s";"341";"BR-386/RS";"Norte";"Queda de ribanceira";0;0;0;0;0;0;0;0;0;0;3;0;0;0;0
"05/09/2023";"04:51:00";"309";"Acidente s";"10,1";"BR-290/RS";"Oeste";"Queda de ribanceira";0;0;0;0;0;0;0;0;0;0;3;0;0;0;0
"05/09/2023";"05:43:00";"314";"Acidente s";"5,1";"BR-290/RS";"Oeste";"Colisão - Traseira";0;0;0;0;0;0;0;0;0;1;1;0;0;0;0
"05/09/2023";"07:31:00";"366";"Acidente s";"51";"BR-101/RS";"Sul";"Saída de pista";0;0;0;0;0;0;0;0;0;0;5;0;0;0;0
"05/09/2023";"11:41:00";"463";"Acidente c";"273,5";"BR-386/RS";"Norte";"Colisão - Frontal";0;0;0;0;0;0;0;0;0;0;1;0;0;2;0
"06/09/2023";"13:10:00";"167";"Acidente s";"86";"BR-290/RS";"Oeste";"Colisão - Lateral";0;0;0;0;0;0;0;0;0;0;1;0;0;0;0
"06/09/2023";"15:22:00";"208";"Acidente s";"289,15";"BR-386/RS";"Norte";"Colisão - Lateral";0;0;0;0;0;0;0;0;0;1;3;0;0;0;0
"06/09/2023";"16:47:00";"223";"Acidente s";"83";"BR-290/RS";"Leste";"Colisão - Traseira";0;0;0;0;0;0;0;0;0;0;5;0;0;0;0
"06/09/2023";"20:25:00";"259";"Acidente s";"79,51";"BR-101/RS";"Norte";"Queda de ribanceira";0;0;0;0;0;0;0;0;1;0;1;0;0;0;0
"06/09/2023";"22:43:00";"289";"Acidente c";"70,57";"BR-290/RS";"Oeste";"Capotamento";0;0;0;0;0;0;0;0;0;0;0;1;0;0;0
"07/09/2023";"02:01:00";"11";"Acidente s";"52,06";"BR-101/RS";"Sul";"Choque Defensa";0;0;1;0;0;0;0;0;0;0;1;0;0;0;0
"07/09/2023";"05:33:00";"25";"Acidente s";"80";"BR-290/RS";"Leste";"Saída de pista";0;0;0;0;0;0;0;0;0;0;1;0;0;0;0
"07/09/2023";"11:00:00";"96";"Acidente s";"440,9";"BR-386/RS";"Sul";"Saída de pista";0;0;0;0;0;0;0;0;0;0;1;0;0;0;0
"07/09/2023";"23:40:00";"218";"Acidente s";"188,01";"BR-386/RS";"Norte";"Saída de pista";0;0;0;0;0;0;0;0;0;0;1;0;0;0;0
"08/09/2023";"00:29:00";"1";"Acidente s";"249,02";"BR-386/RS";"Sul";"Queda de ribanceira";0;0;0;0;0;0;0;0;0;0;1;0;0;0;0
"08/09/2023";"00:38:00";"3";"Acidente s";"381,26";"BR-386/RS";"Sul";"Saída de pista";0;0;0;0;0;0;0;0;0;0;1;0;0;0;0
"08/09/2023";"00:54:00";"5";"Acidente s";"356,13";"BR-386/RS";"Norte";"Saída de pista";0;0;0;0;0;0;0;0;0;0;1;0;0;0;0
"08/09/2023";"01:15:00";"8";"Acidente s";"345,38";"BR-386/RS";"Sul";"Saída de pista";0;0;0;0;0;0;0;0;0;0;1;0;0;0;0
"08/09/2023";"03:42:00";"22";"Acidente s";"405,37";"BR-386/RS";"Sul";"Choque - Arvore";0;0;0;1;0;0;0;0;0;0;1;0;0;0;0
"08/09/2023";"05:23:00";"32";"Acidente s";"381,49";"BR-386/RS";"Norte";"Choque com objeto sobre a pista";0;0;0;1;0;0;0;0;0;0;1;0;0;0;0
"08/09/2023";"05:41:00";"35";"Acidente s";"399,09";"BR-386/RS";"Norte";"Choque com objeto sobre a pista";0;0;0;0;0;0;0;0;0;0;1;0;0;0;0
"08/09/2023";"09:38:00";"111";"Acidente s";"316,3";"BR-386/RS";"Sul";"Saída de pista";0;0;0;0;0;0;0;0;0;0;1;0;0;0;0
"08/09/2023";"12:43:00";"150";"Acidente s";"92";"BR-290/RS";"Leste";"Colisão - Traseira";0;0;0;0;0;0;0;0;0;0;4;0;0;0;0
"08/09/2023";"15:28:00";"187";"Acidente s";"82";"BR-290/RS";"Leste";"Colisão - Lateral";0;0;0;0;0;0;0;0;1;0;3;0;0;0;0
"08/09/2023";"16:50:00";"203";"Acidente s";"16,15";"BR-290/RS";"Oeste";"Choque Defensa";0;0;0;0;0;0;0;0;0;0;2;0;0;0;0
"08/09/2023";"21:01:00";"256";"Acidente c";"5,33";"BR-448/RS";"Norte";"Queda de moto";0;0;0;0;1;0;0;0;0;0;1;1;0;0;0
"09/09/2023";"06:23:00";"30";"Acidente s";"85";"BR-290/RS";"Leste";"Capotamento";0;0;0;0;0;0;0;0;0;0;1;0;0;0;0
"09/09/2023";"08:59:00";"55";"Acidente s";"440";"BR-386/RS";"Sul";"Saída de pista";0;0;0;0;0;0;0;0;0;0;1;0;0;0;0
"09/09/2023";"12:22:00";"86";"Acidente s";"334";"BR-386/RS";"Sul";"Colisão - Traseira";0;0;0;0;0;0;0;0;0;0;3;0;0;0;0
"09/09/2023";"13:15:00";"91";"Acidente s";"30";"BR-290/RS";"Oeste";"Saída de pista";0;0;0;0;0;0;0;0;0;0;2;0;0;0;0
"09/09/2023";"18:29:00";"139";"Acidente s";"19,38";"BR-290/RS";"Oeste";"Saída de pista";0;0;0;0;0;0;0;0;0;0;2;0;0;0;0
"09/09/2023";"22:32:00";"173";"Acidente s";"72,98";"BR-101/RS";"Sul";"Choque - Canaleta";0;0;0;0;0;0;0;0;0;0;2;0;0;0;0
"10/09/2023";"02:58:00";"24";"Acidente s";"345,2";"BR-386/RS";"Sul";"Queda de ribanceira";0;0;0;0;0;0;0;0;0;0;2;0;0;0;0
"10/09/2023";"14:02:00";"120";"Acidente s";"344,5";"BR-386/RS";"Sul";"Engavetamento";0;0;0;0;0;0;0;0;0;0;11;0;0;0;0
"10/09/2023";"14:38:00";"131";"Acidente c";"280,1";"BR-386/RS";"Ambos";"Colisão - Transversal";1;0;0;0;0;0;0;0;0;1;5;3;0;0;0
"10/09/2023";"16:13:00";"157";"Acidente s";"76";"BR-290/RS";"Oeste";"Colisão - Traseira";0;0;0;0;0;0;0;0;0;0;3;0;0;0;0
"10/09/2023";"17:10:00";"174";"Acidente c";"2,8";"BR-101/RS";"Sul";"Colisão - Traseira";0;0;0;0;1;0;0;0;0;0;5;0;1;0;0
"10/09/2023";"17:45:00";"184";"Acidente s";"269,5";"BR-386/RS";"Sul";"Colisão - Traseira";0;0;0;0;0;0;0;0;0;0;3;0;0;0;0
"10/09/2023";"19:06:00";"209";"Acidente s";"17,36";"BR-290/RS";"Oeste";"Colisão - Lateral";0;0;0;0;0;0;0;0;0;0;2;0;0;0;0
"10/09/2023";"20:16:00";"241";"Acidente s";"56,35";"BR-101/RS";"Sul";"Colisão - Traseira";0;0;0;0;0;0;0;0;0;0;4;0;0;0;0
"11/09/2023";"00:06:00";"1";"Acidente s";"2,5";"BR-101/RS";"Sul";"Saída de pista";0;0;0;0;0;0;0;0;0;0;1;0;0;0;0
"11/09/2023";"07:59:00";"101";"Acidente c";"22";"BR-448/RS";"Norte";"Queda de moto";0;0;0;0;1;0;0;0;0;0;0;1;0;0;0
"11/09/2023";"11:36:00";"189";"Acidente s";"344,4";"BR-386/RS";"Sul";"Colisão - Lateral";1;0;0;0;0;0;0;0;0;0;2;0;0;0;0
"11/09/2023";"11:57:00";"195";"Acidente s";"426";"BR-386/RS";"Norte";"Colisão - Traseira";1;0;1;0;0;0;0;0;0;0;3;0;0;0;0
"11/09/2023";"12:27:00";"206";"Acidente s";"80";"BR-290/RS";"Leste";"Colisão - Lateral";0;0;0;0;0;0;0;0;0;0;2;0;0;0;0
"11/09/2023";"14:10:00";"243";"Acidente s";"437,1";"BR-386/RS";"Norte";"Colisão - Traseira";0;0;2;0;0;0;0;0;0;0;2;0;0;0;0
"11/09/2023";"15:02:00";"260";"Acidente c";"76";"BR-290/RS";"Leste";"Colisão - Traseira";0;0;0;0;1;0;0;0;0;0;1;0;1;0;0
"11/09/2023";"17:10:00";"292";"Acidente s";"432";"BR-386/RS";"Sul";"Choque com objeto sobre a pista";0;0;0;0;0;0;0;0;0;0;1;0;0;0;0
"11/09/2023";"17:13:00";"295";"Acidente s";"432";"BR-386/RS";"Sul";"Choque com objeto sobre a pista";0;0;0;0;0;0;0;0;0;0;5;0;0;0;0