data;horario;n_da_ocorrencia;tipo_de_ocorrencia;km;trecho;sentido;tipo_de_acidente;automovel;bicicleta;caminhao;moto;onibus;outros;tracao_animal;transporte_de_cargas_especiais;trator_maquinas;utilitarios;ilesos;levemente_feridos;moderadamente_feridos;gravemente_feridos;mortos
"29/09/2023";"15:13:00";"571";"Acidente s";"426";"BR-386/RS";"Sul";"Colisão - Lateral";0;0;0;0;0;0;0;0;0;0;4;0;0;0;0
"29/09/2023";"16:47:00";"604";"Acidente s";"343";"BR-386/RS";"Sul";"Colisão - Transversal";0;0;0;0;0;0;0;0;0;0;2;0;0;0;0
"29/09/2023";"19:34:00";"638";"Acidente s";"92,09";"BR-290/RS";"Leste";"Colisão - Lateral";0;0;1;0;0;0;0;0;0;0;4;0;0;0;0
"29/09/2023";"20:24:00";"648";"Acidente c";"230,15";"BR-386/RS";"Norte";"Colisão - Frontal";0;0;0;0;0;0;1;0;0;0;2;1;0;2;1
"29/09/2023";"21:01:00";"653";"Acidente c";"85,11";"BR-290/RS";"Oeste";"Colisão - Traseira";0;0;0;0;1;0;0;0;0;0;2;0;1;0;0
"29/09/2023";"21:45:00";"657";"Acidente c";"286";"BR-386/RS";"Norte";"Choque Talude";0;0;0;0;0;0;0;0;0;0;2;1;0;0;0
"30/09/2023";"05:41:00";"40";"Acidente s";"70";"BR-101/RS";"Norte";"Saída de pista";0;0;0;0;0;0;0;0;0;0;1;0;0;0;0
"30/09/2023";"06:22:00";"44";"Acidente c";"306,45";"BR-386/RS";"Norte";"Saída de pista";0;0;0;0;0;0;0;0;0;0;1;2;1;0;0
"30/09/2023";"09:39:00";"145";"Acidente c";"77";"BR-290/RS";"Leste";"Colisão - Traseira";1;0;0;0;0;0;0;0;0;0;2;0;1;0;0
"30/09/2023";"18:04:00";"239";"Acidente c";"20";"BR-290/RS";"Oeste";"Queda de moto";0;0;0;0;1;0;0;0;0;0;0;1;0;0;0
"30/09/2023";"20:19:00";"254";"Acidente s";"21,22";"BR-290/RS";"Leste";"Colisão - Traseira";0;0;0;0;0;0;0;0;0;0;2;0;0;0;0
"30/09/2023";"21:00:00";"257";"Acidente s";"10,37";"BR-290/RS";"Leste";"Capotamento";0;0;0;0;0;0;0;0;0;0;1;0;0;0;0
"01/10/2023";"01:08:00";"5";"Acidente c";"2,000";"BR-101/RS";"Norte";"Saída de pista";1;0;0;0;0;0;0;0;0;0;1;0;1;0;0
"01/10/2023";"07:36:00";"50";"Acidente s";"73,000";"BR-101/RS";"Sul";"Saída de pista";1;0;0;0;0;0;0;0;0;0;1;0;0;0;0
"01/10/2023";"11:49:00";"89";"Acidente c";"411,000";"BR-386/RS";"Norte";"Saída de pista";0;0;0;1;0;0;0;0;0;0;0;0;1;1;0
"01/10/2023";"16:07:00";"133";"Acidente s";"51,000";"BR-101/RS";"Sul";"Saída de pista";1;0;0;0;0;1;0;0;0;0;3;0;0;0;0
"01/10/2023";"17:04:00";"151";"Acidente s";"297,600";"BR-386/RS";"Norte";"Colisão - Traseira";2;0;0;0;0;0;0;0;0;0;2;0;0;0;0
"01/10/2023";"17:32:00";"156";"Acidente s";"1,000";"BR-290/RS";"Leste";"Choque com objeto sobre a pista";1;0;0;0;0;0;0;0;0;0;5;0;0;0;0
"01/10/2023";"19:09:00";"180";"Acidente s";"343,800";"BR-386/RS";"Norte";"Saída de pista";1;0;0;0;0;0;0;0;0;0;3;0;0;0;0
"01/10/2023";"19:15:00";"182";"Acidente s";"92,000";"BR-290/RS";"Leste";"Colisão - Traseira";2;0;0;0;0;0;0;0;0;0;2;0;0;0;0
"01/10/2023";"19:41:00";"190";"Acidente c";"2,000";"BR-101/RS";"Ambos";"Queda de moto";0;0;0;1;0;0;0;0;0;0;0;1;0;0;0
"02/10/2023";"00:47:00";"13";"Acidente s";"1,000";"BR-101/RS";"Norte";"Choque Defensa";1;0;0;0;0;0;0;0;0;0;1;0;0;0;0
"02/10/2023";"07:02:00";"44";"Acidente c";"342,000";"BR-386/RS";"Ambos";"Colisão - Lateral";1;0;0;1;0;0;0;0;0;0;1;1;0;0;0
"02/10/2023";"07:40:00";"74";"Acidente s";"76,000";"BR-290/RS";"Oeste";"Engavetamento";4;0;0;0;0;0;0;0;0;0;7;0;0;0;0
"02/10/2023";"08:40:00";"111";"Acidente s";"20,000";"BR-448/RS";"Sul";"Colisão - Traseira";2;0;0;0;0;0;0;0;0;0;6;0;0;0;0
"02/10/2023";"08:52:00";"116";"Acidente s";"379,000";"BR-386/RS";"Sul";"Colisão - Lateral";0;0;4;0;0;0;0;0;0;0;2;0;0;0;0
"02/10/2023";"09:29:00";"141";"Acidente s";"92,700";"BR-290/RS";"Oeste";"Colisão - Lateral";1;0;0;1;0;0;0;0;0;0;3;0;0;0;0
"02/10/2023";"10:12:00";"153";"Acidente c";"35,300";"BR-101/RS";"Sul";"Choque com objeto sobre a pista";1;0;0;0;0;0;0;0;0;0;2;0;1;0;0
"02/10/2023";"12:09:00";"185";"Acidente c";"261,400";"BR-386/RS";"Sul";"Capotamento";1;0;0;0;0;0;0;0;0;0;0;1;0;0;0
"02/10/2023";"15:32:00";"234";"Acidente s";"92,700";"BR-290/RS";"Oeste";"Colisão - Traseira";2;0;0;0;0;0;0;0;0;0;2;0;0;0;0
"02/10/2023";"16:10:00";"242";"Atropelame";"2,000";"BR-448/RS";"Norte";"Atropelamento - Funcionário";0;0;0;0;0;0;0;0;0;0;0;1;0;0;0
"02/10/2023";"22:24:00";"291";"Acidente s";"414,100";"BR-386/RS";"Sul";"Queda de ribanceira";1;0;0;0;0;0;0;0;0;0;1;0;0;0;0
"02/10/2023";"23:01:00";"298";"Acidente s";"350,150";"BR-386/RS";"Norte";"Choque Barreira";1;0;0;0;0;0;0;0;0;0;1;0;0;0;0
"03/10/2023";"02:11:00";"17";"Acidente s";"78,863";"BR-101/RS";"Norte";"Atropelamento de Animal";0;0;0;0;0;0;0;0;0;0;4;0;0;0;0
"03/10/2023";"06:34:00";"33";"Acidente s";"95,000";"BR-290/RS";"Oeste";"Colisão - Traseira";0;0;0;1;0;0;0;0;0;0;2;0;0;0;0
"03/10/2023";"08:09:00";"84";"Acidente s";"3,000";"BR-448/RS";"Sul";"Engavetamento";0;0;0;0;0;0;0;0;0;0;3;0;0;0;0
"03/10/2023";"10:23:00";"153";"Acidente s";"76,000";"BR-290/RS";"Oeste";"Engavetamento";0;0;0;0;0;0;0;0;0;0;8;0;0;0;0
"03/10/2023";"10:55:00";"160";"Acidente c";"92,000";"BR-290/RS";"Oeste";"Queda de moto";0;0;0;1;0;0;0;0;0;0;0;0;1;0;0
"03/10/2023";"14:30:00";"196";"Acidente s";"76,000";"BR-290/RS";"Leste";"Colisão - Traseira";0;0;0;0;0;0;0;0;0;0;1;0;0;0;0
"03/10/2023";"15:38:00";"212";"Acidente s";"85,000";"BR-101/RS";"Norte";"Colisão - Lateral";0;0;1;0;0;0;0;0;0;0;2;0;0;0;0
"03/10/2023";"16:58:00";"222";"Acidente c";"26,000";"BR-101/RS";"Norte";"Capotamento";0;0;0;0;0;0;0;0;0;0;0;1;0;0;0
"03/10/2023";"23:18:00";"260";"Acidente s";"300,150";"BR-386/RS";"Norte";"Saída de pista";0;0;0;0;0;0;0;0;0;0;1;0;0;0;0
"04/10/2023";"10:53:00";"31";"Acidente s";"390,300";"BR-386/RS";"Sul";"Colisão - Traseira";0;0;0;0;0;0;0;0;0;0;4;0;0;0;0
"04/10/2023";"17:50:00";"140";"Acidente s";"441,000";"BR-386/RS";"Norte";"Saída de pista";0;0;0;0;0;0;0;0;0;0;1;0;0;0;0
"04/10/2023";"21:25:00";"163";"Acidente s";"92,000";"BR-290/RS";"Oeste";"Tombamento";0;0;1;0;0;0;0;0;0;0;1;0;0;0;0
"04/10/2023";"23:21:00";"175";"Acidente s";"441,200";"BR-386/RS";"Norte";"Capotamento";0;0;0;0;0;0;0;0;0;0;3;0;0;0;0
"05/10/2023";"02:13:00";"8";"Acidente s";"350,302";"BR-386/RS";"Norte";"Choque Barreira";0;0;0;0;0;0;0;0;0;0;1;0;0;0;0
"05/10/2023";"07:29:00";"67";"Acidente s";"19,800";"BR-290/RS";"Oeste";"Saída de pista";0;0;1;0;0;0;0;0;0;0;1;0;0;0;0
"05/10/2023";"11:06:00";"169";"Acidente s";"60,000";"BR-101/RS";"Norte";"Colisão - Lateral";1;0;1;0;0;0;0;0;0;0;2;0;0;0;0
"05/10/2023";"14:03:00";"202";"Acidente c";"21,000";"BR-448/RS";"Norte";"Choque Barreira";0;0;0;0;0;0;0;0;0;0;0;1;0;0;0
"05/10/2023";"15:03:00";"218";"Acidente c";"12,000";"BR-101/RS";"Norte";"Queda de moto";0;0;0;1;0;0;0;0;0;0;0;1;0;0;0
"05/10/2023";"18:06:00";"257";"Acidente c";"76,132";"BR-290/RS";"Leste";"Colisão - Lateral";0;0;1;0;0;0;0;0;0;0;1;0;1;0;0
"06/10/2023";"04:59:00";"30";"Acidente s";"35,000";"BR-101/RS";"Norte";"Choque - Pilar";0;0;1;0;0;0;0;0;0;0;1;0;0;0;0
"06/10/2023";"08:07:00";"101";"Acidente s";"84,200";"BR-290/RS";"Oeste";"Colisão - Lateral";0;0;1;0;0;0;0;0;0;0;2;0;0;0;0
"06/10/2023";"14:55:00";"231";"Acidente c";"344,000";"BR-386/RS";"Sul";"Colisão - Traseira";0;0;1;0;0;0;0;0;0;0;2;0;1;0;0
"06/10/2023";"16:12:00";"256";"Acidente s";"84,000";"BR-101/RS";"Norte";"Colisão - Lateral";0;0;1;0;0;0;0;0;0;0;2;0;0;0;0
"06/10/2023";"17:14:00";"261";"Acidente s";"60,000";"BR-290/RS";"Ambos";"Engavetamento";0;0;0;0;0;0;0;0;0;0;3;0;0;0;0
"06/10/2023";"21:13:00";"305";"Acidente s";"407,000";"BR-386/RS";"Sul";"Saída de pista";0;0;0;0;0;0;0;0;0;0;1;0;0;0;0
"06/10/2023";"22:51:00";"327";"Acidente c";"290,000";"BR-386/RS";"Norte";"Saída de pista";0;0;0;0;0;0;0;0;0;0;0;0;2;0;0
"06/10/2023";"23:56:00";"335";"Acidente s";"76,600";"BR-290/RS";"Oeste";"Choque Barreira";0;0;0;0;0;0;0;0;0;0;4;0;0;0;0
"07/10/2023";"00:31:00";"16";"Acidente s";"343,000";"BR-386/RS";"Norte";"Saída de pista";0;0;0;0;0;0;0;0;0;0;1;0;0;0;0
"07/10/2023";"02:05:00";"24";"Acidente s";"420,000";"BR-386/RS";"Sul";"Queda de ribanceira";0;0;0;0;0;0;0;0;0;0;1;0;0;0;0
"07/10/2023";"02:11:00";"25";"Acidente s";"259,000";"BR-386/RS";"Norte";"Queda de ribanceira";0;0;0;0;0;0;0;0;0;0;1;0;0;0;0
"07/10/2023";"03:03:00";"28";"Acidente s";"86,500";"BR-290/RS";"Leste";"Saída de pista";0;0;0;0;0;0;0;0;0;0;1;0;0;0;0
"07/10/2023";"04:15:00";"32";"Acidente c";"345,000";"BR-386/RS";"Sul";"Colisão - Traseira";0;0;0;0;0;0;0;0;0;0;2;2;1;0;0
"07/10/2023";"07:28:00";"50";"Acidente s";"335,000";"BR-386/RS";"Norte";"Colisão - Transversal";0;0;1;0;0;0;0;0;0;0;3;0;0;0;0
"07/10/2023";"07:28:00";"61";"Acidente s";"435,400";"BR-386/RS";"Sul";"Colisão - Lateral";0;0;1;0;0;0;0;0;0;0;2;0;0;0;0
"07/10/2023";"09:16:00";"70";"Acidente s";"17,000";"BR-448/RS";"Sul";"Saída de pista";0;0;0;0;0;0;0;0;0;0;1;0;0;0;0
"07/10/2023";"09:52:00";"80";"Acidente s";"397,000";"BR-386/RS";"Sul";"Saída de pista";0;0;0;0;0;0;0;0;0;0;1;0;0;0;0
"07/10/2023";"10:22:00";"85";"Acidente c";"356,100";"BR-386/RS";"Norte";"Capotamento";0;0;0;0;0;0;0;0;0;0;1;1;0;0;0
"07/10/2023";"11:08:00";"92";"Acidente s";"77,000";"BR-290/RS";"Leste";"Saída de pista";0;0;0;0;0;0;0;0;0;0;3;0;0;0;0
"07/10/2023";"11:50:00";"96";"Acidente s";"78,000";"BR-101/RS";"Sul";"Saída de pista";0;0;0;0;0;0;0;0;0;0;2;0;0;0;0
"07/10/2023";"13:17:00";"118";"Acidente s";"6,400";"BR-448/RS";"Sul";"Outros";0;0;1;0;0;0;0;0;0;0;4;0;0;0;0
"07/10/2023";"15:11:00";"131";"Acidente s";"429,880";"BR-386/RS";"Norte";"Saída de pista";0;0;0;0;0;0;0;0;0;0;2;0;0;0;0
"07/10/2023";"18:46:00";"165";"Acidente s";"342,000";"BR-386/RS";"Norte";"Saída de pista";0;0;0;0;0;0;0;0;0;0;1;0;0;0;0
"07/10/2023";"19:47:00";"171";"Acidente s";"247,150";"BR-386/RS";"Norte";"Saída de pista";0;0;0;0;0;0;0;0;0;0;1;0;0;0;0
"07/10/2023";"21:05:00";"179";"Acidente s";"49,200";"BR-290/RS";"Leste";"Saída de pista";0;0;1;0;0;0;0;0;0;0;1;0;0;0;0
"07/10/2023";"21:55:00";"187";"Acidente s";"324,800";"BR-386/RS";"Sul";"Saída de pista";0;0;0;0;0;0;0;0;0;0;1;0;0;0;0
"08/10/2023";"01:15:00";"21";"Acidente s";"91,000";"BR-290/RS";"Leste";"Colisão - Lateral";0;0;0;0;0;0;0;0;0;0;6;0;0;0;0
"08/10/2023";"11:08:00";"74";"Acidente c";"248,000";"BR-386/RS";"Norte";"Colisão - Transversal";0;0;0;0;0;0;0;0;0;0;3;0;1;0;0
"08/10/2023";"14:43:00";"99";"Acidente c";"280,000";"BR-386/RS";"Norte";"Saída de pista";0;0;0;0;0;0;0;0;0;0;0;2;0;0;0
"08/10/2023";"18:41:00";"144";"Acidente s";"438,000";"BR-386/RS";"Ambos";"Colisão - Traseira";0;0;0;0;0;0;0;0;0;0;4;0;0;0;0
"08/10/2023";"19:16:00";"152";"Acidente c";"444,800";"BR-386/RS";"Norte";"Colisão - Frontal";0;0;0;0;0;0;0;0;0;0;2;1;0;0;0
"08/10/2023";"20:05:00";"164";"Acidente s";"344,000";"BR-386/RS";"Sul";"Saída de pista";0;0;0;0;0;0;0;0;0;0;1;0;0;0;0
"08/10/2023";"20:49:00";"174";"Acidente c";"375,100";"BR-386/RS";"Norte";"Colisão - Lateral";0;0;0;1;0;0;0;0;0;0;4;1;0;0;0
"08/10/2023";"22:06:00";"188";"Acidente s";"44,100";"BR-290/RS";"Leste";"Choque Defensa";0;0;0;0;0;0;0;0;0;0;1;0;0;0;0
"09/10/2023";"05:35:00";"36";"Acidente c";"70,000";"BR-290/RS";"Oeste";"Colisão - Traseira";0;0;1;0;0;0;0;0;0;0;1;1;1;0;0
"09/10/2023";"05:46:00";"37";"Acidente c";"412,000";"BR-386/RS";"Norte";"Saída de pista";0;0;0;0;0;0;0;0;0;0;0;0;0;0;0
"09/10/2023";"07:11:00";"60";"Atropelame";"386,900";"BR-386/RS";"Norte";"Atropelamento - Morador/Trabalhador/Estudante";1;0;0;0;0;0;0;0;0;0;1;0;1;0;0
"09/10/2023";"07:59:00";"88";"Acidente c";"434,500";"BR-386/RS";"Sul";"Colisão - Lateral";0;0;0;1;0;0;0;0;0;0;2;1;0;0;0
"09/10/2023";"10:24:00";"153";"Acidente c";"418,450";"BR-386/RS";"Norte";"Colisão - Transversal";1;0;0;0;0;0;0;0;0;0;3;0;1;0;0
"09/10/2023";"11:35:00";"173";"Acidente s";"74,000";"BR-290/RS";"Leste";"Colisão - Lateral";0;0;0;0;0;0;0;0;0;0;3;0;0;0;0
"09/10/2023";"18:21:00";"259";"Acidente s";"435,400";"BR-386/RS";"Norte";"Saída de pista";0;0;2;0;0;0;0;0;0;0;2;0;0;0;0
"09/10/2023";"19:38:00";"268";"Acidente c";"84,635";"BR-290/RS";"Oeste";"Capotamento";0;0;0;0;0;0;0;0;0;0;0;1;1;0;0
"10/10/2023";"07:42:00";"84";"Acidente c";"82,000";"BR-290/RS";"Oeste";"Colisão - Lateral";0;0;0;1;0;0;0;0;0;0;1;1;0;0;0
"10/10/2023";"07:53:00";"93";"Acidente s";"83,000";"BR-290/RS";"Oeste";"Engavetamento";0;0;0;0;0;0;0;0;0;0;3;0;0;0;0
"10/10/2023";"14:07:00";"199";"Acidente s";"321,000";"BR-386/RS";"Norte";"Queda de ribanceira";0;0;0;0;0;0;0;0;0;0;1;0;0;0;0
"10/10/2023";"15:07:00";"213";"Acidente s";"18,000";"BR-448/RS";"Norte";"Outros";0;0;1;0;0;0;0;0;0;0;1;0;0;0;0
"10/10/2023";"16:32:00";"228";"Acidente s";"91,000";"BR-290/RS";"Leste";"Engavetamento";0;0;0;0;0;0;0;0;0;0;3;0;0;0;0
"10/10/2023";"18:29:00";"242";"Acidente c";"91,000";"BR-290/RS";"Oeste";"Colisão - Traseira";0;0;0;1;0;0;0;0;0;0;1;1;0;0;0
"10/10/2023";"19:06:00";"251";"Acidente c";"216,600";"BR-386/RS";"Norte";"Colisão - Transversal";0;0;0;0;0;0;0;0;0;0;0;2;0;0;0
"10/10/2023";"19:26:00";"254";"Acidente s";"77,000";"BR-290/RS";"Leste";"Engavetamento";0;0;1;0;0;0;0;0;0;0;43;0;0;0;0
"11/10/2023";"04:19:00";"25";"Acidente c";"55,302";"BR-290/RS";"Oeste";"Colisão - Traseira";0;0;2;0;0;0;0;0;0;0;1;0;1;0;0
"11/10/2023";"07:47:00";"71";"Acidente c";"341,300";"BR-386/RS";"Norte";"Colisão - Lateral";0;0;1;1;0;0;0;0;0;0;1;0;1;0;0
"11/10/2023";"11:33:00";"156";"Acidente s";"373,850";"BR-386/RS";"Sul";"Saída de pista";0;0;0;0;0;0;0;0;0;0;1;0;0;0;0
"11/10/2023";"13:54:00";"179";"Acidente s";"307,000";"BR-386/RS";"Norte";"Saída de pista";0;0;0;0;0;0;0;0;0;0;3;0;0;0;0
"11/10/2023";"14:13:00";"182";"Acidente s";"433,000";"BR-386/RS";"Sul";"Saída de pista";0;0;0;0;0;0;0;0;0;0;1;0;0;0;0
"11/10/2023";"15:34:00";"201";"Acidente c";"396,000";"BR-386/RS";"Sul";"Queda de ribanceira";0;0;0;0;0;0;0;0;0;0;0;1;0;0;0
"11/10/2023";"15:45:00";"208";"Acidente c";"335,000";"BR-386/RS";"Norte";"Queda de moto";0;0;0;0;0;0;0;0;0;0;0;1;0;0;0
"11/10/2023";"16:08:00";"219";"Acidente s";"410,100";"BR-386/RS";"Sul";"Saída de pista";0;0;0;0;0;0;0;0;0;0;2;0;0;0;0
"11/10/2023";"17:09:00";"229";"Acidente s";"306,200";"BR-386/RS";"Norte";"Tombamento";0;0;1;0;0;0;0;0;0;0;1;0;0;0;0
"11/10/2023";"17:21:00";"231";"Acidente s";"91,000";"BR-290/RS";"Leste";"Choque Defensa";0;0;0;0;0;0;0;0;0;0;1;0;0;0;0
"11/10/2023";"17:50:00";"240";"Acidente s";"396,000";"BR-386/RS";"Norte";"Queda de ribanceira";0;0;0;0;0;0;0;0;0;0;1;0;0;0;0
"11/10/2023";"19:17:00";"255";"Acidente s";"10,900";"BR-290/RS";"Leste";"Queda de ribanceira";0;0;0;0;0;0;0;0;0;0;2;0;0;0;0
"11/10/2023";"19:35:00";"259";"Acidente s";"367,000";"BR-386/RS";"Norte";"Queda de ribanceira";0;0;0;0;0;0;0;0;0;0;1;0;0;0;0
"11/10/2023";"21:34:00";"280";"Acidente s";"306,500";"BR-386/RS";"Sul";"Queda de ribanceira";0;0;0;0;0;0;0;0;0;0;1;0;0;0;0
"11/10/2023";"21:40:00";"283";"Acidente s";"306,500";"BR-386/RS";"Sul";"Queda de ribanceira";0;0;0;0;0;0;0;0;0;0;1;0;0;0;0
"11/10/2023";"22:26:00";"291";"Acidente s";"380,200";"BR-386/RS";"Sul";"Saída de pista";0;0;0;0;0;0;0;0;0;0;1;0;0;0;0
"12/10/2023";"03:21:00";"33";"Acidente s";"10,600";"BR-290/RS";"Leste";"Capotamento";0;0;0;0;0;0;0;0;0;0;1;0;0;0;0
"12/10/2023";"03:44:00";"36";"Acidente s";"6,300";"BR-290/RS";"Oeste";"Capotamento";0;0;0;0;0;0;0;0;0;0;5;0;0;0;0
"12/10/2023";"06:42:00";"48";"Acidente s";"22,000";"BR-448/RS";"Sul";"Colisão - Traseira";0;0;1;0;0;0;0;0;0;0;5;0;0;0;0
"12/10/2023";"07:35:00";"60";"Acidente s";"440,000";"BR-386/RS";"Norte";"Saída de pista";0;0;0;0;0;0;0;0;0;0;1;0;0;0;0
"12/10/2023";"09:40:00";"83";"Acidente s";"413,000";"BR-386/RS";"Norte";"Saída de pista";0;0;0;0;0;0;0;0;0;0;2;0;0;0;0
"12/10/2023";"09:47:00";"87";"Acidente s";"364,000";"BR-386/RS";"Norte";"Colisão - Traseira";0;0;0;0;0;0;0;0;0;0;4;0;0;0;0
"12/10/2023";"10:58:00";"106";"Acidente s";"19,000";"BR-290/RS";"Oeste";"Saída de pista";0;0;0;0;0;0;0;0;0;0;1;0;0;0;0
"12/10/2023";"16:11:00";"166";"Acidente s";"295,000";"BR-386/RS";"Sul";"Colisão - Traseira";0;0;0;0;0;0;0;0;0;0;7;0;0;0;0
"12/10/2023";"17:44:00";"217";"Acidente s";"308,000";"BR-386/RS";"Norte";"Queda de ribanceira";0;0;0;0;0;0;0;0;0;0;2;0;0;0;0
"12/10/2023";"22:00:00";"252";"Acidente s";"35,000";"BR-101/RS";"Sul";"Choque Praça - Cabine";1;0;0;0;0;0;0;0;0;0;1;0;0;0;0
"12/10/2023";"23:53:00";"262";"Acidente s";"279,400";"BR-386/RS";"Norte";"Queda de ribanceira";0;0;0;0;0;0;0;0;0;0;2;0;0;0;0
"13/10/2023";"02:19:00";"21";"Acidente c";"90,000";"BR-290/RS";"Leste";"Colisão - Lateral";0;0;0;1;0;0;0;0;0;0;2;0;1;0;0
"13/10/2023";"05:36:00";"31";"Acidente s";"14,443";"BR-290/RS";"Leste";"Tombamento";0;0;1;0;0;0;0;0;0;0;1;0;0;0;0
"13/10/2023";"10:03:00";"143";"Acidente s";"88,000";"BR-290/RS";"Leste";"Colisão - Traseira";0;0;1;0;0;0;0;0;0;0;3;0;0;0;0
"13/10/2023";"17:58:00";"237";"Acidente s";"91,000";"BR-290/RS";"Leste";"Colisão - Traseira";0;0;0;0;0;0;0;0;0;0;3;0;0;0;0
"14/10/2023";"07:44:00";"78";"Acidente s";"346,500";"BR-386/RS";"Sul";"Colisão - Traseira";0;0;0;0;0;0;0;0;0;0;2;0;0;0;0
"14/10/2023";"12:28:00";"134";"Acidente s";"435,800";"BR-386/RS";"Norte";"Colisão - Lateral";0;0;1;1;0;0;0;0;0;0;2;0;0;0;0
"14/10/2023";"15:43:00";"179";"Acidente c";"92,000";"BR-290/RS";"Oeste";"Queda de moto";0;0;0;1;0;0;0;0;0;0;0;1;1;0;0
"14/10/2023";"21:39:00";"240";"Acidente c";"278,750";"BR-386/RS";"Norte";"Colisão - Frontal";0;0;0;0;0;0;0;0;0;0;4;10;2;2;2
"15/10/2023";"01:19:00";"15";"Atropelame";"85";"BR-101/RS";"Sul";"Atropelamento de pedestre";0;0;1;0;0;0;0;0;0;0;1;0;0;0;1
"15/10/2023";"01:49:00";"9";"Acidente s";"41,000";"BR-290/RS";"Leste";"Atropelamento de Animal";0;0;0;0;0;0;0;0;0;0;4;0;0;0;0
"15/10/2023";"09:11:00";"67";"Acidente s";"347,000";"BR-386/RS";"Sul";"Colisão - Traseira";0;0;0;0;0;0;0;0;0;0;2;0;0;0;0
"15/10/2023";"14:31:00";"122";"Acidente s";"75,000";"BR-290/RS";"Leste";"Choque Barreira";0;0;0;0;0;0;0;0;0;0;1;0;0;0;0
"15/10/2023";"20:30:00";"222";"Acidente s";"82,710";"BR-101/RS";"Sul";"Colisão - Transversal";0;0;1;0;0;0;0;0;0;0;6;0;0;0;0
"15/10/2023";"22:56:00";"247";"Acidente s";"70,500";"BR-101/RS";"Norte";"Capotamento";0;0;0;0;0;0;0;0;0;0;1;0;0;0;0
"15/10/2023";"23:12:00";"249";"Acidente s";"92,000";"BR-290/RS";"Leste";"Saída de pista";0;0;0;0;0;0;0;0;0;0;2;0;0;0;0
"16/10/2023";"00:20:00";"2";"Acidente s";"216,450";"BR-386/RS";"Sul";"Colisão - Lateral";0;0;1;0;0;0;0;0;0;0;6;0;0;0;0
"16/10/2023";"07:16:00";"51";"Acidente s";"21,000";"BR-448/RS";"Sul";"Engavetamento";0;0;0;0;0;0;0;0;0;0;5;0;0;0;0
"16/10/2023";"10:52:00";"138";"Acidente c";"306,000";"BR-386/RS";"Norte";"Colisão - Frontal";0;0;0;0;0;0;0;0;0;0;2;0;3;1;0
"16/10/2023";"12:55:00";"161";"Acidente c";"10,000";"BR-290/RS";"Ambos";"Saída de pista";0;0;0;0;0;0;0;0;0;0;0;0;4;0;0
"16/10/2023";"12:55:00";"162";"Acidente s";"10,000";"BR-290/RS";"Leste";"Saída de pista";0;0;0;0;0;0;0;0;0;0;1;0;0;0;0
"16/10/2023";"13:22:00";"165";"Acidente s";"19,000";"BR-290/RS";"Oeste";"Capotamento";0;0;0;0;0;0;0;0;0;0;1;0;0;0;0
"16/10/2023";"14:55:00";"182";"Acidente s";"65,000";"BR-290/RS";"Oeste";"Saída de pista";0;0;0;0;0;0;0;0;0;0;1;0;0;0;0
"16/10/2023";"15:32:00";"184";"Acidente s";"360,500";"BR-386/RS";"Sul";"Saída de pista";0;0;0;0;0;0;0;0;0;0;1;0;0;0;0
"16/10/2023";"15:50:00";"188";"Acidente s";"411,000";"BR-386/RS";"Norte";"Saída de pista";0;0;0;0;0;0;0;0;0;0;1;0;0;0;0
"16/10/2023";"16:07:00";"190";"Acidente s";"401,000";"BR-386/RS";"Norte";"Saída de pista";0;0;0;0;0;0;0;0;0;0;2;0;0;0;0
"16/10/2023";"16:14:00";"191";"Acidente s";"19,000";"BR-290/RS";"Oeste";"Saída de pista";0;0;0;0;0;0;0;0;0;0;1;0;0;0;0
"16/10/2023";"16:55:00";"200";"Acidente s";"397,000";"BR-386/RS";"Norte";"Saída de pista";0;0;0;0;0;0;0;0;0;0;1;0;0;0;0
"16/10/2023";"18:03:00";"221";"Acidente s";"401,100";"BR-386/RS";"Norte";"Queda de ribanceira";0;0;0;0;0;0;0;0;0;0;3;0;0;0;0
"16/10/2023";"19:08:00";"232";"Acidente s";"253,000";"BR-386/RS";"Sul";"Outros";0;0;0;0;0;0;0;0;0;0;2;0;0;0;0
"16/10/2023";"23:18:00";"270";"Acidente s";"256,000";"BR-386/RS";"Norte";"Saída de pista";0;0;0;0;0;0;0;0;0;0;2;0;0;0;0
"17/10/2023";"06:30:00";"32";"Acidente s";"22,000";"BR-448/RS";"Sul";"Choque Barreira";0;0;0;0;0;0;0;0;0;0;1;0;0;0;0
"17/10/2023";"15:11:00";"188";"Acidente c";"342,700";"BR-386/RS";"Norte";"Engavetamento";0;0;0;1;0;0;0;0;0;0;2;1;0;0;0
"17/10/2023";"17:41:00";"235";"Acidente s";"80,000";"BR-290/RS";"Oeste";"Saída de pista";0;0;0;0;0;0;0;0;0;0;1;0;0;0;0
"18/10/2023";"03:41:00";"22";"Acidente c";"434,900";"BR-386/RS";"Norte";"Queda de moto";0;0;0;1;0;0;0;0;0;0;0;2;0;0;0
"18/10/2023";"05:04:00";"26";"Acidente s";"431,000";"BR-386/RS";"Norte";"Atropelamento de Animal";0;0;1;0;0;0;0;0;0;0;1;0;0;0;0
"18/10/2023";"08:45:00";"129";"Acidente s";"432,800";"BR-386/RS";"Norte";"Engavetamento";0;0;3;0;0;0;0;0;0;0;4;0;0;0;0
"18/10/2023";"17:49:00";"256";"Acidente s";"92,000";"BR-290/RS";"Leste";"Colisão - Traseira";0;0;0;1;0;0;0;0;0;0;2;0;0;0;0