data;horario;n_da_ocorrencia;tipo_de_ocorrencia;km;trecho;sentido;tipo_de_acidente;automovel;bicicleta;caminhao;moto;onibus;outros;tracao_animal;transporte_de_cargas_especiais;trator_maquinas;utilitarios;ilesos;levemente_feridos;moderadamente_feridos;gravemente_feridos;mortos
"18/10/2023";"20:37:00";"284";"Acidente c";"295,500";"BR-386/RS";"Norte";"Tombamento";0;0;2;0;0;0;0;0;0;0;1;0;1;0;0
"19/10/2023";"07:26:00";"84";"Acidente s";"83,000";"BR-290/RS";"Oeste";"Engavetamento";0;0;0;0;0;0;0;0;0;0;6;0;0;0;0
"19/10/2023";"16:54:00";"250";"Acidente s";"35,000";"BR-101/RS";"Sul";"Choque Defensa";0;0;0;0;0;0;0;0;0;0;1;0;0;0;0
"19/10/2023";"19:18:00";"278";"Acidente s";"391,600";"BR-386/RS";"Sul";"Colisão - Traseira";0;0;1;0;0;0;0;0;0;0;4;0;0;0;0
"20/10/2023";"05:56:00";"31";"Acidente s";"75,000";"BR-290/RS";"Leste";"Queda de moto";0;0;0;1;0;0;0;0;0;0;2;0;0;0;0
"20/10/2023";"12:21:00";"197";"Acidente s";"71,000";"BR-101/RS";"Sul";"Choque Defensa";0;0;1;0;0;0;0;0;0;0;1;0;0;0;0
"20/10/2023";"12:47:00";"204";"Acidente c";"216,000";"BR-386/RS";"Norte";"Colisão - Traseira";0;0;1;0;0;0;0;0;0;0;1;1;0;0;0
"20/10/2023";"16:29:00";"260";"Acidente s";"435,000";"BR-386/RS";"Ambos";"Colisão - Lateral";0;0;1;0;0;0;0;0;0;0;10;0;0;0;0
"20/10/2023";"20:05:00";"302";"Acidente s";"68,000";"BR-101/RS";"Norte";"Colisão - Lateral";0;0;1;0;0;0;0;0;0;0;2;0;0;0;0
"20/10/2023";"20:11:00";"305";"Acidente s";"304,000";"BR-386/RS";"Sul";"Colisão - Transversal";0;0;1;0;0;0;0;0;0;0;2;0;0;0;0
"21/10/2023";"01:25:00";"20";"Acidente s";"308,000";"BR-386/RS";"Norte";"Queda de ribanceira";0;0;0;0;0;0;0;0;0;0;1;0;0;0;0
"21/10/2023";"01:53:00";"26";"Acidente s";"75,400";"BR-101/RS";"Norte";"Queda de ribanceira";0;0;1;0;0;0;0;0;0;0;1;0;0;0;0
"21/10/2023";"04:10:00";"35";"Acidente s";"235,200";"BR-386/RS";"Norte";"Capotamento";0;0;0;0;0;0;0;0;0;0;1;0;0;0;0
"21/10/2023";"07:29:00";"77";"Acidente s";"89,860";"BR-290/RS";"Oeste";"Queda de moto";0;0;0;1;0;0;0;0;0;0;1;0;0;0;0
"21/10/2023";"11:34:00";"150";"Acidente s";"80,000";"BR-290/RS";"Oeste";"Saída de pista";0;0;1;0;0;0;0;0;0;0;3;0;0;0;0
"21/10/2023";"13:50:00";"169";"Acidente c";"412,000";"BR-386/RS";"Norte";"Colisão - Lateral";0;0;0;2;0;0;0;0;0;0;0;1;0;1;0
"21/10/2023";"18:34:00";"232";"Acidente s";"60,000";"BR-290/RS";"Leste";"Choque Praça - Cabine";0;0;1;0;0;0;0;0;0;0;1;0;0;0;0
"21/10/2023";"20:11:00";"253";"Acidente c";"342,100";"BR-386/RS";"Norte";"Colisão - Lateral";0;0;1;0;0;0;0;0;0;0;2;0;1;0;0
"21/10/2023";"21:05:00";"258";"Acidente s";"366,000";"BR-386/RS";"Norte";"Choque Defensa";0;0;0;0;0;0;0;0;0;0;1;0;0;0;0
"21/10/2023";"23:17:00";"272";"Acidente s";"362,000";"BR-386/RS";"Norte";"Choque Defensa";0;0;0;0;0;0;0;0;0;0;1;0;0;0;0
"22/10/2023";"06:52:00";"35";"Acidente s";"48,000";"BR-290/RS";"Oeste";"Saída de pista";0;0;1;0;0;0;0;0;0;0;1;0;0;0;0
"22/10/2023";"10:25:00";"86";"Acidente c";"90,300";"BR-290/RS";"Leste";"Engavetamento";0;0;1;0;0;0;0;0;0;0;5;0;1;0;0
"22/10/2023";"16:07:00";"154";"Acidente s";"308,000";"BR-386/RS";"Norte";"Saída de pista";0;0;1;0;0;0;0;0;0;0;1;0;0;0;0
"22/10/2023";"20:47:00";"223";"Acidente c";"15,000";"BR-101/RS";"Sul";"Atropelamento de Animal";0;0;0;0;0;0;0;0;0;0;0;1;0;0;0
"22/10/2023";"23:33:00";"244";"Acidente c";"37,387";"BR-101/RS";"Sul";"Choque Defensa";0;0;0;0;0;0;0;0;0;0;0;0;1;0;0
"23/10/2023";"04:23:00";"20";"Atropelame";"346,45";"BR-386/RS";"Norte";"Atropelamento de pedestre";0;0;1;0;0;0;0;0;0;0;1;0;0;0;1
"23/10/2023";"12:35:00";"174";"Acidente s";"400,500";"BR-386/RS";"Norte";"Saída de pista";0;0;0;0;0;0;0;0;0;0;1;0;0;0;0
"23/10/2023";"13:28:00";"186";"Acidente s";"15,000";"BR-448/RS";"Sul";"Capotamento";0;0;0;0;0;0;0;0;0;0;1;0;0;0;0
"23/10/2023";"15:35:00";"206";"Acidente s";"414,100";"BR-386/RS";"Norte";"Colisão - Lateral";0;0;2;0;0;0;0;0;0;0;2;0;0;0;0
"23/10/2023";"19:07:00";"235";"Acidente s";"262,600";"BR-386/RS";"Norte";"Choque Praça - Cabine";0;0;1;0;0;0;0;0;0;0;1;0;0;0;0
"24/10/2023";"03:13:00";"14";"Acidente c";"268,500";"BR-386/RS";"Norte";"Saída de pista";0;0;1;0;0;0;0;0;0;0;0;1;0;0;0
"24/10/2023";"13:39:00";"180";"Acidente s";"426,000";"BR-386/RS";"Sul";"Colisão - Traseira";0;0;1;0;0;0;0;0;0;0;2;0;0;0;0
"24/10/2023";"14:39:00";"195";"Acidente s";"342,000";"BR-386/RS";"Sul";"Colisão - Lateral";0;0;0;0;0;0;0;0;0;0;2;0;0;0;0
"24/10/2023";"19:29:00";"242";"Acidente s";"90,000";"BR-290/RS";"Leste";"Queda de moto";0;0;0;1;0;0;0;0;0;0;1;0;0;0;0
"25/10/2023";"07:15:00";"62";"Acidente s";"80,000";"BR-290/RS";"Oeste";"Colisão - Traseira";0;0;0;0;0;0;0;0;0;0;2;0;0;0;0
"25/10/2023";"07:30:00";"72";"Acidente s";"419,000";"BR-386/RS";"Norte";"Atropelamento de Animal";0;0;0;0;0;0;0;0;0;0;1;0;0;0;0
"25/10/2023";"07:46:00";"86";"Acidente s";"420,000";"BR-386/RS";"Norte";"Choque Defensa";0;0;0;0;0;0;0;0;0;0;1;0;0;0;0
"25/10/2023";"07:55:00";"95";"Acidente s";"87,000";"BR-290/RS";"Oeste";"Colisão - Traseira";0;0;0;1;0;0;0;0;0;0;5;0;0;0;0
"25/10/2023";"08:15:00";"106";"Acidente c";"0,100";"BR-448/RS";"Sul";"Colisão - Lateral";0;0;0;1;0;0;0;0;0;0;1;1;0;0;0
"25/10/2023";"09:10:00";"137";"Acidente s";"349,000";"BR-386/RS";"Norte";"Colisão - Traseira";0;0;1;0;0;0;0;0;0;0;1;0;0;0;0
"25/10/2023";"11:17:00";"169";"Acidente s";"276,000";"BR-386/RS";"Norte";"Choque Defensa";0;0;0;0;0;0;0;0;0;0;1;0;0;0;0
"25/10/2023";"21:25:00";"273";"Acidente c";"41,902";"BR-290/RS";"Oeste";"Colisão - Traseira";0;0;1;0;0;0;0;0;0;0;1;0;0;1;0
"26/10/2023";"02:42:00";"13";"Acidente s";"392,000";"BR-386/RS";"Sul";"Saída de pista";0;0;1;0;0;0;0;0;0;0;1;0;0;0;0
"26/10/2023";"08:20:00";"114";"Acidente s";"96,000";"BR-290/RS";"Oeste";"Colisão - Traseira";0;0;0;0;0;0;0;0;0;0;2;0;0;0;0
"26/10/2023";"08:55:00";"127";"Acidente s";"19,000";"BR-290/RS";"Oeste";"Saída de pista";0;0;1;0;0;0;0;0;0;0;2;0;0;0;0
"26/10/2023";"09:19:00";"133";"Acidente c";"236,000";"BR-386/RS";"Sul";"Colisão - Traseira";1;0;1;0;0;0;0;0;0;0;1;0;0;0;1
"26/10/2023";"15:22:00";"209";"Acidente s";"84,200";"BR-290/RS";"Oeste";"Saída de pista";0;0;0;0;0;0;0;0;0;0;1;0;0;0;0
"26/10/2023";"16:41:00";"229";"Acidente s";"306,000";"BR-386/RS";"Sul";"Colisão - Traseira";1;0;1;0;0;0;0;0;0;0;31;0;0;0;0
"26/10/2023";"18:14:00";"251";"Acidente s";"354,000";"BR-386/RS";"Norte";"Capotamento";0;0;0;0;0;0;0;0;0;0;2;0;0;0;0
"26/10/2023";"19:10:00";"262";"Acidente s";"92,450";"BR-290/RS";"Leste";"Engavetamento";0;0;1;0;0;0;0;0;0;0;4;0;0;0;0
"27/10/2023";"00:32:00";"13";"Acidente s";"391,100";"BR-386/RS";"Sul";"Saída de pista";0;0;1;0;0;0;0;0;0;0;1;0;0;0;0
"27/10/2023";"02:56:00";"23";"Acidente s";"2,000";"BR-290/RS";"Oeste";"Saída de pista";0;0;0;0;0;0;0;0;0;0;2;0;0;0;0
"27/10/2023";"05:10:00";"30";"Acidente s";"73,000";"BR-290/RS";"Leste";"Saída de pista";0;0;0;0;0;0;0;0;0;0;1;0;0;0;0
"27/10/2023";"15:00:00";"232";"Acidente s";"349,000";"BR-386/RS";"Sul";"Colisão - Traseira";0;0;0;0;0;0;0;0;0;0;1;0;0;0;0
"27/10/2023";"17:30:00";"271";"Atropelame";"26,000";"BR-101/RS";"Norte";"Atropelamento - Andarilho";0;0;0;0;0;0;0;0;0;0;1;0;1;0;0
"27/10/2023";"19:31:00";"304";"Acidente c";"416,610";"BR-386/RS";"Ambos";"Colisão - Traseira";0;0;0;0;0;0;0;0;0;0;2;0;2;0;0
"27/10/2023";"20:04:00";"307";"Atropelame";"416,900";"BR-386/RS";"Sul";"Atropelamento - Esportista";0;0;0;0;0;0;0;0;0;0;1;0;1;0;0
"28/10/2023";"08:47:00";"96";"Acidente s";"307,200";"BR-386/RS";"Sul";"Saída de pista";0;0;1;0;0;0;0;0;0;0;1;0;0;0;0
"28/10/2023";"11:22:00";"133";"Acidente s";"307,000";"BR-386/RS";"Norte";"Saída de pista";0;0;0;0;0;0;0;0;0;0;1;0;0;0;0
"28/10/2023";"11:23:00";"134";"Acidente s";"306,000";"BR-386/RS";"Norte";"Saída de pista";0;0;0;0;0;0;0;0;0;0;2;0;0;0;0
"28/10/2023";"13:35:00";"156";"Acidente s";"427,000";"BR-386/RS";"Norte";"Colisão - Traseira";0;0;0;0;0;0;0;0;0;0;2;0;0;0;0
"28/10/2023";"20:07:00";"218";"Acidente c";"73,000";"BR-290/RS";"Leste";"Colisão - Traseira";0;0;0;1;0;0;0;0;0;0;2;1;0;0;0
"28/10/2023";"22:46:00";"240";"Atropelame";"2,000";"BR-101/RS";"Sul";"Atropelamento - Andarilho";0;0;0;0;0;0;0;0;0;0;2;0;1;0;0
"29/10/2023";"14:43:00";"131";"Acidente s";"435,000";"BR-386/RS";"Sul";"Colisão - Traseira";0;0;0;0;0;0;0;0;0;0;5;0;0;0;0
"29/10/2023";"14:48:00";"132";"Acidente s";"339,000";"BR-386/RS";"Norte";"Colisão - Lateral";0;0;0;0;0;0;0;0;0;0;1;0;0;0;0
"29/10/2023";"15:33:00";"139";"Acidente c";"196,300";"BR-386/RS";"Sul";"Colisão - Traseira";0;0;0;0;0;0;0;0;0;0;1;2;0;0;0
"29/10/2023";"20:01:00";"201";"Acidente s";"19,000";"BR-290/RS";"Oeste";"Colisão - Traseira";0;0;1;0;0;0;0;0;0;0;5;0;0;0;0
"29/10/2023";"21:14:00";"220";"Acidente c";"345,450";"BR-386/RS";"Sul";"Queda de moto";0;0;0;1;0;0;0;0;0;0;0;0;1;0;0
"29/10/2023";"21:14:00";"240";"Atropelame";"345,450";"BR-386/RS";"Sul";"Atropelamento - Usuário";0;0;0;2;0;0;0;0;0;0;1;0;1;0;0
"30/10/2023";"09:06:00";"138";"Acidente c";"88,000";"BR-290/RS";"Oeste";"Colisão - Traseira";0;0;0;0;0;0;0;0;0;0;1;1;0;0;0
"30/10/2023";"09:20:00";"141";"Acidente c";"238,000";"BR-386/RS";"Sul";"Saída de pista";0;0;0;0;0;0;0;0;0;0;0;1;0;0;0
"30/10/2023";"17:09:00";"227";"Acidente s";"19,000";"BR-290/RS";"Oeste";"Saída de pista";0;0;0;0;0;0;0;0;0;0;1;0;0;0;0
"30/10/2023";"17:16:00";"229";"Acidente c";"89,000";"BR-290/RS";"Leste";"Colisão - Traseira";0;0;0;1;0;0;0;0;0;0;1;1;0;0;0
"30/10/2023";"17:49:00";"233";"Acidente s";"94,000";"BR-290/RS";"Leste";"Queda de moto";0;0;0;1;0;0;0;0;0;0;1;0;0;0;0
"31/10/2023";"15:16:00";"184";"Acidente c";"232,000";"BR-386/RS";"Norte";"Saída de pista";0;0;0;0;0;0;0;0;0;0;1;3;0;0;0
"31/10/2023";"19:36:00";"219";"Acidente s";"392,000";"BR-386/RS";"Norte";"Colisão - Lateral";0;0;1;0;0;0;0;0;0;0;2;0;0;0;0
"31/10/2023";"20:09:00";"228";"Acidente s";"362,000";"BR-386/RS";"Sul";"Colisão - Transversal";0;0;0;0;0;0;0;0;0;0;3;0;0;0;0
"01/11/2023";"12:30:00";"167";"Acidente c";"81";"BR-290/RS";"Oeste";"Colisão - Traseira";1;0;0;1;0;0;0;0;0;0;1;0;1;0;0
"01/11/2023";"14:57:00";"194";"Acidente s";"434";"BR-386/RS";"Norte";"Colisão - Traseira";1;0;1;0;0;0;0;0;0;0;2;0;0;0;0
"01/11/2023";"16:00:00";"211";"Acidente c";"87";"BR-290/RS";"Oeste";"Engavetamento";1;0;1;1;0;0;0;0;0;0;2;1;0;0;0
"01/11/2023";"17:50:00";"228";"Acidente c";"96";"BR-290/RS";"Oeste";"Queda de moto";0;0;0;1;0;0;0;0;0;0;0;1;0;0;0
"01/11/2023";"20:11:00";"258";"Acidente s";"91";"BR-290/RS";"Leste";"Colisão - Lateral";1;0;1;0;0;0;0;0;0;0;3;0;0;0;0
"01/11/2023";"23:41:00";"297";"Acidente s";"8";"BR-101/RS";"Norte";"Colisão - Lateral";0;0;2;0;0;0;0;0;0;0;2;0;0;0;0
"02/11/2023";"00:57:00";"11";"Acidente s";"401";"BR-386/RS";"Sul";"Saída de pista";1;0;0;0;0;0;0;0;0;0;1;0;0;0;0
"02/11/2023";"02:15:00";"17";"Acidente c";"364";"BR-386/RS";"Sul";"Tombamento";0;0;1;0;0;0;0;0;0;0;0;1;0;0;0
"02/11/2023";"04:27:00";"33";"Acidente s";"308";"BR-386/RS";"Norte";"Choque Talude";1;0;0;0;0;0;0;0;0;0;4;0;0;0;0
"02/11/2023";"04:46:00";"38";"Acidente s";"342";"BR-386/RS";"Sul";"Colisão - Frontal";2;0;0;0;0;0;0;0;0;0;1;0;0;0;0
"02/11/2023";"11:19:00";"108";"Acidente s";"3";"BR-290/RS";"Leste";"Saída de pista";1;0;0;0;0;0;0;0;0;0;3;0;0;0;0
"02/11/2023";"15:46:00";"148";"Acidente s";"401";"BR-386/RS";"Norte";"Saída de pista";1;0;0;0;0;0;0;0;0;0;1;0;0;0;0
"02/11/2023";"16:08:00";"152";"Acidente s";"93";"BR-290/RS";"Leste";"Choque Barreira";1;0;0;0;0;0;0;0;0;0;1;0;0;0;0
"02/11/2023";"16:44:00";"160";"Acidente s";"283";"BR-386/RS";"Sul";"Saída de pista";1;0;0;0;0;0;0;0;0;0;2;0;0;0;0
"02/11/2023";"19:07:00";"192";"Acidente s";"94";"BR-290/RS";"Leste";"Choque Defensa";1;0;0;0;0;0;0;0;0;0;2;0;0;0;0
"02/11/2023";"21:35:00";"207";"Acidente s";"219";"BR-386/RS";"Norte";"Choque Defensa";1;0;0;0;0;0;0;0;0;0;2;0;0;0;0
"03/11/2023";"08:08:00";"73";"Acidente c";"441";"BR-386/RS";"Sul";"Queda de moto";0;0;0;1;0;0;0;0;0;0;0;1;0;0;0
"03/11/2023";"09:33:00";"95";"Acidente s";"411";"BR-386/RS";"Norte";"Saída de pista";1;0;0;0;0;0;0;0;0;0;1;0;0;0;0
"03/11/2023";"11:36:00";"120";"Acidente c";"279";"BR-386/RS";"Sul";"Saída de pista";1;0;0;0;0;0;0;0;0;0;1;0;1;0;0
"03/11/2023";"11:55:00";"125";"Acidente s";"411";"BR-386/RS";"Norte";"Saída de pista";1;0;0;0;0;0;0;0;0;0;3;0;0;0;0
"03/11/2023";"12:16:00";"128";"Acidente s";"92";"BR-290/RS";"Leste";"Saída de pista";1;0;0;0;0;0;0;0;0;0;1;0;0;0;0
"03/11/2023";"12:43:00";"134";"Acidente s";"307";"BR-386/RS";"Norte";"Saída de pista";1;0;0;0;0;0;0;0;0;0;3;0;0;0;0
"03/11/2023";"13:17:00";"136";"Acidente c";"92";"BR-290/RS";"Leste";"Colisão - Lateral";1;0;0;1;0;0;0;0;0;0;1;1;0;0;0
"03/11/2023";"14:03:00";"142";"Acidente s";"22";"BR-448/RS";"Sul";"Capotamento";1;0;0;0;0;0;0;0;0;0;3;0;0;0;0
"03/11/2023";"15:28:00";"156";"Acidente s";"5";"BR-290/RS";"Leste";"Saída de pista";1;0;0;0;0;0;0;0;0;0;2;0;0;0;0
"03/11/2023";"18:18:00";"189";"Acidente c";"89";"BR-290/RS";"Leste";"Colisão - Lateral";1;0;0;1;0;0;0;0;0;0;2;0;1;0;0
"03/11/2023";"19:37:00";"199";"Acidente s";"38";"BR-290/RS";"Leste";"Capotamento";1;0;0;0;0;0;0;0;0;0;2;0;0;0;0
"03/11/2023";"19:56:00";"203";"Acidente s";"430";"BR-386/RS";"Sul";"Colisão - Lateral";1;0;1;0;0;0;0;0;0;0;2;0;0;0;0
"03/11/2023";"22:23:00";"224";"Acidente c";"89";"BR-290/RS";"Leste";"Choque Barreira";1;0;0;0;0;0;0;0;0;0;1;0;1;0;0
"03/11/2023";"23:00:00";"226";"Acidente c";"87";"BR-290/RS";"Leste";"Choque Barreira";1;0;0;0;0;0;0;0;0;0;0;2;0;0;0
"04/11/2023";"10:57:00";"139";"Acidente c";"343";"BR-386/RS";"Norte";"Colisão - Traseira";1;0;0;1;0;0;0;0;0;0;2;1;0;0;0
"04/11/2023";"14:43:00";"184";"Acidente s";"26";"BR-101/RS";"Sul";"Saída de pista";1;0;0;0;0;0;0;0;0;0;5;0;0;0;0
"04/11/2023";"15:07:00";"189";"Acidente s";"217";"BR-386/RS";"Sul";"Saída de pista";1;0;0;0;0;0;0;0;0;0;1;0;0;0;0
"04/11/2023";"16:54:00";"213";"Acidente s";"216";"BR-386/RS";"Sul";"Colisão - Lateral";1;0;1;0;0;0;0;0;0;0;2;0;0;0;0
"05/11/2023";"02:06:00";"16";"Acidente s";"298";"BR-386/RS";"Norte";"Queda de ribanceira";0;0;1;0;0;0;0;0;0;0;1;0;0;0;0
"05/11/2023";"06:22:00";"33";"Acidente s";"414";"BR-386/RS";"Sul";"Capotamento";1;0;0;0;0;0;0;0;0;0;1;0;0;0;0
"05/11/2023";"11:49:00";"93";"Acidente s";"401";"BR-386/RS";"Norte";"Colisão - Lateral";1;0;1;0;0;0;0;0;0;0;2;0;0;0;0
"05/11/2023";"16:14:00";"156";"Acidente s";"426";"BR-386/RS";"Norte";"Colisão - Traseira";2;0;0;0;0;0;0;0;0;0;1;0;0;0;0
"05/11/2023";"18:35:00";"195";"Acidente s";"75";"BR-290/RS";"Leste";"Colisão - Traseira";2;0;0;0;0;0;0;0;0;0;2;0;0;0;0
"05/11/2023";"20:15:00";"220";"Acidente s";"64";"BR-290/RS";"Oeste";"Colisão - Traseira";2;0;0;0;0;0;0;0;0;0;5;0;0;0;0
"05/11/2023";"21:19:00";"239";"Acidente s";"26";"BR-290/RS";"Oeste";"Saída de pista";1;0;0;0;0;0;0;0;0;0;2;0;0;0;0
"06/11/2023";"03:53:00";"20";"Acidente s";"82";"BR-101/RS";"Norte";"Saída de pista";1;0;0;0;0;0;0;0;0;0;3;0;0;0;0
"06/11/2023";"05:37:00";"29";"Acidente s";"70";"BR-101/RS";"Sul";"Saída de pista";1;0;0;0;0;0;0;0;0;0;5;0;0;0;0
"06/11/2023";"07:32:00";"93";"Acidente s";"3";"BR-448/RS";"Sul";"Colisão - Traseira";1;0;0;0;0;0;0;0;0;0;1;0;0;0;0
"06/11/2023";"07:53:00";"104";"Acidente s";"416";"BR-386/RS";"Sul";"Colisão - Traseira";1;0;0;0;0;0;0;0;0;0;1;0;0;0;0
"06/11/2023";"09:22:00";"154";"Acidente c";"33";"BR-290/RS";"Leste";"Saída de pista";1;0;0;0;0;0;0;0;0;0;1;1;0;0;0
"06/11/2023";"14:27:00";"236";"Acidente s";"191";"BR-386/RS";"Sul";"Colisão - Traseira";0;0;2;0;0;0;0;0;0;0;2;0;0;0;0
"06/11/2023";"17:40:00";"263";"Acidente c";"352";"BR-386/RS";"Sul";"Colisão - Traseira";0;0;1;1;0;0;0;0;0;0;1;0;1;0;0
"06/11/2023";"20:50:00";"299";"Acidente s";"218";"BR-386/RS";"Norte";"Colisão - Traseira";2;0;0;0;0;0;0;0;0;0;3;0;0;0;0
"07/11/2023";"08:11:00";"120";"Acidente c";"55";"BR-290/RS";"Oeste";"Capotamento";1;0;0;0;0;0;0;0;0;0;0;0;1;0;0
"07/11/2023";"09:21:00";"150";"Acidente c";"329";"BR-386/RS";"Norte";"Choque Defensa";1;0;0;0;0;0;0;0;0;0;0;1;0;0;0
"07/11/2023";"09:29:00";"154";"Acidente s";"392";"BR-386/RS";"Sul";"Colisão - Lateral";2;0;0;0;0;0;0;0;0;0;2;0;0;0;0
"07/11/2023";"12:35:00";"201";"Acidente s";"75";"BR-290/RS";"Oeste";"Choque Defensa";0;0;1;0;0;0;0;0;0;0;1;0;0;0;0
"07/11/2023";"15:32:00";"248";"Acidente s";"60";"BR-290/RS";"Leste";"Queda de moto";0;0;0;1;0;0;0;0;0;0;1;0;0;0;0
"07/11/2023";"18:16:00";"291";"Acidente s";"302";"BR-386/RS";"Norte";"Colisão - Lateral";1;0;1;0;0;0;0;0;0;0;2;0;0;0;0
"08/11/2023";"04:41:00";"45";"Acidente c";"7";"BR-290/RS";"Leste";"Choque com veículo na faixa de rolamento";0;0;2;0;0;0;0;0;0;0;2;1;0;0;1
"08/11/2023";"12:21:00";"226";"Acidente s";"338";"BR-386/RS";"Norte";"Colisão - Traseira";2;0;0;0;0;0;0;0;0;0;2;0;0;0;0
"08/11/2023";"13:19:00";"246";"Acidente c";"395";"BR-386/RS";"Sul";"Capotamento";1;0;0;0;0;0;0;0;0;0;0;1;0;0;0
"08/11/2023";"17:56:00";"315";"Acidente s";"94";"BR-290/RS";"Leste";"Colisão - Traseira";2;0;0;0;0;0;0;0;0;0;2;0;0;0;0
"08/11/2023";"19:14:00";"328";"Acidente s";"436";"BR-386/RS";"Sul";"Colisão - Lateral";1;0;1;0;0;0;0;0;0;0;3;0;0;0;0
"09/11/2023";"00:50:00";"13";"Acidente s";"83";"BR-290/RS";"Leste";"Capotamento";1;0;0;0;0;0;0;0;0;0;2;0;0;0;0
"09/11/2023";"05:29:00";"24";"Acidente s";"21";"BR-448/RS";"Sul";"Choque Defensa";1;0;0;0;0;0;0;0;0;0;1;0;0;0;0
"09/11/2023";"06:01:00";"26";"Acidente s";"407";"BR-386/RS";"Norte";"Colisão - Traseira";0;0;2;0;0;0;0;0;0;0;3;0;0;0;0
"09/11/2023";"12:28:00";"187";"Acidente s";"334";"BR-386/RS";"Norte";"Saída de pista";0;0;1;0;0;0;0;0;0;0;1;0;0;0;0
"09/11/2023";"20:01:00";"281";"Acidente s";"256";"BR-386/RS";"Sul";"Saída de pista";1;0;0;0;0;0;0;0;0;0;3;0;0;0;0
"09/11/2023";"23:07:00";"302";"Acidente s";"308";"BR-386/RS";"Norte";"Choque com objeto sobre a pista";0;0;1;0;0;0;0;0;0;0;1;0;0;0;0
"10/11/2023";"02:10:00";"18";"Acidente c";"347";"BR-386/RS";"Norte";"Choque Barreira";1;0;0;0;0;0;0;0;0;0;0;1;0;0;0
"10/11/2023";"05:34:00";"30";"Acidente s";"86";"BR-290/RS";"Leste";"Saída de pista";1;0;0;0;0;0;0;0;0;0;2;0;0;0;0
"10/11/2023";"07:59:00";"104";"Acidente s";"350";"BR-386/RS";"Norte";"Colisão - Traseira";1;0;0;1;0;0;0;0;0;0;2;0;0;0;0
"10/11/2023";"08:29:00";"134";"Acidente s";"343";"BR-386/RS";"Sul";"Colisão - Traseira";2;0;0;0;0;0;0;0;0;0;4;0;0;0;0
"10/11/2023";"10:20:00";"178";"Acidente s";"218";"BR-386/RS";"Sul";"Colisão - Traseira";1;0;1;0;0;0;0;0;0;0;5;0;0;0;0
"10/11/2023";"13:16:00";"208";"Acidente c";"88";"BR-290/RS";"Leste";"Tombamento";0;0;1;1;0;0;0;0;0;0;1;1;0;0;0
"10/11/2023";"18:56:00";"295";"Acidente s";"11";"BR-448/RS";"Norte";"Colisão - Traseira";2;0;0;0;0;0;0;0;0;0;1;0;0;0;0
"10/11/2023";"20:04:00";"308";"Acidente c";"237";"BR-386/RS";"Sul";"Colisão - Traseira";1;0;1;0;0;0;0;0;0;0;2;2;0;0;0
"10/11/2023";"22:24:00";"339";"Acidente s";"92";"BR-290/RS";"Leste";"Colisão - Lateral";2;0;0;0;0;0;0;0;0;0;4;0;0;0;0
"10/11/2023";"23:09:00";"344";"Acidente s";"91";"BR-290/RS";"Leste";"Colisão - Lateral";1;0;1;0;0;0;0;0;0;0;3;0;0;0;0
"10/11/2023";"23:37:00";"347";"Acidente s";"25";"BR-290/RS";"Leste";"Saída de pista";1;0;0;0;0;0;0;0;0;0;3;0;0;0;0
"11/11/2023";"01:04:00";"4";"Acidente s";"60";"BR-290/RS";"Oeste";"Colisão - Lateral";0;0;2;0;0;0;0;0;0;0;3;0;0;0;0
"11/11/2023";"01:54:00";"13";"Acidente c";"85";"BR-290/RS";"Leste";"Tombamento";0;0;1;0;0;0;0;0;0;0;1;2;0;0;0
"11/11/2023";"07:26:00";"80";"Acidente c";"92";"BR-290/RS";"Oeste";"Queda de moto";0;0;0;1;0;0;0;0;0;0;0;1;1;0;0
"11/11/2023";"08:16:00";"101";"Acidente c";"75";"BR-290/RS";"Oeste";"Choque Barreira";1;0;0;0;0;0;0;0;0;0;0;1;0;0;0
"11/11/2023";"11:13:00";"158";"Acidente s";"344";"BR-386/RS";"Sul";"Colisão - Traseira";2;0;0;0;0;0;0;0;0;0;2;0;0;0;0
"11/11/2023";"11:22:00";"163";"Acidente s";"348";"BR-386/RS";"Norte";"Colisão - Traseira";1;0;0;0;0;0;0;0;0;0;1;0;0;0;0
"11/11/2023";"11:42:00";"168";"Acidente s";"342";"BR-386/RS";"Sul";"Colisão - Traseira";2;0;0;0;0;0;0;0;0;0;2;0;0;0;0
"11/11/2023";"13:09:00";"188";"Acidente s";"22";"BR-448/RS";"Norte";"Colisão - Traseira";2;0;0;0;0;0;0;0;0;0;3;0;0;0;0
"11/11/2023";"14:17:00";"198";"Acidente s";"60";"BR-290/RS";"Oeste";"Engavetamento";3;0;0;0;0;0;0;0;0;0;9;0;0;0;0
"11/11/2023";"14:20:00";"199";"Acidente s";"435";"BR-386/RS";"Sul";"Choque - Meio Fio";1;0;0;0;0;0;0;0;0;0;2;0;0;0;0
"11/11/2023";"15:14:00";"201";"Acidente c";"93";"BR-290/RS";"Leste";"Choque Barreira";1;0;0;0;0;0;0;0;0;0;0;0;1;0;0
"11/11/2023";"15:28:00";"203";"Acidente s";"307";"BR-386/RS";"Sul";"Saída de pista";0;0;1;0;0;0;0;0;0;0;1;0;0;0;0
"11/11/2023";"16:31:00";"215";"Acidente c";"15";"BR-290/RS";"Oeste";"Choque Defensa";1;0;0;0;0;0;0;0;0;0;0;1;0;0;0
"11/11/2023";"18:29:00";"235";"Acidente s";"440";"BR-386/RS";"Norte";"Saída de pista";1;0;0;0;0;0;0;0;0;0;1;0;0;0;0