data;horario;n_da_ocorrencia;tipo_de_ocorrencia;km;trecho;sentido;tipo_de_acidente;automovel;bicicleta;caminhao;moto;onibus;outros;tracao_animal;transporte_de_cargas_especiais;trator_maquinas;utilitarios;ilesos;levemente_feridos;moderadamente_feridos;gravemente_feridos;mortos
"28/11/2023";"15:53:00";"185";"Acidente s";"415";"BR-386/RS";"Sul";"Colisão - Lateral";1;0;0;0;0;0;0;0;0;0;1;0;0;0;0
"28/11/2023";"15:57:00";"186";"Acidente s";"426";"BR-386/RS";"Sul";"Queda de moto";0;0;0;1;0;0;0;0;0;0;2;0;0;0;0
"28/11/2023";"16:51:00";"195";"Acidente s";"10";"BR-448/RS";"Norte";"Saída de pista";1;0;0;0;0;0;0;0;0;0;1;0;0;0;0
"28/11/2023";"17:51:00";"206";"Acidente s";"92";"BR-290/RS";"Leste";"Colisão - Lateral";1;0;1;0;0;0;0;0;0;0;2;0;0;0;0
"28/11/2023";"19:29:00";"221";"Acidente c";"22";"BR-448/RS";"Norte";"Choque Barreira";1;0;0;0;0;0;0;0;0;0;3;0;1;0;0
"29/11/2023";"06:11:00";"25";"Acidente s";"74";"BR-290/RS";"Leste";"Choque com objeto sobre a pista";0;0;2;0;0;0;0;0;0;0;2;0;0;0;0
"29/11/2023";"10:57:00";"173";"Acidente s";"293";"BR-386/RS";"Sul";"Colisão - Lateral";1;0;1;0;0;0;0;0;0;0;5;0;0;0;0
"29/11/2023";"17:45:00";"288";"Acidente s";"19";"BR-290/RS";"Leste";"Choque Praça - Cabine";0;0;1;0;0;0;0;0;0;0;2;0;0;0;0
"29/11/2023";"18:10:00";"291";"Acidente s";"79";"BR-290/RS";"Leste";"Colisão - Lateral";1;0;1;0;0;0;0;0;0;0;3;0;0;0;0
"29/11/2023";"18:18:00";"293";"Acidente s";"353";"BR-386/RS";"Norte";"Colisão - Traseira";2;0;0;1;0;0;0;0;0;0;3;0;0;0;0
"29/11/2023";"18:24:00";"295";"Acidente c";"5";"BR-448/RS";"Norte";"Choque Barreira";0;0;0;1;0;0;0;0;0;0;0;0;0;1;0
"29/11/2023";"21:42:00";"330";"Acidente s";"35";"BR-101/RS";"Sul";"Choque - Meio Fio";0;0;1;0;0;0;0;0;0;0;1;0;0;0;0
"29/11/2023";"23:17:00";"337";"Acidente s";"44";"BR-101/RS";"Sul";"Choque Barreira";1;0;0;0;0;0;0;0;0;0;2;0;0;0;0
"30/11/2023";"00:36:00";"2";"Acidente s";"64";"BR-101/RS";"Sul";"Colisão - Traseira";1;0;1;0;0;0;0;0;0;0;2;0;0;0;0
"30/11/2023";"03:43:00";"18";"Acidente s";"57";"BR-101/RS";"Norte";"Saída de pista";0;0;1;0;0;0;0;0;0;0;1;0;0;0;0
"30/11/2023";"03:54:00";"19";"Acidente s";"12";"BR-101/RS";"Norte";"Atropelamento de Animal";0;0;1;0;0;0;0;0;0;0;1;0;0;0;0
"30/11/2023";"07:01:00";"51";"Acidente s";"341";"BR-386/RS";"Sul";"Engavetamento";2;0;1;0;0;0;0;0;0;0;3;0;0;0;0
"30/11/2023";"08:33:00";"125";"Acidente s";"254";"BR-386/RS";"Norte";"Tombamento";0;0;1;0;0;0;0;0;0;0;1;0;0;0;0
"30/11/2023";"15:48:00";"259";"Acidente s";"351";"BR-386/RS";"Norte";"Colisão - Lateral";1;0;1;0;0;0;0;0;0;0;2;0;0;0;0
"30/11/2023";"16:28:00";"270";"Acidente s";"351";"BR-386/RS";"Norte";"Colisão - Lateral";1;0;1;0;0;0;0;0;0;0;2;0;0;0;0
"30/11/2023";"19:34:00";"310";"Acidente c";"385";"BR-386/RS";"Sul";"Colisão - Transversal";1;0;0;1;0;0;0;0;0;0;1;0;0;1;0
"30/11/2023";"20:54:00";"335";"Acidente s";"420";"BR-386/RS";"Norte";"Choque Defensa";1;0;0;0;0;0;0;0;0;0;3;0;0;0;0
"30/11/2023";"21:51:00";"349";"Acidente c";"346";"BR-386/RS";"Norte";"Queda de moto";0;0;0;1;0;0;0;0;0;0;0;1;0;0;0
"30/11/2023";"21:52:00";"350";"Acidente s";"420";"BR-386/RS";"Sul";"Colisão - Lateral";1;0;1;0;0;0;0;0;0;0;2;0;0;0;0
"01/12/2023";"00:05:00";"1";"Acidente s";"408";"BR-386/RS";"Norte";"Colisão - Traseira";0;0;0;0;0;0;0;0;0;2;2;0;0;0;0
"01/12/2023";"09:56:00";"151";"Acidente c";"242,6";"BR-386/RS";"Sul";"Colisão - Frontal";1;0;0;0;0;0;0;1;0;0;0;0;4;0;0
"01/12/2023";"14:28:00";"216";"Acidente c";"7";"BR-101/RS";"Norte";"Colisão - Lateral";2;0;0;0;0;0;0;0;0;0;2;0;1;0;0
"01/12/2023";"18:12:00";"291";"Acidente s";"255";"BR-386/RS";"Sul";"Queda de ribanceira";1;0;0;0;0;0;0;0;0;0;1;0;0;0;0
"01/12/2023";"18:17:00";"292";"Acidente s";"243";"BR-386/RS";"Sul";"Colisão - Traseira";1;0;0;0;0;0;0;0;0;1;4;0;0;0;0
"01/12/2023";"21:08:00";"340";"Acidente c";"240";"BR-386/RS";"Sul";"Queda de moto";0;0;0;1;0;0;0;0;0;0;1;1;0;0;0
"01/12/2023";"22:29:00";"348";"Acidente s";"413";"BR-386/RS";"Norte";"Colisão - Lateral";1;0;0;0;0;0;0;0;0;1;1;0;0;0;0
"01/12/2023";"23:34:00";"356";"Acidente s";"74,223";"BR-101/RS";"Norte";"Colisão - Lateral";1;0;0;0;0;0;0;0;0;1;5;0;0;0;0
"01/12/2023";"23:48:00";"359";"Acidente s";"410";"BR-386/RS";"Norte";"Queda de ribanceira";1;0;0;0;0;0;0;0;0;0;1;0;0;0;0
"02/12/2023";"08:05:00";"85";"Acidente c";"71";"BR-290/RS";"Oeste";"Queda de moto";0;0;0;1;0;0;0;0;0;0;0;2;0;0;0
"02/12/2023";"09:14:00";"111";"Acidente s";"209";"BR-386/RS";"Norte";"Engavetamento";3;0;0;0;0;0;0;0;0;0;8;0;0;0;0
"02/12/2023";"12:49:00";"157";"Acidente s";"68";"BR-290/RS";"Leste";"Saída de pista";0;0;0;0;0;0;0;0;0;1;1;0;0;0;0
"02/12/2023";"14:40:00";"177";"Acidente s";"417";"BR-386/RS";"Norte";"Choque Defensa";1;0;0;0;0;0;0;0;0;0;2;0;0;0;0
"02/12/2023";"17:01:00";"212";"Acidente s";"70";"BR-290/RS";"Leste";"Saída de pista";1;0;0;0;0;0;0;0;0;0;1;0;0;0;0
"02/12/2023";"17:07:00";"214";"Acidente s";"410";"BR-386/RS";"Norte";"Saída de pista";1;0;0;0;0;0;0;0;0;0;3;0;0;0;0
"02/12/2023";"17:19:00";"217";"Acidente c";"301,212";"BR-386/RS";"Sul";"Saída de pista";1;0;0;0;0;0;0;0;0;0;0;2;0;0;0
"02/12/2023";"18:17:00";"227";"Acidente s";"392";"BR-386/RS";"Sul";"Saída de pista";1;0;0;0;0;0;0;0;0;0;5;0;0;0;0
"02/12/2023";"18:38:00";"229";"Acidente s";"5";"BR-101/RS";"Ambos";"Choque Barreira";0;0;0;0;0;0;0;0;0;1;1;0;0;0;0
"02/12/2023";"18:55:00";"232";"Acidente s";"9";"BR-448/RS";"Norte";"Saída de pista";1;0;0;0;0;0;0;0;0;0;2;0;0;0;0
"02/12/2023";"21:31:00";"253";"Acidente s";"80";"BR-290/RS";"Leste";"Choque Barreira";1;0;0;0;0;0;0;0;0;0;1;0;0;0;0
"02/12/2023";"21:56:00";"259";"Acidente c";"69";"BR-290/RS";"Leste";"Colisão - Traseira";1;0;0;0;0;0;0;0;0;1;1;0;0;0;1
"03/12/2023";"03:35:00";"20";"Acidente s";"75";"BR-290/RS";"Leste";"Choque Defensa";1;0;0;0;0;0;0;0;0;0;1;0;0;0;0
"03/12/2023";"03:37:00";"23";"Acidente c";"341";"BR-386/RS";"Sul";"Queda de moto";0;0;0;1;0;0;0;0;0;0;0;0;0;1;0
"03/12/2023";"04:49:00";"28";"Acidente s";"360";"BR-386/RS";"Norte";"Capotamento";1;0;0;0;0;0;0;0;0;0;1;0;0;0;0
"03/12/2023";"09:17:00";"66";"Acidente c";"349,12";"BR-386/RS";"Sul";"Queda de moto";0;0;0;1;0;0;0;0;0;0;0;1;0;0;0
"03/12/2023";"10:45:00";"85";"Acidente s";"1";"BR-290/RS";"Leste";"Choque Defensa";1;0;0;0;0;0;0;0;0;0;1;0;0;0;0
"03/12/2023";"10:54:00";"87";"Acidente c";"429";"BR-386/RS";"Sul";"Colisão - Frontal";2;0;0;0;0;0;0;0;0;0;2;1;0;0;0
"03/12/2023";"12:57:00";"106";"Acidente s";"84";"BR-101/RS";"Sul";"Colisão - Lateral";2;0;0;0;0;0;0;0;0;0;7;0;0;0;0
"03/12/2023";"15:27:00";"128";"Acidente s";"86";"BR-290/RS";"Leste";"Choque - Meio Fio";1;0;0;0;0;0;0;0;0;0;2;0;0;0;0
"03/12/2023";"18:08:00";"159";"Acidente s";"403";"BR-386/RS";"Sul";"Saída de pista";1;0;0;0;0;0;0;0;0;0;1;0;0;0;0
"03/12/2023";"19:35:00";"174";"Acidente c";"287";"BR-386/RS";"Sul";"Colisão - Frontal";1;0;0;0;0;0;0;1;0;0;1;0;2;2;0
"03/12/2023";"19:52:00";"179";"Acidente s";"42";"BR-290/RS";"Oeste";"Saída de pista";1;0;0;0;0;0;0;0;0;0;4;0;0;0;0
"03/12/2023";"20:48:00";"194";"Acidente s";"281";"BR-386/RS";"Norte";"Saída de pista";1;0;0;0;0;0;0;0;0;0;1;0;0;0;0
"03/12/2023";"21:13:00";"198";"Acidente s";"91";"BR-290/RS";"Oeste";"Choque Defensa";1;0;0;0;0;0;0;0;0;0;3;0;0;0;0
"03/12/2023";"23:56:00";"221";"Acidente s";"19,515";"BR-290/RS";"Oeste";"Capotamento";1;0;0;0;0;0;0;0;0;0;1;0;0;0;0
"04/12/2023";"08:58:00";"111";"Acidente s";"349,15";"BR-386/RS";"Sul";"Colisão - Traseira";2;0;0;0;0;0;0;0;0;0;2;0;0;0;0
"04/12/2023";"09:41:00";"135";"Acidente s";"308,3";"BR-386/RS";"Norte";"Choque - Poste";0;0;0;0;0;0;0;1;0;0;1;0;0;0;0
"04/12/2023";"09:51:00";"137";"Acidente s";"31";"BR-101/RS";"Norte";"Saída de pista";1;0;0;0;0;0;0;0;0;0;2;0;0;0;0
"04/12/2023";"11:32:00";"164";"Atropelame";"17";"BR-290/RS";"Leste";"Atropelamento - Funcionário";2;0;0;0;0;0;0;0;0;0;2;0;0;1;0
"04/12/2023";"16:15:00";"222";"Acidente s";"235";"BR-386/RS";"Norte";"Queda de moto";0;0;0;1;0;0;0;0;0;0;1;0;0;0;0
"04/12/2023";"16:20:00";"224";"Acidente s";"43";"BR-101/RS";"Sul";"Queda de moto";0;0;0;1;0;0;0;0;0;0;1;0;0;0;0
"04/12/2023";"19:32:00";"256";"Acidente s";"65,515";"BR-290/RS";"Leste";"Saída de pista";1;0;0;0;0;0;0;0;0;0;1;0;0;0;0
"04/12/2023";"19:41:00";"259";"Acidente s";"245";"BR-386/RS";"Ambos";"Choque com veículo no acostamento";2;0;0;0;0;0;0;0;0;0;2;0;0;0;0
"05/12/2023";"07:31:00";"69";"Acidente c";"236";"BR-386/RS";"Norte";"Saída de pista";1;0;0;0;0;0;0;0;0;0;0;1;0;0;0
"05/12/2023";"08:35:00";"125";"Acidente s";"236";"BR-386/RS";"Norte";"Colisão - Lateral";2;0;0;0;0;0;0;0;0;0;1;0;0;0;0
"05/12/2023";"09:18:00";"148";"Acidente s";"96";"BR-290/RS";"Oeste";"Engavetamento";3;0;0;0;0;0;0;0;0;0;6;0;0;0;0
"05/12/2023";"10:02:00";"165";"Acidente c";"97";"BR-290/RS";"Leste";"Colisão - Traseira";1;0;0;0;0;0;0;1;0;0;2;0;1;0;0
"05/12/2023";"10:35:00";"174";"Acidente c";"42";"BR-290/RS";"Oeste";"Colisão - Lateral";1;0;1;0;0;0;0;0;0;0;1;1;0;0;0
"05/12/2023";"17:10:00";"244";"Acidente s";"51";"BR-101/RS";"Norte";"Saída de pista";1;0;0;0;0;0;0;0;0;0;1;0;0;0;0
"05/12/2023";"19:02:00";"263";"Acidente s";"342,3";"BR-386/RS";"Sul";"Colisão - Transversal";2;0;0;0;0;0;0;0;0;0;2;0;0;0;0
"05/12/2023";"21:03:00";"287";"Acidente s";"435,3";"BR-386/RS";"Sul";"Colisão - Transversal";2;0;0;0;0;0;0;0;0;0;2;0;0;0;0
"06/12/2023";"02:58:00";"25";"Acidente c";"26";"BR-290/RS";"Leste";"Saída de pista";0;0;0;0;0;0;0;0;0;1;0;1;0;0;0
"06/12/2023";"09:07:00";"153";"Acidente c";"96";"BR-290/RS";"Oeste";"Colisão - Traseira";1;0;0;0;0;0;0;0;0;0;1;3;0;0;0
"06/12/2023";"15:14:00";"251";"Acidente s";"93";"BR-290/RS";"Leste";"Colisão - Lateral";1;0;0;0;0;0;0;1;0;0;3;0;0;0;0
"06/12/2023";"16:19:00";"265";"Acidente s";"400,1";"BR-386/RS";"Norte";"Saída de pista";1;0;0;0;0;0;0;0;0;0;1;0;0;0;0
"06/12/2023";"17:22:00";"276";"Acidente s";"21,75";"BR-448/RS";"Sul";"Saída de pista";1;0;0;0;0;0;0;0;0;0;1;0;0;0;0
"06/12/2023";"18:53:00";"288";"Acidente s";"345,309";"BR-386/RS";"Sul";"Colisão - Lateral";2;0;0;0;0;0;0;0;0;0;2;0;0;0;0
"06/12/2023";"18:55:00";"289";"Acidente s";"363,9";"BR-386/RS";"Sul";"Queda de ribanceira";1;0;0;0;0;0;0;0;0;0;3;0;0;0;0
"07/12/2023";"03:16:00";"22";"Acidente s";"87,472";"BR-290/RS";"Oeste";"Tombamento";1;0;0;0;0;0;0;0;0;0;1;0;0;0;0
"07/12/2023";"07:36:00";"85";"Acidente s";"11,1";"BR-448/RS";"Norte";"Choque Defensa";1;0;0;0;0;0;0;0;0;0;1;0;0;0;0
"07/12/2023";"08:43:00";"137";"Acidente c";"97";"BR-290/RS";"Oeste";"Colisão - Lateral";1;0;0;1;0;0;0;0;0;0;3;1;0;0;0
"07/12/2023";"11:00:00";"191";"Acidente s";"280,11";"BR-386/RS";"Sul";"Colisão - Lateral";1;0;0;0;0;0;0;0;0;1;1;0;0;0;0
"07/12/2023";"12:54:00";"219";"Acidente s";"70";"BR-101/RS";"Sul";"Colisão - Traseira";2;0;0;0;0;0;0;0;0;0;4;0;0;0;0
"07/12/2023";"15:22:00";"250";"Acidente s";"60,96";"BR-290/RS";"Leste";"Colisão - Traseira";2;0;0;0;0;0;0;0;0;0;3;0;0;0;0
"07/12/2023";"16:14:00";"262";"Acidente c";"333";"BR-386/RS";"Norte";"Colisão - Frontal";0;0;1;0;0;0;0;0;0;1;0;0;1;1;0
"07/12/2023";"19:23:00";"295";"Acidente s";"10";"BR-448/RS";"Norte";"Saída de pista";0;0;0;0;0;0;0;0;0;1;1;0;0;0;0
"07/12/2023";"19:58:00";"302";"Acidente s";"309";"BR-386/RS";"Norte";"Saída de pista";1;0;0;0;0;0;0;0;0;0;1;0;0;0;0
"07/12/2023";"20:38:00";"310";"Acidente s";"338";"BR-386/RS";"Norte";"Queda de ribanceira";1;0;0;0;0;0;0;0;0;0;1;0;0;0;0
"08/12/2023";"02:03:00";"14";"Acidente s";"306";"BR-386/RS";"Sul";"Saída de pista";1;0;0;0;0;0;0;0;0;0;4;0;0;0;0
"08/12/2023";"03:05:00";"16";"Acidente s";"25";"BR-290/RS";"Oeste";"Choque Defensa";1;0;0;0;0;0;0;0;0;0;1;0;0;0;0
"08/12/2023";"03:38:00";"20";"Acidente s";"259";"BR-386/RS";"Norte";"Colisão - Lateral";0;0;0;0;0;0;0;0;0;1;1;0;0;0;0
"08/12/2023";"06:21:00";"35";"Acidente s";"46";"BR-290/RS";"Leste";"Saída de pista";1;0;0;0;0;0;0;0;0;0;1;0;0;0;0
"08/12/2023";"06:54:00";"58";"Acidente c";"435";"BR-386/RS";"Sul";"Colisão - Lateral";1;0;0;1;0;0;0;0;0;0;1;0;1;0;0
"08/12/2023";"09:12:00";"146";"Acidente c";"94";"BR-290/RS";"Oeste";"Colisão - Traseira";1;0;0;1;0;0;0;0;0;0;1;1;0;0;0
"08/12/2023";"15:16:00";"208";"Acidente c";"61";"BR-290/RS";"Oeste";"Tombamento";0;0;0;0;0;0;0;1;0;0;0;0;1;0;0
"08/12/2023";"16:51:00";"224";"Acidente c";"35";"BR-101/RS";"Sul";"Colisão - Traseira";1;0;0;1;0;0;0;0;0;0;0;1;1;0;0
"08/12/2023";"18:02:00";"239";"Acidente c";"68,268";"BR-290/RS";"Oeste";"Colisão - Traseira";1;0;0;1;0;0;0;0;0;0;1;0;0;1;0
"08/12/2023";"20:24:00";"269";"Acidente s";"61,96";"BR-290/RS";"Oeste";"Colisão - Traseira";1;0;0;0;0;0;0;0;0;1;3;0;0;0;0
"09/12/2023";"04:05:00";"28";"Acidente s";"69";"BR-290/RS";"Leste";"Saída de pista";1;0;0;0;0;0;0;0;0;0;2;0;0;0;0
"09/12/2023";"05:40:00";"40";"Acidente s";"426,01";"BR-386/RS";"Sul";"Colisão - Lateral";1;0;0;0;0;0;0;0;0;1;2;0;0;0;0
"09/12/2023";"16:16:00";"190";"Acidente c";"16";"BR-101/RS";"Sul";"Queda de moto";0;0;0;1;0;0;0;0;0;0;0;0;1;0;0
"09/12/2023";"17:43:00";"210";"Acidente s";"361,2";"BR-386/RS";"Sul";"Saída de pista";1;0;0;0;0;0;0;0;0;0;1;0;0;0;0
"09/12/2023";"20:39:00";"233";"Acidente c";"342,2";"BR-386/RS";"Sul";"Colisão - Traseira";1;0;0;1;0;0;0;0;0;0;1;1;0;0;0
"10/12/2023";"05:26:00";"27";"Acidente s";"9";"BR-101/RS";"Sul";"Saída de pista";1;0;0;0;0;0;0;0;0;0;1;0;0;0;0
"10/12/2023";"06:23:00";"38";"Acidente s";"28";"BR-101/RS";"Norte";"Choque Defensa";1;0;0;0;0;0;0;0;0;0;2;0;0;0;0
"10/12/2023";"08:51:00";"71";"Acidente c";"181";"BR-386/RS";"Sul";"Colisão - Traseira";1;0;0;0;0;0;0;1;0;0;1;1;0;0;0
"10/12/2023";"11:55:00";"103";"Acidente s";"52";"BR-101/RS";"Norte";"Atropelamento de Animal";1;0;0;0;0;0;0;0;0;0;1;0;0;0;0
"10/12/2023";"13:24:00";"117";"Acidente s";"413,8";"BR-386/RS";"Norte";"Choque Defensa";1;0;0;0;0;0;0;0;0;0;1;0;0;0;0
"10/12/2023";"14:20:00";"130";"Acidente s";"19";"BR-290/RS";"Oeste";"Saída de pista";1;0;0;0;0;0;0;0;0;0;2;0;0;0;0
"10/12/2023";"14:22:00";"131";"Acidente s";"411,1";"BR-386/RS";"Norte";"Saída de pista";1;0;0;0;0;0;0;0;0;0;4;0;0;0;0
"10/12/2023";"14:26:00";"132";"Acidente s";"77";"BR-290/RS";"Leste";"Choque Barreira";1;0;0;0;0;0;0;0;0;0;1;0;0;0;0
"10/12/2023";"15:26:00";"138";"Acidente s";"19,8";"BR-448/RS";"Sul";"Saída de pista";1;0;0;0;0;0;0;0;0;0;1;0;0;0;0
"10/12/2023";"20:16:00";"191";"Acidente c";"1";"BR-101/RS";"Norte";"Saída de pista";1;0;0;0;0;0;0;0;0;0;0;1;0;0;0
"10/12/2023";"21:37:00";"200";"Acidente s";"75,64";"BR-101/RS";"Sul";"Saída de pista";1;0;0;0;0;0;0;0;0;0;4;0;0;0;0
"11/12/2023";"12:37:00";"197";"Acidente s";"59";"BR-290/RS";"Leste";"Saída de pista";0;0;0;0;0;0;0;0;0;1;1;0;0;0;0
"11/12/2023";"13:18:00";"210";"Acidente s";"13";"BR-290/RS";"Leste";"Choque Defensa";1;0;0;0;0;0;0;0;0;0;4;0;0;0;0
"11/12/2023";"17:34:00";"268";"Acidente s";"37";"BR-290/RS";"Oeste";"Colisão - Lateral";2;0;0;0;0;0;0;0;0;0;7;0;0;0;0
"11/12/2023";"17:34:00";"267";"Acidente s";"93";"BR-290/RS";"Leste";"Colisão - Traseira";2;0;0;0;0;0;0;0;0;0;3;0;0;0;0
"11/12/2023";"17:41:00";"271";"Acidente s";"440";"BR-386/RS";"Sul";"Engavetamento";4;0;0;0;0;0;0;0;0;0;6;0;0;0;0
"11/12/2023";"22:57:00";"336";"Acidente s";"419";"BR-386/RS";"Norte";"Colisão - Lateral";1;0;0;0;0;0;0;0;0;1;2;0;0;0;0
"12/12/2023";"04:32:00";"29";"Acidente c";"45";"BR-101/RS";"Sul";"Colisão - Traseira";1;0;0;0;0;0;0;0;0;1;1;1;0;0;0
"12/12/2023";"07:06:00";"68";"Acidente s";"333,1";"BR-386/RS";"Sul";"Tombamento";0;0;0;0;0;0;0;1;0;0;1;0;0;0;0
"12/12/2023";"08:33:00";"131";"Acidente s";"180,25";"BR-386/RS";"Norte";"Saída de pista";0;0;0;0;0;0;0;1;0;0;1;0;0;0;0
"12/12/2023";"09:24:00";"146";"Acidente s";"95";"BR-290/RS";"Oeste";"Colisão - Traseira";2;0;0;0;0;0;0;0;0;0;3;0;0;0;0
"12/12/2023";"12:37:00";"194";"Acidente s";"96";"BR-290/RS";"Leste";"Colisão - Traseira";1;0;0;0;0;0;0;0;0;0;1;0;0;0;0
"12/12/2023";"14:04:00";"222";"Acidente s";"406,171";"BR-386/RS";"Norte";"Colisão - Transversal";1;0;0;0;0;0;0;1;0;0;2;0;0;0;0
"12/12/2023";"14:58:00";"235";"Acidente s";"92";"BR-290/RS";"Oeste";"Capotamento";1;0;0;0;0;0;0;0;0;0;1;0;0;0;0
"12/12/2023";"15:56:00";"246";"Acidente c";"433";"BR-386/RS";"Norte";"Saída de pista";1;0;0;0;0;0;0;0;0;1;0;3;0;0;0
"12/12/2023";"16:19:00";"251";"Acidente c";"18";"BR-101/RS";"Norte";"Queda de moto";0;0;0;1;0;0;0;0;0;0;0;1;0;0;0
"12/12/2023";"17:42:00";"269";"Acidente s";"60";"BR-290/RS";"Oeste";"Colisão - Traseira";2;0;0;0;0;0;0;0;0;0;7;0;0;0;0
"12/12/2023";"18:12:00";"273";"Acidente c";"6";"BR-101/RS";"Ambos";"Saída de pista";1;0;0;0;0;0;0;0;0;0;0;0;1;0;0
"12/12/2023";"21:48:00";"292";"Acidente s";"226";"BR-386/RS";"Sul";"Saída de pista";1;0;0;0;0;0;0;0;0;0;1;0;0;0;0
"13/12/2023";"00:05:00";"3";"Acidente c";"247";"BR-386/RS";"Norte";"Colisão - Transversal";1;0;0;0;0;0;0;1;0;0;1;0;1;0;0
"13/12/2023";"01:50:00";"17";"Acidente s";"345";"BR-386/RS";"Norte";"Queda de ribanceira";1;0;0;0;0;0;0;0;0;0;2;0;0;0;0
"13/12/2023";"06:09:00";"28";"Acidente c";"94";"BR-290/RS";"Leste";"Outros";0;0;0;0;0;0;0;2;0;0;1;0;1;0;0
"13/12/2023";"07:51:00";"85";"Acidente s";"91";"BR-290/RS";"Oeste";"Colisão - Traseira";1;0;0;0;0;0;0;1;0;0;2;0;0;0;0
"13/12/2023";"09:28:00";"140";"Acidente s";"71";"BR-290/RS";"Leste";"Colisão - Traseira";2;0;0;0;0;0;0;0;0;0;2;0;0;0;0
"13/12/2023";"15:11:00";"248";"Acidente s";"40";"BR-290/RS";"Leste";"Saída de pista";1;0;0;0;0;0;0;0;0;0;1;0;0;0;0
"13/12/2023";"18:09:00";"301";"Acidente s";"71";"BR-290/RS";"Leste";"Colisão - Traseira";2;0;0;0;0;0;0;0;0;0;6;0;0;0;0
"13/12/2023";"19:28:00";"316";"Acidente s";"226,1";"BR-386/RS";"Sul";"Saída de pista";0;0;0;0;0;0;0;1;0;0;1;0;0;0;0
"13/12/2023";"19:33:00";"318";"Acidente c";"86";"BR-290/RS";"Oeste";"Queda de moto";0;0;0;1;0;0;0;0;0;0;0;0;1;0;0
"13/12/2023";"20:55:00";"331";"Acidente s";"435";"BR-386/RS";"Sul";"Colisão - Transversal";1;0;0;1;0;0;0;0;0;0;2;0;0;0;0
"14/12/2023";"03:44:00";"26";"Acidente s";"10";"BR-448/RS";"Sul";"Choque Defensa";1;0;0;0;0;0;0;0;0;0;1;0;0;0;0
"14/12/2023";"06:13:00";"37";"Acidente s";"260,9";"BR-386/RS";"Sul";"Saída de pista";0;0;0;0;0;0;0;1;0;0;1;0;0;0;0
"14/12/2023";"07:49:00";"95";"Acidente s";"270";"BR-386/RS";"Norte";"Saída de pista";0;0;0;0;0;0;0;0;0;1;1;0;0;0;0
"14/12/2023";"08:21:00";"117";"Acidente s";"361,5";"BR-386/RS";"Norte";"Choque Barreira";1;0;0;0;0;0;0;0;0;0;1;0;0;0;0
"14/12/2023";"08:56:00";"136";"Acidente c";"95";"BR-290/RS";"Oeste";"Colisão - Lateral";1;0;0;1;0;0;0;0;0;0;1;1;0;0;0
"14/12/2023";"09:31:00";"145";"Acidente s";"83,9";"BR-290/RS";"Oeste";"Queda de moto";0;0;0;1;0;0;0;0;0;0;2;0;0;0;0
"14/12/2023";"10:20:00";"158";"Acidente c";"0,6";"BR-448/RS";"Sul";"Choque Defensa";1;0;0;0;0;0;0;0;0;0;0;0;1;0;0
"14/12/2023";"17:34:00";"254";"Acidente c";"351";"BR-386/RS";"Norte";"Colisão - Traseira";2;0;0;0;0;0;0;0;0;0;4;3;0;0;0
"14/12/2023";"19:42:00";"280";"Acidente c";"343";"BR-386/RS";"Sul";"Colisão - Frontal";0;0;0;2;0;0;0;0;0;0;0;0;2;0;0
"14/12/2023";"20:15:00";"287";"Acidente c";"417";"BR-386/RS";"Ambos";"Saída de pista";2;0;0;0;0;0;0;0;0;0;5;3;0;0;0
"14/12/2023";"21:54:00";"300";"Acidente s";"28,369";"BR-101/RS";"Sul";"Saída de pista";1;0;0;0;0;0;0;0;0;0;1;0;0;0;0
"14/12/2023";"22:15:00";"305";"Acidente c";"445";"BR-386/RS";"Sul";"Colisão - Transversal";2;0;0;0;0;0;0;0;0;0;0;1;0;0;0
"15/12/2023";"02:13:00";"15";"Acidente c";"93";"BR-290/RS";"Leste";"Queda de moto";0;0;0;1;0;0;0;0;0;0;1;1;0;0;0
"15/12/2023";"04:47:00";"33";"Acidente s";"43,552";"BR-290/RS";"Oeste";"Tombamento";0;0;0;0;0;0;0;0;0;1;1;0;0;0;0
"15/12/2023";"07:13:00";"66";"Acidente s";"92";"BR-290/RS";"Oeste";"Colisão - Traseira";1;0;0;1;0;0;0;0;0;0;2;0;0;0;0
"15/12/2023";"09:09:00";"148";"Acidente c";"337";"BR-386/RS";"Sul";"Saída de pista";1;0;0;0;0;0;0;0;0;1;0;1;3;1;0
"15/12/2023";"10:21:00";"176";"Acidente s";"351";"BR-386/RS";"Norte";"Colisão - Traseira";1;0;1;0;0;0;0;0;0;0;1;0;0;0;0
"15/12/2023";"10:47:00";"186";"Acidente s";"354";"BR-386/RS";"Norte";"Choque com veículo na faixa de rolamento";1;0;1;0;0;0;0;0;0;0;2;0;0;0;0
"15/12/2023";"15:39:00";"268";"Acidente s";"349";"BR-386/RS";"Sul";"Saída de pista";1;0;0;0;0;0;0;0;0;0;1;0;0;0;0
"15/12/2023";"17:02:00";"292";"Acidente c";"75";"BR-290/RS";"Leste";"Queda de moto";0;0;0;1;0;0;0;0;0;0;1;1;0;0;0
"15/12/2023";"17:07:00";"295";"Acidente s";"26";"BR-290/RS";"Oeste";"Colisão - Traseira";2;0;0;0;0;0;0;0;0;0;3;0;0;0;0
"15/12/2023";"18:13:00";"313";"Acidente s";"92";"BR-290/RS";"Leste";"Colisão - Traseira";2;0;0;0;0;0;0;0;0;0;4;0;0;0;0
"15/12/2023";"18:40:00";"320";"Acidente s";"435";"BR-386/RS";"Sul";"Saída de pista";1;0;0;0;0;0;0;0;0;0;2;0;0;0;0
"15/12/2023";"18:58:00";"323";"Acidente s";"368";"BR-386/RS";"Sul";"Saída de pista";1;0;0;0;0;0;0;0;0;0;1;0;0;0;0