data;horario;n_da_ocorrencia;tipo_de_ocorrencia;km;trecho;sentido;tipo_de_acidente;automovel;bicicleta;caminhao;moto;onibus;outros;tracao_animal;transporte_de_cargas_especiais;trator_maquinas;utilitarios;ilesos;levemente_feridos;moderadamente_feridos;gravemente_feridos;mortos
"15/12/2023";"22:37:00";"376";"Acidente s";"86";"BR-101/RS";"Norte";"Colisão - Lateral";0;0;0;0;0;0;0;2;0;0;2;0;0;0;0
"15/12/2023";"23:25:00";"380";"Acidente c";"58";"BR-101/RS";"Sul";"Saída de pista";1;0;0;0;0;0;0;0;0;0;0;0;1;0;0
"16/12/2023";"00:32:00";"12";"Acidente s";"92";"BR-290/RS";"Leste";"Saída de pista";1;0;0;0;0;0;0;0;0;0;2;0;0;0;0
"16/12/2023";"05:39:00";"40";"Acidente s";"79";"BR-290/RS";"Leste";"Colisão - Traseira";2;0;0;0;0;0;0;0;0;0;3;0;0;0;0
"16/12/2023";"12:25:00";"178";"Acidente c";"30";"BR-290/RS";"Leste";"Capotamento";1;0;0;0;0;0;0;0;0;0;3;0;1;0;0
"16/12/2023";"15:06:00";"209";"Acidente s";"278";"BR-386/RS";"Norte";"Saída de pista";1;0;0;0;0;0;0;0;0;0;1;0;0;0;0
"16/12/2023";"18:49:00";"275";"Acidente c";"83";"BR-290/RS";"Leste";"Queda de moto";0;0;0;1;0;0;0;0;0;0;0;1;1;0;0
"16/12/2023";"21:28:00";"316";"Acidente s";"59";"BR-101/RS";"Sul";"Colisão - Traseira";3;0;0;0;0;0;0;0;0;0;14;0;0;0;0
"16/12/2023";"22:25:00";"329";"Acidente s";"72";"BR-290/RS";"Oeste";"Choque Defensa";1;0;0;0;0;0;0;0;0;0;1;0;0;0;0
"16/12/2023";"22:28:00";"330";"Acidente s";"47";"BR-290/RS";"Oeste";"Choque Defensa";0;0;0;0;0;0;0;0;0;1;1;0;0;0;0
"16/12/2023";"22:53:00";"333";"Acidente c";"220";"BR-386/RS";"Sul";"Colisão - Frontal";2;0;0;0;0;0;0;0;0;0;0;1;2;1;1
"16/12/2023";"23:46:00";"339";"Acidente s";"61";"BR-290/RS";"Leste";"Capotamento";1;0;0;0;0;0;0;0;0;0;1;0;0;0;0
"17/12/2023";"01:16:00";"1";"Acidente c";"11";"BR-290/RS";"Oeste";"Colisão - Traseira";0;0;0;0;0;0;0;2;0;0;0;0;2;0;0
"17/12/2023";"01:36:00";"10";"Acidente s";"443";"BR-386/RS";"Sul";"Atropelamento de Animal";1;0;0;0;0;0;0;0;0;0;2;0;0;0;0
"17/12/2023";"05:20:00";"29";"Acidente s";"232";"BR-386/RS";"Sul";"Saída de pista";1;0;0;0;0;0;0;0;0;0;1;0;0;0;0
"17/12/2023";"14:36:00";"156";"Acidente s";"13";"BR-101/RS";"Sul";"Saída de pista";1;0;0;0;0;0;0;0;0;0;2;0;0;0;0
"17/12/2023";"17:40:00";"217";"Acidente c";"10";"BR-101/RS";"Sul";"Queda de moto";0;0;0;1;0;0;0;0;0;0;0;1;0;0;0
"17/12/2023";"21:05:00";"293";"Acidente s";"440";"BR-386/RS";"Sul";"Saída de pista";1;0;0;0;0;0;0;0;0;0;4;0;0;0;0
"18/12/2023";"01:37:00";"18";"Acidente s";"83";"BR-290/RS";"Oeste";"Choque Defensa";1;0;0;0;0;0;0;0;0;0;2;0;0;0;0
"18/12/2023";"07:46:00";"93";"Acidente c";"344";"BR-386/RS";"Sul";"Colisão - Lateral";1;0;0;1;0;0;0;0;0;0;1;0;1;0;0
"18/12/2023";"10:41:00";"176";"Acidente s";"345";"BR-386/RS";"Sul";"Saída de pista";1;0;0;0;0;0;0;0;0;0;1;0;0;0;0
"18/12/2023";"12:39:00";"210";"Acidente s";"331,5";"BR-386/RS";"Norte";"Choque Defensa";0;0;0;0;0;0;0;1;0;0;1;0;0;0;0
"18/12/2023";"13:22:00";"219";"Acidente c";"86";"BR-290/RS";"Oeste";"Colisão - Lateral";1;0;0;1;0;0;0;0;0;0;1;0;1;0;0
"18/12/2023";"13:32:00";"227";"Atropelame";"426";"BR-386/RS";"Sul";"Atropelamento - Funcionário";1;0;0;0;0;0;0;0;0;0;2;0;0;0;0
"18/12/2023";"14:01:00";"239";"Acidente s";"362";"BR-386/RS";"Norte";"Colisão - Lateral";2;0;0;0;0;0;0;0;0;0;3;0;0;0;0
"18/12/2023";"15:07:00";"264";"Acidente s";"435";"BR-386/RS";"Norte";"Colisão - Lateral";1;0;0;0;0;0;0;0;0;1;3;0;0;0;0
"18/12/2023";"18:10:00";"301";"Acidente s";"347";"BR-386/RS";"Norte";"Engavetamento";3;0;0;0;0;0;0;0;0;0;4;0;0;0;0
"18/12/2023";"19:26:00";"316";"Acidente s";"382";"BR-386/RS";"Sul";"Queda de ribanceira";1;0;0;0;0;0;0;0;0;0;1;0;0;0;0
"18/12/2023";"22:24:00";"347";"Acidente s";"92";"BR-290/RS";"Leste";"Saída de pista";1;0;0;0;0;0;0;0;0;0;2;0;0;0;0
"18/12/2023";"23:02:00";"352";"Acidente s";"22";"BR-448/RS";"Sul";"Choque Barreira";1;0;0;0;0;0;0;0;0;0;1;0;0;0;0
"18/12/2023";"23:33:00";"355";"Acidente s";"22";"BR-448/RS";"Sul";"Choque Barreira";1;0;0;0;0;0;0;0;0;0;1;0;0;0;0
"18/12/2023";"23:43:00";"357";"Acidente s";"87,482";"BR-290/RS";"Oeste";"Choque Defensa";1;0;0;0;0;0;0;0;0;0;1;0;0;0;0
"19/12/2023";"05:13:00";"25";"Acidente s";"44";"BR-290/RS";"Oeste";"Colisão - Traseira";1;0;0;0;0;0;0;0;0;1;5;0;0;0;0
"19/12/2023";"06:19:00";"34";"Acidente s";"83";"BR-290/RS";"Leste";"Queda de moto";0;0;0;1;0;0;0;0;0;0;1;0;0;0;0
"19/12/2023";"08:42:00";"118";"Acidente s";"75";"BR-290/RS";"Oeste";"Colisão - Lateral";1;0;0;0;0;0;0;0;0;1;3;0;0;0;0
"19/12/2023";"08:50:00";"121";"Acidente s";"342,3";"BR-386/RS";"Norte";"Colisão - Lateral";2;0;0;0;0;0;0;0;0;0;3;0;0;0;0
"19/12/2023";"11:38:00";"170";"Acidente s";"7";"BR-101/RS";"Norte";"Saída de pista";1;0;0;0;0;0;0;0;0;0;1;0;0;0;0
"19/12/2023";"12:26:00";"184";"Acidente s";"419,5";"BR-386/RS";"Sul";"Choque Defensa";1;0;0;0;0;0;0;0;0;0;1;0;0;0;0
"19/12/2023";"12:27:00";"185";"Acidente s";"24";"BR-290/RS";"Oeste";"Colisão - Lateral";2;0;0;0;0;0;0;0;0;0;2;0;0;0;0
"19/12/2023";"14:36:00";"220";"Acidente s";"38";"BR-101/RS";"Norte";"Colisão - Lateral";0;0;0;0;0;0;0;0;0;2;4;0;0;0;0
"19/12/2023";"14:58:00";"225";"Atropelame";"229";"BR-386/RS";"Sul";"Atropelamento - Funcionário";1;0;0;0;0;0;0;0;0;0;1;0;0;1;0
"19/12/2023";"15:28:00";"232";"Acidente c";"91";"BR-290/RS";"Oeste";"Queda de moto";0;0;0;1;0;0;0;0;0;0;0;1;0;0;0
"19/12/2023";"15:28:00";"233";"Acidente s";"7";"BR-290/RS";"Leste";"Choque Defensa";1;0;0;0;0;0;0;0;0;0;1;0;0;0;0
"19/12/2023";"15:56:00";"239";"Acidente c";"93";"BR-290/RS";"Leste";"Queda de moto";0;0;0;1;0;0;0;0;0;0;0;1;0;0;0
"19/12/2023";"15:58:00";"241";"Acidente s";"2";"BR-101/RS";"Norte";"Colisão - Lateral";1;0;1;0;0;0;0;0;0;0;5;0;0;0;0
"19/12/2023";"20:55:00";"309";"Acidente c";"13";"BR-101/RS";"Norte";"Colisão - Traseira";2;0;0;0;0;0;0;1;0;0;2;0;1;0;0
"19/12/2023";"21:59:00";"319";"Acidente c";"437";"BR-386/RS";"Norte";"Colisão - Lateral";1;0;0;1;0;0;0;0;0;0;1;1;0;0;0
"20/12/2023";"02:27:00";"13";"Acidente s";"10,852";"BR-290/RS";"Oeste";"Saída de pista";1;0;0;0;0;0;0;0;0;0;2;0;0;0;0
"20/12/2023";"07:08:00";"67";"Acidente s";"304";"BR-386/RS";"Norte";"Saída de pista";1;0;0;0;0;0;0;0;0;0;1;0;0;0;0
"20/12/2023";"10:30:00";"178";"Acidente s";"438";"BR-386/RS";"Sul";"Colisão - Traseira";1;0;0;0;0;0;0;1;0;0;2;0;0;0;0
"20/12/2023";"14:38:00";"239";"Acidente s";"35";"BR-101/RS";"Norte";"Colisão - Lateral";1;0;1;0;0;0;0;0;0;0;7;0;0;0;0
"21/12/2023";"12:04:00";"203";"Acidente s";"246,7";"BR-386/RS";"Sul";"Capotamento";1;0;0;0;0;0;0;0;0;0;1;0;0;0;0
"21/12/2023";"13:04:00";"220";"Acidente c";"77";"BR-290/RS";"Leste";"Capotamento";1;0;0;0;0;0;0;0;0;0;0;1;0;0;0
"21/12/2023";"15:38:00";"260";"Acidente s";"350";"BR-386/RS";"Norte";"Colisão - Traseira";1;0;0;0;0;0;0;1;0;0;2;0;0;0;0
"21/12/2023";"18:32:00";"299";"Acidente c";"347";"BR-386/RS";"Norte";"Queda de moto";0;0;0;1;0;0;0;0;0;0;0;1;0;0;0
"22/12/2023";"07:06:00";"59";"Acidente s";"248";"BR-386/RS";"Sul";"Saída de pista";1;0;0;0;0;0;0;0;0;0;1;0;0;0;0
"22/12/2023";"08:08:00";"93";"Acidente s";"92";"BR-290/RS";"Oeste";"Colisão - Traseira";1;0;0;0;0;0;0;0;0;1;7;0;0;0;0
"22/12/2023";"08:29:00";"104";"Acidente s";"426";"BR-386/RS";"Sul";"Colisão - Transversal";2;0;0;0;0;0;0;0;0;0;3;0;0;0;0
"22/12/2023";"08:44:00";"112";"Acidente s";"228,3";"BR-386/RS";"Norte";"Engavetamento";2;0;0;0;0;0;0;0;0;0;3;0;0;0;0
"22/12/2023";"11:04:00";"160";"Acidente c";"341,6";"BR-386/RS";"Norte";"Saída de pista";3;0;0;0;0;0;0;2;0;1;6;0;1;0;0
"22/12/2023";"11:36:00";"171";"Acidente s";"14";"BR-448/RS";"Norte";"Choque Defensa";1;0;0;0;0;0;0;0;0;0;3;0;0;0;0
"22/12/2023";"12:52:00";"191";"Acidente s";"219";"BR-386/RS";"Sul";"Saída de pista";1;0;0;0;0;0;0;0;0;0;1;0;0;0;0
"22/12/2023";"14:08:00";"212";"Acidente c";"244";"BR-386/RS";"Ambos";"Colisão - Frontal";2;0;0;0;0;0;0;0;0;0;1;2;0;0;0
"22/12/2023";"14:56:00";"224";"Acidente s";"271";"BR-386/RS";"Sul";"Saída de pista";1;0;0;0;0;0;0;0;0;1;3;0;0;0;0
"22/12/2023";"15:26:00";"236";"Acidente s";"91";"BR-290/RS";"Leste";"Colisão - Lateral";1;0;0;1;0;0;0;0;0;0;3;0;0;0;0
"22/12/2023";"16:58:00";"261";"Acidente s";"4";"BR-290/RS";"Leste";"Saída de pista";1;0;0;0;0;0;0;0;0;0;1;0;0;0;0
"22/12/2023";"18:03:00";"278";"Acidente s";"306";"BR-386/RS";"Norte";"Choque Defensa";1;0;0;0;0;0;0;0;0;0;2;0;0;0;0
"22/12/2023";"18:27:00";"291";"Acidente s";"47";"BR-290/RS";"Leste";"Saída de pista";1;0;0;0;0;0;0;0;0;0;2;0;0;0;0
"22/12/2023";"20:11:00";"317";"Acidente s";"373";"BR-386/RS";"Sul";"Colisão - Lateral";1;0;1;0;0;0;0;0;0;0;5;0;0;0;0
"22/12/2023";"21:45:00";"341";"Acidente c";"442";"BR-386/RS";"Norte";"Colisão - Lateral";1;0;0;1;0;0;0;0;0;0;1;0;1;0;0
"22/12/2023";"23:11:00";"363";"Acidente s";"19";"BR-290/RS";"Oeste";"Colisão - Traseira";2;0;0;0;0;0;0;0;0;0;4;0;0;0;0
"22/12/2023";"23:16:00";"365";"Acidente s";"220";"BR-386/RS";"Sul";"Capotamento";1;0;0;0;0;0;0;0;0;0;1;0;0;0;0
"22/12/2023";"23:52:00";"375";"Acidente s";"43";"BR-101/RS";"Sul";"Capotamento";1;0;0;0;1;0;0;0;0;0;3;0;0;0;0
"23/12/2023";"02:47:00";"16";"Acidente s";"7";"BR-101/RS";"Sul";"Saída de pista";1;0;0;0;0;0;0;0;0;0;1;0;0;0;0
"23/12/2023";"04:49:00";"29";"Acidente s";"340";"BR-386/RS";"Norte";"Choque Defensa";1;0;0;0;0;0;0;0;0;0;1;0;0;0;0
"23/12/2023";"05:55:00";"47";"Acidente s";"7,91";"BR-101/RS";"Norte";"Atropelamento de Animal";2;0;0;0;0;0;0;0;0;0;2;0;0;0;0
"23/12/2023";"08:28:00";"94";"Acidente c";"250,8";"BR-386/RS";"Norte";"Engavetamento";3;0;0;0;0;0;0;0;0;0;7;1;0;0;0
"23/12/2023";"08:32:00";"96";"Acidente s";"180,1";"BR-386/RS";"Norte";"Colisão - Traseira";2;0;0;0;0;0;0;0;0;0;6;0;0;0;0
"23/12/2023";"09:19:00";"108";"Acidente s";"92";"BR-290/RS";"Oeste";"Choque - Meio Fio";1;0;0;0;0;0;0;0;0;0;1;0;0;0;0
"23/12/2023";"10:59:00";"152";"Acidente s";"265";"BR-386/RS";"Sul";"Colisão - Traseira";2;0;0;0;0;0;0;0;0;0;5;0;0;0;0
"23/12/2023";"11:03:00";"156";"Acidente s";"346,45";"BR-386/RS";"Norte";"Engavetamento";3;0;0;0;0;0;0;0;0;0;4;0;0;0;0
"23/12/2023";"11:06:00";"157";"Acidente s";"264";"BR-386/RS";"Norte";"Colisão - Traseira";2;0;0;0;0;0;0;0;0;0;9;0;0;0;0
"23/12/2023";"12:55:00";"197";"Acidente s";"94";"BR-290/RS";"Oeste";"Choque Defensa";0;0;0;0;0;0;0;0;0;1;1;0;0;0;0
"23/12/2023";"16:40:00";"263";"Atropelame";"210";"BR-386/RS";"Norte";"Atropelamento de Animal";1;0;0;0;0;0;0;0;0;0;1;0;0;0;0
"23/12/2023";"17:47:00";"286";"Acidente c";"26";"BR-290/RS";"Leste";"Colisão - Traseira";1;0;0;0;0;0;0;0;0;1;3;1;0;0;0
"23/12/2023";"18:40:00";"308";"Acidente c";"305";"BR-386/RS";"Sul";"Colisão - Traseira";1;0;0;0;0;0;0;1;0;0;4;2;0;0;0
"23/12/2023";"20:47:00";"337";"Acidente s";"72,907";"BR-101/RS";"Sul";"Saída de pista";1;0;0;0;0;0;0;0;0;0;2;0;0;0;0
"23/12/2023";"21:22:00";"342";"Acidente s";"4,326";"BR-290/RS";"Oeste";"Choque Barreira";1;0;0;0;0;0;0;0;0;0;1;0;0;0;0
"23/12/2023";"22:58:00";"364";"Acidente s";"24";"BR-290/RS";"Leste";"Saída de pista";1;0;0;0;0;0;0;0;0;0;1;0;0;0;0
"24/12/2023";"04:13:00";"24";"Acidente c";"221,3";"BR-386/RS";"Norte";"Colisão - Frontal";3;0;0;0;0;0;0;0;0;0;3;1;2;0;0
"24/12/2023";"04:45:00";"28";"Acidente c";"220,8";"BR-386/RS";"Norte";"Engavetamento";3;0;0;0;0;0;0;0;0;0;4;1;1;0;0
"24/12/2023";"04:55:00";"30";"Acidente s";"82,292";"BR-290/RS";"Leste";"Colisão - Traseira";2;0;0;0;0;0;0;0;0;0;3;0;0;0;0
"24/12/2023";"05:32:00";"38";"Acidente s";"413,8";"BR-386/RS";"Sul";"Colisão - Lateral";1;0;0;0;0;0;0;0;0;1;5;0;0;0;0
"24/12/2023";"06:47:00";"52";"Acidente c";"248";"BR-386/RS";"Norte";"Choque - Pilar";1;0;0;0;0;0;0;0;0;0;0;2;0;0;0
"24/12/2023";"07:45:00";"59";"Acidente c";"417,45";"BR-386/RS";"Sul";"Queda de moto";0;0;0;1;0;0;0;0;0;0;0;1;0;0;0
"24/12/2023";"08:27:00";"66";"Acidente s";"279,1";"BR-386/RS";"Sul";"Saída de pista";1;0;0;0;0;0;0;0;0;0;2;0;0;0;0
"24/12/2023";"10:19:00";"82";"Acidente s";"67";"BR-101/RS";"Norte";"Colisão - Lateral";1;0;0;0;0;0;0;1;0;0;6;0;0;0;0
"24/12/2023";"15:19:00";"139";"Acidente s";"306,6";"BR-386/RS";"Norte";"Choque Defensa";1;0;0;0;0;0;0;0;0;0;1;0;0;0;0
"24/12/2023";"23:44:00";"204";"Acidente s";"41";"BR-290/RS";"Oeste";"Choque Defensa";1;0;0;0;0;0;0;0;0;0;1;0;0;0;0
"25/12/2023";"07:18:00";"28";"Acidente s";"19";"BR-290/RS";"Leste";"Colisão - Traseira";2;0;0;0;0;0;0;0;0;0;4;0;0;0;0
"25/12/2023";"09:37:00";"49";"Acidente c";"208,08";"BR-386/RS";"Norte";"Queda de Ponte/Viaduto";1;0;0;0;0;0;0;0;0;0;0;2;0;0;0
"25/12/2023";"11:25:00";"65";"Acidente c";"414,01";"BR-386/RS";"Sul";"Colisão - Traseira";1;0;0;1;0;0;0;0;0;0;3;1;0;0;0
"25/12/2023";"11:53:00";"73";"Acidente c";"89";"BR-290/RS";"Oeste";"Queda de moto";0;0;0;1;0;0;0;0;0;0;1;1;0;0;0
"25/12/2023";"12:26:00";"78";"Acidente c";"95";"BR-290/RS";"Oeste";"Queda de moto";0;0;0;1;0;0;0;0;0;0;0;2;0;0;0
"25/12/2023";"13:14:00";"93";"Acidente c";"216,4";"BR-386/RS";"Norte";"Colisão - Transversal";2;0;0;0;0;0;0;0;0;0;2;2;0;0;0
"25/12/2023";"13:38:00";"101";"Acidente s";"75";"BR-290/RS";"Oeste";"Saída de pista";1;0;0;0;0;0;0;0;0;0;3;0;0;0;0
"25/12/2023";"15:38:00";"132";"Acidente s";"10";"BR-290/RS";"Leste";"Saída de pista";1;0;0;0;0;0;0;0;0;0;1;0;0;0;0
"25/12/2023";"16:16:00";"144";"Acidente s";"98";"BR-290/RS";"Leste";"Saída de pista";1;0;0;0;0;0;0;0;0;0;1;0;0;0;0
"25/12/2023";"16:27:00";"148";"Acidente s";"401,1";"BR-386/RS";"Sul";"Saída de pista";1;0;0;0;0;0;0;0;0;0;4;0;0;0;0
"25/12/2023";"16:46:00";"157";"Acidente c";"22";"BR-290/RS";"Leste";"Engavetamento";3;0;0;0;0;0;0;0;0;0;6;1;0;0;0
"25/12/2023";"17:19:00";"167";"Acidente c";"307";"BR-386/RS";"Norte";"Colisão - Transversal";2;0;0;0;0;0;0;0;0;0;0;1;2;2;0
"25/12/2023";"17:35:00";"171";"Acidente s";"9,8";"BR-448/RS";"Norte";"Choque Defensa";1;0;0;0;0;0;0;0;0;0;1;0;0;0;0
"25/12/2023";"17:37:00";"175";"Acidente s";"75";"BR-101/RS";"Norte";"Saída de pista";1;0;0;0;0;0;0;0;0;0;1;0;0;0;0
"25/12/2023";"18:06:00";"182";"Acidente s";"24";"BR-290/RS";"Leste";"Colisão - Traseira";2;0;0;0;0;0;0;0;0;0;2;0;0;0;0
"25/12/2023";"18:32:00";"189";"Acidente s";"9";"BR-448/RS";"Sul";"Saída de pista";1;0;0;0;0;0;0;0;0;0;1;0;0;0;0
"26/12/2023";"06:37:00";"29";"Acidente c";"271,7";"BR-386/RS";"Sul";"Colisão - Frontal";1;0;0;0;0;0;0;1;0;0;1;0;0;0;2
"26/12/2023";"07:11:00";"49";"Acidente c";"271,7";"BR-386/RS";"Sul";"Choque com objeto sobre a pista";1;0;0;0;0;0;0;0;0;0;4;0;1;0;0
"26/12/2023";"07:31:00";"64";"Acidente s";"354";"BR-386/RS";"Norte";"Colisão - Traseira";1;0;0;0;0;0;0;0;0;1;3;0;0;0;0
"26/12/2023";"09:26:00";"121";"Acidente s";"273,2";"BR-386/RS";"Sul";"Colisão - Traseira";3;0;0;0;0;0;0;0;0;0;11;0;0;0;0
"26/12/2023";"09:47:00";"134";"Acidente s";"13";"BR-290/RS";"Leste";"Colisão - Traseira";3;0;0;0;0;0;0;0;0;0;8;0;0;0;0
"26/12/2023";"10:15:00";"155";"Acidente s";"425,9";"BR-386/RS";"Sul";"Colisão - Traseira";2;0;0;0;0;0;0;0;0;0;3;0;0;0;0
"26/12/2023";"11:02:00";"170";"Acidente c";"403";"BR-386/RS";"Sul";"Saída de pista";1;0;0;0;0;0;0;0;0;0;0;1;0;0;0
"26/12/2023";"11:48:00";"182";"Acidente s";"219";"BR-386/RS";"Norte";"Engavetamento";3;0;0;0;0;0;0;0;0;0;8;0;0;0;0
"26/12/2023";"11:57:00";"185";"Acidente s";"180";"BR-386/RS";"Norte";"Engavetamento";3;0;0;0;0;0;0;0;0;0;3;0;0;0;0
"26/12/2023";"12:03:00";"186";"Acidente s";"263";"BR-386/RS";"Norte";"Engavetamento";4;0;0;0;0;0;0;0;0;0;4;0;0;0;0
"26/12/2023";"12:05:00";"190";"Acidente c";"25";"BR-290/RS";"Leste";"Colisão - Traseira";2;0;0;0;0;0;0;0;0;0;9;1;0;0;0
"26/12/2023";"12:45:00";"204";"Acidente s";"24";"BR-290/RS";"Leste";"Colisão - Traseira";2;0;0;0;0;0;0;0;0;0;2;0;0;0;0
"26/12/2023";"12:54:00";"207";"Acidente s";"59";"BR-290/RS";"Oeste";"Saída de pista";1;0;0;0;0;0;0;0;0;0;1;0;0;0;0
"26/12/2023";"15:14:00";"259";"Acidente s";"269";"BR-386/RS";"Norte";"Colisão - Traseira";2;0;0;0;0;0;0;0;0;0;5;0;0;0;0
"26/12/2023";"17:23:00";"295";"Acidente s";"356,1";"BR-386/RS";"Sul";"Colisão - Traseira";2;0;0;0;0;0;0;0;0;0;3;0;0;0;0
"26/12/2023";"17:32:00";"298";"Acidente s";"53";"BR-290/RS";"Leste";"Queda de moto";0;0;0;1;0;0;0;0;0;0;1;0;0;0;0
"26/12/2023";"19:34:00";"328";"Acidente c";"246";"BR-386/RS";"Norte";"Colisão - Frontal";1;0;0;0;0;0;0;0;0;2;2;3;1;0;0
"26/12/2023";"23:11:00";"366";"Acidente s";"19";"BR-290/RS";"Leste";"Saída de pista";1;0;0;0;0;0;0;0;0;0;1;0;0;0;0
"27/12/2023";"05:27:00";"28";"Acidente s";"426";"BR-386/RS";"Sul";"Colisão - Traseira";0;0;0;1;0;0;0;0;0;1;2;0;0;0;0
"27/12/2023";"08:22:00";"113";"Acidente s";"25,9";"BR-290/RS";"Leste";"Saída de pista";1;0;0;0;0;0;0;0;0;0;3;0;0;0;0
"27/12/2023";"08:36:00";"118";"Acidente c";"51";"BR-101/RS";"Norte";"Queda de moto";0;0;0;1;0;0;0;0;0;0;0;0;2;0;0
"27/12/2023";"10:04:00";"159";"Acidente s";"348";"BR-386/RS";"Sul";"Engavetamento";3;0;0;0;0;0;0;0;0;0;3;0;0;0;0
"27/12/2023";"10:29:00";"168";"Acidente s";"330";"BR-386/RS";"Norte";"Colisão - Traseira";2;0;0;0;0;0;0;0;0;0;6;0;0;0;0
"27/12/2023";"11:25:00";"189";"Acidente c";"247";"BR-386/RS";"Sul";"Engavetamento";1;0;0;0;0;0;0;0;0;2;5;1;0;0;0
"27/12/2023";"11:28:00";"191";"Acidente s";"27";"BR-101/RS";"Norte";"Colisão - Traseira";2;0;0;0;0;0;0;0;0;0;8;0;0;0;0
"28/12/2023";"11:12:00";"163";"Acidente s";"22";"BR-290/RS";"Leste";"Colisão - Traseira";2;0;0;0;0;0;0;0;0;0;7;0;0;0;0
"28/12/2023";"11:25:00";"166";"Acidente s";"340";"BR-386/RS";"Sul";"Colisão - Traseira";2;0;0;0;0;0;0;0;0;0;7;0;0;0;0
"28/12/2023";"11:38:00";"171";"Acidente s";"91";"BR-290/RS";"Leste";"Saída de pista";1;0;0;0;0;0;0;0;0;0;1;0;0;0;0
"28/12/2023";"12:47:00";"192";"Acidente c";"33";"BR-290/RS";"Leste";"Colisão - Lateral";2;0;0;0;0;0;0;0;0;0;5;1;0;0;0
"28/12/2023";"15:04:00";"249";"Acidente s";"40";"BR-290/RS";"Leste";"Engavetamento";3;0;0;0;0;0;0;0;0;0;10;0;0;0;0
"28/12/2023";"16:37:00";"281";"Acidente s";"26";"BR-290/RS";"Leste";"Colisão - Traseira";2;0;0;0;0;0;0;0;0;0;2;0;0;0;0
"28/12/2023";"17:03:00";"288";"Acidente s";"9";"BR-101/RS";"Norte";"Colisão - Lateral";2;0;0;0;0;0;0;0;0;0;2;0;0;0;0
"28/12/2023";"19:17:00";"338";"Acidente c";"339";"BR-386/RS";"Norte";"Colisão - Transversal";1;0;1;0;0;0;0;0;0;0;1;0;1;0;0
"28/12/2023";"20:26:00";"356";"Acidente s";"14";"BR-290/RS";"Oeste";"Choque Defensa";1;0;0;0;0;0;0;0;0;0;1;0;0;0;0
"28/12/2023";"21:46:00";"373";"Acidente c";"53,183";"BR-101/RS";"Norte";"Colisão - Lateral";0;0;0;1;0;0;0;1;0;0;1;0;1;0;0
"29/12/2023";"07:34:00";"66";"Acidente c";"433";"BR-386/RS";"Norte";"Colisão - Frontal";1;0;0;0;0;0;0;0;0;1;11;2;0;0;0
"29/12/2023";"07:47:00";"70";"Acidente s";"18,7";"BR-448/RS";"Norte";"Saída de pista";1;0;0;0;0;0;0;0;0;0;1;0;0;0;0
"29/12/2023";"07:48:00";"71";"Acidente s";"433";"BR-386/RS";"Sul";"Colisão - Traseira";0;0;0;0;0;0;0;0;0;2;4;0;0;0;0
"29/12/2023";"07:58:00";"77";"Acidente c";"433";"BR-386/RS";"Norte";"Colisão - Traseira";2;0;0;0;0;0;0;0;0;1;3;2;0;0;0
"29/12/2023";"08:04:00";"81";"Acidente s";"34";"BR-290/RS";"Leste";"Saída de pista";1;0;0;0;0;0;0;0;0;0;1;0;0;0;0
"29/12/2023";"08:05:00";"80";"Acidente s";"338,35";"BR-386/RS";"Sul";"Colisão - Lateral";1;0;0;0;0;0;0;0;0;1;6;0;0;0;0
"29/12/2023";"08:30:00";"90";"Acidente s";"439";"BR-386/RS";"Norte";"Saída de pista";1;0;0;0;0;0;0;0;0;0;1;0;0;0;0
"29/12/2023";"08:52:00";"101";"Acidente c";"21";"BR-448/RS";"Sul";"Saída de pista";1;0;0;0;0;0;0;0;0;0;0;1;0;0;0
"29/12/2023";"08:56:00";"102";"Acidente s";"281,1";"BR-386/RS";"Norte";"Engavetamento";2;0;0;0;0;0;0;0;0;1;8;0;0;0;0
"29/12/2023";"09:12:00";"110";"Acidente c";"439";"BR-386/RS";"Sul";"Colisão - Lateral";1;0;0;0;0;0;0;0;0;1;1;1;0;0;0
"29/12/2023";"09:32:00";"116";"Acidente s";"22";"BR-448/RS";"Norte";"Saída de pista";1;0;0;0;0;0;0;0;0;0;1;0;0;0;0
"29/12/2023";"09:36:00";"120";"Acidente s";"338,25";"BR-386/RS";"Sul";"Engavetamento";3;0;0;0;0;0;0;0;0;0;14;0;0;0;0
"29/12/2023";"11:10:00";"152";"Acidente s";"306";"BR-386/RS";"Norte";"Saída de pista";1;0;0;0;0;0;0;0;0;0;2;0;0;0;0
"29/12/2023";"11:20:00";"154";"Acidente s";"307";"BR-386/RS";"Sul";"Saída de pista";1;0;0;0;0;0;0;0;0;0;1;0;0;0;0
"29/12/2023";"11:44:00";"158";"Acidente c";"415";"BR-386/RS";"Norte";"Capotamento";4;0;0;0;0;0;0;1;0;0;7;0;4;0;0
"29/12/2023";"12:41:00";"171";"Acidente c";"5,45";"BR-101/RS";"Norte";"Colisão - Frontal";2;0;0;0;0;0;0;0;0;0;2;1;0;0;0
"29/12/2023";"13:30:00";"180";"Acidente c";"3";"BR-290/RS";"Leste";"Queda de moto";0;0;0;1;0;0;0;0;0;0;0;1;0;0;0
"29/12/2023";"13:52:00";"188";"Acidente s";"299";"BR-386/RS";"Norte";"Saída de pista";1;0;0;0;0;0;0;0;0;0;2;0;0;0;0
"29/12/2023";"13:54:00";"189";"Acidente s";"352,45";"BR-386/RS";"Sul";"Choque Defensa";1;0;0;0;0;0;0;0;0;0;3;0;0;0;0
"29/12/2023";"15:22:00";"215";"Acidente s";"26";"BR-290/RS";"Leste";"Engavetamento";3;0;0;0;0;0;0;0;0;0;3;0;0;0;0
"29/12/2023";"16:11:00";"236";"Acidente s";"271,9";"BR-386/RS";"Norte";"Colisão - Lateral";2;0;0;0;0;0;0;0;0;1;7;0;0;0;0