data;horario;n_da_ocorrencia;tipo_de_ocorrencia;km;trecho;sentido;tipo_de_acidente;automovel;bicicleta;caminhao;moto;onibus;outros;tracao_animal;transporte_de_cargas_especiais;trator_maquinas;utilitarios;ilesos;levemente_feridos;moderadamente_feridos;gravemente_feridos;mortos
"29/12/2023";"18:32:00";"292";"Acidente s";"82";"BR-290/RS";"Oeste";"Saída de pista";1;0;0;0;0;0;0;0;0;0;4;0;0;0;0
"29/12/2023";"22:14:00";"349";"Acidente c";"73";"BR-290/RS";"Leste";"Choque Defensa";0;0;0;1;0;0;0;0;0;0;0;0;1;0;0
"29/12/2023";"23:29:00";"369";"Acidente s";"210";"BR-386/RS";"Sul";"Colisão - Transversal";1;0;0;0;0;0;0;1;0;0;5;0;0;0;0
"30/12/2023";"00:08:00";"4";"Acidente c";"50";"BR-290/RS";"Leste";"Saída de pista";1;0;0;0;0;0;0;0;0;0;0;1;0;0;0
"30/12/2023";"04:44:00";"34";"Acidente s";"19";"BR-290/RS";"Leste";"Colisão - Lateral";2;0;0;0;0;0;0;0;0;0;5;0;0;0;0
"30/12/2023";"07:12:00";"69";"Acidente s";"87";"BR-290/RS";"Oeste";"Colisão - Lateral";1;0;0;0;0;0;0;1;0;0;2;0;0;0;0
"30/12/2023";"07:20:00";"72";"Acidente c";"28";"BR-290/RS";"Leste";"Colisão - Traseira";2;0;0;0;0;0;0;0;0;0;2;1;0;0;0
"30/12/2023";"07:38:00";"81";"Acidente s";"23";"BR-290/RS";"Leste";"Colisão - Traseira";2;0;0;0;0;0;0;0;0;0;2;0;0;0;0
"30/12/2023";"10:19:00";"154";"Acidente s";"272";"BR-386/RS";"Norte";"Colisão - Transversal";2;0;0;0;0;0;0;0;0;0;5;0;0;0;0
"30/12/2023";"11:21:00";"173";"Acidente s";"26";"BR-290/RS";"Leste";"Colisão - Traseira";2;0;0;0;0;0;0;0;0;0;3;0;0;0;0
"30/12/2023";"21:47:00";"320";"Acidente s";"64";"BR-290/RS";"Oeste";"Atropelamento de Animal";1;0;0;0;0;0;0;0;0;0;3;0;0;0;0
"31/12/2023";"01:37:00";"18";"Acidente s";"430";"BR-386/RS";"Norte";"Choque Barreira";1;0;0;0;0;0;0;0;0;0;1;0;0;0;0
"31/12/2023";"06:10:00";"42";"Acidente s";"26";"BR-290/RS";"Leste";"Saída de pista";1;0;0;0;0;0;0;0;0;0;1;0;0;0;0
"31/12/2023";"06:19:00";"43";"Acidente c";"24,37";"BR-290/RS";"Leste";"Colisão - Traseira";1;0;0;1;0;0;0;0;0;0;4;1;0;0;0
"31/12/2023";"09:01:00";"79";"Acidente s";"79";"BR-290/RS";"Leste";"Choque Barreira";1;0;0;0;0;0;0;0;0;0;1;0;0;0;0
"31/12/2023";"12:09:00";"116";"Acidente c";"27";"BR-290/RS";"Leste";"Queda de moto";0;0;0;1;0;0;0;0;0;0;0;2;0;0;0
"31/12/2023";"17:24:00";"178";"Acidente s";"241,05";"BR-386/RS";"Sul";"Saída de pista";1;0;0;0;0;0;0;0;0;0;1;0;0;0;0
"31/12/2023";"18:27:00";"193";"Acidente s";"76";"BR-290/RS";"Leste";"Queda de moto";0;0;0;1;0;0;0;0;0;0;2;0;0;0;0
"31/12/2023";"20:23:00";"211";"Acidente s";"309";"BR-386/RS";"Norte";"Capotamento";1;0;0;0;0;0;0;0;0;0;3;0;0;0;0
"01/01/2024";"02:18:11";"13";"Sem vítima";"270,000";"BR-386/RS";"Crescente";"Colisão frontal";2;0;0;0;0;0;0;0;0;0;4;0;0;0;0
"01/01/2024";"04:52:58";"29";"Sem vítima";"272,000";"BR-386/RS";"Decrescente";"Acidentes de outra natureza";1;0;0;0;0;0;0;0;0;0;0;0;0;0;0
"01/01/2024";"05:23:54";"32";"Sem vítima";"367,000";"BR-386/RS";"Decrescente";"Choque";1;0;0;0;0;0;0;0;0;0;1;0;0;0;0
"01/01/2024";"12:46:54";"141";"Com vítima";"436,800";"BR-386/RS";"Decrescente";"Queda de moto";0;0;0;0;0;0;0;0;0;0;0;0;1;0;0
"01/01/2024";"12:54:05";"142";"Sem vítima";"5,000";"BR-290/RS";"Crescente";"Colisão traseira";0;0;0;0;0;0;0;0;0;0;2;0;0;0;0
"01/01/2024";"13:29:15";"158";"Sem vítima";"87,000";"BR-101/RS";"Crescente";"Engavetamento";3;0;0;0;0;0;0;0;0;0;3;0;0;0;0
"01/01/2024";"14:11:19";"170";"Sem vítima";"87,000";"BR-101/RS";"Crescente";"Colisão traseira";2;0;0;0;0;0;0;0;0;0;0;0;0;0;0
"01/01/2024";"14:45:03";"185";"Sem vítima";"17,000";"BR-290/RS";"Crescente";"Colisão traseira";2;0;0;0;0;0;0;0;0;0;0;0;0;0;0
"01/01/2024";"16:29:40";"235";"Sem vítima";"82,000";"BR-101/RS";"Crescente";"Colisão traseira";2;0;0;0;0;0;0;0;0;0;4;0;0;0;0
"01/01/2024";"16:37:10";"237";"Sem vítima";"60,000";"BR-290/RS";"Crescente";"Colisão traseira";2;0;0;0;0;0;0;0;0;0;0;0;0;0;0
"01/01/2024";"17:40:58";"268";"Sem vítima";"1,000";"BR-290/RS";"Crescente";"Colisão traseira";2;0;0;0;0;0;0;0;0;0;0;0;0;0;0
"01/01/2024";"17:44:00";"270";"Com vítima";"226,000";"BR-386/RS";"Crescente";"Colisão traseira";2;0;0;0;0;0;0;0;0;0;2;0;0;0;0
"01/01/2024";"17:49:22";"274";"Sem vítima";"72,000";"BR-101/RS";"Crescente";"Colisão traseira";2;0;0;0;0;0;0;0;0;0;4;0;0;0;0
"01/01/2024";"19:40:40";"330";"Com vítima";"75,000";"BR-101/RS";"Crescente";"Queda de moto";0;0;0;1;0;0;0;0;0;0;0;0;0;0;0
"01/01/2024";"19:42:00";"331";"Sem vítima";"5,000";"BR-290/RS";"Crescente";"Queda de moto";0;0;0;1;0;0;0;0;0;0;2;0;0;0;0
"01/01/2024";"20:00:47";"338";"Sem vítima";"6,000";"BR-290/RS";"Crescente";"Colisão traseira";1;0;0;1;0;0;0;0;0;0;0;0;0;0;0
"01/01/2024";"21:12:00";"364";"Sem vítima";"27,000";"BR-290/RS";"Crescente";"Colisão traseira";0;0;0;0;0;0;0;0;0;0;2;0;0;0;0
"01/01/2024";"22:21:31";"386";"Sem vítima";"19,000";"BR-290/RS";"Decrescente";"Colisão traseira";2;0;0;0;0;0;0;0;0;0;2;0;0;0;0
"01/01/2024";"22:37:39";"393";"Sem vítima";"22,000";"BR-101/RS";"Crescente";"Colisão traseira";1;0;1;0;0;0;0;0;0;0;0;0;0;0;0
"01/01/2024";"23:09:57";"406";"Com vítima";"227,000";"BR-386/RS";"Decrescente";"Colisão frontal";2;0;0;0;0;0;0;0;0;0;0;0;4;2;0
"02/01/2024";"05:24:38";"91";"Com vítima";"277,000";"BR-386/RS";"Crescente";"Colisão traseira";2;0;0;0;0;0;0;0;0;0;2;0;0;0;0
"02/01/2024";"06:44:26";"128";"Sem vítima";"4,900";"BR-290/RS";"Crescente";"Colisão traseira";2;0;0;0;0;0;0;0;0;0;2;0;0;0;0
"02/01/2024";"07:00:00";"140";"Sem vítima";"5,000";"BR-290/RS";"Crescente";"Colisão traseira";1;0;0;0;0;0;0;0;0;0;0;0;0;0;0
"02/01/2024";"07:31:45";"159";"Sem vítima";"86,000";"BR-290/RS";"Crescente";"Colisão traseira";3;0;0;0;0;0;0;0;0;0;0;0;0;0;0
"02/01/2024";"08:45:00";"204";"Sem vítima";"248,670";"BR-386/RS";"Crescente";"Colisão traseira";2;0;0;0;0;0;0;0;0;0;4;0;0;0;0
"02/01/2024";"08:53:44";"211";"Sem vítima";"202,500";"BR-386/RS";"Crescente";"Engavetamento";5;0;0;0;0;0;0;0;0;0;10;0;0;0;0
"02/01/2024";"08:56:15";"215";"Com vítima";"25,000";"BR-290/RS";"Crescente";"Colisão frontal";1;0;0;1;0;0;0;0;0;0;4;2;0;0;0
"02/01/2024";"09:07:20";"220";"Sem vítima";"57,000";"BR-290/RS";"Crescente";"Colisão traseira";2;0;0;0;0;0;0;0;0;0;0;0;0;0;0
"02/01/2024";"09:30:15";"239";"Sem vítima";"56,000";"BR-290/RS";"Crescente";"Colisão traseira";2;0;0;0;0;0;0;0;0;0;0;0;0;0;0
"02/01/2024";"09:37:17";"242";"Sem vítima";"21,000";"BR-290/RS";"Decrescente";"Colisão traseira";1;0;0;0;0;0;0;0;0;0;0;0;0;0;0
"02/01/2024";"09:50:09";"248";"Sem vítima";"359,200";"BR-386/RS";"Crescente";"Colisão traseira";1;0;1;0;0;0;0;0;0;0;2;0;0;0;0
"02/01/2024";"10:13:00";"264";"Sem vítima";"15,000";"BR-290/RS";"Crescente";"Colisão traseira";1;0;0;0;0;0;0;0;0;0;0;0;0;0;0
"02/01/2024";"10:46:24";"279";"Com vítima";"23,000";"BR-290/RS";"Crescente";"Colisão lateral no mesmo sentido";1;0;0;1;0;0;0;0;0;0;0;0;0;0;0
"02/01/2024";"11:21:37";"302";"Sem vítima";"23,000";"BR-290/RS";"Decrescente";"Colisão traseira";0;0;0;0;0;0;0;0;0;0;2;0;0;0;0
"02/01/2024";"11:48:48";"322";"Sem vítima";"357,000";"BR-386/RS";"Crescente";"Colisão traseira";1;0;1;0;0;0;0;0;0;0;0;0;0;0;0
"02/01/2024";"13:45:02";"375";"Sem vítima";"33,000";"BR-290/RS";"Crescente";"Colisão traseira";2;0;0;0;0;0;0;0;0;0;0;0;0;0;0
"02/01/2024";"14:47:00";"391";"Com vítima";"73,000";"BR-290/RS";"Decrescente";"Queda de moto";0;0;0;1;0;0;0;0;0;0;0;0;0;0;1
"02/01/2024";"16:26:14";"418";"Sem vítima";"28,000";"BR-101/RS";"Crescente";"Colisão traseira";1;0;0;1;0;0;0;0;0;0;2;0;0;0;0
"02/01/2024";"17:20:06";"438";"Com vítima";"351,630";"BR-386/RS";"Decrescente";"Engavetamento";4;0;0;0;0;0;0;0;0;0;0;0;0;0;0
"02/01/2024";"17:36:07";"447";"Sem vítima";"16,000";"BR-101/RS";"Crescente";"Colisão traseira";2;0;0;0;0;0;0;0;0;0;2;0;0;0;0
"02/01/2024";"19:45:00";"495";"Sem vítima";"52,000";"BR-290/RS";"Crescente";"Engavetamento";1;0;0;0;0;0;0;0;0;0;1;0;0;0;0
"02/01/2024";"19:48:00";"498";"Sem vítima";"58,000";"BR-101/RS";"Crescente";"Choque";1;0;0;0;0;0;0;0;0;0;0;0;0;0;0
"02/01/2024";"20:32:34";"517";"Sem vítima";"66,000";"BR-290/RS";"Crescente";"Colisão traseira";3;0;0;0;0;0;0;0;0;0;0;0;0;0;0
"02/01/2024";"20:35:03";"521";"Sem vítima";"35,000";"BR-101/RS";"Decrescente";"Colisão traseira";2;0;0;0;0;0;0;0;0;0;6;0;0;0;0
"02/01/2024";"23:25:00";"577";"Sem vítima";"73,450";"BR-290/RS";"Decrescente";"Queda de moto";1;0;0;1;0;0;0;0;0;0;2;0;0;0;0
"03/01/2024";"01:03:00";"9";"Com vítima";"45,000";"BR-290/RS";"Crescente";"Colisão lateral no mesmo sentido";3;0;0;0;0;0;0;0;0;0;0;0;0;0;0
"03/01/2024";"08:56:12";"123";"Sem vítima";"339,500";"BR-386/RS";"Crescente";"Colisão traseira";1;0;0;0;0;0;0;0;0;0;0;0;0;0;0
"03/01/2024";"09:01:25";"126";"Com vítima";"350,100";"BR-386/RS";"Crescente";"Queda de moto";0;0;0;1;0;0;0;0;0;0;0;0;0;0;0
"03/01/2024";"10:55:59";"167";"Sem vítima";"1,000";"BR-290/RS";"Decrescente";"Queda de moto";0;0;0;1;0;0;0;0;0;0;1;0;0;0;0
"03/01/2024";"12:59:00";"209";"Sem vítima";"48,000";"BR-101/RS";"Crescente";"Acidentes de outra natureza";0;0;1;0;0;0;0;0;0;0;1;0;0;0;0
"03/01/2024";"16:23:23";"255";"Sem vítima";"367,350";"BR-386/RS";"Decrescente";"Colisão lateral no mesmo sentido";2;0;0;0;0;0;0;0;0;0;0;0;0;0;0
"03/01/2024";"16:55:00";"260";"Com vítima";"92,000";"BR-290/RS";"Crescente";"Queda de moto";0;0;0;1;0;0;0;0;0;0;0;0;1;0;0
"03/01/2024";"17:39:27";"272";"Sem vítima";"391,000";"BR-386/RS";"Decrescente";"Colisão traseira";1;0;1;0;0;0;0;0;0;0;0;0;0;0;0
"03/01/2024";"17:40:22";"273";"Sem vítima";"252,000";"BR-386/RS";"Decrescente";"Colisão lateral no mesmo sentido";2;0;0;0;0;0;0;0;0;0;0;0;0;0;0
"03/01/2024";"18:06:25";"282";"Sem vítima";"60,000";"BR-290/RS";"Crescente";"Colisão traseira";2;0;0;0;0;0;0;0;0;0;0;0;0;0;0
"04/01/2024";"07:38:56";"75";"Com vítima";"350,100";"BR-386/RS";"Crescente";"Colisão traseira";1;0;0;1;0;0;0;0;0;0;0;0;0;0;0
"04/01/2024";"12:24:06";"177";"Sem vítima";"6,000";"BR-448/RS";"Crescente";"Colisão traseira";2;0;0;0;0;0;0;0;0;0;0;0;0;0;0
"04/01/2024";"21:15:00";"296";"Sem vítima";"76,000";"BR-290/RS";"Crescente";"Acidentes de outra natureza";1;0;0;0;0;0;0;0;0;0;0;0;0;0;0
"04/01/2024";"23:24:44";"311";"Sem vítima";"80,000";"BR-290/RS";"Decrescente";"Acidentes de outra natureza";1;0;0;0;0;0;0;0;0;0;0;0;0;0;0
"05/01/2024";"07:18:00";"75";"Sem vítima";"7,000";"BR-101/RS";"Decrescente";"Choque";1;0;0;0;0;0;0;0;0;0;0;0;0;0;0
"05/01/2024";"07:23:02";"79";"Com vítima";"342,480";"BR-386/RS";"Crescente";"Colisão lateral no mesmo sentido";1;0;0;1;0;0;0;0;0;0;0;2;0;0;0
"05/01/2024";"08:02:20";"106";"Sem vítima";"355,530";"BR-386/RS";"Crescente";"Colisão lateral no mesmo sentido";2;0;0;0;0;0;0;0;0;0;0;0;0;0;0
"05/01/2024";"10:44:32";"155";"Com vítima";"21,000";"BR-448/RS";"Crescente";"Colisão traseira";2;0;0;0;0;0;0;0;0;0;0;0;0;0;0
"05/01/2024";"11:15:07";"163";"Sem vítima";"366,700";"BR-386/RS";"Crescente";"Acidentes de outra natureza";1;0;0;0;0;0;0;0;0;0;0;0;0;0;0
"05/01/2024";"15:31:49";"242";"Sem vítima";"32,000";"BR-290/RS";"Decrescente";"Acidentes de outra natureza";1;0;0;0;0;0;0;0;0;0;0;0;0;0;0
"05/01/2024";"16:03:16";"251";"Sem vítima";"32,000";"BR-290/RS";"Crescente";"Acidentes de outra natureza";1;0;0;0;0;0;0;0;0;0;0;0;0;0;0
"05/01/2024";"17:34:18";"271";"Sem vítima";"92,000";"BR-290/RS";"Decrescente";"Colisão lateral no mesmo sentido";2;0;0;0;0;0;0;0;0;0;2;0;0;0;0
"06/01/2024";"07:35:54";"55";"Com vítima";"5,000";"BR-290/RS";"Decrescente";"Queda de moto";0;0;0;1;0;0;0;0;0;0;0;0;0;0;0
"06/01/2024";"09:13:05";"90";"Sem vítima";"19,000";"BR-290/RS";"Crescente";"Colisão traseira";1;0;1;0;0;0;0;0;0;0;0;0;0;0;0
"06/01/2024";"15:18:00";"196";"Com vítima";"57,000";"BR-290/RS";"Crescente";"Colisão traseira";0;0;1;1;0;0;0;0;0;0;2;4;0;0;0
"06/01/2024";"17:03:55";"220";"Sem vítima";"54,000";"BR-290/RS";"Crescente";"Acidentes de outra natureza";1;0;0;0;0;0;0;0;0;0;0;0;0;0;0
"06/01/2024";"18:21:46";"236";"Com vítima";"26,000";"BR-290/RS";"Decrescente";"Queda de moto";0;0;0;1;0;0;0;0;0;0;0;0;0;0;0
"07/01/2024";"05:11:53";"19";"Sem vítima";"362,000";"BR-386/RS";"Decrescente";"Choque";1;0;0;0;0;0;0;0;0;0;1;0;0;0;0
"07/01/2024";"05:28:00";"25";"Sem vítima";"71,000";"BR-101/RS";"Crescente";"Acidentes de outra natureza";1;0;0;0;0;0;0;0;0;0;0;0;0;0;0
"07/01/2024";"07:30:00";"49";"Sem vítima";"59,000";"BR-101/RS";"Crescente";"Choque";1;0;0;0;0;0;0;0;0;0;1;0;0;0;0
"07/01/2024";"08:05:33";"62";"Sem vítima";"33,000";"BR-101/RS";"Decrescente";"Colisão lateral no mesmo sentido";2;0;0;0;0;0;0;0;0;0;0;0;0;0;0
"07/01/2024";"09:48:48";"91";"Sem vítima";"91,000";"BR-290/RS";"Decrescente";"Colisão lateral no mesmo sentido";2;0;0;0;0;0;0;0;0;0;0;0;0;0;0
"07/01/2024";"10:32:41";"105";"Com vítima";"365,600";"BR-386/RS";"Crescente";"Acidentes de outra natureza";1;0;0;0;0;0;0;0;0;0;0;0;0;0;0
"07/01/2024";"13:50:22";"167";"Sem vítima";"229,000";"BR-386/RS";"Crescente";"Colisão traseira";2;0;0;0;0;0;0;0;0;0;0;0;0;0;0
"07/01/2024";"14:58:20";"183";"Sem vítima";"223,000";"BR-386/RS";"Decrescente";"Tombamento";0;0;0;0;0;0;0;1;0;0;0;0;0;0;0
"07/01/2024";"15:59:54";"203";"Sem vítima";"73,000";"BR-101/RS";"Crescente";"Colisão traseira";2;0;0;0;0;0;0;0;0;0;0;0;0;0;0
"07/01/2024";"16:54:39";"217";"Sem vítima";"54,000";"BR-290/RS";"Decrescente";"Colisão traseira";2;0;0;0;0;0;0;0;0;0;0;0;0;0;0
"07/01/2024";"17:27:00";"228";"Sem vítima";"28,000";"BR-101/RS";"Crescente";"Queda de moto";0;0;0;1;0;0;0;0;0;0;0;0;0;0;0
"07/01/2024";"17:40:42";"234";"Sem vítima";"94,000";"BR-290/RS";"Decrescente";"Choque";1;0;0;0;0;0;0;0;0;0;1;0;0;0;0
"07/01/2024";"19:54:32";"276";"Sem vítima";"435,000";"BR-386/RS";"Decrescente";"Colisão lateral no mesmo sentido";1;0;0;0;0;0;0;0;0;0;0;0;0;0;0
"07/01/2024";"22:42:00";"320";"Com vítima";"72,000";"BR-101/RS";"Crescente";"Atropelamento de pedestre";2;0;0;0;0;0;0;0;0;0;0;0;0;0;0
"08/01/2024";"02:27:08";"33";"Sem vítima";"341,000";"BR-386/RS";"Crescente";"Acidentes de outra natureza";1;0;0;0;0;0;0;0;0;0;0;0;0;0;0
"08/01/2024";"07:24:35";"93";"Sem vítima";"89,000";"BR-290/RS";"Crescente";"Engavetamento";3;0;0;0;0;0;0;0;0;0;0;0;0;0;0
"08/01/2024";"13:39:39";"261";"Sem vítima";"60,000";"BR-290/RS";"Crescente";"Colisão traseira";1;0;0;0;0;0;0;0;0;0;1;0;0;0;0
"08/01/2024";"13:42:10";"262";"Sem vítima";"409,900";"BR-386/RS";"Decrescente";"Acidentes de outra natureza";1;0;0;0;0;0;0;0;0;0;0;0;0;0;0
"08/01/2024";"14:54:50";"285";"Sem vítima";"304,200";"BR-386/RS";"Crescente";"Colisão lateral no mesmo sentido";1;0;1;0;0;0;0;0;0;0;0;0;0;0;0
"08/01/2024";"17:28:40";"332";"Sem vítima";"306,250";"BR-386/RS";"Decrescente";"Colisão traseira";1;0;1;0;0;0;0;0;0;0;0;0;0;0;0
"09/01/2024";"05:47:00";"20";"Sem vítima";"233,000";"BR-386/RS";"Crescente";"Choque";1;0;0;0;0;0;0;0;0;0;0;0;0;0;0
"09/01/2024";"11:01:00";"193";"Sem vítima";"440,000";"BR-386/RS";"Decrescente";"Acidentes de outra natureza";1;0;0;0;0;0;0;0;0;0;0;0;0;0;0
"09/01/2024";"13:40:06";"231";"Com vítima";"2,000";"BR-101/RS";"Crescente";"Queda de moto";0;0;0;1;0;0;0;0;0;0;0;1;0;0;0
"09/01/2024";"14:14:34";"240";"Com vítima";"318,000";"BR-386/RS";"Crescente";"Colisão lateral no mesmo sentido";2;0;1;0;0;0;0;0;0;0;0;0;0;0;0
"09/01/2024";"16:35:04";"279";"Sem vítima";"11,000";"BR-101/RS";"Crescente";"Colisão lateral no mesmo sentido";1;0;1;0;0;0;0;0;0;0;4;0;0;0;0
"09/01/2024";"16:41:00";"281";"Sem vítima";"10,000";"BR-448/RS";"Decrescente";"Engavetamento";2;0;2;0;0;0;0;0;0;0;0;0;0;0;0
"09/01/2024";"17:42:00";"293";"Com vítima";"71,450";"BR-290/RS";"Crescente";"Queda de moto";0;0;0;1;0;0;0;0;0;0;0;2;0;0;0
"10/01/2024";"09:04:49";"139";"Sem vítima";"68,000";"BR-101/RS";"Decrescente";"Colisão lateral no mesmo sentido";1;0;1;0;0;0;0;0;0;0;0;0;0;0;0
"10/01/2024";"09:36:00";"150";"Com vítima";"296,020";"BR-386/RS";"Decrescente";"Acidentes de outra natureza";1;0;0;0;0;0;0;0;0;0;0;0;0;0;0
"10/01/2024";"09:40:30";"151";"Sem vítima";"426,020";"BR-386/RS";"Crescente";"Colisão traseira";2;0;0;0;0;0;0;0;0;0;0;0;0;0;0
"10/01/2024";"11:51:21";"184";"Sem vítima";"435,000";"BR-386/RS";"Decrescente";"Colisão lateral no mesmo sentido";2;0;0;0;0;0;0;0;0;0;0;0;0;0;0
"10/01/2024";"16:22:00";"255";"Com vítima";"251,600";"BR-386/RS";"Decrescente";"Colisão traseira";1;0;1;0;0;0;0;0;0;0;0;0;0;0;0
"10/01/2024";"17:18:00";"274";"Sem vítima";"418,500";"BR-386/RS";"Decrescente";"Acidentes de outra natureza";1;0;0;0;0;0;0;0;0;0;0;0;0;0;0
"11/01/2024";"06:17:46";"33";"Sem vítima";"89,000";"BR-290/RS";"Crescente";"Acidentes de outra natureza";0;0;1;0;0;0;0;0;0;0;0;0;0;0;0
"11/01/2024";"07:04:05";"65";"Sem vítima";"304,000";"BR-386/RS";"Crescente";"Choque";1;0;1;0;0;0;0;0;0;0;3;0;0;0;0
"11/01/2024";"08:29:00";"127";"Com vítima";"36,000";"BR-101/RS";"Crescente";"Capotamento";1;0;0;0;0;0;0;0;0;0;0;0;1;0;0
"11/01/2024";"09:37:00";"160";"Sem vítima";"356,000";"BR-386/RS";"Decrescente";"Choque";1;0;0;0;0;0;0;0;0;0;0;0;0;0;0
"11/01/2024";"10:55:07";"177";"Sem vítima";"9,000";"BR-448/RS";"Decrescente";"Acidentes de outra natureza";1;0;0;0;0;0;0;0;0;0;1;0;0;0;0
"11/01/2024";"10:57:27";"178";"Com vítima";"422,000";"BR-386/RS";"Crescente";"Choque";1;0;0;0;0;0;0;0;0;0;0;0;0;0;0
"11/01/2024";"12:39:50";"211";"Sem vítima";"10,900";"BR-290/RS";"Crescente";"Acidentes de outra natureza";1;0;0;0;0;0;0;0;0;0;0;0;0;0;0
"11/01/2024";"12:42:00";"213";"Com vítima";"50,500";"BR-290/RS";"Crescente";"Capotamento";1;0;0;0;0;0;0;0;0;0;0;0;0;0;0
"11/01/2024";"17:22:37";"294";"Sem vítima";"35,000";"BR-101/RS";"Decrescente";"Colisão traseira";1;0;1;0;0;0;0;0;0;0;2;0;0;0;0
"11/01/2024";"20:31:41";"333";"Sem vítima";"54,000";"BR-101/RS";"Decrescente";"Colisão traseira";1;0;0;0;0;0;0;0;0;0;0;0;0;0;0
"12/01/2024";"01:12:00";"7";"Sem vítima";"29,000";"BR-290/RS";"Decrescente";"Atropelamento de animal";1;0;0;0;0;0;0;0;0;0;6;0;0;0;0
"12/01/2024";"08:05:38";"131";"Com vítima";"36,700";"BR-290/RS";"Crescente";"Acidentes de outra natureza";1;0;0;0;0;0;0;0;0;0;0;0;0;0;0
"12/01/2024";"11:46:00";"214";"Sem vítima";"416,000";"BR-386/RS";"Decrescente";"Acidentes de outra natureza";1;0;0;0;0;0;0;0;0;0;2;0;0;0;0
"12/01/2024";"14:15:00";"249";"Sem vítima";"50,000";"BR-101/RS";"Crescente";"Atropelamento de animal";1;0;0;0;0;0;0;0;0;0;1;0;0;0;0
"12/01/2024";"15:28:23";"266";"Sem vítima";"294,000";"BR-386/RS";"Decrescente";"Colisão traseira";0;0;2;0;0;0;0;0;0;0;0;0;0;0;0
"12/01/2024";"16:15:44";"284";"Sem vítima";"435,100";"BR-386/RS";"Crescente";"Colisão transversal";2;0;0;0;0;0;0;0;0;0;0;0;0;0;0
"12/01/2024";"17:16:00";"297";"Com vítima";"401,800";"BR-386/RS";"Crescente";"Acidentes de outra natureza";0;0;1;0;0;0;0;0;0;0;1;0;1;0;0
"12/01/2024";"17:18:49";"299";"Sem vítima";"87,480";"BR-290/RS";"Crescente";"Colisão traseira";1;0;0;0;0;0;0;0;0;0;1;0;0;0;0
"12/01/2024";"20:41:02";"350";"Sem vítima";"19,000";"BR-290/RS";"Decrescente";"Colisão traseira";2;0;0;0;0;0;0;0;0;0;0;0;0;0;0
"12/01/2024";"21:01:44";"352";"Sem vítima";"60,000";"BR-290/RS";"Decrescente";"Colisão traseira";1;0;1;0;0;0;0;0;0;0;0;0;0;0;0
"12/01/2024";"22:37:43";"369";"Sem vítima";"31,000";"BR-290/RS";"Decrescente";"Colisão traseira";1;0;1;0;0;0;0;0;0;0;0;0;0;0;0
"13/01/2024";"05:14:00";"31";"Sem vítima";"80,000";"BR-290/RS";"Decrescente";"Colisão traseira";2;0;0;0;0;0;0;0;0;0;4;0;0;0;0
"13/01/2024";"07:13:50";"60";"Com vítima";"91,450";"BR-290/RS";"Decrescente";"Colisão lateral no mesmo sentido";1;0;0;1;0;0;0;0;0;0;0;0;2;0;0
"13/01/2024";"07:21:59";"68";"Com vítima";"339,000";"BR-386/RS";"Decrescente";"Colisão frontal";1;0;0;1;0;0;0;0;0;0;4;0;0;0;0
"13/01/2024";"09:54:00";"147";"Sem vítima";"4,000";"BR-290/RS";"Crescente";"Colisão lateral no mesmo sentido";3;0;0;0;0;0;0;0;0;0;0;0;0;0;0
"13/01/2024";"09:58:28";"148";"Sem vítima";"341,000";"BR-386/RS";"Decrescente";"Acidentes de outra natureza";1;0;0;0;0;0;0;0;0;0;0;0;0;0;0
"13/01/2024";"10:06:02";"151";"Sem vítima";"225,000";"BR-386/RS";"Crescente";"Colisão traseira";2;0;0;0;0;0;0;0;0;0;0;0;0;0;0
"13/01/2024";"11:41:24";"175";"Com vítima";"355,900";"BR-386/RS";"Decrescente";"Colisão lateral no mesmo sentido";2;0;0;0;0;0;0;0;0;0;2;0;0;0;0
"13/01/2024";"11:43:00";"176";"Sem vítima";"307,000";"BR-386/RS";"Decrescente";"Queda de moto";0;0;0;1;0;0;0;0;0;0;0;0;0;0;0
"13/01/2024";"12:11:53";"185";"Sem vítima";"345,800";"BR-386/RS";"Crescente";"Atropelamento de pedestre";0;0;0;1;0;0;0;0;0;0;0;0;0;0;0
"13/01/2024";"15:57:23";"236";"Com vítima";"345,000";"BR-386/RS";"Decrescente";"Colisão traseira";1;0;0;1;0;0;0;0;0;0;0;0;0;0;0
"13/01/2024";"16:29:00";"246";"Sem vítima";"64,100";"BR-290/RS";"Decrescente";"Colisão traseira";1;0;0;0;0;0;0;0;0;0;0;0;0;0;0
"14/01/2024";"01:29:16";"14";"Com vítima";"62,000";"BR-290/RS";"Crescente";"Tombamento";0;0;1;0;0;0;0;0;0;0;0;0;0;0;0