data;horario;n_da_ocorrencia;tipo_de_ocorrencia;km;trecho;sentido;tipo_de_acidente;automovel;bicicleta;caminhao;moto;onibus;outros;tracao_animal;transporte_de_cargas_especiais;trator_maquinas;utilitarios;ilesos;levemente_feridos;moderadamente_feridos;gravemente_feridos;mortos
"14/01/2024";"04:40:48";"20";"Sem vítima";"69,000";"BR-290/RS";"Crescente";"Capotamento";1;0;0;0;0;0;0;0;0;0;1;0;0;0;0
"14/01/2024";"05:29:04";"23";"Sem vítima";"71,510";"BR-290/RS";"Decrescente";"Colisão traseira";2;0;0;0;0;0;0;0;0;0;2;0;0;0;0
"14/01/2024";"08:00:58";"51";"Sem vítima";"35,000";"BR-101/RS";"Decrescente";"Colisão traseira";2;0;1;0;0;0;0;0;0;0;0;0;0;0;0
"14/01/2024";"08:14:31";"57";"Sem vítima";"350,000";"BR-386/RS";"Decrescente";"Acidentes de outra natureza";1;0;0;0;0;0;0;0;0;0;0;0;0;0;0
"14/01/2024";"09:45:00";"78";"Sem vítima";"207,500";"BR-386/RS";"Decrescente";"Colisão transversal";2;0;0;0;0;0;0;0;0;0;0;0;0;0;0
"14/01/2024";"10:39:54";"92";"Sem vítima";"31,600";"BR-101/RS";"Decrescente";"Colisão traseira";2;0;0;0;0;0;0;0;0;0;0;0;0;0;0
"14/01/2024";"15:14:00";"157";"Sem vítima";"223,000";"BR-386/RS";"Crescente";"Engavetamento";3;0;0;0;0;0;0;0;0;0;0;0;0;0;0
"14/01/2024";"15:39:52";"162";"Sem vítima";"429,000";"BR-386/RS";"Decrescente";"Colisão lateral no mesmo sentido";2;0;0;0;0;0;0;0;0;0;0;0;0;0;0
"14/01/2024";"17:51:00";"211";"Sem vítima";"10,000";"BR-290/RS";"Crescente";"Colisão lateral no mesmo sentido";1;0;0;1;0;0;0;0;0;0;0;0;0;0;0
"14/01/2024";"18:14:11";"222";"Sem vítima";"10,000";"BR-448/RS";"Decrescente";"Acidentes de outra natureza";1;0;0;0;0;0;0;0;0;0;0;0;0;0;0
"14/01/2024";"18:40:46";"234";"Sem vítima";"307,000";"BR-386/RS";"Decrescente";"Acidentes de outra natureza";1;0;0;0;0;0;0;0;0;0;0;0;0;0;0
"14/01/2024";"19:08:08";"247";"Sem vítima";"357,000";"BR-386/RS";"Decrescente";"Acidentes de outra natureza";1;0;0;0;0;0;0;0;0;0;2;0;0;0;0
"14/01/2024";"20:12:25";"258";"Com vítima";"87,000";"BR-101/RS";"Crescente";"Colisão traseira";3;0;0;0;0;0;0;0;0;0;0;0;0;0;0
"14/01/2024";"20:28:00";"266";"Sem vítima";"265,000";"BR-386/RS";"Crescente";"Acidentes de outra natureza";1;0;0;0;0;0;0;0;0;0;0;0;0;0;0
"14/01/2024";"22:17:01";"302";"Sem vítima";"247,000";"BR-386/RS";"Decrescente";"Acidentes de outra natureza";1;0;0;0;0;0;0;0;0;0;0;0;0;0;0
"15/01/2024";"06:44:25";"64";"Sem vítima";"441,500";"BR-386/RS";"Crescente";"Colisão traseira";2;0;0;0;0;0;0;0;0;0;0;0;0;0;0
"15/01/2024";"08:17:00";"139";"Sem vítima";"313,600";"BR-386/RS";"Crescente";"Colisão lateral no mesmo sentido";2;0;0;0;0;0;0;0;0;0;2;0;0;0;0
"15/01/2024";"08:20:21";"141";"Sem vítima";"426,000";"BR-386/RS";"Decrescente";"Colisão traseira";2;0;0;0;0;0;0;0;0;0;0;0;0;0;0
"15/01/2024";"08:22:44";"144";"Sem vítima";"368,000";"BR-386/RS";"Decrescente";"Colisão traseira";2;0;0;0;0;0;0;0;0;0;0;0;0;0;0
"15/01/2024";"10:46:00";"201";"Sem vítima";"17,000";"BR-290/RS";"Crescente";"Engavetamento";3;0;0;0;0;0;0;0;0;0;3;0;0;0;0
"15/01/2024";"12:37:15";"238";"Sem vítima";"10,000";"BR-101/RS";"Crescente";"Acidentes de outra natureza";1;0;0;0;0;0;0;0;0;0;0;0;0;0;0
"15/01/2024";"14:23:10";"270";"Sem vítima";"410,000";"BR-386/RS";"Decrescente";"Acidentes de outra natureza";0;0;1;0;0;0;0;0;0;0;1;0;0;0;0
"15/01/2024";"15:31:37";"287";"Sem vítima";"27,000";"BR-290/RS";"Decrescente";"Colisão traseira";1;0;0;0;0;0;0;1;0;0;0;0;0;0;0
"15/01/2024";"15:54:15";"292";"Com vítima";"442,800";"BR-386/RS";"Decrescente";"Colisão traseira";2;0;0;0;0;0;0;0;0;0;0;0;0;0;0
"15/01/2024";"16:01:00";"295";"Sem vítima";"392,300";"BR-386/RS";"Crescente";"Colisão lateral no mesmo sentido";2;0;0;0;0;0;0;0;0;0;0;0;0;0;0
"15/01/2024";"21:28:27";"359";"Sem vítima";"11,000";"BR-448/RS";"Decrescente";"Choque";1;0;1;0;0;0;0;0;0;0;0;0;0;0;0
"15/01/2024";"22:25:38";"363";"Sem vítima";"3,000";"BR-101/RS";"Crescente";"Acidentes de outra natureza";1;0;0;0;0;0;0;0;0;0;1;0;0;0;0
"16/01/2024";"06:34:00";"44";"Sem vítima";"3,000";"BR-101/RS";"Crescente";"Colisão traseira";1;0;1;0;0;0;0;0;0;0;0;0;0;0;0
"16/01/2024";"08:04:36";"122";"Sem vítima";"96,000";"BR-290/RS";"Decrescente";"Engavetamento";4;0;0;0;0;0;0;0;0;0;0;0;0;0;0
"16/01/2024";"10:11:04";"193";"Sem vítima";"53,000";"BR-290/RS";"Decrescente";"Engavetamento";3;0;0;0;0;0;0;0;0;0;0;0;0;0;0
"16/01/2024";"10:41:17";"201";"Sem vítima";"426,000";"BR-386/RS";"Crescente";"Colisão traseira";1;0;1;0;0;0;0;0;0;0;0;0;0;0;0
"16/01/2024";"13:39:09";"239";"Com vítima";"354,600";"BR-386/RS";"Decrescente";"Choque";1;0;1;1;0;0;0;0;0;0;0;0;0;0;0
"16/01/2024";"14:02:11";"247";"Sem vítima";"21,000";"BR-290/RS";"Crescente";"Acidentes de outra natureza";1;0;0;0;0;0;0;0;0;0;2;0;0;0;0
"16/01/2024";"18:16:00";"313";"Sem vítima";"352,000";"BR-386/RS";"Decrescente";"Atropelamento de pedestre";0;0;0;1;0;0;0;0;0;0;0;1;0;0;0
"16/01/2024";"22:06:19";"355";"Sem vítima";"10,000";"BR-448/RS";"Crescente";"Acidentes de outra natureza";1;0;0;0;0;0;0;0;0;0;1;0;0;0;0
"16/01/2024";"22:47:41";"370";"Sem vítima";"351,000";"BR-386/RS";"Decrescente";"Choque";1;0;0;0;0;0;0;0;0;0;0;0;0;0;0
"17/01/2024";"00:01:45";"1";"Sem vítima";"49,000";"BR-290/RS";"Crescente";"Acidentes de outra natureza";1;0;0;0;0;0;0;0;0;0;1;0;0;0;0
"17/01/2024";"01:34:39";"25";"Sem vítima";"307,000";"BR-386/RS";"Decrescente";"Acidentes de outra natureza";0;0;1;0;0;0;0;0;0;0;0;0;0;0;0
"17/01/2024";"06:11:00";"47";"Sem vítima";"401,000";"BR-386/RS";"Decrescente";"Colisão traseira";2;0;0;0;0;0;0;0;0;0;0;0;0;0;0
"17/01/2024";"09:08:00";"148";"Com vítima";"307,000";"BR-386/RS";"Decrescente";"Colisão frontal";2;0;0;0;0;0;0;0;0;0;2;0;0;0;0
"18/01/2024";"09:38:03";"130";"Sem vítima";"86,400";"BR-101/RS";"Crescente";"Engavetamento";2;0;0;0;0;0;0;0;0;0;0;0;0;0;0
"18/01/2024";"10:00:17";"133";"Sem vítima";"198,900";"BR-386/RS";"Decrescente";"Colisão lateral no mesmo sentido";1;0;2;0;0;0;0;0;0;0;0;0;0;0;0
"18/01/2024";"18:23:33";"233";"Sem vítima";"22,000";"BR-448/RS";"Decrescente";"Queda de moto";0;0;0;1;0;0;0;0;0;0;0;0;0;0;0
"19/01/2024";"11:24:00";"208";"Com vítima";"366,800";"BR-386/RS";"Decrescente";"Choque";0;0;1;0;0;0;0;0;0;0;0;0;0;0;0
"19/01/2024";"15:15:00";"271";"Com vítima";"95,000";"BR-290/RS";"Crescente";"Colisão traseira";1;0;0;1;0;0;0;0;0;0;0;0;2;0;0
"19/01/2024";"16:13:00";"292";"Sem vítima";"73,000";"BR-101/RS";"Crescente";"Colisão lateral no mesmo sentido";1;0;1;0;0;0;0;0;0;0;0;0;0;0;0
"19/01/2024";"16:47:18";"300";"Sem vítima";"435,200";"BR-386/RS";"Decrescente";"Colisão lateral no mesmo sentido";1;0;1;0;0;0;0;0;0;0;0;0;0;0;0
"19/01/2024";"17:17:55";"304";"Sem vítima";"435,200";"BR-386/RS";"Decrescente";"Colisão traseira";1;0;1;0;0;0;0;0;0;0;0;0;0;0;0
"19/01/2024";"17:46:03";"315";"Sem vítima";"438,000";"BR-386/RS";"Decrescente";"Colisão traseira";2;0;0;0;0;0;0;0;0;0;0;0;0;0;0
"19/01/2024";"22:12:00";"371";"Sem vítima";"48,000";"BR-290/RS";"Decrescente";"Colisão traseira";3;0;0;0;0;0;0;0;0;0;6;0;0;0;0
"19/01/2024";"23:37:00";"387";"Sem vítima";"20,000";"BR-290/RS";"Crescente";"Queda de moto";0;0;0;1;0;0;0;0;0;0;0;0;0;0;0
"20/01/2024";"03:46:00";"29";"Com vítima";"412,000";"BR-386/RS";"Crescente";"Atropelamento de pedestre";1;0;1;0;0;0;0;0;0;0;0;0;0;0;0
"20/01/2024";"05:50:00";"38";"Sem vítima";"333,300";"BR-386/RS";"Decrescente";"Colisão lateral no mesmo sentido";1;0;1;0;0;0;0;0;0;0;0;0;0;0;0
"20/01/2024";"07:18:00";"74";"Sem vítima";"71,000";"BR-101/RS";"Crescente";"Acidentes de outra natureza";1;0;0;0;0;0;0;0;0;0;0;0;0;0;0
"20/01/2024";"08:58:00";"105";"Sem vítima";"306,300";"BR-386/RS";"Crescente";"Capotamento";1;0;0;0;0;0;0;0;0;0;0;0;0;0;0
"20/01/2024";"10:04:08";"123";"Sem vítima";"33,300";"BR-101/RS";"Decrescente";"Colisão traseira";1;0;0;0;0;0;0;0;0;0;2;0;0;0;0
"20/01/2024";"12:25:00";"152";"Sem vítima";"80,000";"BR-290/RS";"Decrescente";"Choque";1;0;0;0;0;0;0;0;0;0;0;0;0;0;0
"20/01/2024";"13:16:40";"159";"Sem vítima";"19,000";"BR-290/RS";"Crescente";"Colisão traseira";2;0;0;0;0;0;0;0;0;0;0;0;0;0;0
"20/01/2024";"15:45:00";"189";"Sem vítima";"352,000";"BR-386/RS";"Decrescente";"Choque";2;0;0;0;0;0;0;0;0;0;0;0;0;0;0
"20/01/2024";"16:22:13";"200";"Sem vítima";"307,400";"BR-386/RS";"Decrescente";"Capotamento";1;0;0;0;0;0;0;0;0;0;0;0;0;0;0
"20/01/2024";"17:41:00";"217";"Sem vítima";"223,100";"BR-386/RS";"Crescente";"Choque";1;0;0;0;0;0;0;0;0;0;0;0;0;0;0
"20/01/2024";"19:25:55";"233";"Sem vítima";"75,000";"BR-290/RS";"Decrescente";"Tombamento";0;0;1;0;0;0;0;0;0;0;0;0;0;0;0
"20/01/2024";"21:47:59";"262";"Com vítima";"3,000";"BR-101/RS";"Decrescente";"Atropelamento de pedestre";0;0;0;1;0;0;0;0;0;0;0;0;0;0;0
"20/01/2024";"22:52:24";"270";"Sem vítima";"3,000";"BR-101/RS";"Decrescente";"Colisão traseira";0;0;1;1;0;0;0;0;0;0;0;0;0;0;0
"20/01/2024";"23:39:21";"272";"Sem vítima";"401,000";"BR-386/RS";"Decrescente";"Acidentes de outra natureza";1;0;0;0;0;0;0;0;0;0;0;0;0;0;0
"21/01/2024";"03:41:01";"19";"Sem vítima";"85,000";"BR-290/RS";"Decrescente";"Colisão traseira";2;0;0;0;0;0;0;0;0;0;0;0;0;0;0
"21/01/2024";"05:17:45";"25";"Sem vítima";"61,000";"BR-290/RS";"Crescente";"Tombamento";0;0;1;0;0;0;0;0;0;0;0;0;0;0;0
"21/01/2024";"06:12:43";"30";"Sem vítima";"1,000";"BR-448/RS";"Crescente";"Choque";1;0;0;0;0;0;0;0;0;0;0;0;0;0;0
"21/01/2024";"08:57:45";"63";"Sem vítima";"60,000";"BR-290/RS";"Decrescente";"Colisão traseira";2;0;0;0;0;0;0;0;0;0;4;0;0;0;0
"21/01/2024";"15:18:29";"177";"Sem vítima";"21,000";"BR-290/RS";"Crescente";"Engavetamento";3;0;0;0;0;0;0;0;0;0;0;0;0;0;0
"21/01/2024";"15:30:10";"180";"Com vítima";"16,000";"BR-101/RS";"Decrescente";"Choque";1;0;0;0;0;0;0;0;0;0;0;0;0;0;0
"21/01/2024";"16:18:00";"191";"Sem vítima";"36,000";"BR-101/RS";"Decrescente";"Choque";1;0;0;0;0;0;0;0;0;0;0;0;0;0;0
"21/01/2024";"18:35:00";"222";"Sem vítima";"28,000";"BR-290/RS";"Crescente";"Colisão traseira";1;0;0;0;0;0;0;0;0;0;0;0;0;0;0
"21/01/2024";"22:09:00";"272";"Sem vítima";"86,000";"BR-290/RS";"Crescente";"Colisão traseira";1;0;0;1;0;0;0;0;0;0;6;0;0;0;0
"21/01/2024";"22:28:00";"278";"Com vítima";"36,772";"BR-290/RS";"Crescente";"Colisão frontal";2;0;0;0;0;0;0;0;0;0;0;0;0;0;0
"22/01/2024";"04:19:00";"30";"Sem vítima";"86,000";"BR-290/RS";"Crescente";"Acidentes de outra natureza";1;0;0;0;0;0;0;0;0;0;1;0;0;0;0
"22/01/2024";"07:37:57";"99";"Com vítima";"62,177";"BR-101/RS";"Crescente";"Colisão traseira";2;0;0;0;0;0;0;0;0;0;0;4;0;0;0
"22/01/2024";"10:05:01";"189";"Sem vítima";"60,000";"BR-290/RS";"Crescente";"Colisão traseira";1;0;0;1;0;0;0;0;0;0;0;0;0;0;0
"22/01/2024";"11:06:57";"207";"Sem vítima";"308,000";"BR-386/RS";"Decrescente";"Acidentes de outra natureza";0;0;1;0;0;0;0;0;0;0;0;0;0;0;0
"22/01/2024";"12:27:00";"227";"Sem vítima";"50,050";"BR-101/RS";"Decrescente";"Colisão traseira";2;0;1;0;0;0;0;0;0;0;0;0;0;0;0
"22/01/2024";"12:40:44";"230";"Sem vítima";"60,000";"BR-290/RS";"Crescente";"Engavetamento";2;0;0;0;0;0;0;0;0;0;0;0;0;0;0
"22/01/2024";"18:01:10";"302";"Sem vítima";"76,000";"BR-290/RS";"Crescente";"Choque";1;0;0;0;0;0;0;0;0;0;0;0;0;0;0
"22/01/2024";"20:04:00";"333";"Com vítima";"333,000";"BR-386/RS";"Decrescente";"Colisão transversal";2;0;0;0;0;0;0;0;0;0;0;0;0;0;0
"22/01/2024";"20:34:00";"340";"Com vítima";"49,000";"BR-290/RS";"Crescente";"Queda de moto";0;0;0;1;0;0;0;0;0;0;0;0;0;0;0
"22/01/2024";"23:00:23";"364";"Sem vítima";"273,000";"BR-386/RS";"Decrescente";"Atropelamento de animal";1;0;0;0;0;0;0;0;0;0;0;0;0;0;0
"23/01/2024";"07:33:00";"95";"Sem vítima";"89,000";"BR-290/RS";"Decrescente";"Colisão traseira";1;0;0;0;0;0;0;0;0;0;0;0;0;0;0
"23/01/2024";"07:50:23";"108";"Sem vítima";"14,000";"BR-290/RS";"Decrescente";"Colisão lateral no mesmo sentido";1;0;1;0;0;0;0;0;0;0;4;0;0;0;0
"23/01/2024";"08:35:06";"149";"Com vítima";"3,000";"BR-448/RS";"Crescente";"Engavetamento";3;0;0;0;0;0;0;0;0;0;0;0;0;0;0
"23/01/2024";"09:59:35";"175";"Sem vítima";"307,000";"BR-386/RS";"Decrescente";"Colisão traseira";2;0;0;0;0;0;0;0;0;0;0;0;0;0;0
"23/01/2024";"12:56:17";"233";"Sem vítima";"60,000";"BR-290/RS";"Decrescente";"Colisão traseira";2;0;0;0;0;0;0;0;0;0;0;0;0;0;0
"23/01/2024";"14:25:26";"261";"Com vítima";"76,000";"BR-290/RS";"Decrescente";"Queda de moto";0;0;0;1;0;0;0;0;0;0;0;0;0;0;0
"23/01/2024";"20:18:35";"385";"Sem vítima";"275,100";"BR-386/RS";"Decrescente";"Choque";1;0;0;0;0;0;0;0;0;0;0;0;0;0;0
"24/01/2024";"09:39:00";"137";"Sem vítima";"30,000";"BR-101/RS";"Decrescente";"Acidentes de outra natureza";1;0;0;0;0;0;0;0;0;0;0;0;0;0;0
"24/01/2024";"10:29:00";"153";"Sem vítima";"14,000";"BR-290/RS";"Crescente";"Choque";1;0;0;0;0;0;0;0;0;0;0;0;0;0;0
"24/01/2024";"12:04:34";"170";"Sem vítima";"2,000";"BR-290/RS";"Crescente";"Acidentes de outra natureza";1;0;0;0;0;0;0;0;0;0;0;0;0;0;0
"24/01/2024";"13:42:00";"200";"Sem vítima";"344,200";"BR-386/RS";"Decrescente";"Colisão traseira";2;0;0;0;0;0;0;0;0;0;0;0;0;0;0
"24/01/2024";"13:54:48";"202";"Sem vítima";"351,700";"BR-386/RS";"Decrescente";"Choque";1;0;0;0;0;0;0;0;0;0;0;0;0;0;0
"24/01/2024";"14:09:23";"206";"Sem vítima";"428,300";"BR-386/RS";"Crescente";"Colisão traseira";0;0;2;0;0;0;0;0;0;0;0;0;0;0;0
"24/01/2024";"14:43:00";"216";"Sem vítima";"93,000";"BR-290/RS";"Crescente";"Colisão traseira";2;0;0;0;0;0;0;0;0;0;4;0;0;0;0
"24/01/2024";"16:16:28";"243";"Com vítima";"95,000";"BR-290/RS";"Crescente";"Colisão traseira";2;0;0;0;0;0;0;0;0;0;0;2;0;0;0
"24/01/2024";"16:24:27";"245";"Sem vítima";"395,900";"BR-386/RS";"Decrescente";"Choque";1;0;1;0;0;0;0;0;0;0;0;0;0;0;0
"24/01/2024";"17:52:17";"261";"Sem vítima";"219,500";"BR-386/RS";"Crescente";"Colisão traseira";2;0;0;0;0;0;0;0;0;0;0;0;0;0;0
"25/01/2024";"05:02:31";"24";"Sem vítima";"55,780";"BR-101/RS";"Crescente";"Acidentes de outra natureza";0;0;1;0;0;0;0;0;0;0;0;0;0;0;0
"25/01/2024";"08:44:21";"141";"Sem vítima";"92,200";"BR-290/RS";"Decrescente";"Colisão lateral no mesmo sentido";2;0;0;0;0;0;0;0;0;0;0;0;0;0;0
"25/01/2024";"15:58:00";"250";"Sem vítima";"434,800";"BR-386/RS";"Decrescente";"Colisão lateral no mesmo sentido";1;0;1;0;0;0;0;0;0;0;0;0;0;0;0
"25/01/2024";"16:31:00";"259";"Com vítima";"224,000";"BR-386/RS";"Crescente";"Colisão lateral no mesmo sentido";2;0;0;0;0;0;0;0;0;0;0;0;0;0;0
"25/01/2024";"23:02:40";"329";"Sem vítima";"34,600";"BR-290/RS";"Crescente";"Acidentes de outra natureza";0;0;1;0;0;0;0;0;0;0;0;0;0;0;0
"26/01/2024";"04:13:00";"14";"Sem vítima";"92,150";"BR-290/RS";"Decrescente";"Queda de moto";0;0;0;1;0;0;0;0;0;0;0;0;0;0;0
"26/01/2024";"06:46:58";"50";"Sem vítima";"346,800";"BR-386/RS";"Decrescente";"Tombamento";0;0;1;0;0;0;0;0;0;0;0;0;0;0;0
"26/01/2024";"07:01:13";"64";"Sem vítima";"350,600";"BR-386/RS";"Decrescente";"Acidentes de outra natureza";1;0;0;0;0;0;0;0;0;0;0;0;0;0;0
"26/01/2024";"08:05:40";"113";"Sem vítima";"222,300";"BR-386/RS";"Decrescente";"Engavetamento";5;0;0;0;0;0;0;0;0;0;0;0;0;0;0
"26/01/2024";"12:35:36";"231";"Sem vítima";"436,000";"BR-386/RS";"Decrescente";"Colisão lateral no mesmo sentido";2;0;0;0;0;0;0;0;0;0;0;0;0;0;0
"26/01/2024";"14:13:44";"256";"Sem vítima";"366,000";"BR-386/RS";"Decrescente";"Acidentes de outra natureza";1;0;0;0;0;0;0;0;0;0;0;0;0;0;0
"26/01/2024";"15:05:00";"272";"Com vítima";"53,764";"BR-290/RS";"Crescente";"Colisão traseira";2;0;0;0;0;0;0;0;0;0;2;0;2;0;0
"26/01/2024";"17:47:44";"303";"Sem vítima";"14,000";"BR-448/RS";"Crescente";"Acidentes de outra natureza";1;0;0;0;0;0;0;0;0;0;0;0;0;0;0
"26/01/2024";"18:56:28";"318";"Sem vítima";"433,000";"BR-386/RS";"Crescente";"Colisão lateral no mesmo sentido";1;0;0;0;0;0;0;0;0;0;2;0;0;0;0
"26/01/2024";"19:52:00";"328";"Sem vítima";"9,000";"BR-101/RS";"Decrescente";"Colisão traseira";2;0;0;0;0;0;0;0;0;0;0;0;0;0;0
"26/01/2024";"21:16:00";"344";"Sem vítima";"50,000";"BR-101/RS";"Decrescente";"Acidentes de outra natureza";1;0;0;0;0;0;0;0;0;0;0;0;0;0;0
"27/01/2024";"00:27:00";"8";"Sem vítima";"367,000";"BR-386/RS";"Crescente";"Colisão transversal";1;0;1;0;0;0;0;0;0;0;0;0;0;0;0
"27/01/2024";"07:33:15";"70";"Sem vítima";"19,000";"BR-290/RS";"Crescente";"Colisão traseira";1;0;0;0;0;0;0;0;0;0;0;0;0;0;0
"27/01/2024";"09:03:00";"115";"Com vítima";"77,132";"BR-290/RS";"Decrescente";"Queda de moto";1;0;0;0;0;0;0;0;0;0;0;0;0;0;0
"27/01/2024";"09:14:01";"123";"Sem vítima";"251,000";"BR-386/RS";"Crescente";"Engavetamento";1;0;0;0;0;0;0;0;0;0;0;0;0;0;0
"27/01/2024";"12:07:22";"184";"Sem vítima";"426,000";"BR-386/RS";"Decrescente";"Colisão traseira";1;0;1;0;0;0;0;0;0;0;0;0;0;0;0
"27/01/2024";"16:01:31";"225";"Sem vítima";"342,000";"BR-386/RS";"Crescente";"Colisão lateral no mesmo sentido";2;0;0;0;0;0;0;0;0;0;0;0;0;0;0
"27/01/2024";"18:10:00";"249";"Com vítima";"86,000";"BR-290/RS";"Decrescente";"Choque";1;0;0;0;0;0;0;0;0;0;0;0;0;0;0
"27/01/2024";"22:04:22";"279";"Sem vítima";"87,481";"BR-290/RS";"Crescente";"Choque";1;0;0;0;0;0;0;0;0;0;0;0;0;0;0
"28/01/2024";"01:37:26";"7";"Com vítima";"346,000";"BR-386/RS";"Decrescente";"Colisão traseira";1;0;0;1;0;0;0;0;0;0;2;0;0;0;0
"28/01/2024";"02:23:10";"9";"Sem vítima";"354,000";"BR-386/RS";"Decrescente";"Choque";1;0;0;0;0;0;0;0;0;0;0;0;0;0;0
"28/01/2024";"04:11:00";"15";"Sem vítima";"303,300";"BR-386/RS";"Decrescente";"Acidentes de outra natureza";0;0;1;0;0;0;0;0;0;0;0;0;0;0;0
"28/01/2024";"12:12:20";"110";"Com vítima";"91,452";"BR-290/RS";"Crescente";"Queda de moto";0;0;0;1;0;0;0;0;0;0;0;0;0;0;0
"28/01/2024";"12:48:05";"115";"Sem vítima";"72,139";"BR-101/RS";"Crescente";"Engavetamento";1;0;0;0;0;0;0;0;0;0;2;0;0;0;0
"28/01/2024";"15:41:00";"154";"Com vítima";"446,000";"BR-386/RS";"Crescente";"Queda de carga";0;0;0;1;0;0;0;0;0;0;0;0;0;0;0
"28/01/2024";"17:01:09";"170";"Sem vítima";"386,000";"BR-386/RS";"Decrescente";"Acidentes de outra natureza";1;0;0;0;0;0;0;0;0;0;1;0;0;0;0
"28/01/2024";"18:12:28";"191";"Sem vítima";"22,000";"BR-448/RS";"Crescente";"Choque";1;0;0;0;0;0;0;0;0;0;0;0;0;0;0
"28/01/2024";"20:08:47";"219";"Sem vítima";"72,454";"BR-290/RS";"Decrescente";"Capotamento";1;0;0;0;0;0;0;0;0;0;0;0;0;0;0
"28/01/2024";"20:25:00";"221";"Com vítima";"4,000";"BR-290/RS";"Crescente";"Colisão lateral no mesmo sentido";1;0;0;1;0;0;0;0;0;0;3;0;1;0;0
"28/01/2024";"21:08:22";"228";"Sem vítima";"0,000";"BR-290/RS";"Crescente";"Engavetamento";3;0;0;0;0;0;0;0;0;0;6;0;0;0;0
"29/01/2024";"07:28:51";"71";"Sem vítima";"55,150";"BR-290/RS";"Decrescente";"Capotamento";1;0;0;0;0;0;0;0;0;0;0;0;0;0;0
"29/01/2024";"07:36:11";"76";"Sem vítima";"50,450";"BR-101/RS";"Decrescente";"Colisão traseira";0;0;1;0;0;0;0;0;0;0;0;0;0;0;0
"29/01/2024";"08:49:00";"134";"Sem vítima";"44,000";"BR-290/RS";"Crescente";"Colisão traseira";1;0;1;0;0;0;0;0;0;0;0;0;0;0;0
"29/01/2024";"12:46:17";"198";"Sem vítima";"305,250";"BR-386/RS";"Decrescente";"Choque";1;0;0;0;0;0;0;0;0;0;0;0;0;0;0
"29/01/2024";"13:12:00";"204";"Sem vítima";"83,000";"BR-290/RS";"Crescente";"Acidentes de outra natureza";1;0;0;0;0;0;0;0;0;0;0;0;0;0;0
"29/01/2024";"13:16:54";"207";"Sem vítima";"75,000";"BR-290/RS";"Decrescente";"Colisão lateral no mesmo sentido";1;0;1;0;0;0;0;0;0;0;0;0;0;0;0
"29/01/2024";"13:45:05";"216";"Sem vítima";"81,000";"BR-290/RS";"Crescente";"Choque";1;0;0;0;0;0;0;0;0;0;0;0;0;0;0
"29/01/2024";"14:47:03";"231";"Sem vítima";"13,000";"BR-101/RS";"Crescente";"Acidentes de outra natureza";1;0;0;0;0;0;0;0;0;0;0;0;0;0;0
"29/01/2024";"16:39:37";"260";"Sem vítima";"223,300";"BR-386/RS";"Crescente";"Colisão frontal";0;0;3;0;0;0;0;0;0;0;0;0;0;0;0
"29/01/2024";"17:04:00";"264";"Sem vítima";"38,000";"BR-101/RS";"Decrescente";"Choque";1;0;0;0;0;0;0;0;0;0;0;0;0;0;0
"29/01/2024";"17:14:00";"267";"Sem vítima";"38,000";"BR-101/RS";"Crescente";"Choque";1;0;0;0;0;0;0;0;0;0;0;0;0;0;0
"30/01/2024";"05:57:46";"37";"Com vítima";"1,800";"BR-448/RS";"Crescente";"Queda de moto";0;0;0;1;0;0;0;0;0;0;0;0;0;0;0
"30/01/2024";"08:06:03";"123";"Sem vítima";"345,200";"BR-386/RS";"Crescente";"Colisão traseira";2;0;0;0;0;0;0;0;0;0;0;0;0;0;0
"30/01/2024";"08:12:12";"129";"Sem vítima";"432,600";"BR-386/RS";"Decrescente";"Choque";0;0;1;0;0;0;0;0;0;0;0;0;0;0;0
"30/01/2024";"10:29:00";"200";"Sem vítima";"14,600";"BR-290/RS";"Decrescente";"Acidentes de outra natureza";0;0;1;0;0;0;0;0;0;0;1;0;0;0;0
"30/01/2024";"11:22:00";"216";"Sem vítima";"211,800";"BR-386/RS";"Crescente";"Colisão lateral no mesmo sentido";1;0;1;0;0;0;0;0;0;0;0;0;0;0;0
"30/01/2024";"16:25:00";"294";"Sem vítima";"345,100";"BR-386/RS";"Decrescente";"Colisão traseira";2;0;0;0;0;0;0;0;0;0;0;0;0;0;0
"30/01/2024";"16:33:00";"295";"Com vítima";"71,000";"BR-290/RS";"Crescente";"Capotamento";1;0;0;0;0;0;0;0;0;0;0;0;0;0;0