data;horario;n_da_ocorrencia;tipo_de_ocorrencia;km;trecho;sentido;tipo_de_acidente;automovel;bicicleta;caminhao;moto;onibus;outros;tracao_animal;transporte_de_cargas_especiais;trator_maquinas;utilitarios;ilesos;levemente_feridos;moderadamente_feridos;gravemente_feridos;mortos
"30/01/2024";"18:24:22";"323";"Sem vítima";"85,000";"BR-290/RS";"Decrescente";"Engavetamento";1;0;0;0;0;0;0;0;0;0;1;0;0;0;0
"30/01/2024";"18:46:42";"326";"Sem vítima";"97,300";"BR-290/RS";"Decrescente";"Engavetamento";1;0;0;0;0;0;0;0;0;0;1;0;0;0;0
"30/01/2024";"21:23:09";"352";"Sem vítima";"391,200";"BR-386/RS";"Crescente";"Tombamento";0;0;1;0;0;0;0;0;0;0;0;0;0;0;0
"30/01/2024";"22:20:52";"365";"Sem vítima";"34,000";"BR-101/RS";"Decrescente";"Choque";0;0;1;0;0;0;0;0;0;0;1;0;0;0;0
"31/01/2024";"05:30:00";"17";"Com vítima";"83,000";"BR-290/RS";"Crescente";"Acidentes de outra natureza";1;0;0;0;0;0;0;0;0;0;0;0;0;0;0
"31/01/2024";"08:32:08";"121";"Sem vítima";"95,800";"BR-290/RS";"Crescente";"Engavetamento";3;0;0;0;0;0;0;0;0;0;0;0;0;0;0
"31/01/2024";"14:29:42";"235";"Sem vítima";"92,000";"BR-290/RS";"Crescente";"Colisão lateral no mesmo sentido";2;0;0;0;0;0;0;0;0;0;0;0;0;0;0
"31/01/2024";"15:01:47";"242";"Sem vítima";"22,000";"BR-448/RS";"Crescente";"Colisão traseira";1;0;1;0;0;0;0;0;0;0;0;0;0;0;0
"31/01/2024";"17:07:00";"272";"Sem vítima";"75,181";"BR-290/RS";"Decrescente";"Colisão lateral no mesmo sentido";0;0;0;2;0;0;0;0;0;0;2;0;0;0;0
"31/01/2024";"18:19:00";"287";"Sem vítima";"90,000";"BR-290/RS";"Decrescente";"Colisão transversal";2;0;0;0;0;0;0;0;0;0;0;0;0;0;0
"31/01/2024";"20:58:22";"318";"Sem vítima";"10,000";"BR-448/RS";"Decrescente";"Colisão traseira";0;0;0;2;0;0;0;0;0;0;0;0;0;0;0
"31/01/2024";"23:08:30";"328";"Sem vítima";"440,000";"BR-386/RS";"Decrescente";"Acidentes de outra natureza";0;0;1;0;0;0;0;0;0;0;0;0;0;0;0
"01/02/2024";"06:04:17";"18";"Sem vítima";"71,800";"BR-101/RS";"Decrescente";"Acidentes de outra natureza";1;0;0;0;0;0;0;0;0;0;2;0;0;0;0
"01/02/2024";"07:44:00";"87";"Com vítima";"436,000";"BR-386/RS";"Decrescente";"Colisão traseira";0;0;0;1;0;0;0;0;0;0;1;1;0;0;0
"01/02/2024";"09:46:00";"151";"Sem vítima";"359,000";"BR-386/RS";"Decrescente";"Acidentes de outra natureza";1;0;1;0;0;0;0;0;0;0;0;0;0;0;0
"01/02/2024";"12:53:55";"200";"Sem vítima";"373,200";"BR-386/RS";"Crescente";"Colisão lateral no mesmo sentido";2;0;0;0;0;0;0;0;0;0;0;0;0;0;0
"01/02/2024";"13:53:25";"218";"Sem vítima";"60,000";"BR-290/RS";"Decrescente";"Colisão lateral no mesmo sentido";1;0;1;0;0;0;0;0;0;0;2;0;0;0;0
"01/02/2024";"14:44:44";"234";"Com vítima";"80,000";"BR-290/RS";"Crescente";"Queda de moto";0;0;0;1;0;0;0;0;0;0;0;0;0;0;0
"01/02/2024";"17:25:21";"270";"Sem vítima";"47,529";"BR-290/RS";"Decrescente";"Choque";1;0;0;0;0;0;0;0;0;0;0;0;0;0;0
"01/02/2024";"17:35:30";"274";"Com vítima";"223,500";"BR-386/RS";"Decrescente";"Colisão traseira";2;0;1;0;0;0;0;0;0;0;0;0;0;0;0
"02/02/2024";"01:27:00";"10";"Sem vítima";"221,000";"BR-386/RS";"Crescente";"Capotamento";1;0;0;0;0;0;0;0;0;0;0;0;0;0;0
"02/02/2024";"05:36:28";"33";"Sem vítima";"22,000";"BR-101/RS";"Crescente";"Acidentes de outra natureza";1;0;0;0;0;0;0;0;0;0;0;0;0;0;0
"02/02/2024";"09:16:40";"142";"Sem vítima";"30,000";"BR-290/RS";"Decrescente";"Colisão traseira";2;0;0;0;0;0;0;0;0;0;0;0;0;0;0
"02/02/2024";"10:12:59";"174";"Com vítima";"60,000";"BR-290/RS";"Decrescente";"Engavetamento";2;0;0;1;0;0;0;0;0;0;3;0;3;3;0
"02/02/2024";"11:32:24";"201";"Sem vítima";"93,000";"BR-290/RS";"Crescente";"Choque";1;0;0;0;0;0;0;0;0;0;0;0;0;0;0
"02/02/2024";"12:27:49";"211";"Sem vítima";"35,000";"BR-290/RS";"Decrescente";"Colisão traseira";1;0;1;0;0;0;0;0;0;0;0;0;0;0;0
"02/02/2024";"14:16:00";"230";"Sem vítima";"415,100";"BR-386/RS";"Crescente";"Colisão traseira";2;0;0;0;0;0;0;0;0;0;0;0;0;0;0
"02/02/2024";"14:28:54";"235";"Sem vítima";"42,000";"BR-290/RS";"Decrescente";"Colisão traseira";2;0;0;0;0;0;0;0;0;0;0;0;0;0;0
"02/02/2024";"16:02:19";"260";"Sem vítima";"435,100";"BR-386/RS";"Decrescente";"Colisão lateral no mesmo sentido";1;0;1;0;0;0;0;0;0;0;0;0;0;0;0
"02/02/2024";"17:06:00";"271";"Sem vítima";"281,050";"BR-386/RS";"Crescente";"Acidentes de outra natureza";1;0;0;0;0;0;0;0;0;0;0;0;0;0;0
"02/02/2024";"20:53:31";"313";"Sem vítima";"344,000";"BR-386/RS";"Crescente";"Colisão lateral no mesmo sentido";1;0;1;0;0;0;0;0;0;0;0;0;0;0;0
"02/02/2024";"23:36:35";"330";"Sem vítima";"50,000";"BR-101/RS";"Crescente";"Choque";1;0;0;0;0;0;0;0;0;0;0;0;0;0;0
"03/02/2024";"00:51:00";"7";"Com vítima";"50,000";"BR-290/RS";"Crescente";"Queda de moto";0;0;0;1;0;0;0;0;0;0;0;1;0;0;0
"03/02/2024";"05:47:00";"26";"Sem vítima";"63,000";"BR-290/RS";"Decrescente";"Queda de moto";0;0;0;1;0;0;0;0;0;0;2;0;0;0;0
"03/02/2024";"08:22:00";"93";"Com vítima";"410,950";"BR-386/RS";"Crescente";"Queda de moto";0;0;0;1;0;0;0;0;0;0;0;0;0;0;0
"03/02/2024";"10:41:17";"139";"Sem vítima";"55,000";"BR-290/RS";"Crescente";"Colisão traseira";2;0;0;0;0;0;0;0;0;0;0;0;0;0;0
"03/02/2024";"11:04:02";"142";"Com vítima";"354,300";"BR-386/RS";"Crescente";"Colisão traseira";2;0;0;0;0;0;0;0;0;0;0;0;0;0;0
"03/02/2024";"16:59:17";"224";"Com vítima";"90,000";"BR-290/RS";"Crescente";"Queda de moto";0;0;0;1;0;0;0;0;0;0;0;0;0;0;0
"04/02/2024";"04:11:23";"22";"Sem vítima";"343,000";"BR-386/RS";"Decrescente";"Acidentes de outra natureza";1;0;0;0;0;0;0;0;0;0;0;0;0;0;0
"04/02/2024";"04:47:00";"27";"Sem vítima";"67,000";"BR-101/RS";"Crescente";"Choque";0;0;1;0;0;0;0;0;0;0;0;0;0;0;0
"04/02/2024";"07:57:06";"62";"Com vítima";"58,000";"BR-290/RS";"Crescente";"Colisão traseira";2;0;0;0;0;0;0;0;0;0;0;0;0;0;0
"04/02/2024";"08:44:48";"69";"Sem vítima";"9,000";"BR-290/RS";"Decrescente";"Choque";1;0;0;0;0;0;0;0;0;0;0;0;0;0;0
"04/02/2024";"14:26:46";"155";"Sem vítima";"307,300";"BR-386/RS";"Crescente";"Choque";1;0;0;0;0;0;0;0;0;0;0;0;0;0;0
"04/02/2024";"17:49:10";"209";"Com vítima";"88,000";"BR-290/RS";"Crescente";"Queda de moto";0;0;0;1;0;0;0;0;0;0;0;0;0;0;0
"04/02/2024";"18:24:17";"223";"Sem vítima";"89,000";"BR-290/RS";"Crescente";"Colisão lateral no mesmo sentido";1;0;1;0;0;0;0;0;0;0;4;0;0;0;0
"04/02/2024";"19:35:31";"250";"Sem vítima";"70,000";"BR-101/RS";"Decrescente";"Colisão lateral no mesmo sentido";1;0;0;0;0;0;0;0;0;0;3;0;0;0;0
"04/02/2024";"20:28:00";"269";"Sem vítima";"19,000";"BR-290/RS";"Crescente";"Colisão lateral no mesmo sentido";2;0;0;0;0;0;0;0;0;0;4;0;0;0;0
"04/02/2024";"21:28:47";"283";"Com vítima";"306,000";"BR-386/RS";"Crescente";"Tombamento";0;0;2;0;0;0;0;0;0;0;0;0;0;0;2
"04/02/2024";"23:10:07";"308";"Sem vítima";"305,000";"BR-386/RS";"Crescente";"Colisão lateral no mesmo sentido";1;0;1;0;0;0;0;0;0;0;0;0;0;0;0
"05/02/2024";"06:43:02";"66";"Com vítima";"11,300";"BR-448/RS";"Decrescente";"Queda de moto";0;0;0;1;0;0;0;0;0;0;0;0;0;0;0
"05/02/2024";"07:03:39";"86";"Com vítima";"306,000";"BR-386/RS";"Crescente";"Queda de moto";0;0;0;1;0;0;0;0;0;0;0;0;0;0;0
"05/02/2024";"08:04:10";"155";"Com vítima";"80,516";"BR-101/RS";"Crescente";"Queda de moto";0;0;0;1;0;0;0;0;0;0;0;2;0;0;0
"05/02/2024";"08:08:11";"157";"Sem vítima";"80,000";"BR-290/RS";"Crescente";"Engavetamento";4;0;0;0;0;0;0;0;0;0;0;0;0;0;0
"05/02/2024";"08:49:22";"175";"Sem vítima";"287,150";"BR-386/RS";"Decrescente";"Tombamento";0;0;1;0;0;0;0;0;0;0;0;0;0;0;0
"05/02/2024";"09:36:00";"198";"Sem vítima";"436,000";"BR-386/RS";"Decrescente";"Colisão lateral no mesmo sentido";1;0;1;0;0;0;0;0;0;0;0;0;0;0;0
"05/02/2024";"13:53:12";"280";"Sem vítima";"265,000";"BR-386/RS";"Crescente";"Colisão transversal";1;0;1;0;0;0;0;0;0;0;0;0;0;0;0
"05/02/2024";"14:24:58";"292";"Sem vítima";"348,200";"BR-386/RS";"Crescente";"Engavetamento";2;0;1;0;0;0;0;0;0;0;0;0;0;0;0
"06/02/2024";"11:17:49";"221";"Com vítima";"347,200";"BR-386/RS";"Crescente";"Engavetamento";3;0;1;0;0;0;0;0;0;0;0;4;0;0;0
"06/02/2024";"12:41:15";"238";"Sem vítima";"308,500";"BR-386/RS";"Decrescente";"Acidentes de outra natureza";1;0;0;0;0;0;0;0;0;0;0;0;0;0;0
"06/02/2024";"16:53:48";"301";"Sem vítima";"338,000";"BR-386/RS";"Crescente";"Colisão lateral no mesmo sentido";2;0;0;0;0;0;0;0;0;0;0;0;0;0;0
"07/02/2024";"07:16:17";"70";"Sem vítima";"90,100";"BR-290/RS";"Crescente";"Colisão traseira";2;0;0;0;0;0;0;0;0;0;0;0;0;0;0
"07/02/2024";"07:31:17";"88";"Sem vítima";"89,500";"BR-290/RS";"Crescente";"Colisão traseira";2;0;0;0;0;0;0;0;0;0;4;0;0;0;0
"07/02/2024";"08:24:03";"134";"Sem vítima";"362,400";"BR-386/RS";"Crescente";"Colisão lateral no mesmo sentido";2;0;0;0;0;0;0;0;0;0;2;0;0;0;0
"07/02/2024";"14:21:00";"231";"Com vítima";"436,200";"BR-386/RS";"Crescente";"Colisão lateral no mesmo sentido";1;0;0;0;0;0;0;1;0;0;0;0;0;0;0
"07/02/2024";"16:21:00";"282";"Sem vítima";"298,800";"BR-386/RS";"Crescente";"Colisão traseira";1;0;0;0;0;0;0;0;0;0;0;0;0;0;0
"07/02/2024";"16:28:00";"284";"Com vítima";"318,030";"BR-386/RS";"Decrescente";"Colisão frontal";2;0;1;0;0;0;0;0;0;0;0;0;0;3;0
"07/02/2024";"19:09:00";"319";"Com vítima";"271,000";"BR-386/RS";"Decrescente";"Colisão lateral no mesmo sentido";1;0;2;0;0;0;0;0;0;0;0;3;0;3;0
"08/02/2024";"07:19:00";"84";"Sem vítima";"9,000";"BR-448/RS";"Decrescente";"Acidentes de outra natureza";1;0;0;0;0;0;0;0;0;0;0;0;0;0;0
"08/02/2024";"07:45:06";"105";"Com vítima";"91,000";"BR-290/RS";"Crescente";"Colisão traseira";1;0;0;1;0;0;0;0;0;0;0;2;0;0;0
"08/02/2024";"08:00:00";"120";"Sem vítima";"68,000";"BR-290/RS";"Decrescente";"Queda de carga";0;0;0;1;0;0;0;0;0;0;2;0;0;0;0
"08/02/2024";"10:01:16";"176";"Sem vítima";"293,700";"BR-386/RS";"Crescente";"Colisão traseira";2;0;0;0;0;0;0;0;0;0;0;0;0;0;0
"08/02/2024";"13:37:01";"244";"Com vítima";"14,000";"BR-101/RS";"Crescente";"Colisão lateral no mesmo sentido";0;0;1;1;0;0;0;0;0;0;0;0;0;0;0
"08/02/2024";"14:32:46";"272";"Com vítima";"22,000";"BR-101/RS";"Crescente";"Colisão traseira";1;0;0;1;0;0;0;0;0;0;0;0;0;0;0
"08/02/2024";"16:23:30";"303";"Sem vítima";"44,000";"BR-290/RS";"Crescente";"Colisão lateral no mesmo sentido";1;0;0;0;0;0;0;0;0;0;0;0;0;0;0
"08/02/2024";"16:59:40";"323";"Sem vítima";"92,000";"BR-290/RS";"Decrescente";"Colisão traseira";2;0;0;0;0;0;0;0;0;0;2;0;0;0;0
"08/02/2024";"18:02:14";"336";"Sem vítima";"198,000";"BR-386/RS";"Decrescente";"Atropelamento de animal";1;0;0;0;0;0;0;0;0;0;4;0;0;0;0
"08/02/2024";"18:51:00";"345";"Com vítima";"362,000";"BR-386/RS";"Decrescente";"Colisão transversal";2;0;0;0;0;0;0;0;0;0;0;0;0;0;0
"08/02/2024";"20:56:08";"377";"Sem vítima";"375,000";"BR-386/RS";"Decrescente";"Colisão traseira";1;0;1;0;0;0;0;0;0;0;0;0;0;0;0
"08/02/2024";"21:25:15";"382";"Sem vítima";"21,000";"BR-448/RS";"Decrescente";"Colisão lateral no mesmo sentido";1;0;1;0;0;0;0;0;0;0;0;0;0;0;0
"08/02/2024";"22:01:00";"391";"Com vítima";"14,000";"BR-290/RS";"Decrescente";"Atropelamento de pedestre";1;0;0;0;0;0;0;0;0;0;1;0;0;0;0
"08/02/2024";"22:37:00";"397";"Sem vítima";"7,000";"BR-101/RS";"Crescente";"Colisão lateral no mesmo sentido";0;0;0;1;0;0;0;0;0;0;0;0;0;0;0
"08/02/2024";"23:07:53";"405";"Com vítima";"380,000";"BR-386/RS";"Decrescente";"Colisão traseira";0;0;2;0;0;0;0;0;0;0;0;0;0;0;0
"08/02/2024";"23:40:00";"408";"Sem vítima";"74,000";"BR-101/RS";"Crescente";"Acidentes de outra natureza";1;0;0;0;0;0;0;0;0;0;0;0;0;0;0
"09/02/2024";"07:39:21";"111";"Sem vítima";"428,000";"BR-386/RS";"Decrescente";"Colisão traseira";2;0;0;0;0;0;0;0;0;0;6;0;0;0;0
"09/02/2024";"09:32:15";"167";"Sem vítima";"95,000";"BR-290/RS";"Crescente";"Colisão traseira";1;0;0;0;0;0;0;0;0;0;1;0;0;0;0
"09/02/2024";"10:19:36";"195";"Sem vítima";"91,000";"BR-290/RS";"Decrescente";"Engavetamento";2;0;0;0;0;0;0;0;0;0;0;0;0;0;0
"09/02/2024";"11:02:00";"223";"Com vítima";"96,100";"BR-290/RS";"Crescente";"Queda de moto";0;0;0;1;0;0;0;0;0;0;0;0;2;0;0
"09/02/2024";"14:12:04";"300";"Sem vítima";"73,000";"BR-290/RS";"Decrescente";"Colisão traseira";2;0;0;0;0;0;0;0;0;0;0;0;0;0;0
"09/02/2024";"14:23:00";"306";"Sem vítima";"30,000";"BR-290/RS";"Decrescente";"Colisão traseira";1;0;0;0;0;0;0;0;0;0;0;0;0;0;0
"09/02/2024";"17:06:00";"412";"Sem vítima";"81,308";"BR-290/RS";"Decrescente";"Engavetamento";1;0;0;0;0;0;0;0;0;0;2;0;0;0;0
"09/02/2024";"17:15:00";"419";"Sem vítima";"426,000";"BR-386/RS";"Decrescente";"Colisão traseira";0;0;2;0;0;0;0;0;0;0;4;0;0;0;0
"09/02/2024";"19:36:00";"466";"Sem vítima";"356,000";"BR-386/RS";"Decrescente";"Colisão traseira";1;0;0;0;0;0;0;0;0;1;2;0;0;0;0
"09/02/2024";"20:08:00";"478";"Sem vítima";"43,000";"BR-290/RS";"Decrescente";"Queda de moto";0;0;0;1;0;0;0;0;0;0;0;0;0;0;0
"09/02/2024";"20:33:14";"486";"Sem vítima";"44,000";"BR-290/RS";"Decrescente";"Colisão traseira";2;0;0;0;0;0;0;0;0;0;0;0;0;0;0
"09/02/2024";"22:15:00";"519";"Sem vítima";"69,000";"BR-290/RS";"Crescente";"Colisão traseira";1;0;1;0;0;0;0;0;0;0;0;0;0;0;0
"09/02/2024";"23:27:00";"529";"Com vítima";"29,000";"BR-290/RS";"Decrescente";"Colisão lateral no mesmo sentido";0;0;0;1;0;0;0;0;0;0;1;1;0;0;0
"09/02/2024";"23:59:00";"534";"Sem vítima";"360,400";"BR-386/RS";"Crescente";"Acidentes de outra natureza";1;0;0;0;0;0;0;0;0;0;1;0;0;0;0
"10/02/2024";"07:09:05";"109";"Sem vítima";"85,744";"BR-290/RS";"Decrescente";"Engavetamento";3;0;0;0;0;0;0;0;0;0;0;0;0;0;0
"10/02/2024";"07:28:15";"122";"Sem vítima";"85,740";"BR-290/RS";"Decrescente";"Colisão traseira";2;0;0;0;0;0;0;0;0;0;0;0;0;0;0
"10/02/2024";"09:17:56";"179";"Sem vítima";"35,000";"BR-290/RS";"Decrescente";"Colisão lateral no mesmo sentido";2;0;0;0;0;0;0;0;0;0;0;0;0;0;0
"10/02/2024";"09:45:25";"197";"Sem vítima";"75,000";"BR-290/RS";"Decrescente";"Colisão traseira";2;0;0;0;0;0;0;0;0;0;1;0;0;0;0
"10/02/2024";"10:10:55";"213";"Com vítima";"295,000";"BR-386/RS";"Crescente";"Colisão traseira";1;0;0;0;0;0;0;0;0;0;0;0;0;0;0
"10/02/2024";"11:46:59";"267";"Com vítima";"393,100";"BR-386/RS";"Decrescente";"Colisão traseira";2;0;1;0;0;0;0;0;0;0;3;0;0;0;0
"10/02/2024";"12:16:04";"278";"Sem vítima";"393,500";"BR-386/RS";"Decrescente";"Colisão lateral no mesmo sentido";1;0;0;0;0;0;0;0;0;0;0;0;0;0;0
"10/02/2024";"14:37:58";"326";"Sem vítima";"40,000";"BR-290/RS";"Decrescente";"Colisão traseira";2;0;0;0;0;0;0;0;0;0;4;0;0;0;0
"10/02/2024";"15:01:23";"339";"Sem vítima";"33,000";"BR-290/RS";"Decrescente";"Colisão traseira";2;0;0;0;0;0;0;0;0;0;4;0;0;0;0
"10/02/2024";"15:21:00";"345";"Sem vítima";"34,000";"BR-290/RS";"Decrescente";"Colisão traseira";2;0;0;0;0;0;0;0;0;0;4;0;0;0;0
"10/02/2024";"15:59:00";"360";"Com vítima";"31,000";"BR-101/RS";"Decrescente";"Acidentes de outra natureza";1;0;0;0;0;0;0;0;0;0;0;0;1;0;0
"10/02/2024";"16:34:16";"370";"Com vítima";"413,000";"BR-386/RS";"Crescente";"Capotamento";1;0;0;0;0;0;0;0;0;0;0;0;0;0;0
"10/02/2024";"16:49:09";"375";"Sem vítima";"39,169";"BR-290/RS";"Decrescente";"Colisão traseira";2;0;0;0;0;0;0;0;0;0;0;0;0;0;0
"10/02/2024";"17:12:08";"379";"Sem vítima";"43,000";"BR-290/RS";"Decrescente";"Colisão traseira";2;0;0;0;0;0;0;0;0;0;4;0;0;0;0
"10/02/2024";"17:56:25";"396";"Sem vítima";"31,000";"BR-290/RS";"Decrescente";"Colisão traseira";3;0;0;0;0;0;0;0;0;0;0;0;0;0;0
"11/02/2024";"03:15:00";"34";"Sem vítima";"242,000";"BR-386/RS";"Decrescente";"Acidentes de outra natureza";1;0;0;0;0;0;0;0;0;0;1;0;0;0;0
"11/02/2024";"13:50:06";"201";"Sem vítima";"72,000";"BR-101/RS";"Decrescente";"Choque";1;0;0;0;0;0;0;0;0;0;0;0;0;0;0
"11/02/2024";"14:27:24";"212";"Sem vítima";"11,000";"BR-290/RS";"Crescente";"Capotamento";1;0;0;0;0;0;0;0;0;0;0;0;0;0;0
"11/02/2024";"14:48:54";"216";"Sem vítima";"11,000";"BR-290/RS";"Crescente";"Colisão traseira";1;0;1;0;0;0;0;0;0;0;2;0;0;0;0
"11/02/2024";"17:59:00";"278";"Com vítima";"9,570";"BR-101/RS";"Decrescente";"Colisão lateral no mesmo sentido";2;0;0;0;0;0;0;0;0;0;0;0;0;0;0
"11/02/2024";"18:07:49";"282";"Sem vítima";"260,000";"BR-386/RS";"Decrescente";"Acidentes de outra natureza";1;0;0;0;0;0;0;0;0;0;0;0;0;0;0
"11/02/2024";"21:34:10";"371";"Com vítima";"23,970";"BR-290/RS";"Decrescente";"Queda de moto";0;0;0;1;0;0;0;0;0;0;0;0;0;0;0
"12/02/2024";"06:37:01";"56";"Sem vítima";"6,800";"BR-448/RS";"Decrescente";"Queda de moto";0;0;0;1;0;0;0;0;0;0;0;0;0;0;0
"12/02/2024";"09:01:15";"132";"Sem vítima";"262,000";"BR-386/RS";"Decrescente";"Colisão traseira";1;0;1;0;0;0;0;0;0;0;0;0;0;0;0
"12/02/2024";"09:57:10";"175";"Com vítima";"346,890";"BR-386/RS";"Decrescente";"Acidentes de outra natureza";0;0;1;0;0;0;0;0;0;0;0;0;0;0;0
"12/02/2024";"12:22:11";"231";"Sem vítima";"303,600";"BR-386/RS";"Decrescente";"Acidentes de outra natureza";1;0;0;0;0;0;0;0;0;0;0;0;0;0;0
"12/02/2024";"15:19:17";"301";"Com vítima";"92,000";"BR-290/RS";"Decrescente";"Colisão traseira";2;0;0;1;0;0;0;0;0;0;0;0;0;0;0
"12/02/2024";"22:10:01";"484";"Sem vítima";"23,000";"BR-290/RS";"Crescente";"Acidentes de outra natureza";1;0;0;0;0;0;0;0;0;0;0;0;0;0;0
"12/02/2024";"22:30:07";"488";"Sem vítima";"23,000";"BR-290/RS";"Crescente";"Colisão lateral no mesmo sentido";1;0;1;0;0;0;0;0;0;0;0;0;0;0;0
"13/02/2024";"04:22:44";"28";"Sem vítima";"339,000";"BR-386/RS";"Crescente";"Tombamento";0;0;1;0;0;0;0;0;0;0;0;0;0;0;0
"13/02/2024";"07:07:00";"57";"Sem vítima";"49,000";"BR-290/RS";"Decrescente";"Acidentes de outra natureza";1;0;0;0;0;0;0;0;0;0;1;0;0;0;0
"13/02/2024";"08:05:39";"76";"Sem vítima";"396,500";"BR-386/RS";"Decrescente";"Acidentes de outra natureza";1;0;0;0;0;0;0;0;0;0;0;0;0;0;0
"13/02/2024";"08:29:28";"83";"Sem vítima";"92,000";"BR-290/RS";"Decrescente";"Choque";1;0;0;0;0;0;0;0;0;0;0;0;0;0;0
"13/02/2024";"08:48:58";"88";"Sem vítima";"11,000";"BR-290/RS";"Crescente";"Colisão transversal";2;0;0;0;0;0;0;0;0;0;4;0;0;0;0
"13/02/2024";"09:57:14";"120";"Sem vítima";"85,000";"BR-290/RS";"Decrescente";"Acidentes de outra natureza";1;0;0;0;0;0;0;0;0;0;1;0;0;0;0
"13/02/2024";"10:20:00";"138";"Sem vítima";"294,800";"BR-386/RS";"Crescente";"Queda de moto";0;0;0;1;0;0;0;0;0;0;1;0;0;0;0
"13/02/2024";"11:01:33";"159";"Sem vítima";"341,000";"BR-386/RS";"Crescente";"Colisão traseira";2;0;0;0;0;0;0;0;0;0;0;0;0;0;0
"13/02/2024";"11:31:15";"173";"Sem vítima";"68,000";"BR-101/RS";"Crescente";"Colisão traseira";2;0;0;0;0;0;0;0;0;0;4;0;0;0;0
"13/02/2024";"11:33:00";"175";"Sem vítima";"374,000";"BR-386/RS";"Decrescente";"Acidentes de outra natureza";1;0;0;0;0;0;0;0;0;0;0;0;0;0;0
"13/02/2024";"11:44:06";"182";"Sem vítima";"22,000";"BR-448/RS";"Crescente";"Acidentes de outra natureza";1;0;0;0;0;0;0;0;0;0;0;0;0;0;0
"13/02/2024";"11:44:43";"183";"Sem vítima";"68,000";"BR-101/RS";"Crescente";"Colisão traseira";2;0;0;0;0;0;0;0;0;0;4;0;0;0;0
"13/02/2024";"12:03:10";"187";"Com vítima";"11,000";"BR-448/RS";"Crescente";"Choque";2;0;0;0;0;0;0;0;0;0;0;0;0;0;0
"13/02/2024";"12:34:44";"197";"Sem vítima";"307,300";"BR-386/RS";"Decrescente";"Choque";1;0;0;0;0;0;0;0;0;0;0;0;0;0;0
"13/02/2024";"12:49:40";"204";"Com vítima";"396,000";"BR-386/RS";"Decrescente";"Acidentes de outra natureza";1;0;0;0;0;0;0;0;0;0;2;0;2;0;0
"13/02/2024";"12:56:00";"207";"Sem vítima";"28,531";"BR-290/RS";"Decrescente";"Acidentes de outra natureza";1;0;0;0;0;0;0;0;0;0;0;0;0;0;0
"13/02/2024";"13:04:08";"210";"Sem vítima";"73,450";"BR-290/RS";"Crescente";"Queda de moto";0;0;0;1;0;0;0;0;0;0;1;0;0;0;0
"13/02/2024";"13:06:55";"212";"Sem vítima";"396,000";"BR-386/RS";"Decrescente";"Colisão traseira";4;0;0;0;0;0;0;0;0;0;5;0;0;0;0
"13/02/2024";"13:29:44";"221";"Sem vítima";"417,000";"BR-386/RS";"Crescente";"Acidentes de outra natureza";1;0;0;0;0;0;0;0;0;0;2;0;0;0;0
"13/02/2024";"13:49:19";"229";"Com vítima";"307,400";"BR-386/RS";"Decrescente";"Capotamento";1;0;0;0;0;0;0;0;0;0;0;1;1;0;0
"13/02/2024";"14:16:18";"237";"Sem vítima";"401,950";"BR-386/RS";"Decrescente";"Acidentes de outra natureza";1;0;0;0;0;0;0;0;0;0;2;0;0;0;0
"13/02/2024";"14:22:00";"240";"Sem vítima";"411,300";"BR-386/RS";"Crescente";"Choque";1;0;0;0;0;0;0;0;0;0;0;0;0;0;0
"13/02/2024";"16:38:27";"292";"Sem vítima";"60,960";"BR-290/RS";"Crescente";"Colisão traseira";2;0;0;0;0;0;0;0;0;0;4;0;0;0;0
"13/02/2024";"17:24:00";"310";"Com vítima";"400,120";"BR-386/RS";"Decrescente";"Colisão frontal";3;0;0;0;0;0;0;0;0;0;6;2;0;0;0
"13/02/2024";"17:50:27";"325";"Sem vítima";"53,000";"BR-101/RS";"Crescente";"Acidentes de outra natureza";1;0;0;0;0;0;0;0;0;0;0;0;0;0;0
"13/02/2024";"17:51:00";"326";"Sem vítima";"36,000";"BR-101/RS";"Crescente";"Colisão lateral no mesmo sentido";2;0;0;0;0;0;0;0;0;0;8;0;0;0;0
"13/02/2024";"18:12:00";"342";"Sem vítima";"22,000";"BR-448/RS";"Decrescente";"Acidentes de outra natureza";1;0;0;0;0;0;0;0;0;0;0;0;0;0;0
"13/02/2024";"18:56:00";"360";"Sem vítima";"91,000";"BR-290/RS";"Crescente";"Choque";1;0;0;0;0;0;0;0;0;0;1;0;0;0;0
"13/02/2024";"23:15:00";"425";"Sem vítima";"16,000";"BR-290/RS";"Crescente";"Queda de moto";0;0;0;1;0;0;0;0;0;0;0;0;0;0;0