data;horario;n_da_ocorrencia;tipo_de_ocorrencia;km;trecho;sentido;tipo_de_acidente;automovel;bicicleta;caminhao;moto;onibus;outros;tracao_animal;transporte_de_cargas_especiais;trator_maquinas;utilitarios;ilesos;levemente_feridos;moderadamente_feridos;gravemente_feridos;mortos
"05/03/2024";"15:27:24";"208";"Com vítima";"354,320";"BR-386/RS";"Decrescente";"Queda de moto";0;0;0;1;0;0;0;0;0;0;0;1;0;0;0
"05/03/2024";"23:24:00";"294";"Com vítima";"9,300";"BR-448/RS";"Decrescente";"Queda de moto";0;0;0;1;0;0;0;0;0;0;0;1;0;0;0
"06/03/2024";"06:58:48";"50";"Com vítima";"370,100";"BR-386/RS";"Crescente";"Colisão traseira";0;0;1;1;0;0;0;0;0;0;1;0;1;0;0
"06/03/2024";"08:24:06";"119";"Sem vítima";"92,000";"BR-290/RS";"Decrescente";"Choque";1;0;0;0;0;0;0;0;0;0;4;0;0;0;0
"06/03/2024";"09:32:56";"145";"Sem vítima";"63,000";"BR-101/RS";"Decrescente";"Colisão traseira";2;0;0;0;0;0;0;0;0;0;6;0;0;0;0
"06/03/2024";"09:45:12";"152";"Sem vítima";"438,900";"BR-386/RS";"Crescente";"Engavetamento";3;0;0;0;0;0;0;0;0;0;4;0;0;0;0
"06/03/2024";"11:17:52";"177";"Com vítima";"365,000";"BR-386/RS";"Decrescente";"Acidentes de outra natureza";0;0;1;0;0;0;0;0;0;0;0;1;0;0;0
"06/03/2024";"16:35:00";"237";"Sem vítima";"14,000";"BR-290/RS";"Decrescente";"Acidentes de outra natureza";1;0;0;0;0;0;0;0;0;0;1;0;0;0;0
"06/03/2024";"17:26:33";"247";"Com vítima";"3,000";"BR-101/RS";"Decrescente";"Colisão traseira";1;0;0;1;0;0;0;0;0;0;1;0;1;0;0
"06/03/2024";"17:55:37";"255";"Com vítima";"344,000";"BR-386/RS";"Decrescente";"Queda de moto";0;0;0;1;0;0;0;0;0;0;0;0;1;0;0
"06/03/2024";"21:08:00";"282";"Sem vítima";"200,000";"BR-386/RS";"Decrescente";"Acidentes de outra natureza";1;0;0;0;0;0;0;0;0;0;2;0;0;0;0
"07/03/2024";"07:15:00";"68";"Com vítima";"360,000";"BR-386/RS";"Decrescente";"Engavetamento";3;0;0;0;0;0;0;0;0;0;3;2;0;0;0
"07/03/2024";"07:16:51";"70";"Com vítima";"248,000";"BR-386/RS";"Crescente";"Colisão lateral no mesmo sentido";2;0;0;0;0;0;0;0;0;0;4;3;0;0;0
"07/03/2024";"08:52:04";"128";"Sem vítima";"90,000";"BR-290/RS";"Crescente";"Colisão lateral no mesmo sentido";1;0;1;1;0;0;0;0;0;0;3;0;0;0;0
"07/03/2024";"14:26:28";"206";"Sem vítima";"270,600";"BR-386/RS";"Decrescente";"Colisão traseira";2;0;0;0;0;0;0;0;0;0;2;0;0;0;0
"07/03/2024";"17:41:58";"247";"Com vítima";"348,000";"BR-386/RS";"Decrescente";"Colisão lateral no mesmo sentido";0;0;0;2;0;0;0;0;0;0;0;2;0;0;0
"07/03/2024";"23:33:00";"318";"Com vítima";"48,000";"BR-290/RS";"Crescente";"Colisão traseira";2;0;0;0;0;0;0;0;0;0;0;2;0;0;0
"08/03/2024";"05:40:43";"33";"Sem vítima";"95,000";"BR-290/RS";"Decrescente";"Capotamento";1;0;0;0;0;0;0;0;0;0;0;0;0;0;0
"08/03/2024";"07:26:00";"73";"Sem vítima";"94,000";"BR-290/RS";"Crescente";"Acidentes de outra natureza";1;0;0;0;0;0;0;0;0;0;1;0;0;0;0
"08/03/2024";"08:25:25";"104";"Sem vítima";"91,452";"BR-290/RS";"Decrescente";"Acidentes de outra natureza";1;0;0;0;0;0;0;0;0;0;2;0;0;0;0
"08/03/2024";"09:35:00";"136";"Sem vítima";"396,000";"BR-386/RS";"Decrescente";"Acidentes de outra natureza";1;0;0;0;0;0;0;0;0;0;4;0;0;0;0
"08/03/2024";"10:02:02";"143";"Sem vítima";"15,000";"BR-448/RS";"Crescente";"Acidentes de outra natureza";1;0;0;0;0;0;0;0;0;0;1;0;0;0;0
"08/03/2024";"12:09:00";"180";"Sem vítima";"10,900";"BR-290/RS";"Decrescente";"Acidentes de outra natureza";1;0;0;0;0;0;0;0;0;0;1;0;0;0;0
"08/03/2024";"12:40:59";"188";"Sem vítima";"91,000";"BR-290/RS";"Decrescente";"Acidentes de outra natureza";1;0;0;0;0;0;0;0;0;0;1;0;0;0;0
"08/03/2024";"12:44:43";"190";"Com vítima";"11,000";"BR-290/RS";"Crescente";"Acidentes de outra natureza";1;0;0;0;0;0;0;0;0;0;0;1;0;0;0
"08/03/2024";"13:18:58";"193";"Sem vítima";"306,000";"BR-386/RS";"Decrescente";"Acidentes de outra natureza";1;0;0;0;0;0;0;0;0;0;2;0;0;0;0
"08/03/2024";"13:33:00";"196";"Sem vítima";"59,000";"BR-101/RS";"Decrescente";"Acidentes de outra natureza";1;0;0;0;0;0;0;0;0;0;1;0;0;0;0
"08/03/2024";"13:35:00";"197";"Sem vítima";"21,000";"BR-290/RS";"Crescente";"Acidentes de outra natureza";1;0;0;0;0;0;0;0;0;0;1;0;0;0;0
"08/03/2024";"14:00:56";"202";"Sem vítima";"83,000";"BR-290/RS";"Crescente";"Acidentes de outra natureza";1;0;0;0;0;0;0;0;0;0;1;0;0;0;0
"08/03/2024";"14:02:00";"204";"Sem vítima";"9,000";"BR-448/RS";"Crescente";"Acidentes de outra natureza";0;0;1;0;0;0;0;0;0;0;1;0;0;0;0
"08/03/2024";"14:32:00";"211";"Com vítima";"21,000";"BR-290/RS";"Decrescente";"Colisão lateral no mesmo sentido";1;0;0;1;0;0;0;0;0;0;1;2;0;0;0
"08/03/2024";"14:36:00";"212";"Sem vítima";"417,450";"BR-386/RS";"Crescente";"Acidentes de outra natureza";1;0;0;0;0;0;0;0;0;0;3;0;0;0;0
"08/03/2024";"14:37:02";"213";"Sem vítima";"307,000";"BR-386/RS";"Crescente";"Acidentes de outra natureza";1;0;0;0;0;0;0;0;0;0;3;0;0;0;0
"08/03/2024";"14:58:42";"216";"Com vítima";"77,000";"BR-101/RS";"Decrescente";"Capotamento";2;0;0;0;0;0;0;0;0;0;1;2;0;0;0
"08/03/2024";"15:05:00";"217";"Sem vítima";"396,000";"BR-386/RS";"Decrescente";"Acidentes de outra natureza";1;0;0;0;0;0;0;0;0;0;3;0;0;0;0
"08/03/2024";"15:24:00";"218";"Sem vítima";"22,000";"BR-448/RS";"Decrescente";"Choque";1;0;0;0;0;0;0;0;0;0;1;0;0;0;0
"08/03/2024";"16:39:27";"229";"Com vítima";"22,000";"BR-448/RS";"Decrescente";"Acidentes de outra natureza";1;0;0;0;0;0;0;0;0;0;0;2;0;0;0
"08/03/2024";"17:02:00";"235";"Sem vítima";"10,000";"BR-290/RS";"Decrescente";"Acidentes de outra natureza";1;0;0;0;0;0;0;0;0;0;1;0;0;0;0
"08/03/2024";"17:36:43";"244";"Sem vítima";"307,000";"BR-386/RS";"Decrescente";"Acidentes de outra natureza";1;0;0;0;0;0;0;0;0;0;2;0;0;0;0
"08/03/2024";"18:15:06";"256";"Sem vítima";"94,480";"BR-290/RS";"Decrescente";"Choque";1;0;0;0;0;0;0;0;0;0;1;0;0;0;0
"08/03/2024";"20:14:00";"290";"Sem vítima";"440,900";"BR-386/RS";"Decrescente";"Acidentes de outra natureza";1;0;0;0;0;0;0;0;0;0;1;0;0;0;0
"08/03/2024";"20:16:26";"291";"Sem vítima";"434,900";"BR-386/RS";"Decrescente";"Colisão traseira";1;0;1;0;0;0;0;0;0;0;2;0;0;0;0
"08/03/2024";"20:41:00";"297";"Sem vítima";"400,000";"BR-386/RS";"Decrescente";"Atropelamento de animal";1;0;0;0;0;0;0;0;0;0;1;0;0;0;0
"08/03/2024";"22:46:00";"313";"Com vítima";"5,000";"BR-290/RS";"Crescente";"Capotamento";1;0;0;0;0;0;0;0;0;0;0;0;0;1;0
"09/03/2024";"01:43:00";"7";"Sem vítima";"68,500";"BR-290/RS";"Crescente";"Acidentes de outra natureza";1;0;0;0;0;0;0;0;0;0;2;0;0;0;0
"09/03/2024";"12:26:00";"137";"Sem vítima";"368,000";"BR-386/RS";"Decrescente";"Colisão lateral no mesmo sentido";2;0;0;0;0;0;0;0;0;0;4;0;0;0;0
"09/03/2024";"13:08:50";"147";"Sem vítima";"419,000";"BR-386/RS";"Crescente";"Colisão lateral no mesmo sentido";1;0;1;0;0;0;0;0;0;0;5;0;0;0;0
"09/03/2024";"13:45:41";"153";"Sem vítima";"24,000";"BR-290/RS";"Decrescente";"Acidentes de outra natureza";1;0;0;0;0;0;0;0;0;0;1;0;0;0;0
"09/03/2024";"15:18:20";"165";"Sem vítima";"379,000";"BR-386/RS";"Crescente";"Colisão lateral no mesmo sentido";2;0;0;0;0;0;0;0;0;0;9;0;0;0;0
"09/03/2024";"23:30:43";"245";"Com vítima";"2,500";"BR-448/RS";"Crescente";"Queda de moto";0;0;0;1;0;0;0;0;0;0;0;0;2;0;0
"10/03/2024";"00:43:00";"10";"Com vítima";"96,000";"BR-290/RS";"Crescente";"Queda de moto";0;0;0;1;0;0;0;0;0;0;0;0;0;2;0
"10/03/2024";"02:19:46";"19";"Sem vítima";"356,000";"BR-386/RS";"Decrescente";"Acidentes de outra natureza";1;0;0;0;0;0;0;0;0;0;1;0;0;0;0
"10/03/2024";"05:22:28";"33";"Sem vítima";"345,000";"BR-386/RS";"Crescente";"Acidentes de outra natureza";1;0;0;0;0;0;0;0;0;0;1;0;0;0;0
"10/03/2024";"05:37:00";"38";"Com vítima";"236,790";"BR-386/RS";"Crescente";"Colisão frontal";3;0;0;0;0;0;0;0;0;0;3;1;0;0;1
"10/03/2024";"07:14:00";"56";"Sem vítima";"46,000";"BR-290/RS";"Decrescente";"Acidentes de outra natureza";1;0;0;0;0;0;0;0;0;0;1;0;0;0;0
"10/03/2024";"15:24:54";"155";"Sem vítima";"34,000";"BR-101/RS";"Crescente";"Colisão lateral no mesmo sentido";1;0;1;0;0;0;0;0;0;0;2;0;0;0;0
"10/03/2024";"18:00:00";"188";"Com vítima";"432,800";"BR-386/RS";"Decrescente";"Colisão transversal";2;0;0;1;0;0;0;0;0;0;3;4;1;0;0
"10/03/2024";"18:02:00";"189";"Com vítima";"82,700";"BR-101/RS";"Crescente";"Engavetamento";3;0;0;0;0;0;0;0;0;0;3;0;1;0;0
"11/03/2024";"07:49:00";"104";"Com vítima";"86,000";"BR-290/RS";"Crescente";"Colisão traseira";1;0;0;1;0;0;0;0;0;0;1;0;1;0;0
"11/03/2024";"13:37:36";"232";"Com vítima";"13,500";"BR-448/RS";"Crescente";"Atropelamento de pedestre";1;0;0;0;0;0;0;0;0;0;2;0;0;0;0
"11/03/2024";"14:49:00";"246";"Com vítima";"398,000";"BR-386/RS";"Decrescente";"Acidentes de outra natureza";1;0;0;0;0;0;0;0;0;0;1;1;0;0;0
"11/03/2024";"16:18:06";"267";"Sem vítima";"441,000";"BR-386/RS";"Decrescente";"Engavetamento";2;0;1;0;0;0;0;0;0;0;5;0;0;0;0
"11/03/2024";"17:47:19";"282";"Sem vítima";"391,850";"BR-386/RS";"Crescente";"Colisão traseira";0;0;2;0;0;0;0;0;0;0;3;0;0;0;0
"11/03/2024";"19:44:00";"307";"Com vítima";"440,000";"BR-386/RS";"Crescente";"Queda de moto";0;0;0;1;0;0;0;0;0;0;0;1;0;0;0
"12/03/2024";"03:25:24";"24";"Sem vítima";"357,000";"BR-386/RS";"Decrescente";"Acidentes de outra natureza";1;0;0;0;0;0;0;0;0;0;1;0;0;0;0
"12/03/2024";"05:57:08";"36";"Sem vítima";"388,000";"BR-386/RS";"Crescente";"Choque";1;0;0;0;0;0;0;0;0;0;1;0;0;0;0
"12/03/2024";"07:52:02";"108";"Sem vítima";"234,000";"BR-386/RS";"Decrescente";"Colisão traseira";1;0;0;0;0;0;0;0;0;0;2;0;0;0;0
"12/03/2024";"08:31:17";"130";"Sem vítima";"19,500";"BR-448/RS";"Crescente";"Colisão traseira";1;0;0;0;0;0;0;0;0;0;1;0;0;0;0
"12/03/2024";"12:49:42";"213";"Sem vítima";"435,000";"BR-386/RS";"Crescente";"Colisão lateral no mesmo sentido";2;0;0;0;0;0;0;0;0;0;2;0;0;0;0
"12/03/2024";"17:11:35";"286";"Com vítima";"244,000";"BR-386/RS";"Decrescente";"Colisão traseira";1;0;0;1;0;0;0;0;0;0;1;1;0;0;0
"12/03/2024";"18:15:58";"293";"Sem vítima";"9,000";"BR-448/RS";"Decrescente";"Choque";1;0;0;0;0;0;0;0;0;0;1;0;0;0;0
"12/03/2024";"18:41:50";"301";"Sem vítima";"375,000";"BR-386/RS";"Crescente";"Colisão traseira";1;0;1;0;0;0;0;0;0;0;5;0;0;0;0
"12/03/2024";"18:55:57";"305";"Com vítima";"28,000";"BR-101/RS";"Crescente";"Queda de moto";0;0;0;1;0;0;0;0;0;0;0;2;0;0;0
"12/03/2024";"19:51:08";"311";"Sem vítima";"365,000";"BR-386/RS";"Crescente";"Colisão transversal";1;0;0;0;0;0;0;0;0;0;1;0;0;0;0
"12/03/2024";"23:53:48";"340";"Sem vítima";"33,496";"BR-101/RS";"Crescente";"Acidentes de outra natureza";1;0;0;0;0;0;0;0;0;0;2;0;0;0;0
"13/03/2024";"02:44:00";"17";"Sem vítima";"21,000";"BR-448/RS";"Decrescente";"Choque";1;0;0;0;0;0;0;0;0;0;1;0;0;0;0
"13/03/2024";"06:29:45";"40";"Sem vítima";"265,000";"BR-386/RS";"Crescente";"Colisão lateral no mesmo sentido";0;0;1;0;0;0;0;0;0;0;1;0;0;0;0
"13/03/2024";"07:22:32";"84";"Sem vítima";"426,000";"BR-386/RS";"Decrescente";"Colisão traseira";2;0;0;0;0;0;0;0;0;0;2;0;0;0;0
"13/03/2024";"11:03:58";"180";"Sem vítima";"60,000";"BR-290/RS";"Crescente";"Colisão lateral no mesmo sentido";2;0;0;0;0;0;0;0;0;0;2;0;0;0;0
"13/03/2024";"11:19:48";"183";"Sem vítima";"82,000";"BR-290/RS";"Crescente";"Colisão lateral no mesmo sentido";1;0;1;0;0;0;0;0;0;0;3;0;0;0;0
"13/03/2024";"12:19:19";"195";"Sem vítima";"92,000";"BR-290/RS";"Decrescente";"Colisão lateral no mesmo sentido";1;0;1;0;0;0;0;0;0;0;2;0;0;0;0
"13/03/2024";"14:00:47";"216";"Sem vítima";"426,000";"BR-386/RS";"Crescente";"Choque";0;0;1;0;0;0;0;0;0;0;1;0;0;0;0
"13/03/2024";"19:49:58";"300";"Sem vítima";"22,000";"BR-448/RS";"Crescente";"Colisão lateral no mesmo sentido";1;0;1;0;0;0;0;0;0;0;2;0;0;0;0
"14/03/2024";"04:23:10";"33";"Sem vítima";"54,000";"BR-101/RS";"Crescente";"Saída de pista";0;0;1;0;0;0;0;0;0;0;1;0;0;0;0
"14/03/2024";"06:58:10";"72";"Com vítima";"21,000";"BR-448/RS";"Crescente";"Colisão traseira";2;0;0;0;0;0;0;0;0;0;0;2;0;0;0
"14/03/2024";"07:38:32";"97";"Sem vítima";"87,800";"BR-290/RS";"Crescente";"Engavetamento";3;0;0;0;0;0;0;0;0;0;3;0;0;0;0
"14/03/2024";"08:17:27";"128";"Sem vítima";"9,800";"BR-448/RS";"Decrescente";"Capotamento";1;0;0;0;0;0;0;0;0;0;2;0;0;0;0
"14/03/2024";"15:53:31";"251";"Sem vítima";"224,000";"BR-386/RS";"Decrescente";"Colisão traseira";0;0;2;0;0;0;0;0;0;0;2;0;0;0;0
"14/03/2024";"17:43:00";"283";"Sem vítima";"398,000";"BR-386/RS";"Crescente";"Colisão lateral no mesmo sentido";2;0;0;0;0;0;0;0;0;0;2;0;0;0;0
"14/03/2024";"18:58:29";"298";"Sem vítima";"197,000";"BR-386/RS";"Decrescente";"Colisão lateral no mesmo sentido";2;0;0;0;0;0;0;0;0;0;2;0;0;0;0
"14/03/2024";"19:01:00";"300";"Sem vítima";"368,000";"BR-386/RS";"Decrescente";"Tombamento";1;0;0;0;0;0;0;0;0;0;2;0;0;0;0
"15/03/2024";"00:20:24";"2";"Sem vítima";"342,250";"BR-386/RS";"Crescente";"Saída de pista";1;0;0;0;0;0;0;0;0;0;2;0;0;0;0
"15/03/2024";"00:40:36";"4";"Sem vítima";"62,500";"BR-290/RS";"Crescente";"Saída de pista";0;0;1;0;0;0;0;0;0;0;1;0;0;0;0
"15/03/2024";"06:11:00";"35";"Sem vítima";"26,000";"BR-290/RS";"Crescente";"Colisão lateral no mesmo sentido";0;0;2;0;0;0;0;0;0;0;2;0;0;0;0
"15/03/2024";"08:33:30";"94";"Sem vítima";"74,440";"BR-290/RS";"Crescente";"Queda de moto";0;0;0;1;0;0;0;0;0;0;2;0;0;0;0
"15/03/2024";"10:27:57";"137";"Sem vítima";"19,000";"BR-290/RS";"Crescente";"Colisão traseira";0;0;2;0;0;0;0;0;0;0;2;0;0;0;0
"15/03/2024";"13:48:00";"164";"Sem vítima";"241,800";"BR-386/RS";"Decrescente";"Colisão traseira";2;0;0;0;0;0;0;0;0;0;4;0;0;0;0
"15/03/2024";"13:56:41";"166";"Sem vítima";"80,000";"BR-290/RS";"Crescente";"Saída de pista";1;0;0;0;0;0;0;0;0;0;3;0;0;0;0
"15/03/2024";"15:01:47";"177";"Sem vítima";"1,000";"BR-290/RS";"Decrescente";"Choque";1;0;0;0;0;0;0;0;0;0;2;0;0;0;0
"15/03/2024";"17:01:00";"204";"Sem vítima";"274,000";"BR-386/RS";"Decrescente";"Saída de pista";1;0;0;0;0;0;0;0;0;0;1;0;0;0;0
"15/03/2024";"20:15:21";"235";"Sem vítima";"401,000";"BR-386/RS";"Crescente";"Choque";1;0;0;0;0;0;0;0;0;0;1;0;0;0;0
"16/03/2024";"10:56:21";"31";"Sem vítima";"19,000";"BR-290/RS";"Decrescente";"Colisão lateral no mesmo sentido";1;0;1;0;0;0;0;0;0;0;4;0;0;0;0
"16/03/2024";"14:02:13";"103";"Com vítima";"396,000";"BR-386/RS";"Decrescente";"Saída de pista";1;0;0;0;0;0;0;0;0;0;1;1;0;0;0
"16/03/2024";"14:56:00";"109";"Sem vítima";"410,000";"BR-386/RS";"Decrescente";"Saída de pista";1;0;0;0;0;0;0;0;0;0;3;0;0;0;0
"16/03/2024";"15:11:00";"113";"Sem vítima";"22,000";"BR-448/RS";"Decrescente";"Choque";1;0;0;0;0;0;0;0;0;0;2;0;0;0;0
"16/03/2024";"15:47:07";"119";"Sem vítima";"303,000";"BR-386/RS";"Crescente";"Colisão traseira";2;0;0;0;0;0;0;0;0;0;2;0;0;0;0
"16/03/2024";"16:32:00";"124";"Com vítima";"93,000";"BR-290/RS";"Decrescente";"Capotamento";1;0;0;0;0;0;0;0;0;0;0;0;1;0;0
"16/03/2024";"17:26:03";"133";"Sem vítima";"440,000";"BR-386/RS";"Crescente";"Saída de pista";1;0;0;0;0;0;0;0;0;0;1;0;0;0;0
"16/03/2024";"17:31:22";"135";"Sem vítima";"22,000";"BR-448/RS";"Decrescente";"Choque";1;0;0;0;0;0;0;0;0;0;2;0;0;0;0
"16/03/2024";"17:58:13";"141";"Sem vítima";"440,000";"BR-386/RS";"Decrescente";"Saída de pista";1;0;0;0;0;0;0;0;0;0;1;0;0;0;0
"16/03/2024";"17:59:37";"143";"Sem vítima";"360,000";"BR-386/RS";"Crescente";"Choque";1;0;0;0;0;0;0;0;0;0;3;0;0;0;0
"16/03/2024";"18:26:00";"147";"Sem vítima";"95,000";"BR-290/RS";"Crescente";"Choque";1;0;0;0;0;0;0;0;0;0;1;0;0;0;0
"16/03/2024";"19:12:00";"153";"Sem vítima";"94,000";"BR-290/RS";"Decrescente";"Choque";1;0;0;0;0;0;0;0;0;0;1;0;0;0;0
"16/03/2024";"19:30:59";"155";"Sem vítima";"22,000";"BR-448/RS";"Crescente";"Choque";2;0;0;0;0;0;0;0;0;0;3;0;0;0;0
"16/03/2024";"19:33:00";"156";"Com vítima";"5,000";"BR-290/RS";"Crescente";"Queda de moto";0;0;0;1;0;0;0;0;0;0;0;2;0;0;0
"16/03/2024";"20:01:09";"160";"Sem vítima";"22,000";"BR-448/RS";"Crescente";"Colisão traseira";1;0;0;0;0;0;0;0;0;0;1;0;0;0;0
"17/03/2024";"12:01:00";"102";"Sem vítima";"59,000";"BR-290/RS";"Crescente";"Choque";1;0;0;0;0;0;0;0;0;0;2;0;0;0;0
"17/03/2024";"12:13:33";"104";"Sem vítima";"73,000";"BR-290/RS";"Crescente";"Choque";1;0;0;0;0;0;0;0;0;0;1;0;0;0;0
"17/03/2024";"12:13:38";"105";"Sem vítima";"331,000";"BR-386/RS";"Decrescente";"Colisão traseira";2;0;0;0;0;0;0;0;0;0;4;0;0;0;0
"17/03/2024";"17:41:00";"161";"Sem vítima";"15,000";"BR-290/RS";"Crescente";"Colisão lateral no mesmo sentido";1;0;0;0;0;0;0;0;0;0;5;0;0;0;0
"17/03/2024";"22:27:22";"197";"Sem vítima";"298,000";"BR-386/RS";"Crescente";"Choque";1;0;0;0;0;0;0;0;0;0;1;0;0;0;0
"18/03/2024";"01:59:00";"10";"Com vítima";"77,000";"BR-290/RS";"Decrescente";"Colisão lateral no mesmo sentido";0;0;0;2;0;0;0;0;0;0;0;2;1;0;0
"18/03/2024";"07:31:34";"84";"Sem vítima";"94,000";"BR-290/RS";"Crescente";"Colisão traseira";2;0;0;0;0;0;0;0;0;0;2;0;0;0;0
"18/03/2024";"10:59:15";"173";"Sem vítima";"246,000";"BR-386/RS";"Crescente";"Colisão transversal";1;0;0;0;0;0;0;0;0;0;2;0;0;0;0
"18/03/2024";"11:22:25";"177";"Com vítima";"42,000";"BR-290/RS";"Crescente";"Colisão lateral no mesmo sentido";2;0;0;0;0;0;0;0;0;0;4;1;0;0;0
"18/03/2024";"12:00:00";"190";"Sem vítima";"439,000";"BR-386/RS";"Decrescente";"Saída de pista";1;0;0;0;0;0;0;0;0;0;1;0;0;0;0
"18/03/2024";"13:19:00";"206";"Com vítima";"306,100";"BR-386/RS";"Crescente";"Colisão transversal";0;0;2;0;0;0;0;0;0;0;1;0;1;0;0
"18/03/2024";"19:48:00";"274";"Sem vítima";"269,900";"BR-386/RS";"Decrescente";"Colisão transversal";2;0;0;0;0;0;0;0;0;0;2;0;0;0;0
"18/03/2024";"19:51:08";"275";"Com vítima";"388,200";"BR-386/RS";"Decrescente";"Colisão transversal";1;0;1;0;0;0;0;0;0;0;2;0;1;0;0
"19/03/2024";"07:42:59";"78";"Sem vítima";"96,380";"BR-290/RS";"Crescente";"Colisão traseira";2;0;0;0;0;0;0;0;0;0;2;0;0;0;0
"19/03/2024";"09:02:00";"131";"Sem vítima";"388,000";"BR-386/RS";"Crescente";"Saída de pista";1;0;0;0;0;0;0;0;0;0;2;0;0;0;0
"19/03/2024";"11:41:00";"174";"Com vítima";"415,400";"BR-386/RS";"Decrescente";"Saída de pista";0;0;1;0;0;0;0;0;0;0;0;1;0;0;0
"20/03/2024";"05:23:58";"23";"Sem vítima";"331,300";"BR-386/RS";"Crescente";"Saída de pista";1;0;0;0;0;0;0;0;0;0;1;0;0;0;0
"20/03/2024";"06:00:00";"29";"Sem vítima";"309,950";"BR-386/RS";"Decrescente";"Saída de pista";0;0;1;0;0;0;0;0;0;0;1;0;0;0;0
"20/03/2024";"10:57:59";"164";"Com vítima";"78,000";"BR-101/RS";"Crescente";"Saída de pista";1;0;0;0;0;0;0;0;0;0;0;0;2;0;0
"20/03/2024";"11:22:07";"168";"Sem vítima";"268,000";"BR-386/RS";"Decrescente";"Saída de pista";1;0;0;0;0;0;0;0;0;0;1;0;0;0;0
"20/03/2024";"13:34:00";"193";"Sem vítima";"81,000";"BR-290/RS";"Crescente";"Saída de pista";2;0;0;0;0;0;0;0;0;0;4;0;0;0;0
"20/03/2024";"14:07:04";"196";"Sem vítima";"10,000";"BR-101/RS";"Decrescente";"Choque";1;0;0;0;0;0;0;0;0;0;1;0;0;0;0
"20/03/2024";"15:04:00";"216";"Sem vítima";"311,000";"BR-386/RS";"Decrescente";"Colisão traseira";1;0;1;0;0;0;0;0;0;0;3;0;0;0;0
"20/03/2024";"15:06:00";"218";"Sem vítima";"191,000";"BR-386/RS";"Decrescente";"Colisão lateral no mesmo sentido";1;0;2;0;0;0;0;0;0;0;5;0;0;0;0
"20/03/2024";"18:09:00";"250";"Com vítima";"290,000";"BR-386/RS";"Crescente";"Colisão lateral no mesmo sentido";1;0;2;0;0;0;0;1;0;0;5;0;1;0;0
"21/03/2024";"07:02:29";"96";"Sem vítima";"362,000";"BR-386/RS";"Decrescente";"Saída de pista";1;0;0;0;0;0;0;0;0;0;1;0;0;0;0
"21/03/2024";"09:31:00";"113";"Sem vítima";"80,000";"BR-290/RS";"Crescente";"Saída de pista";1;0;0;0;0;0;0;0;0;0;1;0;0;0;0
"21/03/2024";"11:13:17";"132";"Sem vítima";"307,000";"BR-386/RS";"Crescente";"Saída de pista";1;0;0;0;0;0;0;0;0;0;3;0;0;0;0
"21/03/2024";"21:04:00";"257";"Com vítima";"22,000";"BR-101/RS";"Decrescente";"Choque";1;0;0;0;0;0;0;0;0;0;1;1;1;0;0
"21/03/2024";"21:06:00";"258";"Com vítima";"391,800";"BR-386/RS";"Decrescente";"Colisão transversal";2;0;0;0;0;0;0;0;0;0;5;1;0;0;0
"21/03/2024";"22:10:00";"268";"Sem vítima";"73,000";"BR-290/RS";"Crescente";"Saída de pista";1;0;0;0;0;0;0;0;0;0;1;0;0;0;0
"22/03/2024";"07:57:00";"112";"Sem vítima";"75,000";"BR-290/RS";"Decrescente";"Queda de moto";0;0;0;1;0;0;0;0;0;0;2;0;0;0;0
"22/03/2024";"10:47:00";"196";"Sem vítima";"64,000";"BR-290/RS";"Crescente";"Saída de pista";1;0;0;0;0;0;0;0;0;0;1;0;0;0;0
"22/03/2024";"20:25:00";"321";"Com vítima";"94,674";"BR-290/RS";"Decrescente";"Queda de moto";0;0;0;1;0;0;0;0;0;0;0;0;2;0;0
"22/03/2024";"22:17:00";"344";"Sem vítima";"337,000";"BR-386/RS";"Decrescente";"Saída de pista";1;0;0;0;0;0;0;0;0;0;1;0;0;0;0
"22/03/2024";"22:33:58";"345";"Sem vítima";"337,000";"BR-386/RS";"Decrescente";"Saída de pista";0;0;1;0;0;0;0;0;0;0;1;0;0;0;0
"23/03/2024";"03:32:00";"32";"Com vítima";"40,904";"BR-290/RS";"Crescente";"Colisão traseira";0;0;1;0;0;0;0;0;0;0;0;0;0;0;1
"23/03/2024";"05:26:00";"38";"Sem vítima";"362,000";"BR-386/RS";"Crescente";"Saída de pista";1;0;0;0;0;0;0;0;0;0;1;0;0;0;0
"23/03/2024";"05:27:00";"39";"Sem vítima";"192,000";"BR-386/RS";"Crescente";"Colisão traseira";2;0;0;0;0;0;0;0;0;0;6;0;0;0;0