data;horario;n_da_ocorrencia;tipo_de_ocorrencia;km;trecho;sentido;tipo_de_acidente;automovel;bicicleta;caminhao;moto;onibus;outros;tracao_animal;transporte_de_cargas_especiais;trator_maquinas;utilitarios;ilesos;levemente_feridos;moderadamente_feridos;gravemente_feridos;mortos
"23/03/2024";"05:50:07";"43";"Com vítima";"40,000";"BR-101/RS";"Decrescente";"Colisão traseira";1;0;1;0;0;0;0;0;0;0;5;0;1;0;0
"23/03/2024";"07:30:00";"81";"Sem vítima";"384,000";"BR-386/RS";"Crescente";"Colisão transversal";2;0;0;0;0;0;0;0;0;0;4;0;0;0;0
"23/03/2024";"09:10:38";"110";"Com vítima";"35,000";"BR-101/RS";"Crescente";"Queda de moto";0;0;0;1;0;0;0;0;0;0;0;0;1;0;0
"23/03/2024";"14:51:28";"202";"Sem vítima";"92,000";"BR-290/RS";"Decrescente";"Colisão traseira";2;0;0;0;0;0;0;0;0;0;2;0;0;0;0
"23/03/2024";"18:49:00";"236";"Sem vítima";"20,000";"BR-448/RS";"Crescente";"Choque";1;0;0;0;0;0;0;0;0;0;2;0;0;0;0
"24/03/2024";"04:23:18";"25";"Sem vítima";"343,850";"BR-386/RS";"Decrescente";"Choque";1;0;0;0;0;0;0;0;0;0;1;0;0;0;0
"24/03/2024";"04:54:03";"26";"Sem vítima";"29,000";"BR-101/RS";"Decrescente";"Atropelamento de animal";1;0;0;0;0;0;0;0;0;0;5;0;0;0;0
"24/03/2024";"05:17:24";"30";"Sem vítima";"10,397";"BR-290/RS";"Decrescente";"Capotamento";1;0;0;0;0;0;0;0;0;0;1;0;0;0;0
"24/03/2024";"10:29:00";"112";"Sem vítima";"257,000";"BR-386/RS";"Crescente";"Acidentes de outra natureza";0;0;1;0;0;0;0;0;0;0;1;0;0;0;0
"24/03/2024";"11:25:00";"123";"Sem vítima";"7,000";"BR-101/RS";"Crescente";"Capotamento";1;0;0;0;0;0;0;0;0;0;1;0;0;0;0
"24/03/2024";"12:27:00";"133";"Sem vítima";"242,400";"BR-386/RS";"Decrescente";"Tombamento";0;0;1;0;0;0;0;0;0;0;1;0;0;0;0
"24/03/2024";"16:34:41";"177";"Sem vítima";"305,000";"BR-386/RS";"Decrescente";"Colisão traseira";1;0;1;0;0;0;0;0;0;0;2;0;0;0;0
"24/03/2024";"22:36:00";"250";"Sem vítima";"402,000";"BR-386/RS";"Decrescente";"Atropelamento de animal";1;0;0;0;0;0;0;0;0;0;4;0;0;0;0
"25/03/2024";"01:06:01";"12";"Com vítima";"8,150";"BR-101/RS";"Crescente";"Colisão lateral no mesmo sentido";2;0;0;0;0;0;0;0;0;0;3;1;0;0;0
"25/03/2024";"04:56:00";"27";"Sem vítima";"37,316";"BR-290/RS";"Crescente";"Saída de pista";0;0;1;0;0;0;0;0;0;0;1;0;0;0;0
"25/03/2024";"05:35:56";"30";"Sem vítima";"344,000";"BR-386/RS";"Crescente";"Saída de pista";1;0;0;0;0;0;0;0;0;0;1;0;0;0;0
"25/03/2024";"08:13:54";"111";"Sem vítima";"80,300";"BR-290/RS";"Crescente";"Colisão traseira";1;0;1;0;0;0;0;0;0;0;4;0;0;0;0
"25/03/2024";"09:22:15";"143";"Sem vítima";"426,000";"BR-386/RS";"Decrescente";"Colisão frontal";1;0;1;0;0;0;0;0;0;0;5;0;0;0;0
"25/03/2024";"10:08:00";"158";"Sem vítima";"303,000";"BR-386/RS";"Crescente";"Colisão lateral no mesmo sentido";1;0;1;0;0;0;0;0;0;0;5;0;0;0;0
"25/03/2024";"10:11:27";"159";"Sem vítima";"399,000";"BR-386/RS";"Decrescente";"Choque";1;0;0;0;0;0;0;0;0;0;1;0;0;0;0
"25/03/2024";"15:41:00";"213";"Com vítima";"356,000";"BR-386/RS";"Decrescente";"Colisão traseira";1;0;1;0;0;0;0;0;0;0;2;1;0;0;0
"25/03/2024";"17:12:52";"232";"Com vítima";"398,000";"BR-386/RS";"Decrescente";"Saída de pista";1;0;0;0;0;0;0;0;0;0;1;0;1;0;0
"25/03/2024";"17:20:51";"233";"Sem vítima";"385,000";"BR-386/RS";"Decrescente";"Colisão traseira";2;0;0;0;0;0;0;0;0;0;2;0;0;0;0
"25/03/2024";"22:18:00";"291";"Com vítima";"297,800";"BR-386/RS";"Decrescente";"Capotamento";1;0;0;0;0;0;0;0;0;0;0;1;0;0;0
"26/03/2024";"07:15:00";"58";"Com vítima";"245,000";"BR-386/RS";"Crescente";"Colisão frontal";1;0;1;0;0;0;0;0;0;0;1;2;0;0;0
"26/03/2024";"07:38:40";"78";"Sem vítima";"92,150";"BR-290/RS";"Crescente";"Engavetamento";4;0;0;0;0;0;0;0;0;0;5;0;0;0;0
"26/03/2024";"16:06:03";"218";"Sem vítima";"87,000";"BR-290/RS";"Crescente";"Colisão lateral no mesmo sentido";1;0;1;0;0;0;0;0;0;0;2;0;0;0;0
"26/03/2024";"17:52:42";"235";"Sem vítima";"84,000";"BR-290/RS";"Crescente";"Colisão lateral no mesmo sentido";1;0;1;0;0;0;0;0;0;0;3;0;0;0;0
"26/03/2024";"21:16:00";"268";"Com vítima";"56,685";"BR-290/RS";"Decrescente";"Colisão lateral no mesmo sentido";0;0;2;0;0;0;0;0;0;0;1;1;0;0;0
"26/03/2024";"23:34:00";"280";"Sem vítima";"92,000";"BR-290/RS";"Decrescente";"Saída de pista";1;0;0;0;0;0;0;0;0;0;2;0;0;0;0
"27/03/2024";"03:09:00";"24";"Sem vítima";"70,000";"BR-290/RS";"Crescente";"Saída de pista";0;0;1;0;0;0;0;0;0;0;1;0;0;0;0
"27/03/2024";"05:42:54";"37";"Sem vítima";"204,000";"BR-386/RS";"Decrescente";"Choque";0;0;1;0;0;0;0;0;0;0;1;0;0;0;0
"27/03/2024";"10:26:14";"183";"Com vítima";"246,000";"BR-386/RS";"Crescente";"Colisão frontal";2;0;0;0;0;0;0;0;0;0;3;2;0;0;0
"27/03/2024";"15:11:00";"263";"Sem vítima";"84,000";"BR-290/RS";"Crescente";"Colisão lateral no mesmo sentido";1;0;0;1;0;0;0;0;0;0;2;0;0;0;0
"27/03/2024";"16:59:00";"291";"Sem vítima";"84,000";"BR-290/RS";"Crescente";"Colisão traseira";1;0;0;0;0;0;0;0;0;0;2;0;0;0;0
"27/03/2024";"18:26:22";"315";"Com vítima";"94,634";"BR-290/RS";"Decrescente";"Colisão traseira";1;0;0;1;0;0;0;0;0;0;1;0;1;0;0
"27/03/2024";"19:05:17";"321";"Sem vítima";"375,000";"BR-386/RS";"Decrescente";"Colisão lateral no mesmo sentido";1;0;0;1;0;0;0;0;0;0;5;0;0;0;0
"27/03/2024";"20:44:47";"350";"Com vítima";"94,674";"BR-290/RS";"Crescente";"Choque";1;0;0;1;0;0;0;0;0;0;1;0;1;0;0
"28/03/2024";"08:48:55";"162";"Sem vítima";"226,000";"BR-386/RS";"Crescente";"Saída de pista";1;0;0;0;0;0;0;0;0;0;1;0;0;0;0
"28/03/2024";"10:11:53";"199";"Sem vítima";"426,000";"BR-386/RS";"Decrescente";"Acidentes de outra natureza";1;0;0;0;0;0;0;0;0;0;2;0;0;0;0
"28/03/2024";"12:12:50";"234";"Sem vítima";"350,000";"BR-386/RS";"Crescente";"Colisão lateral no mesmo sentido";1;0;1;0;0;0;0;0;0;0;3;0;0;0;0
"28/03/2024";"16:03:26";"285";"Sem vítima";"24,370";"BR-290/RS";"Decrescente";"Colisão lateral no mesmo sentido";2;0;0;0;0;0;0;0;0;0;2;0;0;0;0
"28/03/2024";"19:33:51";"419";"Sem vítima";"408,000";"BR-386/RS";"Decrescente";"Choque";1;0;0;0;0;0;0;0;0;0;1;0;0;0;0
"28/03/2024";"20:23:43";"369";"Sem vítima";"21,663";"BR-101/RS";"Decrescente";"Colisão traseira";1;0;0;0;0;0;0;0;0;0;2;0;0;0;0
"28/03/2024";"21:03:21";"377";"Sem vítima";"308,000";"BR-386/RS";"Decrescente";"Colisão traseira";2;0;0;0;0;0;0;0;0;0;3;0;0;0;0
"29/03/2024";"01:38:00";"11";"Com vítima";"48,521";"BR-290/RS";"Crescente";"Queda de moto";0;0;0;1;0;0;0;0;0;0;0;1;0;0;0
"29/03/2024";"05:01:19";"48";"Sem vítima";"439,700";"BR-386/RS";"Crescente";"Colisão traseira";1;0;1;0;0;0;0;0;0;0;4;0;0;0;0
"29/03/2024";"07:27:00";"69";"Sem vítima";"385,000";"BR-386/RS";"Decrescente";"Colisão lateral no mesmo sentido";1;0;1;0;0;0;0;0;0;0;6;0;0;0;0
"29/03/2024";"08:54:18";"102";"Sem vítima";"35,000";"BR-290/RS";"Decrescente";"Colisão traseira";1;0;1;0;0;0;0;0;0;0;2;0;0;0;0
"29/03/2024";"16:02:48";"216";"Sem vítima";"392,000";"BR-386/RS";"Crescente";"Saída de pista";1;0;0;0;0;0;0;0;0;0;2;0;0;0;0
"29/03/2024";"17:36:07";"238";"Sem vítima";"405,000";"BR-386/RS";"Crescente";"Saída de pista";1;0;0;0;0;0;0;0;0;0;4;0;0;0;0
"29/03/2024";"18:12:36";"243";"Com vítima";"342,000";"BR-386/RS";"Crescente";"Acidentes de outra natureza";1;0;0;0;0;0;0;0;0;0;0;0;0;0;1
"29/03/2024";"18:22:00";"247";"Sem vítima";"411,000";"BR-386/RS";"Crescente";"Saída de pista";1;0;0;0;0;0;0;0;0;0;3;0;0;0;0
"29/03/2024";"19:57:42";"266";"Sem vítima";"10,000";"BR-290/RS";"Decrescente";"Colisão traseira";1;0;0;1;0;0;0;0;0;0;6;0;0;0;0
"29/03/2024";"20:19:12";"269";"Com vítima";"77,000";"BR-290/RS";"Crescente";"Choque";1;0;0;0;0;0;0;0;0;0;0;0;1;0;0
"30/03/2024";"11:13:00";"95";"Sem vítima";"27,000";"BR-101/RS";"Decrescente";"Atropelamento de animal";1;0;0;0;0;0;0;0;0;0;4;0;0;0;0
"30/03/2024";"11:23:42";"97";"Sem vítima";"291,000";"BR-386/RS";"Decrescente";"Saída de pista";0;0;0;0;0;0;0;1;0;0;1;0;0;0;0
"30/03/2024";"21:32:53";"201";"Com vítima";"94,000";"BR-290/RS";"Decrescente";"Capotamento";1;0;0;0;0;0;0;0;0;0;0;0;1;0;0
"31/03/2024";"00:25:48";"6";"Sem vítima";"92,000";"BR-290/RS";"Decrescente";"Choque";1;0;0;0;0;0;0;0;0;0;1;0;0;0;0
"31/03/2024";"01:47:00";"16";"Sem vítima";"41,000";"BR-290/RS";"Decrescente";"Saída de pista";1;0;0;0;0;0;0;0;0;0;1;0;0;0;0
"31/03/2024";"02:02:00";"19";"Com vítima";"62,000";"BR-101/RS";"Crescente";"Queda de moto";0;0;0;1;0;0;0;0;0;0;1;1;0;0;0
"31/03/2024";"03:06:00";"35";"Sem vítima";"32,207";"BR-290/RS";"Crescente";"Capotamento";1;0;0;0;0;0;0;0;0;0;4;0;0;0;0
"31/03/2024";"05:49:56";"55";"Sem vítima";"250,000";"BR-386/RS";"Decrescente";"Saída de pista";1;0;0;0;0;0;0;0;0;0;3;0;0;0;0
"31/03/2024";"10:50:24";"82";"Sem vítima";"392,000";"BR-386/RS";"Decrescente";"Colisão traseira";3;0;0;0;0;0;0;0;0;0;10;0;0;0;0
"31/03/2024";"14:29:59";"119";"Com vítima";"75,000";"BR-290/RS";"Decrescente";"Queda de moto";0;0;0;1;0;0;0;0;0;0;0;1;1;0;0
"31/03/2024";"16:24:00";"155";"Com vítima";"391,000";"BR-386/RS";"Crescente";"Colisão lateral no mesmo sentido";2;0;0;0;0;0;0;0;0;0;1;0;0;1;0
"31/03/2024";"16:48:33";"163";"Com vítima";"247,000";"BR-386/RS";"Crescente";"Engavetamento";2;0;0;1;0;0;0;0;0;0;9;1;0;0;0
"31/03/2024";"17:14:32";"171";"Com vítima";"342,000";"BR-386/RS";"Decrescente";"Colisão traseira";0;0;0;1;0;0;0;0;0;0;0;1;0;0;0
"31/03/2024";"18:35:51";"209";"Sem vítima";"241,000";"BR-386/RS";"Crescente";"Colisão traseira";1;0;0;0;0;0;0;0;0;0;2;0;0;0;0
"31/03/2024";"19:40:56";"236";"Sem vítima";"182,000";"BR-386/RS";"Crescente";"Colisão lateral no mesmo sentido";1;0;0;0;0;0;0;0;0;0;4;0;0;0;0
"31/03/2024";"19:50:37";"241";"Com vítima";"245,000";"BR-386/RS";"Crescente";"Engavetamento";3;0;0;0;0;0;0;0;0;0;11;0;1;0;0
"31/03/2024";"20:20:00";"251";"Sem vítima";"82,000";"BR-101/RS";"Crescente";"Colisão transversal";2;0;0;0;0;0;0;0;0;0;3;0;0;0;0
"31/03/2024";"21:07:00";"263";"Sem vítima";"40,000";"BR-101/RS";"Crescente";"Saída de pista";1;0;0;0;0;0;0;0;0;0;2;0;0;0;0
"31/03/2024";"22:42:00";"289";"Sem vítima";"17,000";"BR-290/RS";"Crescente";"Colisão traseira";1;0;0;1;0;0;0;0;0;0;6;0;0;0;0
"01/04/2024";"05:53:22";"39";"Sem vítima";"249,000";"BR-386/RS";"Crescente";"Saída de pista";1;0;0;0;0;0;0;0;0;0;2;0;0;0;0
"01/04/2024";"06:00:37";"40";"Sem vítima";"342,000";"BR-386/RS";"Decrescente";"Saída de pista";1;0;0;0;0;0;0;0;0;0;1;0;0;0;0
"01/04/2024";"07:50:00";"100";"Com vítima";"248,000";"BR-386/RS";"Decrescente";"Colisão transversal";1;0;1;0;0;0;0;0;0;0;2;1;0;0;0
"01/04/2024";"08:07:51";"113";"Sem vítima";"19,000";"BR-448/RS";"Crescente";"Queda de moto";0;0;0;1;0;0;0;0;0;0;1;0;0;0;0
"01/04/2024";"13:31:48";"229";"Com vítima";"345,000";"BR-386/RS";"Crescente";"Colisão lateral no mesmo sentido";1;0;0;1;0;0;0;0;0;0;1;1;0;0;0
"01/04/2024";"15:51:15";"266";"Sem vítima";"47,000";"BR-290/RS";"Decrescente";"Saída de pista";1;0;0;0;0;0;0;0;0;0;3;0;0;0;0
"01/04/2024";"18:16:00";"293";"Com vítima";"437,000";"BR-386/RS";"Decrescente";"Colisão traseira";1;0;1;0;0;0;0;0;0;0;3;1;0;0;0
"01/04/2024";"18:25:00";"296";"Sem vítima";"310,000";"BR-386/RS";"Crescente";"Choque";1;0;0;0;0;0;0;0;0;0;5;0;0;0;0
"01/04/2024";"19:39:12";"311";"Sem vítima";"19,000";"BR-290/RS";"Decrescente";"Colisão traseira";1;0;1;0;0;0;0;0;0;0;4;0;0;0;0
"02/04/2024";"09:46:00";"148";"Com vítima";"186,150";"BR-386/RS";"Decrescente";"Saída de pista";1;0;0;0;0;0;0;0;0;0;0;2;0;0;0
"02/04/2024";"10:48:39";"164";"Sem vítima";"35,000";"BR-101/RS";"Decrescente";"Colisão lateral no mesmo sentido";1;0;1;0;0;0;0;0;0;0;2;0;0;0;0
"02/04/2024";"12:03:00";"178";"Com vítima";"66,000";"BR-290/RS";"Decrescente";"Capotamento";1;0;0;0;0;0;0;0;0;0;0;1;0;1;0
"02/04/2024";"14:20:38";"204";"Sem vítima";"19,000";"BR-290/RS";"Crescente";"Saída de pista";1;0;0;0;0;0;0;0;0;0;1;0;0;0;0
"02/04/2024";"15:55:35";"225";"Sem vítima";"22,000";"BR-101/RS";"Crescente";"Colisão traseira";2;0;0;0;0;0;0;0;0;0;2;0;0;0;0
"02/04/2024";"16:33:18";"233";"Sem vítima";"350,000";"BR-386/RS";"Crescente";"Colisão traseira";1;0;1;0;0;0;0;0;0;0;2;0;0;0;0
"03/04/2024";"07:50:00";"89";"Sem vítima";"403,000";"BR-386/RS";"Decrescente";"Saída de pista";0;0;1;0;0;0;0;0;0;0;0;0;0;0;0
"03/04/2024";"07:55:00";"93";"Com vítima";"92,000";"BR-290/RS";"Crescente";"Colisão traseira";1;0;0;1;0;0;0;0;0;0;3;1;0;0;0
"03/04/2024";"08:11:47";"105";"Com vítima";"19,000";"BR-448/RS";"Crescente";"Engavetamento";5;0;0;0;0;0;0;0;0;0;8;2;0;0;0
"03/04/2024";"12:02:09";"172";"Sem vítima";"1,000";"BR-290/RS";"Decrescente";"Saída de pista";1;0;0;0;0;0;0;0;0;0;1;0;0;0;0
"03/04/2024";"13:31:33";"189";"Sem vítima";"86,000";"BR-290/RS";"Crescente";"Colisão lateral no mesmo sentido";1;0;1;0;0;0;0;0;0;0;2;0;0;0;0
"03/04/2024";"13:38:45";"191";"Sem vítima";"430,000";"BR-386/RS";"Crescente";"Acidentes de outra natureza";1;0;0;0;0;0;0;0;0;0;2;0;0;0;0
"03/04/2024";"21:35:51";"280";"Com vítima";"350,000";"BR-386/RS";"Crescente";"Queda de moto";0;0;0;1;0;0;0;0;0;0;0;1;0;0;0
"04/04/2024";"11:24:26";"168";"Sem vítima";"80,000";"BR-290/RS";"Decrescente";"Saída de pista";1;0;0;0;0;0;0;0;0;0;3;0;0;0;0
"04/04/2024";"13:40:08";"196";"Sem vítima";"60,000";"BR-290/RS";"Crescente";"Colisão traseira";1;0;0;0;0;0;0;0;0;0;2;0;0;0;0
"04/04/2024";"15:22:48";"221";"Sem vítima";"72,000";"BR-101/RS";"Decrescente";"Colisão lateral no mesmo sentido";1;0;1;0;0;0;0;0;0;0;2;0;0;0;0
"05/04/2024";"00:47:00";"5";"Sem vítima";"75,000";"BR-290/RS";"Decrescente";"Choque";1;0;0;0;0;0;0;0;0;0;1;0;0;0;0
"05/04/2024";"01:00:42";"7";"Sem vítima";"306,000";"BR-386/RS";"Decrescente";"Choque";0;0;1;0;0;0;0;0;0;0;1;0;0;0;0
"05/04/2024";"04:48:00";"31";"Com vítima";"400,000";"BR-386/RS";"Crescente";"Saída de pista";1;0;0;0;0;0;0;0;0;0;0;2;0;0;0
"05/04/2024";"06:35:59";"41";"Com vítima";"248,000";"BR-386/RS";"Crescente";"Colisão lateral no mesmo sentido";1;0;1;0;0;0;0;0;0;0;1;1;0;0;0
"05/04/2024";"07:16:30";"77";"Sem vítima";"342,000";"BR-386/RS";"Crescente";"Colisão lateral no mesmo sentido";0;0;1;1;0;0;0;0;0;0;2;0;0;0;0
"05/04/2024";"09:13:48";"146";"Sem vítima";"433,000";"BR-386/RS";"Crescente";"Colisão lateral no mesmo sentido";1;0;1;0;0;0;0;0;0;0;4;0;0;0;0
"05/04/2024";"10:38:45";"163";"Sem vítima";"306,000";"BR-386/RS";"Crescente";"Saída de pista";2;0;0;0;0;0;0;0;0;0;5;0;0;0;0
"05/04/2024";"14:40:00";"198";"Sem vítima";"305,000";"BR-386/RS";"Crescente";"Saída de pista";1;0;0;0;0;0;0;0;0;0;1;0;0;0;0
"05/04/2024";"15:01:00";"204";"Com vítima";"269,200";"BR-386/RS";"Decrescente";"Colisão transversal";2;0;0;0;0;0;0;0;0;0;1;0;4;0;0
"05/04/2024";"17:34:14";"225";"Com vítima";"80,000";"BR-290/RS";"Decrescente";"Choque";1;0;0;0;0;0;0;0;0;0;0;0;1;0;0
"05/04/2024";"19:39:32";"247";"Com vítima";"9,400";"BR-448/RS";"Decrescente";"Queda de moto";0;0;0;1;0;0;0;0;0;0;0;1;0;0;0
"05/04/2024";"19:52:00";"250";"Com vítima";"442,000";"BR-386/RS";"Decrescente";"Queda de moto";0;0;0;1;0;0;0;0;0;0;1;1;0;0;0
"05/04/2024";"20:44:00";"258";"Com vítima";"38,000";"BR-290/RS";"Decrescente";"Capotamento";1;0;0;0;0;0;0;0;0;0;0;0;1;0;0
"05/04/2024";"22:35:00";"276";"Sem vítima";"74,000";"BR-101/RS";"Decrescente";"Colisão traseira";2;0;0;0;0;0;0;0;0;0;6;0;0;0;0
"05/04/2024";"23:01:08";"279";"Com vítima";"78,000";"BR-101/RS";"Crescente";"Choque";1;0;0;0;0;0;0;0;0;0;0;1;0;0;0
"05/04/2024";"23:02:00";"280";"Sem vítima";"80,000";"BR-290/RS";"Decrescente";"Choque";1;0;0;0;0;0;0;0;0;0;1;0;0;0;0
"06/04/2024";"17:06:53";"231";"Com vítima";"438,000";"BR-386/RS";"Decrescente";"Colisão transversal";1;0;1;0;0;0;0;0;0;0;1;0;1;0;0
"06/04/2024";"17:23:48";"236";"Sem vítima";"88,474";"BR-290/RS";"Crescente";"Saída de pista";1;0;0;0;0;0;0;0;0;0;2;0;0;0;0
"06/04/2024";"19:17:00";"254";"Sem vítima";"392,000";"BR-386/RS";"Crescente";"Colisão transversal";2;0;0;0;0;0;0;0;0;0;4;0;0;0;0
"07/04/2024";"01:17:27";"6";"Sem vítima";"249,000";"BR-386/RS";"Decrescente";"Saída de pista";1;0;0;0;0;0;0;0;0;0;1;0;0;0;0
"07/04/2024";"09:52:53";"103";"Sem vítima";"19,000";"BR-290/RS";"Crescente";"Saída de pista";1;0;0;0;0;0;0;0;0;0;1;0;0;0;0
"07/04/2024";"14:57:53";"149";"Sem vítima";"19,000";"BR-290/RS";"Crescente";"Capotamento";1;0;0;0;0;0;0;0;0;0;2;0;0;0;0
"07/04/2024";"16:39:00";"161";"Com vítima";"307,000";"BR-386/RS";"Crescente";"Colisão frontal";2;0;0;0;0;0;0;0;0;0;5;1;0;0;0
"07/04/2024";"17:23:58";"174";"Sem vítima";"309,000";"BR-386/RS";"Decrescente";"Acidentes de outra natureza";1;0;0;0;0;0;0;0;0;0;4;0;0;0;0
"07/04/2024";"17:29:49";"176";"Sem vítima";"411,000";"BR-386/RS";"Decrescente";"Acidentes de outra natureza";1;0;0;0;0;0;0;0;0;0;3;0;0;0;0
"07/04/2024";"20:44:10";"201";"Com vítima";"22,000";"BR-448/RS";"Crescente";"Choque";1;0;0;0;0;0;0;0;0;0;1;0;1;0;0
"08/04/2024";"00:33:26";"4";"Com vítima";"330,000";"BR-386/RS";"Crescente";"Acidentes de outra natureza";0;0;1;0;0;0;0;0;0;0;0;1;0;0;0
"08/04/2024";"06:57:44";"52";"Sem vítima";"94,000";"BR-290/RS";"Decrescente";"Choque";1;0;0;0;0;0;0;0;0;0;1;0;0;0;0
"08/04/2024";"07:34:00";"82";"Com vítima";"80,000";"BR-101/RS";"Crescente";"Colisão traseira";0;0;2;0;0;0;0;0;0;0;20;1;0;0;0
"08/04/2024";"07:38:32";"88";"Sem vítima";"349,000";"BR-386/RS";"Decrescente";"Colisão transversal";2;0;0;0;0;0;0;0;0;0;3;0;0;0;0
"08/04/2024";"07:53:52";"105";"Com vítima";"344,000";"BR-386/RS";"Crescente";"Colisão traseira";1;0;0;1;0;0;0;0;0;0;0;2;0;0;0
"08/04/2024";"07:55:59";"107";"Sem vítima";"349,000";"BR-386/RS";"Crescente";"Colisão traseira";2;0;0;0;0;0;0;0;0;0;2;0;0;0;0
"08/04/2024";"07:56:38";"109";"Sem vítima";"19,000";"BR-290/RS";"Decrescente";"Colisão traseira";2;0;0;0;0;0;0;0;0;0;2;0;0;0;0
"08/04/2024";"13:56:22";"201";"Sem vítima";"86,000";"BR-290/RS";"Crescente";"Saída de pista";1;0;0;0;0;0;0;0;0;0;1;0;0;0;0
"08/04/2024";"17:31:31";"258";"Sem vítima";"60,000";"BR-290/RS";"Crescente";"Colisão traseira";2;0;0;0;0;0;0;0;0;0;3;0;0;0;0
"08/04/2024";"18:06:00";"268";"Sem vítima";"434,000";"BR-386/RS";"Crescente";"Colisão lateral no mesmo sentido";1;0;0;0;0;0;0;0;0;0;3;0;0;0;0
"08/04/2024";"21:30:59";"293";"Com vítima";"296,000";"BR-386/RS";"Crescente";"Tombamento";0;0;1;0;0;0;0;0;0;0;0;0;1;0;0
"09/04/2024";"16:27:31";"256";"Sem vítima";"96,000";"BR-290/RS";"Crescente";"Colisão lateral no mesmo sentido";1;0;0;0;0;0;0;0;0;0;1;0;0;0;0
"09/04/2024";"18:01:00";"273";"Com vítima";"9,000";"BR-448/RS";"Decrescente";"Queda de moto";0;0;0;1;0;0;0;0;0;0;0;1;0;0;0
"10/04/2024";"03:44:20";"22";"Com vítima";"56,685";"BR-290/RS";"Crescente";"Saída de pista";0;0;1;0;0;0;0;0;0;0;0;2;0;0;0
"10/04/2024";"07:17:03";"65";"Sem vítima";"426,000";"BR-386/RS";"Crescente";"Colisão traseira";1;0;1;0;0;0;0;0;0;0;5;0;0;0;0
"10/04/2024";"08:42:58";"121";"Sem vítima";"371,000";"BR-386/RS";"Decrescente";"Saída de pista";1;0;0;0;0;0;0;0;0;0;5;0;0;0;0
"10/04/2024";"10:58:30";"172";"Sem vítima";"354,000";"BR-386/RS";"Decrescente";"Colisão traseira";1;0;1;0;0;0;0;0;0;0;2;0;0;0;0
"10/04/2024";"11:07:43";"176";"Sem vítima";"288,000";"BR-386/RS";"Decrescente";"Colisão traseira";1;0;1;0;0;0;0;0;0;0;3;0;0;0;0
"10/04/2024";"11:36:43";"189";"Com vítima";"9,000";"BR-448/RS";"Decrescente";"Queda de moto";0;0;0;1;0;0;0;0;0;0;0;1;0;0;0
"10/04/2024";"16:22:00";"264";"Sem vítima";"62,000";"BR-290/RS";"Decrescente";"Colisão traseira";1;0;1;0;0;0;0;0;0;0;2;0;0;0;0
"11/04/2024";"00:43:00";"10";"Sem vítima";"420,000";"BR-386/RS";"Decrescente";"Atropelamento de animal";1;0;0;0;0;0;0;0;0;0;5;0;0;0;0
"11/04/2024";"07:15:22";"68";"Com vítima";"94,000";"BR-290/RS";"Decrescente";"Colisão traseira";2;0;0;0;0;0;0;0;0;0;0;1;1;0;0
"11/04/2024";"07:50:38";"89";"Com vítima";"20,000";"BR-448/RS";"Crescente";"Engavetamento";3;0;0;0;0;0;0;0;0;0;5;3;0;0;0
"11/04/2024";"09:38:43";"135";"Sem vítima";"18,000";"BR-290/RS";"Crescente";"Colisão lateral no mesmo sentido";2;0;0;0;0;0;0;0;0;0;2;0;0;0;0
"11/04/2024";"10:52:00";"149";"Sem vítima";"349,000";"BR-386/RS";"Crescente";"Colisão traseira";2;0;0;0;0;0;0;0;0;0;2;0;0;0;0
"11/04/2024";"10:58:35";"151";"Com vítima";"415,000";"BR-386/RS";"Crescente";"Colisão lateral no mesmo sentido";1;0;1;0;0;0;0;0;0;0;1;1;0;0;0
"11/04/2024";"12:16:11";"166";"Com vítima";"86,000";"BR-101/RS";"Decrescente";"Saída de pista";1;0;0;0;0;0;0;0;0;0;1;3;0;0;0
"11/04/2024";"12:20:26";"167";"Com vítima";"94,000";"BR-290/RS";"Decrescente";"Saída de pista";1;0;0;0;0;0;0;0;0;0;1;1;0;0;0
"11/04/2024";"15:47:36";"196";"Sem vítima";"411,000";"BR-386/RS";"Decrescente";"Saída de pista";1;0;0;0;0;0;0;0;0;0;1;0;0;0;0
"11/04/2024";"16:25:00";"200";"Com vítima";"296,000";"BR-386/RS";"Crescente";"Colisão frontal";2;0;0;0;0;0;0;0;0;0;1;0;2;0;0
"11/04/2024";"17:27:00";"209";"Sem vítima";"22,000";"BR-448/RS";"Crescente";"Choque";1;0;0;0;0;0;0;0;0;0;1;0;0;0;0
"11/04/2024";"19:04:00";"225";"Sem vítima";"437,200";"BR-386/RS";"Decrescente";"Choque";1;0;0;0;0;0;0;0;0;0;1;0;0;0;0