data;horario;n_da_ocorrencia;tipo_de_ocorrencia;km;trecho;sentido;tipo_de_acidente;automovel;bicicleta;caminhao;moto;onibus;outros;tracao_animal;transporte_de_cargas_especiais;trator_maquinas;utilitarios;ilesos;levemente_feridos;moderadamente_feridos;gravemente_feridos;mortos
"13/06/2024";"13:07:28";"187";"Sem vítima";"74,220";"BR-101/RS";"Crescente";"Saída de pista";1;0;0;0;0;0;0;0;0;0;1;0;0;0;0
"13/06/2024";"13:52:43";"199";"Sem vítima";"426,000";"BR-386/RS";"Decrescente";"Colisão traseira";2;0;0;0;0;0;0;0;0;0;2;0;0;0;0
"13/06/2024";"19:16:12";"273";"Sem vítima";"423,000";"BR-386/RS";"Crescente";"Choque";1;0;0;0;0;0;0;0;0;0;1;0;0;0;0
"13/06/2024";"19:38:00";"277";"Sem vítima";"424,000";"BR-386/RS";"Crescente";"Saída de pista";1;0;0;0;0;0;0;0;0;0;2;0;0;0;0
"13/06/2024";"20:22:47";"287";"Sem vítima";"350,000";"BR-386/RS";"Decrescente";"Colisão lateral no mesmo sentido";1;0;1;0;0;0;0;0;0;0;2;0;0;0;0
"13/06/2024";"20:36:00";"290";"Sem vítima";"424,000";"BR-386/RS";"Decrescente";"Saída de pista";1;0;0;0;0;0;0;0;0;0;5;0;0;0;0
"14/06/2024";"00:31:39";"12";"Com vítima";"324,000";"BR-386/RS";"Decrescente";"Colisão frontal";2;0;1;0;0;0;0;0;0;0;2;0;0;1;4
"14/06/2024";"03:49:15";"26";"Sem vítima";"346,000";"BR-386/RS";"Crescente";"Saída de pista";0;0;1;0;0;0;0;0;0;0;1;0;0;0;0
"14/06/2024";"05:05:27";"32";"Sem vítima";"308,000";"BR-386/RS";"Crescente";"Colisão lateral no mesmo sentido";1;0;1;0;0;0;0;0;0;0;2;0;0;0;0
"14/06/2024";"06:18:00";"39";"Com vítima";"25,900";"BR-290/RS";"Crescente";"Colisão lateral no mesmo sentido";0;0;2;0;0;0;0;0;0;0;1;2;0;0;0
"14/06/2024";"06:21:27";"240";"Com vítima";"25,900";"BR-290/RS";"Crescente";"Choque";1;0;1;0;0;0;0;0;0;0;1;0;3;0;0
"14/06/2024";"07:54:29";"95";"Sem vítima";"368,000";"BR-386/RS";"Decrescente";"Colisão traseira";1;0;0;0;0;0;0;0;0;0;1;0;0;0;0
"14/06/2024";"07:59:29";"98";"Com vítima";"359,000";"BR-386/RS";"Crescente";"Queda de moto";0;0;0;1;0;0;0;0;0;0;0;0;0;1;0
"14/06/2024";"15:49:46";"228";"Sem vítima";"426,000";"BR-386/RS";"Decrescente";"Colisão traseira";2;0;0;0;0;0;0;0;0;0;3;0;0;0;0
"14/06/2024";"16:38:51";"242";"Sem vítima";"350,000";"BR-386/RS";"Crescente";"Colisão lateral no mesmo sentido";1;0;1;0;0;0;0;0;0;0;2;0;0;0;0
"14/06/2024";"17:09:31";"247";"Sem vítima";"434,000";"BR-386/RS";"Decrescente";"Colisão lateral no mesmo sentido";1;0;1;0;0;0;0;0;0;0;5;0;0;0;0
"14/06/2024";"17:18:51";"248";"Sem vítima";"357,000";"BR-386/RS";"Decrescente";"Colisão lateral no mesmo sentido";1;0;1;0;0;0;0;0;0;0;2;0;0;0;0
"14/06/2024";"20:17:43";"300";"Sem vítima";"346,000";"BR-386/RS";"Crescente";"Colisão lateral no mesmo sentido";1;0;1;0;0;0;0;0;0;0;3;0;0;0;0
"14/06/2024";"20:48:00";"308";"Sem vítima";"65,000";"BR-290/RS";"Decrescente";"Colisão lateral no mesmo sentido";2;0;0;0;0;0;0;0;0;0;2;0;0;0;0
"14/06/2024";"22:38:13";"338";"Sem vítima";"436,000";"BR-386/RS";"Decrescente";"Choque";1;0;0;0;0;0;0;0;0;0;1;0;0;0;0
"15/06/2024";"01:17:00";"13";"Com vítima";"94,000";"BR-290/RS";"Decrescente";"Colisão traseira";0;0;0;1;0;0;0;0;0;0;0;0;1;0;0
"15/06/2024";"02:40:53";"27";"Sem vítima";"60,000";"BR-290/RS";"Crescente";"Colisão traseira";0;0;2;0;0;0;0;0;0;0;3;0;0;0;0
"15/06/2024";"05:22:02";"50";"Sem vítima";"438,000";"BR-386/RS";"Crescente";"Colisão lateral no mesmo sentido";2;0;0;0;0;0;0;0;0;0;3;0;0;0;0
"15/06/2024";"10:59:32";"154";"Com vítima";"86,000";"BR-101/RS";"Decrescente";"Tombamento";0;0;1;0;0;0;0;0;0;0;0;2;0;0;0
"15/06/2024";"17:11:00";"215";"Sem vítima";"236,000";"BR-386/RS";"Decrescente";"Saída de pista";1;0;0;0;0;0;0;0;0;0;1;0;0;0;0
"15/06/2024";"18:40:04";"229";"Com vítima";"3,100";"BR-290/RS";"Crescente";"Capotamento";1;0;0;0;0;0;0;0;0;0;0;1;0;0;0
"15/06/2024";"20:52:58";"250";"Sem vítima";"63,000";"BR-290/RS";"Crescente";"Capotamento";1;0;0;0;0;0;0;0;0;0;2;0;0;0;0
"15/06/2024";"20:57:00";"251";"Sem vítima";"11,000";"BR-290/RS";"Decrescente";"Capotamento";1;0;0;0;0;0;0;0;0;0;1;0;0;0;0
"15/06/2024";"22:12:00";"262";"Sem vítima";"60,000";"BR-290/RS";"Crescente";"Atropelamento de animal";1;0;0;0;0;0;0;0;0;0;1;0;0;0;0
"16/06/2024";"00:30:40";"6";"Sem vítima";"247,000";"BR-386/RS";"Decrescente";"Acidentes de outra natureza";1;0;0;0;0;0;0;0;0;0;1;0;0;0;0
"16/06/2024";"01:20:50";"8";"Sem vítima";"22,000";"BR-448/RS";"Decrescente";"Choque";1;0;0;0;0;0;0;0;0;0;2;0;0;0;0
"16/06/2024";"04:04:00";"24";"Com vítima";"348,000";"BR-386/RS";"Crescente";"Saída de pista";1;0;0;0;0;0;0;0;0;0;0;1;0;0;0
"16/06/2024";"04:33:55";"29";"Sem vítima";"45,000";"BR-290/RS";"Crescente";"Saída de pista";1;0;0;0;0;0;0;0;0;0;1;0;0;0;0
"16/06/2024";"07:04:00";"49";"Sem vítima";"74,000";"BR-101/RS";"Crescente";"Saída de pista";1;0;0;0;0;0;0;0;0;0;3;0;0;0;0
"16/06/2024";"12:21:26";"93";"Sem vítima";"349,000";"BR-386/RS";"Decrescente";"Saída de pista";1;0;0;0;0;0;0;0;0;0;1;0;0;0;0
"16/06/2024";"14:40:46";"112";"Com vítima";"365,000";"BR-386/RS";"Crescente";"Queda de moto";0;0;0;1;0;0;0;0;0;0;0;0;1;0;0
"16/06/2024";"15:47:00";"129";"Sem vítima";"269,000";"BR-386/RS";"Decrescente";"Saída de pista";1;0;0;0;0;0;0;0;0;0;2;0;0;0;0
"16/06/2024";"15:53:00";"130";"Sem vítima";"396,000";"BR-386/RS";"Decrescente";"Saída de pista";1;0;0;0;0;0;0;0;0;0;4;0;0;0;0
"16/06/2024";"16:20:00";"138";"Sem vítima";"38,000";"BR-101/RS";"Decrescente";"Saída de pista";1;0;0;0;0;0;0;0;0;0;2;0;0;0;0
"16/06/2024";"16:47:21";"142";"Sem vítima";"10,000";"BR-290/RS";"Decrescente";"Saída de pista";1;0;0;0;0;0;0;0;0;0;1;0;0;0;0
"16/06/2024";"17:46:04";"156";"Sem vítima";"411,000";"BR-386/RS";"Decrescente";"Choque";1;0;0;0;0;0;0;0;0;0;4;0;0;0;0
"16/06/2024";"18:05:00";"162";"Sem vítima";"7,000";"BR-101/RS";"Decrescente";"Saída de pista";1;0;0;0;0;0;0;0;0;0;2;0;0;0;0
"16/06/2024";"19:26:58";"175";"Sem vítima";"338,000";"BR-386/RS";"Crescente";"Capotamento";1;0;0;0;0;0;0;0;0;0;1;0;0;0;0
"16/06/2024";"19:38:23";"179";"Sem vítima";"315,000";"BR-386/RS";"Crescente";"Saída de pista";1;0;0;0;0;0;0;0;0;0;2;0;0;0;0
"16/06/2024";"20:03:00";"184";"Sem vítima";"400,000";"BR-386/RS";"Crescente";"Saída de pista";1;0;0;0;0;0;0;0;0;0;1;0;0;0;0
"16/06/2024";"20:10:00";"185";"Sem vítima";"400,000";"BR-386/RS";"Crescente";"Saída de pista";1;0;0;0;0;0;0;0;0;0;3;0;0;0;0
"16/06/2024";"21:44:03";"199";"Sem vítima";"24,000";"BR-101/RS";"Crescente";"Choque";1;0;0;0;0;0;0;0;0;0;1;0;0;0;0
"16/06/2024";"21:57:25";"202";"Sem vítima";"239,500";"BR-386/RS";"Decrescente";"Choque";1;0;0;0;0;0;0;0;0;0;1;0;0;0;0
"16/06/2024";"22:55:00";"209";"Sem vítima";"440,000";"BR-386/RS";"Crescente";"Acidentes de outra natureza";1;0;0;0;0;0;0;0;0;0;1;0;0;0;0
"17/06/2024";"04:08:00";"28";"Sem vítima";"70,000";"BR-290/RS";"Decrescente";"Acidentes de outra natureza";1;0;0;0;0;0;0;0;0;0;1;0;0;0;0
"17/06/2024";"07:54:23";"71";"Com vítima";"86,000";"BR-290/RS";"Crescente";"Colisão traseira";1;0;0;1;0;0;0;0;0;0;1;1;0;0;0
"17/06/2024";"09:43:27";"105";"Sem vítima";"246,000";"BR-386/RS";"Decrescente";"Colisão transversal";2;0;0;0;0;0;0;0;0;0;2;0;0;0;0
"17/06/2024";"12:10:30";"137";"Sem vítima";"44,000";"BR-290/RS";"Crescente";"Saída de pista";1;0;0;0;0;0;0;0;0;0;1;0;0;0;0
"17/06/2024";"12:46:47";"143";"Com vítima";"90,000";"BR-290/RS";"Crescente";"Colisão traseira";1;0;1;0;0;0;0;0;0;0;1;1;0;0;0
"17/06/2024";"12:50:00";"144";"Com vítima";"424,000";"BR-386/RS";"Decrescente";"Choque";2;0;0;0;0;0;0;0;0;0;4;1;0;0;0
"17/06/2024";"15:47:36";"178";"Sem vítima";"247,500";"BR-386/RS";"Decrescente";"Acidentes de outra natureza";1;0;0;0;0;0;0;0;0;0;1;0;0;0;0
"17/06/2024";"16:16:14";"183";"Sem vítima";"349,000";"BR-386/RS";"Crescente";"Colisão lateral no mesmo sentido";1;0;1;0;0;0;0;0;0;0;2;0;0;0;0
"17/06/2024";"20:33:14";"239";"Com vítima";"90,550";"BR-290/RS";"Decrescente";"Colisão traseira";1;0;1;1;0;0;0;0;0;0;2;1;0;0;0
"18/06/2024";"04:28:00";"28";"Sem vítima";"55,850";"BR-290/RS";"Crescente";"Saída de pista";0;0;1;0;0;0;0;0;0;0;1;0;0;0;0
"18/06/2024";"08:54:00";"118";"Com vítima";"92,000";"BR-290/RS";"Crescente";"Queda de moto";0;0;0;1;0;0;0;0;0;0;0;2;0;0;0
"18/06/2024";"09:39:59";"131";"Sem vítima";"377,500";"BR-386/RS";"Decrescente";"Colisão lateral no mesmo sentido";1;0;1;0;0;0;0;0;0;0;2;0;0;0;0
"18/06/2024";"13:31:50";"184";"Sem vítima";"60,960";"BR-290/RS";"Decrescente";"Colisão traseira";1;0;1;0;0;0;0;0;0;0;31;0;0;0;0
"18/06/2024";"23:14:00";"272";"Sem vítima";"379,000";"BR-386/RS";"Decrescente";"Choque";1;0;0;0;0;0;0;0;0;0;2;0;0;0;0
"19/06/2024";"06:25:43";"43";"Sem vítima";"347,000";"BR-386/RS";"Decrescente";"Saída de pista";1;0;0;0;0;0;0;0;0;0;2;0;0;0;0
"19/06/2024";"07:31:51";"57";"Sem vítima";"10,000";"BR-290/RS";"Crescente";"Saída de pista";1;0;0;0;0;0;0;0;0;0;1;0;0;0;0
"19/06/2024";"08:54:40";"85";"Sem vítima";"71,000";"BR-290/RS";"Crescente";"Choque";1;0;0;0;0;0;0;0;0;0;2;0;0;0;0
"19/06/2024";"09:54:45";"108";"Sem vítima";"349,000";"BR-386/RS";"Crescente";"Colisão traseira";1;0;1;0;0;0;0;0;0;0;3;0;0;0;0
"19/06/2024";"11:22:00";"137";"Sem vítima";"246,000";"BR-386/RS";"Decrescente";"Colisão lateral no mesmo sentido";1;0;1;0;0;0;0;0;0;0;2;0;0;0;0
"19/06/2024";"16:21:46";"186";"Sem vítima";"80,000";"BR-290/RS";"Decrescente";"Choque";1;0;0;0;0;0;0;0;0;0;2;0;0;0;0
"20/06/2024";"03:45:14";"16";"Sem vítima";"35,000";"BR-101/RS";"Decrescente";"Choque";0;0;1;0;0;0;0;0;0;0;1;0;0;0;0
"20/06/2024";"04:43:48";"23";"Com vítima";"35,000";"BR-101/RS";"Crescente";"Colisão traseira";0;0;2;0;0;0;0;0;0;0;1;0;1;0;0
"20/06/2024";"11:37:00";"181";"Sem vítima";"420,000";"BR-386/RS";"Decrescente";"Saída de pista";1;0;0;0;0;0;0;0;0;0;2;0;0;0;0
"20/06/2024";"11:53:00";"187";"Sem vítima";"69,000";"BR-290/RS";"Decrescente";"Queda de moto";0;0;0;1;0;0;0;0;0;0;1;0;0;0;0
"20/06/2024";"14:12:24";"202";"Sem vítima";"434,000";"BR-386/RS";"Crescente";"Colisão transversal";1;0;1;0;0;0;0;0;0;0;4;0;0;0;0
"20/06/2024";"16:07:41";"229";"Sem vítima";"390,000";"BR-386/RS";"Decrescente";"Saída de pista";0;0;1;0;0;0;0;0;0;0;1;0;0;0;0
"21/06/2024";"01:31:37";"23";"Sem vítima";"79,819";"BR-290/RS";"Decrescente";"Acidentes de outra natureza";1;0;0;0;0;0;0;0;0;0;2;0;0;0;0
"21/06/2024";"01:32:19";"24";"Sem vítima";"342,000";"BR-386/RS";"Crescente";"Capotamento";1;0;0;0;0;0;0;0;0;0;1;0;0;0;0
"21/06/2024";"02:03:00";"29";"Com vítima";"281,000";"BR-386/RS";"Decrescente";"Colisão traseira";1;0;0;0;0;0;0;0;0;0;0;0;1;0;0
"21/06/2024";"07:37:00";"72";"Com vítima";"2,000";"BR-448/RS";"Crescente";"Choque";1;0;0;0;0;0;0;0;0;0;1;1;0;0;0
"21/06/2024";"10:24:20";"130";"Sem vítima";"57,000";"BR-290/RS";"Decrescente";"Saída de pista";1;0;0;0;0;0;0;0;0;0;1;0;0;0;0
"21/06/2024";"10:56:55";"135";"Sem vítima";"377,000";"BR-386/RS";"Crescente";"Choque";1;0;0;0;0;0;0;0;0;0;1;0;0;0;0
"21/06/2024";"10:59:13";"136";"Com vítima";"307,000";"BR-386/RS";"Decrescente";"Colisão frontal";1;0;0;0;0;0;0;0;0;0;0;1;0;0;0
"21/06/2024";"12:47:48";"155";"Sem vítima";"407,000";"BR-386/RS";"Decrescente";"Colisão lateral no mesmo sentido";1;0;0;0;0;0;0;0;0;0;1;0;0;0;0
"21/06/2024";"12:55:00";"156";"Sem vítima";"441,000";"BR-386/RS";"Crescente";"Choque";1;0;0;0;0;0;0;0;0;0;1;0;0;0;0
"21/06/2024";"13:49:00";"167";"Sem vítima";"11,000";"BR-290/RS";"Decrescente";"Saída de pista";1;0;0;0;0;0;0;0;0;0;3;0;0;0;0
"21/06/2024";"16:48:00";"200";"Sem vítima";"78,000";"BR-101/RS";"Crescente";"Acidentes de outra natureza";1;0;0;0;0;0;0;0;0;0;3;0;0;0;0
"21/06/2024";"16:49:43";"201";"Sem vítima";"435,000";"BR-386/RS";"Crescente";"Colisão traseira";1;0;0;1;0;0;0;0;0;0;2;0;0;0;0
"21/06/2024";"19:14:00";"230";"Com vítima";"218,000";"BR-386/RS";"Crescente";"Colisão lateral no mesmo sentido";0;0;1;1;0;0;0;0;0;0;2;0;0;1;0
"21/06/2024";"23:16:00";"275";"Sem vítima";"416,000";"BR-386/RS";"Crescente";"Saída de pista";1;0;0;0;0;0;0;0;0;0;1;0;0;0;0
"21/06/2024";"23:22:09";"278";"Com vítima";"361,000";"BR-386/RS";"Decrescente";"Saída de pista";1;0;0;0;0;0;0;0;0;0;2;0;1;0;0
"22/06/2024";"00:27:00";"9";"Sem vítima";"2,000";"BR-290/RS";"Decrescente";"Queda de moto";0;0;0;1;0;0;0;0;0;0;2;0;0;0;0
"22/06/2024";"00:33:00";"10";"Sem vítima";"252,000";"BR-386/RS";"Crescente";"Choque";1;0;0;0;0;0;0;0;0;0;4;0;0;0;0
"22/06/2024";"04:23:00";"37";"Sem vítima";"60,100";"BR-101/RS";"Crescente";"Saída de pista";0;0;1;0;0;0;0;0;0;0;1;0;0;0;0
"22/06/2024";"07:26:00";"63";"Com vítima";"391,000";"BR-386/RS";"Decrescente";"Colisão frontal";3;0;0;0;0;0;0;0;0;0;3;1;1;0;0
"22/06/2024";"09:06:17";"96";"Sem vítima";"19,000";"BR-290/RS";"Decrescente";"Colisão lateral no mesmo sentido";2;0;0;0;0;0;0;0;0;0;6;0;0;0;0
"22/06/2024";"09:25:04";"99";"Com vítima";"391,000";"BR-386/RS";"Decrescente";"Colisão traseira";1;0;1;0;0;0;0;1;0;0;1;0;1;0;0
"22/06/2024";"09:55:05";"109";"Sem vítima";"305,800";"BR-386/RS";"Crescente";"Colisão lateral no mesmo sentido";1;0;1;0;0;0;0;0;0;0;2;0;0;0;0
"22/06/2024";"10:21:27";"120";"Sem vítima";"97,000";"BR-290/RS";"Crescente";"Colisão traseira";2;0;0;0;0;0;0;0;0;0;6;0;0;0;0
"22/06/2024";"10:38:00";"125";"Sem vítima";"15,000";"BR-290/RS";"Decrescente";"Queda de moto";1;0;0;0;0;0;0;0;0;0;1;0;0;0;0
"22/06/2024";"15:28:23";"170";"Sem vítima";"35,000";"BR-101/RS";"Decrescente";"Colisão lateral no mesmo sentido";1;0;1;0;0;0;0;0;0;0;4;0;0;0;0
"22/06/2024";"15:46:28";"173";"Sem vítima";"92,000";"BR-290/RS";"Decrescente";"Colisão lateral no mesmo sentido";2;0;0;0;0;0;0;0;0;0;7;0;0;0;0
"22/06/2024";"15:49:18";"174";"Sem vítima";"226,000";"BR-386/RS";"Crescente";"Choque";1;0;0;1;0;0;0;0;0;0;2;0;0;0;0
"23/06/2024";"04:20:00";"26";"Sem vítima";"88,474";"BR-290/RS";"Crescente";"Saída de pista";1;0;0;0;0;0;0;0;0;0;1;0;0;0;0
"23/06/2024";"05:41:00";"32";"Sem vítima";"75,000";"BR-290/RS";"Decrescente";"Choque";1;0;0;0;0;0;0;0;0;0;3;0;0;0;0
"23/06/2024";"09:37:00";"69";"Sem vítima";"443,000";"BR-386/RS";"Crescente";"Saída de pista";1;0;0;0;0;0;0;0;0;0;2;0;0;0;0
"23/06/2024";"17:33:56";"161";"Com vítima";"417,000";"BR-386/RS";"Crescente";"Saída de pista";1;0;0;0;0;0;0;0;0;0;2;1;0;0;0
"23/06/2024";"19:33:26";"191";"Sem vítima";"88,000";"BR-290/RS";"Decrescente";"Choque";4;0;0;0;0;0;0;0;0;0;12;0;0;0;0
"23/06/2024";"20:38:00";"203";"Com vítima";"73,000";"BR-290/RS";"Crescente";"Queda de moto";0;0;0;2;0;0;0;0;0;0;0;2;0;0;0
"23/06/2024";"22:24:39";"218";"Sem vítima";"49,168";"BR-101/RS";"Decrescente";"Saída de pista";2;0;0;0;0;0;0;0;0;0;4;0;0;0;0
"23/06/2024";"23:18:54";"227";"Sem vítima";"9,000";"BR-448/RS";"Decrescente";"Choque";2;0;0;0;0;0;0;0;0;0;2;0;0;0;0
"24/06/2024";"09:47:00";"128";"Sem vítima";"241,000";"BR-386/RS";"Decrescente";"Colisão lateral no mesmo sentido";1;0;1;0;0;0;0;0;0;0;3;0;0;0;0
"24/06/2024";"14:01:09";"182";"Com vítima";"401,100";"BR-386/RS";"Decrescente";"Colisão lateral no mesmo sentido";1;0;2;0;0;0;0;0;0;0;3;0;0;0;1
"24/06/2024";"14:07:16";"183";"Com vítima";"435,000";"BR-386/RS";"Decrescente";"Colisão traseira";0;0;2;0;0;0;0;0;0;0;2;1;0;0;0
"24/06/2024";"14:22:36";"186";"Sem vítima";"354,000";"BR-386/RS";"Decrescente";"Colisão lateral no mesmo sentido";1;0;1;0;0;0;0;0;0;0;2;0;0;0;0
"24/06/2024";"14:35:20";"192";"Sem vítima";"94,000";"BR-290/RS";"Decrescente";"Tombamento";0;0;1;0;0;0;0;0;0;0;1;0;0;0;0
"24/06/2024";"15:45:47";"206";"Sem vítima";"91,450";"BR-290/RS";"Crescente";"Colisão lateral no mesmo sentido";2;0;0;0;0;0;0;0;0;0;2;0;0;0;0
"24/06/2024";"15:47:16";"207";"Sem vítima";"428,000";"BR-386/RS";"Decrescente";"Colisão lateral no mesmo sentido";1;0;1;0;0;0;0;0;0;0;3;0;0;0;0
"25/06/2024";"07:17:00";"55";"Com vítima";"55,000";"BR-101/RS";"Crescente";"Queda de moto";0;0;0;1;0;0;0;0;0;0;0;1;0;0;0
"25/06/2024";"07:55:13";"91";"Sem vítima";"74,000";"BR-290/RS";"Crescente";"Tombamento";0;0;1;0;0;0;0;0;0;0;1;0;0;0;0
"25/06/2024";"14:24:22";"212";"Sem vítima";"426,000";"BR-386/RS";"Crescente";"Colisão traseira";1;0;1;0;0;0;0;0;0;0;2;0;0;0;0
"25/06/2024";"16:12:32";"244";"Sem vítima";"20,000";"BR-448/RS";"Crescente";"Saída de pista";1;0;0;0;0;0;0;0;0;0;1;0;0;0;0
"25/06/2024";"17:06:08";"255";"Sem vítima";"15,000";"BR-101/RS";"Crescente";"Saída de pista";1;0;0;0;0;0;0;0;0;0;2;0;0;0;0
"25/06/2024";"18:45:21";"273";"Sem vítima";"91,000";"BR-290/RS";"Decrescente";"Colisão traseira";2;0;0;0;0;0;0;0;0;0;3;0;0;0;0
"25/06/2024";"19:02:20";"278";"Sem vítima";"216,000";"BR-386/RS";"Crescente";"Colisão transversal";1;0;0;0;0;0;0;0;0;0;1;0;0;0;0
"25/06/2024";"20:49:00";"290";"Sem vítima";"435,000";"BR-386/RS";"Decrescente";"Colisão transversal";1;0;1;0;0;0;0;0;0;0;6;0;0;0;0
"26/06/2024";"03:31:01";"16";"Com vítima";"415,000";"BR-386/RS";"Crescente";"Acidentes de outra natureza";0;0;1;0;0;0;0;0;0;0;0;1;0;0;0
"26/06/2024";"06:42:00";"30";"Sem vítima";"435,000";"BR-386/RS";"Decrescente";"Colisão lateral no mesmo sentido";2;0;0;0;0;0;0;0;0;0;2;0;0;0;0
"26/06/2024";"10:59:20";"111";"Sem vítima";"15,000";"BR-290/RS";"Crescente";"Choque";1;0;0;0;0;0;0;0;0;0;2;0;0;0;0
"26/06/2024";"12:04:19";"130";"Sem vítima";"92,000";"BR-290/RS";"Crescente";"Colisão lateral no mesmo sentido";1;0;0;0;0;0;0;0;0;0;1;0;0;0;0
"26/06/2024";"14:27:09";"150";"Sem vítima";"89,000";"BR-290/RS";"Decrescente";"Colisão traseira";2;0;0;0;0;0;0;0;0;0;5;0;0;0;0
"26/06/2024";"16:43:00";"181";"Com vítima";"389,200";"BR-386/RS";"Decrescente";"Choque";0;0;0;1;0;0;0;0;0;0;0;1;0;0;0
"26/06/2024";"17:02:31";"186";"Sem vítima";"272,000";"BR-386/RS";"Crescente";"Colisão lateral no mesmo sentido";1;0;0;0;0;0;0;0;0;1;6;0;0;0;0
"26/06/2024";"18:30:22";"207";"Sem vítima";"13,000";"BR-448/RS";"Crescente";"Capotamento";1;0;0;0;0;0;0;0;0;0;1;0;0;0;0
"26/06/2024";"19:06:27";"217";"Sem vítima";"304,000";"BR-386/RS";"Decrescente";"Colisão lateral no mesmo sentido";0;0;2;0;0;0;0;0;0;0;2;0;0;0;0
"26/06/2024";"19:31:05";"223";"Sem vítima";"345,000";"BR-386/RS";"Crescente";"Saída de pista";0;0;0;0;0;0;0;1;0;0;3;0;0;0;0
"27/06/2024";"00:25:15";"10";"Sem vítima";"35,000";"BR-101/RS";"Decrescente";"Choque";0;0;1;0;0;0;0;0;0;0;0;0;0;0;0
"27/06/2024";"09:35:29";"155";"Sem vítima";"334,100";"BR-386/RS";"Decrescente";"Colisão traseira";2;0;0;0;0;0;0;0;0;0;5;0;0;0;0
"27/06/2024";"12:46:37";"208";"Sem vítima";"68,000";"BR-290/RS";"Decrescente";"Colisão traseira";0;0;2;0;0;0;0;0;0;0;2;0;0;0;0
"27/06/2024";"14:23:17";"234";"Sem vítima";"7,000";"BR-448/RS";"Decrescente";"Choque";3;0;0;0;0;0;0;0;0;0;3;0;0;0;0
"27/06/2024";"16:43:17";"275";"Sem vítima";"428,000";"BR-386/RS";"Decrescente";"Colisão lateral no mesmo sentido";1;0;1;0;0;0;0;0;0;0;3;0;0;0;0
"27/06/2024";"20:15:00";"331";"Sem vítima";"44,000";"BR-290/RS";"Decrescente";"Atropelamento de animal";1;0;0;0;0;0;0;0;0;0;1;0;0;0;0
"27/06/2024";"20:36:00";"334";"Com vítima";"71,000";"BR-290/RS";"Decrescente";"Colisão traseira";1;0;1;0;0;0;0;0;0;0;2;0;1;0;0
"27/06/2024";"22:00:00";"343";"Sem vítima";"43,000";"BR-290/RS";"Decrescente";"Colisão traseira";0;0;1;0;0;0;0;0;0;0;1;0;0;0;0
"28/06/2024";"07:58:28";"104";"Com vítima";"9,000";"BR-448/RS";"Crescente";"Colisão lateral no mesmo sentido";3;0;1;0;0;0;0;0;0;0;3;0;1;0;0
"28/06/2024";"15:39:27";"260";"Sem vítima";"26,000";"BR-290/RS";"Decrescente";"Choque";1;0;0;0;0;0;0;0;0;0;2;0;0;0;0
"28/06/2024";"16:58:44";"274";"Sem vítima";"60,000";"BR-290/RS";"Crescente";"Choque";1;0;0;0;0;0;0;0;0;0;1;0;0;0;0
"28/06/2024";"18:03:00";"293";"Com vítima";"84,000";"BR-290/RS";"Crescente";"Queda de moto";0;0;0;1;0;0;0;0;0;0;0;0;1;0;0
"28/06/2024";"22:40:52";"349";"Sem vítima";"4,000";"BR-101/RS";"Crescente";"Capotamento";1;0;0;0;0;0;0;0;0;0;1;0;0;0;0
"29/06/2024";"01:17:14";"8";"Sem vítima";"92,000";"BR-290/RS";"Decrescente";"Choque";1;0;0;0;0;0;0;0;0;0;1;0;0;0;0
"29/06/2024";"01:57:26";"12";"Sem vítima";"351,000";"BR-386/RS";"Crescente";"Choque";1;0;0;0;0;0;0;0;0;0;1;0;0;0;0
"29/06/2024";"03:49:00";"21";"Com vítima";"53,000";"BR-290/RS";"Crescente";"Choque";1;0;0;0;0;0;0;0;0;0;0;1;0;0;0
"29/06/2024";"11:10:18";"182";"Sem vítima";"442,000";"BR-386/RS";"Crescente";"Colisão lateral no mesmo sentido";2;0;0;0;0;0;0;0;0;0;3;0;0;0;0
"29/06/2024";"11:21:08";"191";"Sem vítima";"342,000";"BR-386/RS";"Decrescente";"Colisão lateral no mesmo sentido";2;0;0;0;0;0;0;0;0;0;2;0;0;0;0
"29/06/2024";"16:05:26";"238";"Sem vítima";"307,000";"BR-386/RS";"Decrescente";"Saída de pista";0;0;1;0;0;0;0;0;0;0;1;0;0;0;0
"29/06/2024";"19:01:02";"258";"Com vítima";"19,000";"BR-290/RS";"Decrescente";"Colisão traseira";1;0;1;0;0;0;0;0;0;0;1;0;1;0;0
"29/06/2024";"21:51:41";"278";"Com vítima";"246,000";"BR-386/RS";"Crescente";"Capotamento";1;0;0;0;0;0;0;0;0;0;0;1;0;0;0
"30/06/2024";"02:59:12";"19";"Sem vítima";"51,000";"BR-290/RS";"Crescente";"Acidentes de outra natureza";1;0;0;0;0;0;0;0;0;0;2;0;0;0;0