data;horario;n_da_ocorrencia;tipo_de_ocorrencia;km;trecho;sentido;tipo_de_acidente;automovel;bicicleta;caminhao;moto;onibus;outros;tracao_animal;transporte_de_cargas_especiais;trator_maquinas;utilitarios;ilesos;levemente_feridos;moderadamente_feridos;gravemente_feridos;mortos
"18/08/2024";"08:12:09";"46";"Com vítima";"57,000";"BR-290/RS";"Crescente";"Capotamento";1;0;0;0;0;0;0;0;0;0;0;0;1;0;0
"18/08/2024";"15:23:00";"103";"Sem vítima";"366,700";"BR-386/RS";"Decrescente";"Colisão lateral no mesmo sentido";1;0;0;0;0;0;0;0;0;0;1;0;0;0;0
"18/08/2024";"17:48:39";"132";"Sem vítima";"2,000";"BR-290/RS";"Crescente";"Colisão lateral no mesmo sentido";1;0;0;0;0;0;0;0;0;0;1;0;0;0;0
"18/08/2024";"22:59:09";"194";"Sem vítima";"94,000";"BR-290/RS";"Crescente";"Choque";1;0;0;0;0;0;0;0;0;0;1;0;0;0;0
"18/08/2024";"23:10:00";"195";"Com vítima";"389,000";"BR-386/RS";"Decrescente";"Choque";1;0;0;0;0;0;0;0;0;0;0;1;0;0;0
"19/08/2024";"03:09:24";"10";"Sem vítima";"18,200";"BR-290/RS";"Decrescente";"Saída de pista";0;0;1;0;0;0;0;0;0;0;1;0;0;0;0
"19/08/2024";"06:02:00";"28";"Sem vítima";"96,000";"BR-290/RS";"Crescente";"Choque";1;0;0;0;0;0;0;0;0;0;1;0;0;0;0
"19/08/2024";"06:44:00";"34";"Com vítima";"325,000";"BR-386/RS";"Decrescente";"Colisão transversal";2;0;0;0;0;0;0;0;0;0;2;1;0;0;0
"19/08/2024";"08:00:00";"93";"Sem vítima";"92,000";"BR-290/RS";"Decrescente";"Colisão traseira";1;0;0;0;0;0;0;0;0;0;1;0;0;0;0
"19/08/2024";"10:31:00";"160";"Sem vítima";"27,000";"BR-290/RS";"Crescente";"Colisão transversal";1;0;0;0;0;0;0;0;0;0;1;0;0;0;0
"19/08/2024";"10:40:00";"162";"Com vítima";"391,000";"BR-386/RS";"Decrescente";"Colisão traseira";1;0;0;0;0;0;0;0;0;0;0;1;0;0;0
"19/08/2024";"16:11:00";"240";"Sem vítima";"409,000";"BR-386/RS";"Decrescente";"Choque";0;0;1;0;0;0;0;0;0;0;1;0;0;0;0
"19/08/2024";"17:50:50";"261";"Sem vítima";"215,000";"BR-386/RS";"Decrescente";"Colisão lateral no mesmo sentido";1;0;0;0;0;0;0;0;0;0;1;0;0;0;0
"19/08/2024";"18:05:40";"266";"Sem vítima";"430,000";"BR-386/RS";"Decrescente";"Capotamento";1;0;0;0;0;0;0;0;0;0;1;0;0;0;0
"19/08/2024";"19:47:05";"288";"Sem vítima";"94,000";"BR-290/RS";"Decrescente";"Colisão lateral no mesmo sentido";1;0;0;0;0;0;0;0;0;0;1;0;0;0;0
"19/08/2024";"20:10:34";"294";"Sem vítima";"247,000";"BR-386/RS";"Crescente";"Colisão traseira";0;0;1;0;0;0;0;0;0;0;1;0;0;0;0
"19/08/2024";"20:58:34";"303";"Sem vítima";"206,000";"BR-386/RS";"Crescente";"Colisão traseira";1;0;0;0;0;0;0;0;0;0;1;0;0;0;0
"19/08/2024";"22:14:00";"312";"Com vítima";"35,000";"BR-290/RS";"Crescente";"Saída de pista";1;0;0;0;0;0;0;0;0;0;0;1;0;0;0
"20/08/2024";"04:57:43";"15";"Sem vítima";"388,000";"BR-386/RS";"Decrescente";"Capotamento";1;0;0;0;0;0;0;0;0;0;1;0;0;0;0
"20/08/2024";"06:50:08";"40";"Sem vítima";"296,000";"BR-386/RS";"Crescente";"Saída de pista";1;0;0;0;0;0;0;0;0;0;1;0;0;0;0
"20/08/2024";"08:03:42";"81";"Com vítima";"307,000";"BR-386/RS";"Decrescente";"Colisão transversal";3;0;0;0;0;0;0;0;0;0;5;1;0;0;0
"20/08/2024";"08:25:48";"97";"Com vítima";"434,000";"BR-386/RS";"Decrescente";"Colisão traseira";1;0;2;0;0;0;0;0;0;0;5;1;0;0;0
"20/08/2024";"08:28:08";"99";"Sem vítima";"20,000";"BR-448/RS";"Crescente";"Colisão traseira";1;0;0;0;0;0;0;0;0;0;1;0;0;0;0
"20/08/2024";"09:14:01";"110";"Sem vítima";"92,000";"BR-290/RS";"Decrescente";"Colisão lateral no mesmo sentido";1;0;0;0;0;0;0;0;0;0;1;0;0;0;0
"20/08/2024";"10:59:24";"132";"Sem vítima";"91,000";"BR-290/RS";"Crescente";"Colisão traseira";1;0;0;0;0;0;0;0;0;0;1;0;0;0;0
"20/08/2024";"11:49:54";"143";"Sem vítima";"70,000";"BR-101/RS";"Decrescente";"Colisão traseira";0;0;1;0;0;0;0;0;0;0;1;0;0;0;0
"20/08/2024";"15:00:42";"177";"Sem vítima";"296,000";"BR-386/RS";"Crescente";"Colisão traseira";1;0;0;0;0;0;0;0;0;0;1;0;0;0;0
"20/08/2024";"15:17:44";"184";"Sem vítima";"62,000";"BR-290/RS";"Decrescente";"Colisão traseira";0;0;1;0;0;0;0;0;0;0;1;0;0;0;0
"20/08/2024";"16:16:00";"202";"Sem vítima";"37,000";"BR-290/RS";"Crescente";"Saída de pista";1;0;0;0;0;0;0;0;0;0;1;0;0;0;0
"20/08/2024";"18:34:34";"224";"Sem vítima";"11,200";"BR-290/RS";"Decrescente";"Saída de pista";1;0;0;0;0;0;0;0;0;0;1;0;0;0;0
"20/08/2024";"20:04:22";"234";"Sem vítima";"68,000";"BR-290/RS";"Crescente";"Saída de pista";1;0;0;0;0;0;0;0;0;0;1;0;0;0;0
"20/08/2024";"23:05:54";"266";"Com vítima";"94,000";"BR-290/RS";"Crescente";"Colisão traseira";1;0;0;0;0;0;0;0;0;0;0;1;0;0;0
"20/08/2024";"23:20:14";"267";"Sem vítima";"24,000";"BR-101/RS";"Crescente";"Saída de pista";1;0;0;0;0;0;0;0;0;0;1;0;0;0;0
"21/08/2024";"01:50:18";"9";"Sem vítima";"79,000";"BR-101/RS";"Crescente";"Saída de pista";0;0;1;0;0;0;0;0;0;0;1;0;0;0;0
"21/08/2024";"07:22:32";"73";"Com vítima";"82,000";"BR-101/RS";"Crescente";"Colisão traseira";2;0;0;0;0;0;0;0;0;0;8;1;0;0;0
"21/08/2024";"07:44:11";"90";"Com vítima";"346,600";"BR-386/RS";"Crescente";"Queda de moto";0;0;0;1;0;0;0;0;0;0;0;1;0;0;0
"21/08/2024";"08:37:33";"121";"Sem vítima";"92,000";"BR-290/RS";"Crescente";"Colisão lateral no mesmo sentido";1;0;0;0;0;0;0;0;0;0;1;0;0;0;0
"21/08/2024";"11:39:00";"169";"Com vítima";"86,000";"BR-290/RS";"Decrescente";"Colisão traseira";2;0;0;0;0;0;0;0;0;0;1;1;0;0;0
"21/08/2024";"12:33:31";"188";"Com vítima";"86,600";"BR-290/RS";"Decrescente";"Colisão traseira";1;0;1;0;0;0;0;0;0;0;3;1;0;0;0
"21/08/2024";"13:16:51";"194";"Sem vítima";"21,400";"BR-101/RS";"Crescente";"Saída de pista";1;0;0;0;0;0;0;0;0;0;1;0;0;0;0
"21/08/2024";"13:20:06";"196";"Com vítima";"75,000";"BR-290/RS";"Decrescente";"Colisão lateral no mesmo sentido";0;0;0;1;0;0;0;0;0;0;0;1;0;0;0
"21/08/2024";"18:20:21";"260";"Com vítima";"436,000";"BR-386/RS";"Decrescente";"Colisão transversal";1;0;0;1;0;0;0;0;0;0;1;0;1;0;0
"21/08/2024";"21:26:01";"289";"Com vítima";"345,000";"BR-386/RS";"Crescente";"Tombamento";0;0;1;0;0;0;0;0;0;0;0;0;0;1;0
"21/08/2024";"23:15:00";"298";"Sem vítima";"445,000";"BR-386/RS";"Crescente";"Atropelamento de animal";1;0;0;0;0;0;0;0;0;0;1;0;0;0;0
"22/08/2024";"05:24:24";"20";"Sem vítima";"15,000";"BR-448/RS";"Crescente";"Choque";1;0;0;0;0;0;0;0;0;0;1;0;0;0;0
"22/08/2024";"05:37:11";"21";"Sem vítima";"411,000";"BR-386/RS";"Decrescente";"Colisão lateral no mesmo sentido";0;0;1;0;0;0;0;0;0;0;1;0;0;0;0
"22/08/2024";"08:13:19";"83";"Sem vítima";"349,000";"BR-386/RS";"Crescente";"Colisão traseira";1;0;0;0;0;0;0;0;0;0;1;0;0;0;0
"22/08/2024";"12:57:18";"170";"Sem vítima";"279,000";"BR-386/RS";"Crescente";"Colisão lateral no mesmo sentido";1;0;0;0;0;0;0;0;0;0;2;0;0;0;0
"22/08/2024";"15:25:00";"208";"Com vítima";"75,000";"BR-290/RS";"Decrescente";"Colisão transversal";1;0;1;1;0;0;0;0;0;0;2;1;0;0;0
"22/08/2024";"17:15:08";"230";"Sem vítima";"60,960";"BR-290/RS";"Crescente";"Colisão traseira";1;0;0;0;0;0;0;0;0;0;1;0;0;0;0
"23/08/2024";"05:41:00";"16";"Sem vítima";"304,000";"BR-386/RS";"Decrescente";"Tombamento";0;0;1;0;0;0;0;0;0;0;1;0;0;0;0
"23/08/2024";"08:12:05";"65";"Sem vítima";"49,000";"BR-101/RS";"Crescente";"Colisão lateral no mesmo sentido";0;0;1;0;0;0;0;0;0;0;1;0;0;0;0
"23/08/2024";"08:29:00";"70";"Sem vítima";"95,000";"BR-290/RS";"Crescente";"Colisão traseira";1;0;0;0;0;0;0;0;0;0;1;0;0;0;0
"23/08/2024";"09:11:43";"86";"Sem vítima";"347,000";"BR-386/RS";"Decrescente";"Saída de pista";1;0;0;0;0;0;0;0;0;0;1;0;0;0;0
"23/08/2024";"10:21:12";"103";"Sem vítima";"259,000";"BR-386/RS";"Decrescente";"Saída de pista";1;0;0;0;0;0;0;0;0;0;1;0;0;0;0
"23/08/2024";"10:34:35";"108";"Sem vítima";"410,000";"BR-386/RS";"Decrescente";"Saída de pista";1;0;0;0;0;0;0;0;0;0;1;0;0;0;0
"23/08/2024";"11:16:04";"120";"Sem vítima";"94,000";"BR-290/RS";"Decrescente";"Choque";1;0;0;0;0;0;0;0;0;0;1;0;0;0;0
"23/08/2024";"11:21:20";"122";"Com vítima";"396,000";"BR-386/RS";"Decrescente";"Capotamento";1;0;0;0;0;0;0;0;0;0;0;0;0;1;0
"23/08/2024";"11:57:39";"126";"Sem vítima";"229,000";"BR-386/RS";"Crescente";"Capotamento";1;0;0;0;0;0;0;0;0;0;1;0;0;0;0
"23/08/2024";"13:11:49";"142";"Sem vítima";"290,000";"BR-386/RS";"Decrescente";"Colisão transversal";1;0;0;0;0;0;0;0;0;0;1;0;0;0;0
"23/08/2024";"13:20:00";"143";"Sem vítima";"440,000";"BR-386/RS";"Decrescente";"Saída de pista";1;0;0;0;0;0;0;0;0;0;1;0;0;0;0
"23/08/2024";"14:47:29";"167";"Sem vítima";"22,000";"BR-448/RS";"Crescente";"Colisão lateral no mesmo sentido";1;0;0;0;0;0;0;0;0;0;1;0;0;0;0
"23/08/2024";"14:50:00";"169";"Sem vítima";"365,000";"BR-386/RS";"Crescente";"Colisão traseira";1;0;0;0;0;0;0;0;0;0;1;0;0;0;0
"23/08/2024";"14:50:09";"168";"Sem vítima";"28,000";"BR-290/RS";"Crescente";"Saída de pista";1;0;0;0;0;0;0;0;0;0;1;0;0;0;0
"23/08/2024";"15:49:26";"186";"Com vítima";"22,000";"BR-448/RS";"Decrescente";"Choque";1;0;0;0;0;0;0;0;0;0;1;1;0;0;0
"23/08/2024";"16:01:25";"188";"Sem vítima";"258,000";"BR-386/RS";"Crescente";"Saída de pista";0;0;1;0;0;0;0;0;0;0;1;0;0;0;0
"23/08/2024";"17:18:54";"208";"Sem vítima";"442,000";"BR-386/RS";"Crescente";"Colisão lateral no mesmo sentido";1;0;0;0;0;0;0;1;0;0;2;0;0;0;0
"23/08/2024";"17:28:04";"211";"Com vítima";"94,000";"BR-290/RS";"Crescente";"Colisão traseira";0;0;0;1;0;0;0;0;0;0;0;1;0;0;0
"23/08/2024";"17:30:12";"212";"Sem vítima";"19,000";"BR-290/RS";"Crescente";"Colisão traseira";0;0;1;0;0;0;0;0;0;0;1;0;0;0;0
"23/08/2024";"18:12:00";"220";"Sem vítima";"75,000";"BR-290/RS";"Decrescente";"Saída de pista";1;0;0;0;0;0;0;0;0;0;1;0;0;0;0
"23/08/2024";"18:50:21";"229";"Sem vítima";"41,000";"BR-290/RS";"Crescente";"Choque";1;0;0;0;0;0;0;0;0;0;1;0;0;0;0
"23/08/2024";"18:53:00";"231";"Sem vítima";"335,000";"BR-386/RS";"Decrescente";"Colisão frontal";1;0;0;0;0;0;0;0;0;0;1;0;0;0;0
"23/08/2024";"19:18:30";"234";"Com vítima";"87,000";"BR-290/RS";"Crescente";"Queda de moto";0;0;0;1;0;0;0;0;0;0;0;1;0;0;0
"23/08/2024";"22:42:00";"268";"Sem vítima";"360,000";"BR-386/RS";"Crescente";"Saída de pista";1;0;0;0;0;0;0;0;0;0;1;0;0;0;0
"24/08/2024";"05:11:39";"13";"Sem vítima";"342,000";"BR-386/RS";"Decrescente";"Colisão traseira";1;0;0;0;0;0;0;0;0;0;1;0;0;0;0
"24/08/2024";"05:27:24";"15";"Sem vítima";"15,000";"BR-448/RS";"Decrescente";"Capotamento";1;0;0;0;0;0;0;0;0;0;1;0;0;0;0
"24/08/2024";"05:56:34";"20";"Sem vítima";"86,000";"BR-290/RS";"Crescente";"Saída de pista";1;0;0;0;0;0;0;0;0;0;1;0;0;0;0
"24/08/2024";"07:47:24";"59";"Com vítima";"15,000";"BR-101/RS";"Crescente";"Colisão transversal";2;0;0;0;0;0;0;0;0;0;3;2;2;0;0
"24/08/2024";"13:07:00";"116";"Com vítima";"80,000";"BR-290/RS";"Crescente";"Queda de moto";0;0;0;1;0;0;0;0;0;0;0;1;0;0;0
"24/08/2024";"18:01:50";"167";"Sem vítima";"350,000";"BR-386/RS";"Decrescente";"Colisão traseira";0;0;0;1;0;0;0;0;0;0;1;0;0;0;0
"25/08/2024";"05:20:15";"21";"Sem vítima";"37,000";"BR-290/RS";"Crescente";"Saída de pista";1;0;0;0;0;0;0;0;0;0;1;0;0;0;0
"25/08/2024";"08:53:58";"53";"Sem vítima";"96,000";"BR-290/RS";"Crescente";"Choque";1;0;0;0;0;0;0;0;0;0;1;0;0;0;0
"25/08/2024";"13:34:25";"87";"Sem vítima";"361,000";"BR-386/RS";"Decrescente";"Saída de pista";1;0;0;0;0;0;0;0;0;0;1;0;0;0;0
"25/08/2024";"20:00:00";"159";"Sem vítima";"32,000";"BR-101/RS";"Decrescente";"Colisão lateral no mesmo sentido";0;0;1;0;0;0;0;0;0;0;1;0;0;0;0
"25/08/2024";"21:11:07";"167";"Com vítima";"34,000";"BR-101/RS";"Crescente";"Capotamento";1;0;0;0;0;0;0;0;0;0;0;1;0;0;0
"25/08/2024";"23:06:22";"181";"Sem vítima";"14,000";"BR-290/RS";"Crescente";"Saída de pista";1;0;0;0;0;0;0;0;0;0;1;0;0;0;0
"26/08/2024";"01:00:00";"7";"Sem vítima";"5,000";"BR-290/RS";"Decrescente";"Atropelamento de animal";1;0;0;0;0;0;0;0;0;0;1;0;0;0;0
"26/08/2024";"06:43:19";"42";"Com vítima";"86,000";"BR-290/RS";"Crescente";"Colisão traseira";2;0;0;0;0;0;0;0;0;0;2;1;0;0;0
"26/08/2024";"07:01:02";"52";"Sem vítima";"75,000";"BR-290/RS";"Crescente";"Capotamento";1;0;0;0;0;0;0;0;0;0;1;0;0;0;0
"26/08/2024";"07:17:29";"60";"Com vítima";"83,000";"BR-290/RS";"Crescente";"Colisão traseira";2;0;0;0;0;0;0;0;0;0;3;1;0;0;0
"26/08/2024";"07:26:09";"72";"Sem vítima";"346,000";"BR-386/RS";"Crescente";"Engavetamento";1;0;0;0;0;0;0;0;0;0;1;0;0;0;0
"26/08/2024";"07:30:39";"76";"Com vítima";"352,000";"BR-386/RS";"Decrescente";"Colisão lateral no mesmo sentido";0;0;1;0;0;0;0;0;0;0;1;0;1;0;0
"26/08/2024";"07:59:00";"91";"Sem vítima";"436,000";"BR-386/RS";"Crescente";"Colisão lateral no mesmo sentido";0;0;1;0;0;0;0;0;0;0;1;0;0;0;0
"26/08/2024";"08:54:44";"123";"Sem vítima";"92,000";"BR-290/RS";"Decrescente";"Colisão lateral no mesmo sentido";1;0;0;0;0;0;0;0;0;0;1;0;0;0;0
"26/08/2024";"09:20:00";"141";"Sem vítima";"54,000";"BR-290/RS";"Crescente";"Colisão traseira";1;0;0;0;0;0;0;0;0;0;1;0;0;0;0
"26/08/2024";"10:26:00";"158";"Sem vítima";"354,000";"BR-386/RS";"Decrescente";"Colisão lateral no mesmo sentido";0;0;1;0;0;0;0;0;0;0;1;0;0;0;0
"26/08/2024";"12:00:49";"183";"Sem vítima";"227,000";"BR-386/RS";"Decrescente";"Engavetamento";1;0;0;0;0;0;0;0;0;0;1;0;0;0;0
"26/08/2024";"13:57:08";"202";"Sem vítima";"233,000";"BR-386/RS";"Decrescente";"Colisão traseira";0;0;1;0;0;0;0;0;0;0;1;0;0;0;0
"26/08/2024";"15:19:23";"217";"Sem vítima";"17,000";"BR-448/RS";"Decrescente";"Colisão traseira";0;0;1;0;0;0;0;0;0;0;1;0;0;0;0
"26/08/2024";"20:19:00";"255";"Sem vítima";"7,000";"BR-448/RS";"Crescente";"Choque";1;0;0;0;0;0;0;0;0;0;1;0;0;0;0
"26/08/2024";"23:43:32";"279";"Sem vítima";"60,000";"BR-290/RS";"Decrescente";"Choque";0;0;1;0;0;0;0;0;0;0;1;0;0;0;0
"27/08/2024";"05:41:21";"17";"Com vítima";"349,000";"BR-386/RS";"Decrescente";"Queda de moto";0;0;0;1;0;0;0;0;0;0;0;1;0;0;0
"27/08/2024";"08:16:40";"98";"Com vítima";"308,000";"BR-386/RS";"Decrescente";"Choque";0;0;1;0;0;0;0;0;0;0;0;0;0;1;0
"27/08/2024";"10:12:44";"137";"Sem vítima";"1,000";"BR-448/RS";"Crescente";"Colisão traseira";1;0;0;0;0;0;0;0;0;0;1;0;0;0;0
"27/08/2024";"22:33:56";"241";"Sem vítima";"426,000";"BR-386/RS";"Decrescente";"Colisão traseira";1;0;0;0;0;0;0;0;0;0;1;0;0;0;0
"28/08/2024";"04:17:00";"12";"Sem vítima";"26,000";"BR-290/RS";"Decrescente";"Choque";0;0;1;0;0;0;0;0;0;0;1;0;0;0;0
"28/08/2024";"07:26:00";"72";"Com vítima";"90,000";"BR-290/RS";"Crescente";"Engavetamento";3;0;1;0;0;0;0;0;0;0;5;1;0;0;0
"28/08/2024";"09:23:35";"131";"Sem vítima";"89,000";"BR-290/RS";"Decrescente";"Colisão lateral no mesmo sentido";0;0;1;0;0;0;0;0;0;0;1;0;0;0;0
"28/08/2024";"15:11:50";"219";"Sem vítima";"426,000";"BR-386/RS";"Crescente";"Colisão traseira";0;0;1;0;0;0;0;0;0;0;1;0;0;0;0
"28/08/2024";"19:21:46";"264";"Sem vítima";"28,000";"BR-101/RS";"Crescente";"Colisão lateral no mesmo sentido";0;0;1;0;0;0;0;0;0;0;1;0;0;0;0
"29/08/2024";"06:52:34";"54";"Sem vítima";"47,000";"BR-101/RS";"Decrescente";"Saída de pista";0;0;1;0;0;0;0;0;0;0;1;0;0;0;0
"29/08/2024";"09:46:10";"150";"Sem vítima";"96,000";"BR-290/RS";"Crescente";"Colisão traseira";1;0;0;0;0;0;0;0;0;0;1;0;0;0;0
"29/08/2024";"12:24:00";"185";"Com vítima";"22,000";"BR-448/RS";"Crescente";"Colisão traseira";1;0;0;0;0;0;0;0;0;0;0;1;0;0;0
"29/08/2024";"13:50:00";"197";"Com vítima";"350,100";"BR-386/RS";"Decrescente";"Colisão traseira";0;0;1;1;0;0;0;0;0;0;1;1;0;0;0
"29/08/2024";"14:29:21";"209";"Sem vítima";"92,000";"BR-290/RS";"Decrescente";"Colisão lateral no mesmo sentido";1;0;0;0;0;0;0;0;0;0;1;0;0;0;0
"29/08/2024";"17:21:17";"237";"Sem vítima";"220,000";"BR-386/RS";"Crescente";"Colisão lateral no mesmo sentido";1;0;0;0;0;0;0;0;0;0;1;0;0;0;0
"29/08/2024";"22:53:14";"296";"Sem vítima";"56,000";"BR-101/RS";"Crescente";"Choque";1;0;0;0;0;0;0;0;0;0;1;0;0;0;0
"30/08/2024";"07:34:42";"278";"Sem vítima";"91,800";"BR-290/RS";"Decrescente";"Saída de pista";1;0;0;0;0;0;0;0;0;0;1;0;0;0;0
"30/08/2024";"10:40:59";"146";"Sem vítima";"204,000";"BR-386/RS";"Crescente";"Colisão lateral no mesmo sentido";0;0;1;0;0;0;0;1;0;0;2;0;0;0;0
"30/08/2024";"15:23:58";"198";"Sem vítima";"12,087";"BR-101/RS";"Crescente";"Colisão lateral no mesmo sentido";1;0;0;0;0;0;0;0;0;0;1;0;0;0;0
"31/08/2024";"04:15:47";"14";"Sem vítima";"90,800";"BR-290/RS";"Decrescente";"Colisão traseira";1;0;0;0;0;0;0;0;0;0;1;0;0;0;0
"31/08/2024";"10:55:49";"103";"Sem vítima";"398,000";"BR-386/RS";"Decrescente";"Colisão traseira";1;0;0;0;0;0;0;0;0;0;1;0;0;0;0
"31/08/2024";"17:12:00";"165";"Sem vítima";"83,400";"BR-290/RS";"Decrescente";"Saída de pista";1;0;0;0;0;0;0;0;0;0;1;0;0;0;0
"31/08/2024";"23:19:02";"222";"Sem vítima";"88,000";"BR-290/RS";"Decrescente";"Colisão traseira";1;0;0;0;0;0;0;0;0;0;1;0;0;0;0
"01/09/2024";"00:10:00";"2";"Sem vítima";"43,400";"BR-290/RS";"Crescente";"Tombamento";0;0;1;0;0;0;0;0;0;0;1;0;0;0;0
"01/09/2024";"00:49:54";"4";"Com vítima";"296,000";"BR-386/RS";"Crescente";"Choque";1;0;0;0;0;0;0;0;0;0;0;1;0;0;0
"01/09/2024";"01:36:03";"8";"Com vítima";"92,000";"BR-290/RS";"Crescente";"Saída de pista";1;0;0;0;0;0;0;0;0;0;1;1;0;0;0
"01/09/2024";"03:07:44";"13";"Com vítima";"12,000";"BR-101/RS";"Crescente";"Capotamento";1;0;0;0;0;0;0;0;0;0;0;0;1;0;0
"01/09/2024";"03:51:00";"15";"Sem vítima";"341,000";"BR-386/RS";"Decrescente";"Colisão frontal";1;0;0;0;0;0;0;0;0;0;1;0;0;0;0
"01/09/2024";"05:12:00";"19";"Sem vítima";"362,000";"BR-386/RS";"Crescente";"Saída de pista";1;0;0;0;0;0;0;0;0;0;1;0;0;0;0
"01/09/2024";"09:51:44";"48";"Com vítima";"435,000";"BR-386/RS";"Decrescente";"Colisão traseira";2;0;0;0;0;0;0;0;0;0;4;1;0;0;0
"01/09/2024";"12:12:27";"62";"Sem vítima";"22,000";"BR-448/RS";"Decrescente";"Queda de moto";0;0;0;1;0;0;0;0;0;0;1;0;0;0;0
"01/09/2024";"17:23:06";"91";"Com vítima";"359,000";"BR-386/RS";"Decrescente";"Capotamento";1;0;0;0;0;0;0;0;0;0;0;0;1;0;0
"01/09/2024";"18:59:33";"100";"Sem vítima";"36,000";"BR-101/RS";"Crescente";"Choque";1;0;0;0;0;0;0;0;0;0;1;0;0;0;0
"01/09/2024";"19:12:00";"104";"Com vítima";"215,000";"BR-386/RS";"Decrescente";"Colisão transversal";1;0;0;0;0;0;0;0;0;0;0;0;1;0;0
"02/09/2024";"00:21:00";"4";"Sem vítima";"330,000";"BR-386/RS";"Decrescente";"Saída de pista";1;0;0;0;0;0;0;0;0;0;0;0;0;0;0
"02/09/2024";"01:41:34";"11";"Sem vítima";"81,000";"BR-101/RS";"Decrescente";"Saída de pista";1;0;0;0;0;0;0;0;0;0;1;0;0;0;0
"02/09/2024";"05:32:00";"17";"Sem vítima";"379,000";"BR-386/RS";"Decrescente";"Saída de pista";1;0;0;0;0;0;0;0;0;0;1;0;0;0;0
"02/09/2024";"10:52:28";"139";"Sem vítima";"44,000";"BR-290/RS";"Crescente";"Choque";0;0;1;0;0;0;0;0;0;0;1;0;0;0;0
"02/09/2024";"13:07:28";"162";"Com vítima";"249,000";"BR-386/RS";"Crescente";"Colisão traseira";1;0;0;0;0;0;0;0;0;0;0;1;0;0;0
"02/09/2024";"13:35:24";"168";"Com vítima";"220,000";"BR-386/RS";"Decrescente";"Engavetamento";2;0;0;0;0;0;0;1;0;0;2;0;1;0;0
"02/09/2024";"13:37:13";"169";"Sem vítima";"439,000";"BR-386/RS";"Crescente";"Colisão traseira";1;0;0;0;0;0;0;0;0;0;1;0;0;0;0
"02/09/2024";"15:31:31";"196";"Com vítima";"247,000";"BR-386/RS";"Crescente";"Colisão lateral no mesmo sentido";1;0;1;0;0;0;0;0;0;0;2;3;0;0;0
"02/09/2024";"16:49:47";"207";"Com vítima";"94,000";"BR-290/RS";"Decrescente";"Colisão lateral no mesmo sentido";1;0;0;0;0;0;0;0;0;0;0;1;0;0;0
"02/09/2024";"17:38:59";"216";"Sem vítima";"424,000";"BR-386/RS";"Crescente";"Saída de pista";1;0;0;0;0;0;0;0;0;0;1;0;0;0;0
"02/09/2024";"22:33:23";"256";"Sem vítima";"47,000";"BR-290/RS";"Crescente";"Saída de pista";0;0;1;0;0;0;0;0;0;0;1;0;0;0;0
"03/09/2024";"02:53:00";"8";"Sem vítima";"74,000";"BR-101/RS";"Crescente";"Saída de pista";0;0;1;0;0;0;0;0;0;0;1;0;0;0;0
"03/09/2024";"07:23:51";"56";"Sem vítima";"94,000";"BR-290/RS";"Crescente";"Colisão traseira";1;0;0;0;0;0;0;0;0;0;1;0;0;0;0
"03/09/2024";"07:36:00";"62";"Sem vítima";"22,000";"BR-448/RS";"Crescente";"Colisão traseira";1;0;0;0;0;0;0;0;0;0;1;0;0;0;0
"03/09/2024";"07:47:55";"70";"Sem vítima";"96,000";"BR-290/RS";"Decrescente";"Engavetamento";1;0;0;0;0;0;0;0;0;0;1;0;0;0;0
"03/09/2024";"17:26:41";"211";"Com vítima";"180,000";"BR-386/RS";"Decrescente";"Saída de pista";0;0;1;0;0;0;0;0;0;0;0;1;0;0;0
"03/09/2024";"21:30:30";"244";"Com vítima";"7,000";"BR-448/RS";"Decrescente";"Queda de moto";0;0;0;1;0;0;0;0;0;0;0;1;0;0;0
"04/09/2024";"05:15:00";"15";"Sem vítima";"41,000";"BR-290/RS";"Crescente";"Saída de pista";1;0;0;0;0;0;0;0;0;0;1;0;0;0;0
"04/09/2024";"07:32:00";"66";"Sem vítima";"70,000";"BR-101/RS";"Crescente";"Saída de pista";1;0;0;0;0;0;0;0;0;0;1;0;0;0;0
"04/09/2024";"08:26:25";"91";"Com vítima";"94,000";"BR-290/RS";"Crescente";"Colisão lateral no mesmo sentido";0;0;0;1;0;0;0;0;0;0;0;1;0;0;0
"04/09/2024";"14:43:00";"170";"Sem vítima";"57,000";"BR-290/RS";"Decrescente";"Choque";1;0;0;0;0;0;0;0;0;0;1;0;0;0;0
"04/09/2024";"16:35:54";"183";"Sem vítima";"417,000";"BR-386/RS";"Crescente";"Saída de pista";1;0;0;0;0;0;0;0;0;0;1;0;0;0;0