data;horario;n_da_ocorrencia;tipo_de_ocorrencia;km;trecho;sentido;tipo_de_acidente;automovel;bicicleta;caminhao;moto;onibus;outros;tracao_animal;transporte_de_cargas_especiais;trator_maquinas;utilitarios;ilesos;levemente_feridos;moderadamente_feridos;gravemente_feridos;mortos
"04/09/2024";"16:58:01";"188";"Sem vítima";"411,000";"BR-386/RS";"Decrescente";"Saída de pista";1;0;0;0;0;0;0;0;0;0;1;0;0;0;0
"04/09/2024";"18:01:46";"197";"Sem vítima";"309,000";"BR-386/RS";"Decrescente";"Tombamento";0;0;1;0;0;0;0;0;0;0;1;0;0;0;0
"04/09/2024";"18:44:00";"204";"Sem vítima";"288,000";"BR-386/RS";"Crescente";"Choque";1;0;0;0;0;0;0;0;0;0;1;0;0;0;0
"04/09/2024";"20:08:05";"220";"Sem vítima";"392,000";"BR-386/RS";"Crescente";"Saída de pista";1;0;0;0;0;0;0;0;0;0;1;0;0;0;0
"04/09/2024";"21:49:00";"231";"Sem vítima";"2,000";"BR-290/RS";"Decrescente";"Saída de pista";1;0;0;0;0;0;0;0;0;0;1;0;0;0;0
"04/09/2024";"23:11:34";"237";"Sem vítima";"19,000";"BR-290/RS";"Crescente";"Colisão traseira";1;0;0;0;0;0;0;0;0;0;1;0;0;0;0
"05/09/2024";"01:48:17";"15";"Sem vítima";"6,000";"BR-290/RS";"Decrescente";"Saída de pista";1;0;0;0;0;0;0;0;0;0;1;0;0;0;0
"05/09/2024";"07:44:00";"79";"Com vítima";"8,000";"BR-448/RS";"Crescente";"Colisão lateral no mesmo sentido";1;0;1;0;0;0;0;0;0;0;1;1;0;0;0
"05/09/2024";"17:07:22";"204";"Sem vítima";"87,800";"BR-290/RS";"Decrescente";"Colisão traseira";1;0;0;0;0;0;0;0;0;0;1;0;0;0;0
"05/09/2024";"19:04:00";"224";"Com vítima";"62,650";"BR-290/RS";"Crescente";"Colisão traseira";1;0;1;1;0;0;0;0;0;0;5;0;1;0;0
"05/09/2024";"19:36:04";"230";"Com vítima";"7,000";"BR-448/RS";"Decrescente";"Engavetamento";3;0;0;0;0;0;0;0;0;0;2;0;1;0;0
"05/09/2024";"19:56:11";"233";"Com vítima";"247,900";"BR-386/RS";"Decrescente";"Acidentes de outra natureza";0;0;1;0;0;0;0;0;0;0;1;0;0;0;1
"05/09/2024";"20:10:57";"237";"Sem vítima";"389,000";"BR-386/RS";"Crescente";"Choque";1;0;0;0;0;0;0;0;0;0;1;0;0;0;0
"05/09/2024";"20:30:38";"241";"Sem vítima";"34,000";"BR-101/RS";"Crescente";"Colisão lateral no mesmo sentido";0;0;1;0;0;0;0;0;0;0;1;0;0;0;0
"05/09/2024";"23:20:34";"266";"Com vítima";"240,000";"BR-386/RS";"Decrescente";"Capotamento";1;0;0;0;0;0;0;0;0;0;0;0;0;1;0
"06/09/2024";"04:35:00";"21";"Com vítima";"52,000";"BR-290/RS";"Crescente";"Tombamento";0;0;1;0;0;0;0;0;0;0;0;1;0;0;0
"06/09/2024";"06:04:54";"26";"Com vítima";"195,000";"BR-386/RS";"Decrescente";"Colisão traseira";1;0;0;0;0;0;0;0;0;0;0;1;0;0;0
"06/09/2024";"08:38:48";"117";"Sem vítima";"30,750";"BR-101/RS";"Decrescente";"Saída de pista";1;0;0;0;0;0;0;0;0;0;1;0;0;0;0
"06/09/2024";"10:35:32";"154";"Sem vítima";"435,000";"BR-386/RS";"Decrescente";"Saída de pista";1;0;0;0;0;0;0;0;0;0;1;0;0;0;0
"06/09/2024";"11:21:48";"168";"Sem vítima";"86,000";"BR-290/RS";"Decrescente";"Engavetamento";1;0;0;0;0;0;0;0;0;0;1;0;0;0;0
"06/09/2024";"14:36:26";"209";"Sem vítima";"280,000";"BR-386/RS";"Decrescente";"Colisão transversal";1;0;0;0;0;0;0;0;0;0;1;0;0;0;0
"06/09/2024";"16:03:56";"230";"Sem vítima";"10,000";"BR-448/RS";"Decrescente";"Colisão traseira";0;0;1;0;0;0;0;0;0;0;1;0;0;0;0
"06/09/2024";"16:30:00";"238";"Com vítima";"9,000";"BR-448/RS";"Crescente";"Saída de pista";0;0;1;0;0;0;0;0;0;0;0;1;0;0;0
"06/09/2024";"17:57:44";"264";"Sem vítima";"362,000";"BR-386/RS";"Crescente";"Acidentes de outra natureza";0;0;1;0;0;0;0;0;0;0;1;0;0;0;0
"07/09/2024";"00:29:00";"2";"Sem vítima";"249,000";"BR-386/RS";"Crescente";"Saída de pista";1;0;0;0;0;0;0;0;0;0;1;0;0;0;0
"07/09/2024";"01:56:25";"14";"Com vítima";"439,000";"BR-386/RS";"Decrescente";"Colisão lateral no mesmo sentido";1;0;0;0;0;0;0;0;0;0;0;0;1;0;0
"07/09/2024";"09:28:56";"81";"Sem vítima";"414,000";"BR-386/RS";"Decrescente";"Colisão lateral no mesmo sentido";1;0;0;0;0;0;0;0;0;0;1;0;0;0;0
"07/09/2024";"14:31:18";"124";"Com vítima";"57,050";"BR-290/RS";"Decrescente";"Colisão traseira";0;0;2;0;0;0;0;0;0;0;1;0;1;0;0
"07/09/2024";"14:51:11";"128";"Sem vítima";"92,000";"BR-290/RS";"Decrescente";"Colisão traseira";1;0;0;0;0;0;0;0;0;0;1;0;0;0;0
"07/09/2024";"23:01:07";"189";"Sem vítima";"92,000";"BR-290/RS";"Crescente";"Saída de pista";1;0;0;0;0;0;0;0;0;0;1;0;0;0;0
"08/09/2024";"04:14:00";"14";"Sem vítima";"7,000";"BR-101/RS";"Crescente";"Choque";1;0;0;0;0;0;0;0;0;0;1;0;0;0;0
"08/09/2024";"06:09:43";"20";"Sem vítima";"414,000";"BR-386/RS";"Decrescente";"Capotamento";1;0;0;0;0;0;0;0;0;0;1;0;0;0;0
"08/09/2024";"18:59:52";"178";"Com vítima";"375,000";"BR-386/RS";"Crescente";"Colisão traseira";2;0;0;0;0;0;0;0;0;0;2;1;0;0;0
"08/09/2024";"19:10:00";"179";"Sem vítima";"48,000";"BR-290/RS";"Crescente";"Colisão lateral no mesmo sentido";0;0;1;0;0;0;0;0;0;0;1;0;0;0;0
"09/09/2024";"01:33:40";"11";"Sem vítima";"249,000";"BR-386/RS";"Crescente";"Queda de moto";0;0;0;1;0;0;0;0;0;0;1;0;0;0;0
"09/09/2024";"13:02:52";"153";"Com vítima";"354,000";"BR-386/RS";"Crescente";"Choque";0;0;1;0;0;0;0;0;0;0;0;1;0;0;0
"09/09/2024";"17:30:00";"196";"Sem vítima";"86,000";"BR-101/RS";"Decrescente";"Colisão traseira";1;0;0;0;0;0;0;0;0;0;1;0;0;0;0
"09/09/2024";"17:33:30";"197";"Sem vítima";"15,000";"BR-290/RS";"Decrescente";"Queda de moto";0;0;0;1;0;0;0;0;0;0;1;0;0;0;0
"09/09/2024";"19:04:00";"216";"Sem vítima";"11,000";"BR-290/RS";"Decrescente";"Acidentes de outra natureza";1;0;0;0;0;0;0;0;0;0;1;0;0;0;0
"10/09/2024";"03:59:00";"23";"Sem vítima";"12,000";"BR-290/RS";"Crescente";"Saída de pista";0;0;1;0;0;0;0;0;0;0;1;0;0;0;0
"10/09/2024";"06:46:24";"47";"Sem vítima";"305,000";"BR-386/RS";"Decrescente";"Saída de pista";0;0;1;0;0;0;0;0;0;0;1;0;0;0;0
"10/09/2024";"10:46:51";"151";"Sem vítima";"297,000";"BR-386/RS";"Decrescente";"Colisão traseira";1;0;0;0;0;0;0;0;0;0;1;0;0;0;0
"10/09/2024";"14:48:00";"184";"Sem vítima";"387,000";"BR-386/RS";"Decrescente";"Colisão lateral no mesmo sentido";1;0;0;0;0;0;0;0;0;0;1;0;0;0;0
"10/09/2024";"15:01:28";"187";"Sem vítima";"346,000";"BR-386/RS";"Decrescente";"Colisão traseira";1;0;0;0;0;0;0;0;0;0;1;0;0;0;0
"10/09/2024";"16:21:59";"203";"Sem vítima";"441,000";"BR-386/RS";"Decrescente";"Colisão lateral no mesmo sentido";1;0;0;0;0;0;0;0;0;0;1;0;0;0;0
"10/09/2024";"17:39:00";"218";"Sem vítima";"392,000";"BR-386/RS";"Decrescente";"Tombamento";0;0;1;0;0;0;0;0;0;0;1;0;0;0;0
"11/09/2024";"07:57:00";"95";"Sem vítima";"18,000";"BR-448/RS";"Crescente";"Engavetamento";0;0;1;0;0;0;0;0;0;0;1;0;0;0;0
"11/09/2024";"08:30:09";"119";"Com vítima";"97,800";"BR-290/RS";"Crescente";"Colisão lateral no mesmo sentido";1;0;0;1;0;0;0;0;0;0;1;1;0;0;0
"11/09/2024";"09:00:25";"129";"Com vítima";"61,700";"BR-290/RS";"Decrescente";"Saída de pista";1;0;0;0;0;0;0;0;0;0;0;1;0;0;0
"11/09/2024";"09:16:36";"135";"Com vítima";"9,500";"BR-101/RS";"Crescente";"Colisão lateral no mesmo sentido";1;0;0;0;0;0;0;0;0;0;0;1;0;0;0
"11/09/2024";"09:31:54";"140";"Com vítima";"362,000";"BR-386/RS";"Decrescente";"Saída de pista";1;0;0;0;0;0;0;0;0;0;0;1;0;0;0
"11/09/2024";"12:55:00";"200";"Sem vítima";"28,500";"BR-290/RS";"Decrescente";"Saída de pista";1;0;0;0;0;0;0;0;0;0;1;0;0;0;0
"11/09/2024";"16:33:01";"246";"Sem vítima";"346,000";"BR-386/RS";"Crescente";"Colisão traseira";1;0;0;0;0;0;0;0;0;0;1;0;0;0;0
"11/09/2024";"22:07:32";"299";"Sem vítima";"75,000";"BR-290/RS";"Decrescente";"Saída de pista";1;0;0;0;0;0;0;0;0;0;1;0;0;0;0
"12/09/2024";"00:00:30";"1";"Sem vítima";"440,000";"BR-386/RS";"Crescente";"Choque";1;0;0;0;0;0;0;0;0;0;1;0;0;0;0
"12/09/2024";"10:48:11";"138";"Sem vítima";"435,000";"BR-386/RS";"Crescente";"Colisão traseira";0;0;1;0;0;0;0;0;0;0;1;0;0;0;0
"12/09/2024";"12:14:00";"156";"Sem vítima";"248,000";"BR-386/RS";"Crescente";"Colisão lateral no mesmo sentido";1;0;0;0;0;0;0;0;0;0;3;0;0;0;0
"12/09/2024";"14:20:21";"178";"Sem vítima";"11,500";"BR-290/RS";"Crescente";"Saída de pista";1;0;0;0;0;0;0;0;0;0;1;0;0;0;0
"12/09/2024";"16:25:21";"198";"Sem vítima";"82,000";"BR-101/RS";"Crescente";"Saída de pista";1;0;0;0;0;0;0;0;0;0;1;0;0;0;0
"12/09/2024";"18:02:51";"213";"Sem vítima";"296,000";"BR-386/RS";"Crescente";"Colisão traseira";0;0;1;0;0;0;0;0;0;0;1;0;0;0;0
"12/09/2024";"18:36:45";"220";"Com vítima";"86,000";"BR-290/RS";"Decrescente";"Colisão lateral no mesmo sentido";0;0;0;1;0;0;0;0;0;0;0;1;0;0;0
"12/09/2024";"23:45:04";"249";"Sem vítima";"28,000";"BR-290/RS";"Decrescente";"Tombamento";0;0;1;0;0;0;0;0;0;0;0;0;0;0;0
"13/09/2024";"03:55:38";"16";"Sem vítima";"75,000";"BR-101/RS";"Crescente";"Saída de pista";1;0;0;0;0;0;0;0;0;0;1;0;0;0;0
"13/09/2024";"05:20:14";"26";"Sem vítima";"32,000";"BR-290/RS";"Crescente";"Saída de pista";0;0;1;0;0;0;0;0;0;0;1;0;0;0;0
"13/09/2024";"07:27:47";"74";"Sem vítima";"433,000";"BR-386/RS";"Decrescente";"Colisão lateral no mesmo sentido";1;0;0;0;0;0;0;0;0;0;1;0;0;0;0
"13/09/2024";"12:53:09";"171";"Sem vítima";"399,000";"BR-386/RS";"Decrescente";"Choque";1;0;0;0;0;0;0;0;0;0;1;0;0;0;0
"13/09/2024";"14:38:21";"190";"Sem vítima";"19,000";"BR-290/RS";"Crescente";"Saída de pista";1;0;0;0;0;0;0;0;0;0;1;0;0;0;0
"13/09/2024";"17:07:00";"206";"Sem vítima";"411,000";"BR-386/RS";"Decrescente";"Saída de pista";1;0;0;0;0;0;0;0;0;0;1;0;0;0;0
"13/09/2024";"17:50:00";"222";"Com vítima";"214,000";"BR-386/RS";"Decrescente";"Colisão transversal";2;0;0;0;0;0;0;0;0;0;3;3;0;0;0
"13/09/2024";"18:21:28";"229";"Sem vítima";"19,000";"BR-290/RS";"Crescente";"Colisão traseira";0;0;1;0;0;0;0;0;0;0;1;0;0;0;0
"13/09/2024";"18:56:00";"236";"Sem vítima";"27,000";"BR-290/RS";"Crescente";"Colisão traseira";1;0;0;0;0;0;0;0;0;0;1;0;0;0;0
"13/09/2024";"19:55:00";"248";"Sem vítima";"410,000";"BR-386/RS";"Decrescente";"Saída de pista";1;0;0;0;0;0;0;0;0;0;1;0;0;0;0
"13/09/2024";"20:41:19";"260";"Sem vítima";"9,000";"BR-448/RS";"Crescente";"Saída de pista";1;0;0;0;0;0;0;0;0;0;1;0;0;0;0
"13/09/2024";"21:39:00";"271";"Sem vítima";"358,000";"BR-386/RS";"Decrescente";"Saída de pista";1;0;0;0;0;0;0;0;0;0;1;0;0;0;0
"14/09/2024";"02:31:00";"14";"Sem vítima";"45,200";"BR-290/RS";"Crescente";"Saída de pista";1;0;0;0;0;0;0;0;0;0;1;0;0;0;0
"14/09/2024";"05:35:29";"33";"Sem vítima";"27,000";"BR-101/RS";"Crescente";"Saída de pista";1;0;0;0;0;0;0;0;0;0;1;0;0;0;0
"14/09/2024";"10:32:00";"106";"Com vítima";"389,000";"BR-386/RS";"Crescente";"Colisão lateral no mesmo sentido";1;0;0;0;0;0;0;0;0;0;0;1;0;0;0
"14/09/2024";"10:54:42";"109";"Sem vítima";"92,200";"BR-290/RS";"Decrescente";"Colisão lateral no mesmo sentido";0;0;1;0;0;0;0;0;0;0;1;0;0;0;0
"14/09/2024";"13:00:09";"123";"Sem vítima";"422,000";"BR-386/RS";"Crescente";"Choque";1;0;0;0;0;0;0;0;0;0;1;0;0;0;0
"14/09/2024";"13:04:38";"125";"Sem vítima";"370,000";"BR-386/RS";"Decrescente";"Choque";1;0;0;0;0;0;0;0;0;0;1;0;0;0;0
"14/09/2024";"13:49:08";"133";"Com vítima";"354,000";"BR-386/RS";"Decrescente";"Colisão lateral no mesmo sentido";2;0;0;0;0;0;0;0;0;0;3;2;0;0;0
"14/09/2024";"16:29:59";"151";"Sem vítima";"62,400";"BR-101/RS";"Crescente";"Colisão traseira";1;0;0;0;0;0;0;0;0;0;1;0;0;0;0
"14/09/2024";"17:33:00";"161";"Sem vítima";"425,000";"BR-386/RS";"Crescente";"Atropelamento de animal";1;0;0;0;0;0;0;0;0;0;1;0;0;0;0
"15/09/2024";"05:16:00";"16";"Sem vítima";"19,000";"BR-101/RS";"Crescente";"Saída de pista";1;0;0;0;0;0;0;0;0;0;1;0;0;0;0
"15/09/2024";"15:09:55";"90";"Com vítima";"392,000";"BR-386/RS";"Decrescente";"Colisão lateral no mesmo sentido";2;0;0;0;0;0;0;0;0;0;4;2;0;0;0
"15/09/2024";"16:25:49";"102";"Sem vítima";"83,000";"BR-290/RS";"Decrescente";"Colisão lateral no mesmo sentido";1;0;0;0;0;0;0;0;0;0;1;0;0;0;0
"15/09/2024";"18:05:00";"124";"Com vítima";"438,000";"BR-386/RS";"Crescente";"Colisão traseira";1;0;0;0;0;0;0;0;0;0;0;1;0;0;0
"15/09/2024";"19:22:53";"143";"Sem vítima";"389,000";"BR-386/RS";"Crescente";"Colisão traseira";1;0;0;0;0;0;0;0;0;0;1;0;0;0;0
"15/09/2024";"20:17:00";"156";"Sem vítima";"237,000";"BR-386/RS";"Crescente";"Atropelamento de animal";1;0;0;0;0;0;0;0;0;0;1;0;0;0;0
"16/09/2024";"00:11:54";"8";"Sem vítima";"77,000";"BR-290/RS";"Decrescente";"Choque";1;0;0;0;0;0;0;0;0;0;1;0;0;0;0
"16/09/2024";"03:46:00";"19";"Sem vítima";"33,000";"BR-101/RS";"Decrescente";"Atropelamento de animal";1;0;0;0;0;0;0;0;0;0;1;0;0;0;0
"16/09/2024";"05:45:20";"28";"Sem vítima";"50,200";"BR-290/RS";"Crescente";"Saída de pista";1;0;0;0;0;0;0;0;0;0;1;0;0;0;0
"16/09/2024";"15:41:43";"211";"Sem vítima";"248,000";"BR-386/RS";"Decrescente";"Colisão frontal";1;0;0;0;0;0;0;0;0;0;1;0;0;0;0
"16/09/2024";"16:59:00";"223";"Sem vítima";"49,150";"BR-290/RS";"Crescente";"Saída de pista";0;0;1;0;0;0;0;0;0;0;1;0;0;0;0
"16/09/2024";"17:16:22";"230";"Sem vítima";"71,200";"BR-290/RS";"Crescente";"Colisão lateral no mesmo sentido";1;0;0;0;0;0;0;0;0;0;1;0;0;0;0
"16/09/2024";"17:59:00";"234";"Sem vítima";"243,900";"BR-386/RS";"Crescente";"Colisão frontal";1;0;0;0;0;0;0;0;0;0;1;0;0;0;0
"16/09/2024";"18:03:56";"235";"Sem vítima";"368,000";"BR-386/RS";"Crescente";"Colisão lateral no mesmo sentido";0;0;0;1;0;0;0;0;0;0;1;0;0;0;0
"16/09/2024";"19:14:00";"246";"Sem vítima";"75,000";"BR-290/RS";"Decrescente";"Saída de pista";1;0;0;0;0;0;0;0;0;0;1;0;0;0;0
"16/09/2024";"20:09:00";"256";"Sem vítima";"444,000";"BR-386/RS";"Crescente";"Choque";1;0;0;0;0;0;0;0;0;0;1;0;0;0;0
"17/09/2024";"00:40:43";"3";"Sem vítima";"40,000";"BR-290/RS";"Crescente";"Saída de pista";0;0;1;0;0;0;0;0;0;0;1;0;0;0;0
"17/09/2024";"01:51:13";"5";"Sem vítima";"26,000";"BR-290/RS";"Decrescente";"Atropelamento de animal";1;0;0;0;0;0;0;0;0;0;1;0;0;0;0
"17/09/2024";"06:21:01";"28";"Sem vítima";"426,000";"BR-386/RS";"Crescente";"Colisão lateral no mesmo sentido";1;0;0;0;0;0;0;0;0;0;1;0;0;0;0
"17/09/2024";"08:16:50";"112";"Sem vítima";"432,000";"BR-386/RS";"Decrescente";"Colisão lateral no mesmo sentido";1;0;0;0;0;0;0;0;0;0;1;0;0;0;0
"17/09/2024";"08:49:38";"129";"Sem vítima";"250,000";"BR-386/RS";"Decrescente";"Engavetamento";1;0;0;0;0;0;0;0;0;0;1;0;0;0;0
"17/09/2024";"11:24:46";"164";"Sem vítima";"92,000";"BR-290/RS";"Decrescente";"Colisão lateral no mesmo sentido";1;0;0;0;0;0;0;0;0;0;1;0;0;0;0
"17/09/2024";"11:35:05";"165";"Sem vítima";"92,000";"BR-290/RS";"Decrescente";"Colisão lateral no mesmo sentido";0;0;1;0;0;0;0;0;0;0;1;0;0;0;0
"17/09/2024";"12:17:00";"171";"Com vítima";"351,000";"BR-386/RS";"Decrescente";"Colisão lateral no mesmo sentido";0;0;0;1;0;0;0;0;0;0;0;1;0;0;0
"17/09/2024";"14:08:37";"193";"Sem vítima";"350,000";"BR-386/RS";"Decrescente";"Colisão traseira";0;0;1;0;0;0;0;0;0;0;1;0;0;0;0
"17/09/2024";"15:02:39";"206";"Sem vítima";"15,000";"BR-448/RS";"Crescente";"Colisão lateral no mesmo sentido";0;0;1;0;0;0;0;0;0;0;1;0;0;0;0
"17/09/2024";"15:19:33";"210";"Com vítima";"84,000";"BR-290/RS";"Decrescente";"Colisão traseira";0;0;0;1;0;0;0;0;0;0;0;0;1;0;0
"17/09/2024";"16:34:05";"224";"Sem vítima";"83,900";"BR-290/RS";"Decrescente";"Colisão traseira";1;0;0;0;0;0;0;0;0;0;1;0;0;0;0
"17/09/2024";"21:09:57";"283";"Sem vítima";"349,000";"BR-386/RS";"Decrescente";"Colisão lateral no mesmo sentido";0;0;1;0;0;0;0;0;0;0;1;0;0;0;0
"17/09/2024";"21:50:24";"286";"Com vítima";"89,200";"BR-290/RS";"Crescente";"Saída de pista";1;0;0;0;0;0;0;0;0;0;0;0;1;0;0
"17/09/2024";"23:43:42";"295";"Sem vítima";"375,000";"BR-386/RS";"Decrescente";"Colisão traseira";0;0;1;0;0;0;0;0;0;0;1;0;0;0;0
"17/09/2024";"23:54:06";"296";"Sem vítima";"304,000";"BR-386/RS";"Decrescente";"Choque";1;0;0;0;0;0;0;0;0;0;1;0;0;0;0
"18/09/2024";"07:28:00";"88";"Sem vítima";"89,000";"BR-290/RS";"Crescente";"Engavetamento";1;0;0;0;0;0;0;0;0;0;1;0;0;0;0
"18/09/2024";"08:59:00";"127";"Sem vítima";"385,000";"BR-386/RS";"Crescente";"Colisão traseira";1;0;0;0;0;0;0;0;0;0;1;0;0;0;0
"18/09/2024";"09:08:00";"128";"Sem vítima";"85,000";"BR-290/RS";"Crescente";"Queda de moto";0;0;0;1;0;0;0;0;0;0;1;0;0;0;0
"18/09/2024";"11:54:46";"159";"Com vítima";"247,000";"BR-386/RS";"Decrescente";"Colisão lateral no mesmo sentido";1;0;1;0;0;0;0;0;0;0;1;0;1;0;0
"18/09/2024";"19:03:44";"234";"Sem vítima";"16,000";"BR-448/RS";"Decrescente";"Colisão traseira";2;0;0;0;0;0;0;0;0;0;3;0;0;0;0
"18/09/2024";"19:16:57";"237";"Sem vítima";"92,000";"BR-290/RS";"Crescente";"Colisão traseira";0;0;0;1;0;0;0;0;0;0;1;0;0;0;0
"18/09/2024";"19:57:18";"243";"Sem vítima";"86,000";"BR-290/RS";"Decrescente";"Colisão traseira";1;0;0;0;0;0;0;0;0;0;1;0;0;0;0
"19/09/2024";"06:41:00";"27";"Sem vítima";"373,000";"BR-386/RS";"Decrescente";"Choque";1;0;0;0;0;0;0;0;0;0;1;0;0;0;0
"19/09/2024";"07:33:07";"68";"Sem vítima";"350,000";"BR-386/RS";"Decrescente";"Colisão lateral no mesmo sentido";1;0;0;0;0;0;0;0;0;0;1;0;0;0;0
"19/09/2024";"08:01:46";"86";"Sem vítima";"19,000";"BR-290/RS";"Crescente";"Colisão traseira";1;0;0;0;0;0;0;0;0;0;1;0;0;0;0
"19/09/2024";"08:27:35";"99";"Sem vítima";"329,000";"BR-386/RS";"Decrescente";"Colisão traseira";1;0;0;0;0;0;0;0;0;0;1;0;0;0;0
"19/09/2024";"14:20:00";"175";"Com vítima";"214,000";"BR-386/RS";"Crescente";"Tombamento";0;0;1;0;0;0;0;0;0;0;0;1;0;0;0
"19/09/2024";"14:41:09";"184";"Sem vítima";"230,000";"BR-386/RS";"Decrescente";"Colisão traseira";1;0;0;0;0;0;0;0;0;0;1;0;0;0;0
"19/09/2024";"17:38:50";"222";"Sem vítima";"349,000";"BR-386/RS";"Decrescente";"Colisão transversal";1;0;0;0;0;0;0;0;0;0;1;0;0;0;0
"19/09/2024";"18:15:43";"227";"Sem vítima";"96,000";"BR-290/RS";"Decrescente";"Colisão traseira";1;0;0;0;0;0;0;0;0;0;1;0;0;0;0
"19/09/2024";"18:18:21";"228";"Com vítima";"344,000";"BR-386/RS";"Decrescente";"Colisão traseira";0;0;0;1;0;0;0;0;0;0;0;1;0;0;0
"19/09/2024";"18:55:58";"235";"Sem vítima";"93,000";"BR-290/RS";"Decrescente";"Colisão lateral no mesmo sentido";0;0;1;0;0;0;0;0;0;0;1;0;0;0;0
"19/09/2024";"19:25:15";"244";"Sem vítima";"198,000";"BR-386/RS";"Crescente";"Choque";0;0;1;0;0;0;0;0;0;0;1;0;0;0;0
"19/09/2024";"19:44:00";"249";"Sem vítima";"385,000";"BR-386/RS";"Crescente";"Colisão traseira";1;0;0;0;0;0;0;0;0;0;1;0;0;0;0
"19/09/2024";"22:06:00";"276";"Sem vítima";"351,000";"BR-386/RS";"Decrescente";"Colisão traseira";1;0;0;0;0;0;0;0;0;0;1;0;0;0;0
"19/09/2024";"23:48:00";"291";"Sem vítima";"430,000";"BR-386/RS";"Crescente";"Atropelamento de animal";1;0;0;0;0;0;0;0;0;0;1;0;0;0;0
"20/09/2024";"00:11:00";"5";"Sem vítima";"9,000";"BR-101/RS";"Decrescente";"Colisão traseira";1;0;0;0;0;0;0;0;0;0;1;0;0;0;0
"20/09/2024";"01:09:34";"15";"Sem vítima";"386,000";"BR-386/RS";"Crescente";"Atropelamento de animal";1;0;0;0;0;0;0;0;0;0;1;0;0;0;0
"20/09/2024";"05:01:00";"35";"Sem vítima";"383,000";"BR-386/RS";"Decrescente";"Choque";1;0;0;0;0;0;0;0;0;0;1;0;0;0;0
"20/09/2024";"07:04:52";"51";"Sem vítima";"369,000";"BR-386/RS";"Crescente";"Choque";1;0;0;0;0;0;0;0;0;0;1;0;0;0;0
"20/09/2024";"07:18:00";"61";"Sem vítima";"440,000";"BR-386/RS";"Decrescente";"Saída de pista";1;0;0;0;0;0;0;0;0;0;1;0;0;0;0
"20/09/2024";"07:25:19";"66";"Sem vítima";"1,000";"BR-290/RS";"Decrescente";"Choque";1;0;0;0;0;0;0;0;0;0;1;0;0;0;0
"20/09/2024";"10:59:35";"122";"Sem vítima";"80,600";"BR-101/RS";"Crescente";"Engavetamento";1;0;0;0;0;0;0;0;0;0;1;0;0;0;0
"20/09/2024";"11:18:13";"127";"Sem vítima";"435,000";"BR-386/RS";"Decrescente";"Choque";1;0;0;0;0;0;0;0;0;0;1;0;0;0;0
"20/09/2024";"11:18:55";"129";"Sem vítima";"236,000";"BR-386/RS";"Decrescente";"Colisão traseira";1;0;0;0;0;0;0;0;0;0;1;0;0;0;0
"20/09/2024";"11:22:41";"130";"Sem vítima";"37,000";"BR-101/RS";"Decrescente";"Colisão traseira";1;0;0;0;0;0;0;0;0;0;1;0;0;0;0
"20/09/2024";"12:25:00";"141";"Sem vítima";"10,000";"BR-448/RS";"Decrescente";"Saída de pista";1;0;0;0;0;0;0;0;0;0;1;0;0;0;0
"20/09/2024";"12:53:18";"150";"Sem vítima";"9,000";"BR-448/RS";"Crescente";"Saída de pista";1;0;0;0;0;0;0;0;0;0;1;0;0;0;0
"20/09/2024";"12:55:18";"151";"Sem vítima";"304,000";"BR-386/RS";"Decrescente";"Colisão traseira";1;0;0;0;0;0;0;0;0;0;1;0;0;0;0
"20/09/2024";"13:47:40";"157";"Sem vítima";"27,000";"BR-101/RS";"Decrescente";"Colisão lateral no mesmo sentido";1;0;0;0;0;0;0;0;0;0;1;0;0;0;0
"20/09/2024";"15:18:14";"172";"Sem vítima";"305,000";"BR-386/RS";"Decrescente";"Colisão traseira";1;0;0;0;0;0;0;0;0;0;1;0;0;0;0
"20/09/2024";"17:20:02";"197";"Sem vítima";"43,000";"BR-290/RS";"Crescente";"Colisão lateral no mesmo sentido";1;0;0;0;0;0;0;0;0;0;1;0;0;0;0
"20/09/2024";"17:38:00";"200";"Sem vítima";"39,000";"BR-290/RS";"Decrescente";"Colisão traseira";1;0;0;0;0;0;0;0;0;0;1;0;0;0;0
"20/09/2024";"19:36:00";"219";"Sem vítima";"246,000";"BR-386/RS";"Crescente";"Saída de pista";1;0;0;0;0;0;0;0;0;0;1;0;0;0;0
"21/09/2024";"03:15:07";"13";"Com vítima";"16,000";"BR-448/RS";"Decrescente";"Capotamento";1;0;0;0;0;0;0;0;0;0;0;1;0;0;0
"21/09/2024";"14:08:43";"114";"Sem vítima";"339,000";"BR-386/RS";"Decrescente";"Colisão lateral no mesmo sentido";0;0;1;0;0;0;0;0;0;0;1;0;0;0;0