data;horario;n_da_ocorrencia;tipo_de_ocorrencia;km;trecho;sentido;tipo_de_acidente;automovel;bicicleta;caminhao;moto;onibus;outros;tracao_animal;transporte_de_cargas_especiais;trator_maquinas;utilitarios;ilesos;levemente_feridos;moderadamente_feridos;gravemente_feridos;mortos
"27/11/2024";"08:19:49";"109";"Sem vítima";"3,000";"BR-448/RS";"Crescente";"Engavetamento";1;0;0;0;0;0;0;0;0;0;1;0;0;0;0
"27/11/2024";"08:20:54";"110";"Com vítima";"345,000";"BR-386/RS";"Crescente";"Queda de moto";0;0;0;1;0;0;0;0;0;0;0;1;0;0;0
"27/11/2024";"10:12:36";"173";"Sem vítima";"372,000";"BR-386/RS";"Decrescente";"Choque";1;0;0;0;0;0;0;0;0;0;1;0;0;0;0
"27/11/2024";"12:27:12";"200";"Sem vítima";"235,000";"BR-386/RS";"Crescente";"Colisão lateral no mesmo sentido";1;0;0;0;0;0;0;0;0;0;1;0;0;0;0
"27/11/2024";"17:31:53";"258";"Com vítima";"413,000";"BR-386/RS";"Decrescente";"Saída de pista";1;0;0;0;0;0;0;0;0;0;0;0;0;1;0
"27/11/2024";"21:35:53";"291";"Sem vítima";"345,600";"BR-386/RS";"Decrescente";"Tombamento";0;0;1;0;0;0;0;0;0;0;1;0;0;0;0
"28/11/2024";"02:33:26";"9";"Sem vítima";"90,000";"BR-290/RS";"Decrescente";"Choque";1;0;0;0;0;0;0;0;0;0;1;0;0;0;0
"28/11/2024";"04:39:43";"12";"Sem vítima";"80,000";"BR-290/RS";"Decrescente";"Saída de pista";1;0;0;0;0;0;0;0;0;0;1;0;0;0;0
"28/11/2024";"05:32:58";"17";"Sem vítima";"400,800";"BR-386/RS";"Decrescente";"Choque";1;0;0;0;0;0;0;0;0;0;1;0;0;0;0
"28/11/2024";"07:48:29";"102";"Sem vítima";"1,000";"BR-290/RS";"Decrescente";"Saída de pista";1;0;0;0;0;0;0;0;0;0;1;0;0;0;0
"28/11/2024";"10:22:16";"156";"Sem vítima";"19,000";"BR-290/RS";"Crescente";"Colisão traseira";1;0;0;0;0;0;0;0;0;0;1;0;0;0;0
"28/11/2024";"18:00:48";"247";"Sem vítima";"351,600";"BR-386/RS";"Decrescente";"Colisão traseira";0;0;1;0;0;0;0;0;0;0;1;0;0;0;0
"28/11/2024";"21:14:47";"284";"Sem vítima";"84,000";"BR-290/RS";"Decrescente";"Colisão traseira";1;0;0;0;0;0;0;0;0;0;1;0;0;0;0
"29/11/2024";"00:16:44";"5";"Sem vítima";"84,000";"BR-290/RS";"Crescente";"Colisão lateral no mesmo sentido";0;0;0;0;1;0;0;0;0;0;1;0;0;0;0
"29/11/2024";"01:25:51";"11";"Sem vítima";"406,700";"BR-386/RS";"Decrescente";"Colisão lateral no mesmo sentido";1;0;0;0;0;0;0;0;0;0;1;0;0;0;0
"29/11/2024";"07:50:00";"77";"Sem vítima";"307,700";"BR-386/RS";"Crescente";"Saída de pista";0;0;1;0;0;0;0;0;0;0;1;0;0;0;0
"29/11/2024";"09:35:02";"135";"Sem vítima";"350,000";"BR-386/RS";"Decrescente";"Colisão lateral no mesmo sentido";1;0;0;0;0;0;0;0;0;0;1;0;0;0;0
"29/11/2024";"13:35:34";"194";"Sem vítima";"219,000";"BR-386/RS";"Crescente";"Colisão traseira";0;0;1;0;0;0;0;0;0;0;1;0;0;0;0
"29/11/2024";"15:25:47";"227";"Sem vítima";"86,500";"BR-290/RS";"Decrescente";"Saída de pista";1;0;0;0;0;0;0;0;0;0;1;0;0;0;0
"29/11/2024";"15:33:04";"229";"Sem vítima";"85,000";"BR-290/RS";"Decrescente";"Colisão lateral no mesmo sentido";1;0;0;0;0;0;0;0;0;0;1;0;0;0;0
"29/11/2024";"16:09:18";"239";"Com vítima";"22,000";"BR-101/RS";"Decrescente";"Colisão transversal";3;0;0;0;0;0;0;0;0;0;1;2;1;0;0
"29/11/2024";"18:38:15";"268";"Sem vítima";"91,000";"BR-290/RS";"Decrescente";"Colisão traseira";1;0;0;0;0;0;0;0;0;0;1;0;0;0;0
"29/11/2024";"20:58:48";"287";"Com vítima";"388,800";"BR-386/RS";"Decrescente";"Colisão traseira";3;0;0;0;0;0;0;0;0;0;4;0;1;0;0
"30/11/2024";"01:17:05";"5";"Sem vítima";"20,000";"BR-101/RS";"Decrescente";"Choque";1;0;0;0;0;0;0;0;0;0;1;0;0;0;0
"30/11/2024";"05:26:21";"20";"Com vítima";"92,000";"BR-290/RS";"Decrescente";"Colisão lateral no mesmo sentido";2;0;0;0;0;0;0;0;0;0;2;1;0;0;0
"30/11/2024";"08:04:44";"83";"Com vítima";"372,000";"BR-386/RS";"Decrescente";"Choque";1;0;0;0;0;0;0;0;0;0;0;0;1;0;0
"30/11/2024";"09:48:04";"115";"Com vítima";"263,000";"BR-386/RS";"Decrescente";"Choque";0;0;0;1;0;0;0;0;0;0;0;1;0;0;0
"30/11/2024";"09:50:03";"117";"Sem vítima";"424,000";"BR-386/RS";"Decrescente";"Colisão frontal";0;0;1;0;0;0;0;0;0;0;1;0;0;0;0
"30/11/2024";"12:00:43";"137";"Sem vítima";"349,000";"BR-386/RS";"Decrescente";"Colisão traseira";0;0;1;0;0;0;0;0;0;0;1;0;0;0;0
"30/11/2024";"12:43:54";"150";"Sem vítima";"20,000";"BR-448/RS";"Crescente";"Choque";1;0;0;0;0;0;0;0;0;0;1;0;0;0;0
"30/11/2024";"14:11:04";"167";"Sem vítima";"20,900";"BR-290/RS";"Decrescente";"Colisão traseira";1;0;0;0;0;0;0;0;0;0;1;0;0;0;0
"30/11/2024";"20:50:14";"220";"Sem vítima";"60,000";"BR-290/RS";"Crescente";"Colisão traseira";1;0;0;0;0;0;0;0;0;0;1;0;0;0;0
"30/11/2024";"21:28:21";"228";"Com vítima";"260,000";"BR-386/RS";"Decrescente";"Choque";1;0;0;0;0;0;0;0;0;0;0;1;0;0;0
"30/11/2024";"22:29:37";"237";"Sem vítima";"350,000";"BR-386/RS";"Crescente";"Choque";1;0;0;0;0;0;0;0;0;0;1;0;0;0;0
"01/12/2024";"01:41:38";"3";"Com vítima";"24,000";"BR-290/RS";"Decrescente";"Atropelamento de animal";0;0;0;1;0;0;0;0;0;0;0;1;0;0;0
"01/12/2024";"05:46:52";"17";"Sem vítima";"366,000";"BR-386/RS";"Crescente";"Saída de pista";1;0;0;0;0;0;0;0;0;0;1;0;0;0;0
"01/12/2024";"09:03:53";"45";"Sem vítima";"261,000";"BR-386/RS";"Decrescente";"Saída de pista";1;0;0;0;0;0;0;0;0;0;1;0;0;0;0
"01/12/2024";"09:32:41";"53";"Com vítima";"32,000";"BR-101/RS";"Decrescente";"Colisão lateral no mesmo sentido";0;0;0;1;0;0;0;0;0;0;0;1;0;0;0
"01/12/2024";"15:34:12";"106";"Sem vítima";"5,000";"BR-290/RS";"Crescente";"Colisão lateral no mesmo sentido";0;0;1;0;0;0;0;0;0;0;1;0;0;0;0
"01/12/2024";"17:07:22";"121";"Sem vítima";"244,000";"BR-386/RS";"Decrescente";"Colisão lateral no mesmo sentido";1;0;0;0;0;0;0;0;0;0;1;0;0;0;0
"01/12/2024";"17:52:33";"131";"Sem vítima";"75,000";"BR-290/RS";"Decrescente";"Choque";1;0;0;0;0;0;0;0;0;0;1;0;0;0;0
"01/12/2024";"17:52:49";"132";"Sem vítima";"390,000";"BR-386/RS";"Decrescente";"Colisão transversal";1;0;0;0;0;0;0;0;0;0;1;0;0;0;0
"01/12/2024";"19:34:58";"163";"Sem vítima";"80,000";"BR-290/RS";"Decrescente";"Saída de pista";1;0;0;0;0;0;0;0;0;0;1;0;0;0;0
"01/12/2024";"23:46:01";"204";"Sem vítima";"4,000";"BR-101/RS";"Crescente";"Choque";1;0;0;0;0;0;0;0;0;0;1;0;0;0;0
"02/12/2024";"02:12:08";"16";"Sem vítima";"88,000";"BR-290/RS";"Decrescente";"Choque";1;0;0;0;0;0;0;0;0;0;1;0;0;0;0
"02/12/2024";"05:22:37";"31";"Sem vítima";"426,000";"BR-386/RS";"Crescente";"Colisão traseira";1;0;0;0;0;0;0;0;0;0;1;0;0;0;0
"02/12/2024";"07:41:11";"101";"Sem vítima";"83,000";"BR-290/RS";"Crescente";"Engavetamento";1;0;0;0;0;0;0;0;0;0;1;0;0;0;0
"02/12/2024";"09:22:40";"146";"Sem vítima";"96,800";"BR-290/RS";"Crescente";"Colisão traseira";1;0;0;0;0;0;0;0;0;0;1;0;0;0;0
"02/12/2024";"11:13:54";"176";"Sem vítima";"375,000";"BR-386/RS";"Decrescente";"Colisão traseira";0;0;1;0;0;0;0;0;0;0;1;0;0;0;0
"02/12/2024";"12:19:08";"188";"Com vítima";"92,000";"BR-290/RS";"Decrescente";"Colisão traseira";0;0;0;1;0;0;0;0;0;0;0;0;1;0;0
"02/12/2024";"13:29:49";"204";"Sem vítima";"3,000";"BR-290/RS";"Crescente";"Colisão traseira";1;0;0;0;0;0;0;0;0;0;1;0;0;0;0
"02/12/2024";"14:52:34";"227";"Com vítima";"348,000";"BR-386/RS";"Decrescente";"Queda de moto";0;0;0;1;0;0;0;0;0;0;0;1;0;0;0
"03/12/2024";"09:03:09";"142";"Sem vítima";"439,000";"BR-386/RS";"Decrescente";"Colisão traseira";1;0;0;0;0;0;0;0;0;0;1;0;0;0;0
"03/12/2024";"10:32:24";"166";"Sem vítima";"351,000";"BR-386/RS";"Crescente";"Colisão lateral no mesmo sentido";1;0;0;0;0;0;0;0;0;0;1;0;0;0;0
"03/12/2024";"12:34:03";"187";"Sem vítima";"439,000";"BR-386/RS";"Decrescente";"Engavetamento";1;0;0;0;0;0;0;0;0;0;1;0;0;0;0
"03/12/2024";"15:51:19";"222";"Sem vítima";"348,000";"BR-386/RS";"Crescente";"Colisão traseira";1;0;0;0;0;0;0;0;0;0;1;0;0;0;0
"03/12/2024";"17:04:46";"239";"Sem vítima";"92,000";"BR-290/RS";"Decrescente";"Choque";1;0;0;0;0;0;0;0;0;0;1;0;0;0;0
"03/12/2024";"22:22:28";"282";"Sem vítima";"248,000";"BR-386/RS";"Crescente";"Saída de pista";1;0;0;0;0;0;0;0;0;0;1;0;0;0;0
"04/12/2024";"01:02:00";"6";"Com vítima";"321,200";"BR-386/RS";"Decrescente";"Colisão traseira";1;0;0;0;0;0;0;0;0;0;0;0;1;0;0
"04/12/2024";"08:51:04";"121";"Com vítima";"180,100";"BR-386/RS";"Decrescente";"Colisão lateral no mesmo sentido";1;0;0;0;0;0;0;0;0;0;0;0;0;0;1
"04/12/2024";"09:08:12";"130";"Sem vítima";"60,000";"BR-290/RS";"Crescente";"Colisão traseira";0;0;1;0;0;0;0;0;0;0;1;0;0;0;0
"04/12/2024";"12:24:21";"182";"Com vítima";"345,000";"BR-386/RS";"Crescente";"Colisão lateral no mesmo sentido";0;0;0;1;0;0;0;0;0;0;0;1;0;0;0
"04/12/2024";"16:52:26";"247";"Sem vítima";"271,500";"BR-386/RS";"Decrescente";"Tombamento";0;0;1;0;0;0;0;0;0;0;1;0;0;0;0
"04/12/2024";"16:52:43";"248";"Com vítima";"324,000";"BR-386/RS";"Decrescente";"Colisão lateral no mesmo sentido";1;0;1;0;0;0;0;0;0;0;1;1;0;0;0
"04/12/2024";"17:45:51";"253";"Sem vítima";"87,000";"BR-290/RS";"Crescente";"Capotamento";1;0;0;0;0;0;0;0;0;0;1;0;0;0;0
"05/12/2024";"05:40:35";"21";"Sem vítima";"230,000";"BR-386/RS";"Decrescente";"Capotamento";1;0;0;0;0;0;0;0;0;0;1;0;0;0;0
"05/12/2024";"07:41:48";"81";"Sem vítima";"240,000";"BR-386/RS";"Crescente";"Colisão traseira";1;0;0;0;0;0;0;0;0;0;1;0;0;0;0
"05/12/2024";"08:47:15";"113";"Com vítima";"96,000";"BR-290/RS";"Crescente";"Colisão traseira";0;0;0;1;0;0;0;0;0;0;0;1;0;0;0
"05/12/2024";"11:30:52";"156";"Sem vítima";"426,000";"BR-386/RS";"Decrescente";"Colisão traseira";1;0;0;0;0;0;0;0;0;0;1;0;0;0;0
"05/12/2024";"16:53:30";"222";"Com vítima";"315,000";"BR-386/RS";"Crescente";"Tombamento";0;0;1;0;0;0;0;0;0;0;0;0;0;1;0
"05/12/2024";"17:07:13";"225";"Com vítima";"349,000";"BR-386/RS";"Decrescente";"Colisão traseira";0;0;0;1;0;0;0;0;0;0;1;1;0;0;0
"05/12/2024";"17:07:27";"226";"Sem vítima";"85,000";"BR-290/RS";"Decrescente";"Colisão lateral no mesmo sentido";1;0;0;0;0;0;0;0;0;0;1;0;0;0;0
"05/12/2024";"17:43:10";"236";"Sem vítima";"67,000";"BR-101/RS";"Crescente";"Queda de moto";0;0;0;1;0;0;0;0;0;0;1;0;0;0;0
"05/12/2024";"18:36:32";"247";"Com vítima";"62,000";"BR-101/RS";"Decrescente";"Colisão traseira";0;0;0;1;0;0;0;0;0;0;0;1;0;0;0
"05/12/2024";"23:26:54";"290";"Sem vítima";"94,000";"BR-290/RS";"Decrescente";"Colisão traseira";1;0;0;0;0;0;0;0;0;0;1;0;0;0;0
"06/12/2024";"00:22:51";"1";"Sem vítima";"16,000";"BR-290/RS";"Decrescente";"Atropelamento de animal";1;0;0;0;0;0;0;0;0;0;1;0;0;0;0
"06/12/2024";"00:38:33";"4";"Sem vítima";"41,000";"BR-290/RS";"Crescente";"Tombamento";0;0;0;0;0;0;0;1;0;0;1;0;0;0;0
"06/12/2024";"04:22:01";"12";"Sem vítima";"3,000";"BR-101/RS";"Crescente";"Choque";1;0;0;0;0;0;0;0;0;0;1;0;0;0;0
"06/12/2024";"04:37:34";"13";"Sem vítima";"21,000";"BR-290/RS";"Decrescente";"Colisão traseira";0;0;1;0;0;0;0;0;0;0;1;0;0;0;0
"06/12/2024";"09:01:27";"103";"Com vítima";"60,000";"BR-290/RS";"Crescente";"Choque";0;0;1;0;0;0;0;0;0;0;0;1;0;0;0
"06/12/2024";"10:11:21";"129";"Sem vítima";"306,000";"BR-386/RS";"Decrescente";"Choque";1;0;0;0;0;0;0;0;0;0;1;0;0;0;0
"06/12/2024";"12:10:56";"157";"Sem vítima";"324,000";"BR-386/RS";"Decrescente";"Choque";1;0;0;0;0;0;0;0;0;0;1;0;0;0;0
"06/12/2024";"12:59:55";"168";"Sem vítima";"322,000";"BR-386/RS";"Decrescente";"Colisão traseira";1;0;0;0;0;0;0;0;0;0;1;0;0;0;0
"06/12/2024";"15:09:25";"198";"Sem vítima";"94,000";"BR-290/RS";"Decrescente";"Colisão lateral no mesmo sentido";1;0;0;0;0;0;0;0;0;0;1;0;0;0;0
"06/12/2024";"15:40:10";"206";"Sem vítima";"10,000";"BR-290/RS";"Decrescente";"Saída de pista";1;0;0;0;0;0;0;0;0;0;1;0;0;0;0
"06/12/2024";"16:00:49";"211";"Sem vítima";"22,000";"BR-448/RS";"Crescente";"Choque";1;0;0;0;0;0;0;0;0;0;1;0;0;0;0
"06/12/2024";"16:29:52";"217";"Sem vítima";"306,000";"BR-386/RS";"Crescente";"Choque";1;0;0;0;0;0;0;0;0;0;1;0;0;0;0
"06/12/2024";"17:11:56";"226";"Com vítima";"260,000";"BR-386/RS";"Crescente";"Colisão traseira";1;0;0;0;0;0;0;0;0;0;0;0;0;1;0
"06/12/2024";"19:50:24";"252";"Sem vítima";"10,000";"BR-101/RS";"Decrescente";"Saída de pista";1;0;0;0;0;0;0;0;0;0;1;0;0;0;0
"06/12/2024";"22:05:00";"276";"Sem vítima";"75,000";"BR-290/RS";"Decrescente";"Saída de pista";1;0;0;0;0;0;0;0;0;0;1;0;0;0;0
"07/12/2024";"00:19:52";"3";"Sem vítima";"219,800";"BR-386/RS";"Decrescente";"Choque";1;0;0;0;0;0;0;0;0;0;1;0;0;0;0
"07/12/2024";"01:19:10";"8";"Sem vítima";"345,800";"BR-386/RS";"Crescente";"Choque";1;0;0;0;0;0;0;0;0;0;1;0;0;0;0
"07/12/2024";"04:10:32";"28";"Sem vítima";"20,000";"BR-101/RS";"Decrescente";"Choque";1;0;0;0;0;0;0;0;0;0;1;0;0;0;0
"07/12/2024";"04:38:05";"32";"Sem vítima";"312,800";"BR-386/RS";"Crescente";"Saída de pista";0;0;1;0;0;0;0;0;0;0;1;0;0;0;0
"07/12/2024";"05:58:53";"39";"Sem vítima";"79,000";"BR-290/RS";"Crescente";"Colisão traseira";1;0;0;0;0;0;0;0;0;0;1;0;0;0;0
"07/12/2024";"06:51:20";"53";"Com vítima";"434,000";"BR-386/RS";"Crescente";"Choque";1;0;0;0;0;0;0;0;0;0;0;0;0;1;0
"07/12/2024";"06:59:33";"57";"Sem vítima";"306,000";"BR-386/RS";"Decrescente";"Choque";1;0;0;0;0;0;0;0;0;0;1;0;0;0;0
"07/12/2024";"07:40:25";"82";"Sem vítima";"319,000";"BR-386/RS";"Crescente";"Saída de pista";1;0;0;0;0;0;0;0;0;0;1;0;0;0;0
"07/12/2024";"08:16:09";"92";"Com vítima";"307,000";"BR-386/RS";"Decrescente";"Colisão transversal";1;0;0;0;0;0;0;0;0;0;0;0;0;0;1
"07/12/2024";"10:10:15";"109";"Sem vítima";"92,000";"BR-290/RS";"Crescente";"Colisão traseira";1;0;0;0;0;0;0;0;0;0;1;0;0;0;0
"07/12/2024";"13:16:50";"134";"Com vítima";"345,000";"BR-386/RS";"Crescente";"Saída de pista";1;0;0;0;0;0;0;0;0;0;4;1;0;0;0
"07/12/2024";"15:23:33";"146";"Sem vítima";"75,000";"BR-290/RS";"Crescente";"Colisão traseira";1;0;0;0;0;0;0;0;0;0;1;0;0;0;0
"07/12/2024";"16:40:54";"159";"Com vítima";"28,000";"BR-101/RS";"Decrescente";"Choque";1;0;0;0;0;0;0;0;0;0;0;0;0;1;0
"08/12/2024";"01:36:56";"5";"Sem vítima";"91,000";"BR-290/RS";"Decrescente";"Choque";1;0;0;0;0;0;0;0;0;0;1;0;0;0;0
"08/12/2024";"07:48:09";"29";"Sem vítima";"350,000";"BR-386/RS";"Crescente";"Colisão lateral no mesmo sentido";1;0;0;0;0;0;0;0;0;0;1;0;0;0;0
"08/12/2024";"10:59:32";"51";"Com vítima";"17,000";"BR-101/RS";"Crescente";"Colisão traseira";1;0;0;0;0;0;0;1;0;0;1;0;0;0;1
"08/12/2024";"15:35:45";"77";"Sem vítima";"41,000";"BR-101/RS";"Crescente";"Colisão traseira";0;0;1;0;0;0;0;0;0;0;1;0;0;0;0
"08/12/2024";"16:02:22";"83";"Sem vítima";"305,000";"BR-386/RS";"Decrescente";"Saída de pista";1;0;0;0;0;0;0;0;0;0;1;0;0;0;0
"08/12/2024";"22:04:52";"132";"Sem vítima";"76,000";"BR-290/RS";"Crescente";"Colisão lateral no mesmo sentido";1;0;0;0;0;0;0;0;0;0;1;0;0;0;0
"09/12/2024";"06:55:20";"33";"Sem vítima";"17,000";"BR-448/RS";"Crescente";"Choque";1;0;0;0;0;0;0;0;0;0;1;0;0;0;0
"09/12/2024";"07:54:20";"97";"Sem vítima";"22,000";"BR-448/RS";"Decrescente";"Choque";1;0;0;0;0;0;0;0;0;0;1;0;0;0;0
"09/12/2024";"08:52:16";"125";"Sem vítima";"351,000";"BR-386/RS";"Decrescente";"Colisão traseira";0;0;1;0;0;0;0;0;0;0;1;0;0;0;0
"09/12/2024";"14:01:04";"183";"Sem vítima";"346,000";"BR-386/RS";"Decrescente";"Colisão lateral no mesmo sentido";1;0;0;0;0;0;0;0;0;0;1;0;0;0;0
"09/12/2024";"14:25:59";"185";"Sem vítima";"75,500";"BR-101/RS";"Crescente";"Choque";1;0;0;0;0;0;0;0;0;0;1;0;0;0;0
"09/12/2024";"14:48:38";"188";"Sem vítima";"225,000";"BR-386/RS";"Decrescente";"Colisão traseira";0;0;1;0;0;0;0;0;0;0;1;0;0;0;0
"09/12/2024";"16:23:02";"210";"Com vítima";"346,000";"BR-386/RS";"Crescente";"Colisão lateral no mesmo sentido";0;0;0;1;0;0;0;0;0;0;0;1;0;0;0
"09/12/2024";"17:42:02";"222";"Sem vítima";"275,000";"BR-386/RS";"Decrescente";"Saída de pista";0;0;1;0;0;0;0;0;0;0;1;0;0;0;0
"09/12/2024";"17:43:44";"223";"Sem vítima";"215,000";"BR-386/RS";"Decrescente";"Colisão traseira";0;0;1;0;0;0;0;0;0;0;1;0;0;0;0
"09/12/2024";"18:36:48";"232";"Sem vítima";"92,000";"BR-290/RS";"Crescente";"Colisão transversal";1;0;0;0;0;0;0;0;0;0;1;0;0;0;0
"10/12/2024";"04:56:10";"9";"Sem vítima";"19,000";"BR-290/RS";"Decrescente";"Saída de pista";1;0;0;0;0;0;0;0;0;0;1;0;0;0;0
"10/12/2024";"07:35:48";"63";"Sem vítima";"33,500";"BR-101/RS";"Crescente";"Saída de pista";0;0;1;0;0;0;0;0;0;0;1;0;0;0;0
"10/12/2024";"09:06:03";"111";"Sem vítima";"333,000";"BR-386/RS";"Decrescente";"Colisão lateral no mesmo sentido";0;0;1;0;0;0;0;0;0;0;1;0;0;0;0
"10/12/2024";"09:08:41";"112";"Com vítima";"304,000";"BR-386/RS";"Decrescente";"Tombamento";0;0;1;0;0;0;0;0;0;0;0;1;0;0;0
"10/12/2024";"10:08:55";"132";"Com vítima";"435,000";"BR-386/RS";"Crescente";"Colisão lateral no mesmo sentido";1;0;0;1;0;0;0;0;0;0;2;0;1;0;0
"10/12/2024";"17:37:07";"206";"Sem vítima";"351,000";"BR-386/RS";"Decrescente";"Colisão traseira";0;0;1;0;0;0;0;0;0;0;1;0;0;0;0
"10/12/2024";"21:44:49";"233";"Sem vítima";"19,000";"BR-290/RS";"Decrescente";"Colisão traseira";1;0;0;0;0;0;0;0;0;0;1;0;0;0;0
"11/12/2024";"07:34:26";"68";"Sem vítima";"96,000";"BR-290/RS";"Crescente";"Colisão traseira";1;0;0;0;0;0;0;0;0;0;1;0;0;0;0
"11/12/2024";"07:34:53";"67";"Com vítima";"344,000";"BR-386/RS";"Decrescente";"Colisão lateral no mesmo sentido";0;0;0;1;0;0;0;0;0;0;0;1;0;0;0
"11/12/2024";"09:42:11";"134";"Sem vítima";"95,000";"BR-290/RS";"Crescente";"Colisão traseira";1;0;0;0;0;0;0;0;0;0;1;0;0;0;0
"11/12/2024";"10:48:52";"149";"Sem vítima";"92,000";"BR-290/RS";"Decrescente";"Colisão lateral no mesmo sentido";1;0;0;0;0;0;0;0;0;0;1;0;0;0;0
"11/12/2024";"16:03:28";"202";"Sem vítima";"55,000";"BR-290/RS";"Crescente";"Choque";1;0;0;0;0;0;0;0;0;0;1;0;0;0;0
"11/12/2024";"17:14:06";"210";"Sem vítima";"93,000";"BR-290/RS";"Decrescente";"Colisão traseira";1;0;0;0;0;0;0;0;0;0;1;0;0;0;0
"11/12/2024";"19:17:25";"230";"Com vítima";"354,000";"BR-386/RS";"Decrescente";"Colisão traseira";2;0;0;0;0;0;0;0;0;0;4;2;0;0;0
"11/12/2024";"21:00:00";"242";"Sem vítima";"247,000";"BR-386/RS";"Crescente";"Colisão traseira";1;0;0;0;0;0;0;0;0;0;1;0;0;0;0
"11/12/2024";"22:45:48";"249";"Com vítima";"292,400";"BR-386/RS";"Crescente";"Tombamento";0;0;1;0;0;0;0;0;0;0;0;0;1;0;0
"12/12/2024";"00:24:33";"2";"Sem vítima";"27,000";"BR-290/RS";"Decrescente";"Colisão lateral no mesmo sentido";1;0;0;0;0;0;0;0;0;0;1;0;0;0;0
"12/12/2024";"06:52:43";"44";"Com vítima";"440,000";"BR-386/RS";"Decrescente";"Colisão transversal";2;0;0;0;0;0;0;0;0;0;3;1;0;0;0
"12/12/2024";"09:07:44";"140";"Sem vítima";"92,000";"BR-290/RS";"Decrescente";"Colisão lateral no mesmo sentido";1;0;0;0;0;0;0;0;0;0;1;0;0;0;0
"12/12/2024";"15:45:16";"242";"Sem vítima";"9,000";"BR-101/RS";"Decrescente";"Colisão traseira";1;0;0;0;0;0;0;0;0;0;1;0;0;0;0
"13/12/2024";"01:25:53";"7";"Sem vítima";"432,000";"BR-386/RS";"Decrescente";"Saída de pista";1;0;0;0;0;0;0;0;0;0;1;0;0;0;0
"13/12/2024";"04:20:45";"19";"Sem vítima";"394,600";"BR-386/RS";"Decrescente";"Choque";0;0;1;0;0;0;0;0;0;0;1;0;0;0;0
"13/12/2024";"06:46:39";"40";"Sem vítima";"348,000";"BR-386/RS";"Crescente";"Colisão lateral no mesmo sentido";1;0;0;0;0;0;0;0;0;0;1;0;0;0;0
"13/12/2024";"08:09:46";"88";"Sem vítima";"343,000";"BR-386/RS";"Decrescente";"Colisão traseira";1;0;0;0;0;0;0;0;0;0;1;0;0;0;0
"13/12/2024";"09:18:41";"131";"Sem vítima";"303,000";"BR-386/RS";"Crescente";"Colisão traseira";0;0;1;0;0;0;0;0;0;0;1;0;0;0;0
"13/12/2024";"10:29:23";"167";"Sem vítima";"204,000";"BR-386/RS";"Crescente";"Colisão lateral no mesmo sentido";1;0;0;0;0;0;0;0;0;0;1;0;0;0;0
"13/12/2024";"11:41:55";"184";"Sem vítima";"432,000";"BR-386/RS";"Crescente";"Colisão lateral no mesmo sentido";0;0;1;0;0;0;0;0;0;0;1;0;0;0;0
"13/12/2024";"14:14:11";"214";"Sem vítima";"349,000";"BR-386/RS";"Decrescente";"Colisão traseira";0;0;1;0;0;0;0;0;0;0;1;0;0;0;0
"13/12/2024";"15:12:19";"223";"Sem vítima";"351,000";"BR-386/RS";"Decrescente";"Engavetamento";1;0;0;0;0;0;0;0;0;0;1;0;0;0;0
"13/12/2024";"16:43:53";"244";"Com vítima";"184,000";"BR-386/RS";"Decrescente";"Colisão frontal";1;0;1;0;0;0;0;0;0;0;1;0;1;1;1
"13/12/2024";"17:55:45";"255";"Com vítima";"411,000";"BR-386/RS";"Decrescente";"Capotamento";1;0;0;0;0;0;0;0;0;0;0;0;1;0;0
"13/12/2024";"18:44:56";"266";"Com vítima";"15,000";"BR-448/RS";"Decrescente";"Colisão traseira";0;0;0;1;0;0;0;0;0;0;0;1;0;0;0
"13/12/2024";"19:08:48";"274";"Sem vítima";"362,000";"BR-386/RS";"Decrescente";"Choque";1;0;0;0;0;0;0;0;0;0;1;0;0;0;0
"13/12/2024";"19:11:32";"276";"Sem vítima";"182,000";"BR-386/RS";"Crescente";"Colisão traseira";1;0;0;0;0;0;0;0;0;0;1;0;0;0;0
"13/12/2024";"19:38:41";"278";"Com vítima";"63,000";"BR-101/RS";"Decrescente";"Colisão traseira";0;0;2;0;0;0;0;0;0;0;1;0;0;1;0
"13/12/2024";"20:12:06";"290";"Sem vítima";"92,000";"BR-290/RS";"Crescente";"Saída de pista";1;0;0;0;0;0;0;0;0;0;1;0;0;0;0
"13/12/2024";"20:17:37";"291";"Sem vítima";"80,000";"BR-290/RS";"Crescente";"Colisão lateral no mesmo sentido";1;0;0;0;0;0;0;0;0;0;1;0;0;0;0
"13/12/2024";"20:36:53";"297";"Sem vítima";"306,000";"BR-386/RS";"Crescente";"Colisão lateral no mesmo sentido";0;0;1;0;0;0;0;0;0;0;1;0;0;0;0