data;horario;n_da_ocorrencia;tipo_de_ocorrencia;km;trecho;sentido;tipo_de_acidente;automovel;bicicleta;caminhao;moto;onibus;outros;tracao_animal;transporte_de_cargas_especiais;trator_maquinas;utilitarios;ilesos;levemente_feridos;moderadamente_feridos;gravemente_feridos;mortos
"13/12/2024";"22:26:06";"310";"Com vítima";"386,000";"BR-386/RS";"Decrescente";"Queda de moto";0;0;0;1;0;0;0;0;0;0;0;1;0;0;0
"13/12/2024";"23:51:13";"318";"Com vítima";"86,000";"BR-290/RS";"Decrescente";"Choque";1;0;0;0;0;0;0;0;0;0;1;1;0;0;0
"14/12/2024";"02:03:06";"12";"Sem vítima";"97,000";"BR-290/RS";"Crescente";"Choque";1;0;0;0;0;0;0;0;0;0;1;0;0;0;0
"14/12/2024";"02:35:41";"15";"Sem vítima";"348,000";"BR-386/RS";"Decrescente";"Saída de pista";1;0;0;0;0;0;0;0;0;0;1;0;0;0;0
"14/12/2024";"04:02:36";"17";"Sem vítima";"84,000";"BR-290/RS";"Decrescente";"Capotamento";1;0;0;0;0;0;0;0;0;0;1;0;0;0;0
"14/12/2024";"06:18:08";"26";"Sem vítima";"405,000";"BR-386/RS";"Crescente";"Choque";1;0;0;0;0;0;0;0;0;0;1;0;0;0;0
"14/12/2024";"06:43:50";"38";"Com vítima";"405,000";"BR-386/RS";"Crescente";"Colisão traseira";2;0;0;0;0;0;0;0;0;0;4;1;0;0;0
"14/12/2024";"07:04:32";"44";"Com vítima";"440,000";"BR-386/RS";"Crescente";"Saída de pista";1;0;0;0;0;0;0;0;0;0;0;0;1;0;0
"14/12/2024";"07:58:30";"70";"Sem vítima";"94,000";"BR-290/RS";"Crescente";"Choque";1;0;0;0;0;0;0;0;0;0;1;0;0;0;0
"14/12/2024";"08:32:30";"82";"Com vítima";"94,000";"BR-290/RS";"Decrescente";"Choque";1;0;0;0;0;0;0;0;0;0;0;1;0;0;0
"14/12/2024";"08:53:51";"89";"Sem vítima";"306,000";"BR-386/RS";"Decrescente";"Saída de pista";1;0;0;0;0;0;0;0;0;0;1;0;0;0;0
"14/12/2024";"09:42:35";"100";"Com vítima";"305,000";"BR-386/RS";"Decrescente";"Capotamento";1;0;0;0;0;0;0;0;0;0;3;1;0;0;0
"14/12/2024";"12:51:19";"143";"Sem vítima";"426,000";"BR-386/RS";"Decrescente";"Colisão transversal";0;0;1;0;0;0;0;0;0;0;1;0;0;0;0
"14/12/2024";"13:42:16";"152";"Sem vítima";"66,000";"BR-101/RS";"Decrescente";"Colisão traseira";1;0;0;0;0;0;0;0;0;0;1;0;0;0;0
"14/12/2024";"15:21:41";"171";"Sem vítima";"397,000";"BR-386/RS";"Decrescente";"Saída de pista";1;0;0;0;0;0;0;0;0;0;1;0;0;0;0
"14/12/2024";"18:22:02";"200";"Sem vítima";"12,800";"BR-290/RS";"Crescente";"Saída de pista";1;0;0;0;0;0;0;0;0;0;1;0;0;0;0
"15/12/2024";"00:01:12";"1";"Sem vítima";"385,000";"BR-386/RS";"Crescente";"Colisão lateral no mesmo sentido";1;0;0;0;0;0;0;0;0;0;1;0;0;0;0
"15/12/2024";"03:40:00";"11";"Com vítima";"38,000";"BR-290/RS";"Decrescente";"Capotamento";1;0;0;0;0;0;0;0;0;0;0;1;0;0;0
"15/12/2024";"06:31:08";"20";"Sem vítima";"342,000";"BR-386/RS";"Crescente";"Saída de pista";1;0;0;0;0;0;0;0;0;0;1;0;0;0;0
"15/12/2024";"07:38:59";"34";"Sem vítima";"42,000";"BR-290/RS";"Crescente";"Saída de pista";1;0;0;0;0;0;0;0;0;0;1;0;0;0;0
"15/12/2024";"14:47:44";"90";"Sem vítima";"82,000";"BR-290/RS";"Crescente";"Choque";1;0;0;0;0;0;0;0;0;0;1;0;0;0;0
"15/12/2024";"15:32:55";"107";"Sem vítima";"82,000";"BR-290/RS";"Crescente";"Choque";1;0;0;0;0;0;0;0;0;0;1;0;0;0;0
"15/12/2024";"17:10:09";"118";"Sem vítima";"22,000";"BR-101/RS";"Decrescente";"Tombamento";1;0;0;0;0;0;0;0;0;0;1;0;0;0;0
"15/12/2024";"17:20:06";"120";"Sem vítima";"74,000";"BR-101/RS";"Decrescente";"Saída de pista";1;0;0;0;0;0;0;0;0;0;1;0;0;0;0
"15/12/2024";"17:43:09";"127";"Sem vítima";"411,000";"BR-386/RS";"Decrescente";"Choque";1;0;0;0;0;0;0;0;0;0;1;0;0;0;0
"15/12/2024";"18:25:51";"138";"Com vítima";"4,000";"BR-290/RS";"Crescente";"Choque";1;0;0;0;0;0;0;0;0;0;3;2;0;0;0
"15/12/2024";"18:34:29";"140";"Sem vítima";"11,000";"BR-290/RS";"Crescente";"Saída de pista";1;0;0;0;0;0;0;0;0;0;1;0;0;0;0
"15/12/2024";"18:41:21";"145";"Sem vítima";"76,000";"BR-290/RS";"Crescente";"Acidentes de outra natureza";1;0;0;0;0;0;0;0;0;0;1;0;0;0;0
"15/12/2024";"20:59:26";"167";"Com vítima";"345,000";"BR-386/RS";"Crescente";"Capotamento";1;0;0;0;0;0;0;0;0;0;0;0;0;1;0
"16/12/2024";"06:28:19";"20";"Sem vítima";"75,000";"BR-290/RS";"Decrescente";"Saída de pista";1;0;0;0;0;0;0;0;0;0;1;0;0;0;0
"16/12/2024";"07:51:23";"69";"Com vítima";"424,000";"BR-386/RS";"Crescente";"Colisão frontal";2;0;0;0;0;0;0;0;0;0;3;1;0;0;0
"16/12/2024";"09:56:43";"116";"Sem vítima";"15,000";"BR-448/RS";"Crescente";"Colisão lateral no mesmo sentido";1;0;0;0;0;0;0;0;0;0;1;0;0;0;0
"16/12/2024";"10:04:11";"120";"Sem vítima";"10,000";"BR-448/RS";"Decrescente";"Saída de pista";1;0;0;0;0;0;0;0;0;0;1;0;0;0;0
"16/12/2024";"10:28:54";"126";"Sem vítima";"410,000";"BR-386/RS";"Decrescente";"Choque";1;0;0;0;0;0;0;0;0;0;1;0;0;0;0
"16/12/2024";"10:34:57";"128";"Sem vítima";"417,000";"BR-386/RS";"Crescente";"Choque";1;0;0;0;0;0;0;0;0;0;1;0;0;0;0
"16/12/2024";"14:10:09";"167";"Com vítima";"409,000";"BR-386/RS";"Decrescente";"Saída de pista";0;0;1;0;0;0;0;0;0;0;0;1;0;0;0
"16/12/2024";"16:45:10";"200";"Sem vítima";"19,000";"BR-290/RS";"Crescente";"Colisão traseira";1;0;0;0;0;0;0;0;0;0;1;0;0;0;0
"16/12/2024";"19:38:57";"223";"Sem vítima";"308,800";"BR-386/RS";"Decrescente";"Saída de pista";0;0;1;0;0;0;0;0;0;0;1;0;0;0;0
"17/12/2024";"14:14:08";"210";"Sem vítima";"86,000";"BR-290/RS";"Crescente";"Engavetamento";1;0;0;0;0;0;0;0;0;0;1;0;0;0;0
"17/12/2024";"16:43:48";"245";"Sem vítima";"19,000";"BR-290/RS";"Decrescente";"Colisão traseira";1;0;0;0;0;0;0;0;0;0;1;0;0;0;0
"17/12/2024";"19:29:55";"294";"Sem vítima";"233,000";"BR-386/RS";"Crescente";"Choque";0;0;1;0;0;0;0;0;0;0;1;0;0;0;0
"18/12/2024";"03:25:19";"20";"Sem vítima";"65,800";"BR-290/RS";"Crescente";"Atropelamento de animal";0;0;0;0;0;0;0;0;0;1;1;0;0;0;0
"18/12/2024";"07:59:24";"120";"Com vítima";"89,000";"BR-290/RS";"Crescente";"Colisão lateral no mesmo sentido";0;0;0;1;0;0;0;0;0;0;0;1;0;0;0
"18/12/2024";"08:03:05";"127";"Sem vítima";"22,000";"BR-448/RS";"Crescente";"Colisão traseira";1;0;0;0;0;0;0;0;0;0;1;0;0;0;0
"18/12/2024";"09:30:08";"192";"Com vítima";"30,000";"BR-290/RS";"Decrescente";"Saída de pista";1;0;0;0;0;0;0;0;0;0;0;1;0;0;0
"18/12/2024";"18:12:26";"316";"Com vítima";"347,000";"BR-386/RS";"Crescente";"Colisão lateral no mesmo sentido";1;0;0;2;0;0;0;0;0;0;2;1;0;0;0
"18/12/2024";"18:23:21";"318";"Sem vítima";"348,000";"BR-386/RS";"Crescente";"Colisão traseira";1;0;0;0;0;0;0;0;0;0;1;0;0;0;0
"18/12/2024";"23:07:33";"361";"Com vítima";"85,000";"BR-290/RS";"Decrescente";"Capotamento";1;0;0;0;0;0;0;0;0;0;0;1;0;0;0
"19/12/2024";"01:52:28";"8";"Sem vítima";"1,000";"BR-290/RS";"Decrescente";"Saída de pista";1;0;0;0;0;0;0;0;0;0;1;0;0;0;0
"19/12/2024";"06:36:09";"28";"Com vítima";"362,000";"BR-386/RS";"Crescente";"Saída de pista";1;0;0;0;0;0;0;0;0;0;2;2;0;0;0
"19/12/2024";"09:10:14";"131";"Sem vítima";"334,800";"BR-386/RS";"Decrescente";"Colisão traseira";1;0;0;0;0;0;0;0;0;0;1;0;0;0;0
"19/12/2024";"10:06:36";"148";"Sem vítima";"96,000";"BR-290/RS";"Crescente";"Colisão traseira";1;0;0;0;0;0;0;0;0;0;1;0;0;0;0
"19/12/2024";"17:41:23";"248";"Sem vítima";"396,000";"BR-386/RS";"Decrescente";"Capotamento";1;0;0;0;0;0;0;0;0;0;1;0;0;0;0
"19/12/2024";"18:28:36";"251";"Sem vítima";"416,000";"BR-386/RS";"Decrescente";"Capotamento";1;0;0;0;0;0;0;0;0;0;1;0;0;0;0
"19/12/2024";"18:31:41";"253";"Sem vítima";"91,000";"BR-290/RS";"Crescente";"Colisão traseira";1;0;0;0;0;0;0;0;0;0;1;0;0;0;0
"19/12/2024";"19:47:57";"267";"Sem vítima";"416,000";"BR-386/RS";"Crescente";"Colisão traseira";1;0;0;0;0;0;0;0;0;0;1;0;0;0;0
"19/12/2024";"20:44:49";"274";"Sem vítima";"22,000";"BR-448/RS";"Crescente";"Choque";1;0;0;0;0;0;0;0;0;0;1;0;0;0;0
"20/12/2024";"09:56:28";"124";"Com vítima";"435,000";"BR-386/RS";"Decrescente";"Colisão lateral no mesmo sentido";2;0;0;0;0;0;0;0;0;0;1;1;0;0;0
"20/12/2024";"12:39:11";"158";"Sem vítima";"228,000";"BR-386/RS";"Decrescente";"Colisão traseira";1;0;0;0;0;0;0;0;0;0;1;0;0;0;0
"20/12/2024";"12:45:02";"160";"Com vítima";"335,000";"BR-386/RS";"Crescente";"Engavetamento";3;0;0;0;0;0;0;0;0;0;4;0;1;0;0
"20/12/2024";"14:07:55";"175";"Sem vítima";"435,000";"BR-386/RS";"Crescente";"Colisão lateral no mesmo sentido";1;0;0;0;0;0;0;0;0;0;1;0;0;0;0
"20/12/2024";"15:47:02";"200";"Sem vítima";"227,000";"BR-386/RS";"Crescente";"Colisão traseira";1;0;0;0;0;0;0;0;0;0;1;0;0;0;0
"20/12/2024";"17:31:05";"225";"Sem vítima";"307,000";"BR-386/RS";"Decrescente";"Engavetamento";1;0;0;0;0;0;0;0;0;0;1;0;0;0;0
"20/12/2024";"18:54:31";"241";"Sem vítima";"49,000";"BR-290/RS";"Decrescente";"Tombamento";0;0;1;0;0;0;0;0;0;0;1;0;0;0;0
"20/12/2024";"20:52:14";"270";"Sem vítima";"67,000";"BR-290/RS";"Crescente";"Choque";1;0;0;0;0;0;0;0;0;0;1;0;0;0;0
"20/12/2024";"23:44:54";"300";"Sem vítima";"357,400";"BR-386/RS";"Decrescente";"Colisão traseira";1;0;0;0;0;0;0;0;0;0;1;0;0;0;0
"21/12/2024";"01:51:49";"14";"Sem vítima";"60,400";"BR-290/RS";"Crescente";"Tombamento";0;0;1;0;0;0;0;0;0;0;1;0;0;0;0
"21/12/2024";"02:57:48";"17";"Sem vítima";"24,000";"BR-290/RS";"Decrescente";"Colisão traseira";0;0;1;0;0;0;0;0;0;0;1;0;0;0;0
"21/12/2024";"06:31:10";"55";"Com vítima";"32,000";"BR-290/RS";"Crescente";"Choque";1;0;0;0;0;0;0;0;0;0;0;1;0;0;0
"21/12/2024";"07:41:57";"96";"Sem vítima";"234,000";"BR-386/RS";"Decrescente";"Colisão traseira";1;0;0;0;0;0;0;0;0;0;1;0;0;0;0
"21/12/2024";"07:47:54";"98";"Com vítima";"261,000";"BR-386/RS";"Decrescente";"Capotamento";1;0;0;0;0;0;0;0;0;0;0;0;1;0;0
"21/12/2024";"08:35:28";"132";"Sem vítima";"247,000";"BR-386/RS";"Decrescente";"Engavetamento";1;0;0;0;0;0;0;0;0;0;1;0;0;0;0
"21/12/2024";"10:10:50";"170";"Sem vítima";"227,000";"BR-386/RS";"Crescente";"Colisão traseira";0;0;1;0;0;0;0;0;0;0;1;0;0;0;0
"21/12/2024";"10:33:08";"174";"Sem vítima";"245,000";"BR-386/RS";"Decrescente";"Colisão traseira";0;0;1;0;0;0;0;0;0;0;1;0;0;0;0
"21/12/2024";"10:35:40";"176";"Sem vítima";"250,000";"BR-386/RS";"Decrescente";"Colisão traseira";1;0;0;0;0;0;0;0;0;0;1;0;0;0;0
"21/12/2024";"11:34:25";"195";"Sem vítima";"344,000";"BR-386/RS";"Decrescente";"Colisão traseira";1;0;0;0;0;0;0;0;0;0;1;0;0;0;0
"21/12/2024";"13:24:22";"210";"Com vítima";"15,600";"BR-101/RS";"Decrescente";"Queda de moto";0;0;0;1;0;0;0;0;0;0;0;1;0;0;0
"21/12/2024";"15:16:11";"238";"Sem vítima";"20,000";"BR-448/RS";"Crescente";"Choque";1;0;0;0;0;0;0;0;0;0;1;0;0;0;0
"21/12/2024";"15:16:37";"239";"Sem vítima";"65,000";"BR-290/RS";"Crescente";"Queda de moto";0;0;0;1;0;0;0;0;0;0;1;0;0;0;0
"21/12/2024";"17:24:48";"258";"Com vítima";"30,000";"BR-290/RS";"Decrescente";"Choque";1;0;0;0;0;0;0;0;0;0;0;1;0;0;0
"21/12/2024";"18:31:55";"270";"Sem vítima";"435,400";"BR-386/RS";"Decrescente";"Colisão transversal";1;0;0;0;0;0;0;0;0;0;1;0;0;0;0
"21/12/2024";"22:45:48";"306";"Sem vítima";"37,200";"BR-101/RS";"Decrescente";"Capotamento";1;0;0;0;0;0;0;0;0;0;1;0;0;0;0
"21/12/2024";"22:58:16";"309";"Sem vítima";"248,400";"BR-386/RS";"Crescente";"Saída de pista";1;0;0;0;0;0;0;0;0;0;1;0;0;0;0
"22/12/2024";"01:24:55";"10";"Sem vítima";"19,000";"BR-290/RS";"Crescente";"Colisão traseira";1;0;0;0;0;0;0;0;0;0;1;0;0;0;0
"22/12/2024";"05:12:56";"19";"Com vítima";"345,000";"BR-386/RS";"Crescente";"Capotamento";1;0;0;0;0;0;0;0;0;0;0;0;1;0;0
"22/12/2024";"05:30:04";"22";"Sem vítima";"307,400";"BR-386/RS";"Decrescente";"Saída de pista";1;0;0;0;0;0;0;0;0;0;1;0;0;0;0
"22/12/2024";"05:41:47";"25";"Sem vítima";"21,000";"BR-101/RS";"Decrescente";"Choque";1;0;0;0;0;0;0;0;0;0;1;0;0;0;0
"22/12/2024";"06:08:47";"27";"Sem vítima";"303,750";"BR-386/RS";"Decrescente";"Saída de pista";0;0;1;0;0;0;0;0;0;0;1;0;0;0;0
"22/12/2024";"07:43:54";"39";"Com vítima";"267,000";"BR-386/RS";"Crescente";"Colisão frontal";1;0;0;0;0;0;0;0;0;0;0;1;0;0;0
"22/12/2024";"08:28:55";"48";"Sem vítima";"10,000";"BR-290/RS";"Crescente";"Saída de pista";1;0;0;0;0;0;0;0;0;0;1;0;0;0;0
"22/12/2024";"09:10:39";"58";"Sem vítima";"307,000";"BR-386/RS";"Decrescente";"Saída de pista";1;0;0;0;0;0;0;0;0;0;1;0;0;0;0
"22/12/2024";"09:29:25";"61";"Com vítima";"299,000";"BR-386/RS";"Decrescente";"Choque";1;0;0;0;0;0;0;0;0;0;2;3;0;0;0
"22/12/2024";"09:49:42";"67";"Sem vítima";"86,000";"BR-101/RS";"Crescente";"Saída de pista";1;0;0;0;0;0;0;0;0;0;1;0;0;0;0
"22/12/2024";"09:49:52";"66";"Sem vítima";"432,000";"BR-386/RS";"Decrescente";"Choque";1;0;0;0;0;0;0;0;0;0;1;0;0;0;0
"22/12/2024";"10:14:28";"71";"Sem vítima";"22,000";"BR-448/RS";"Crescente";"Choque";1;0;0;0;0;0;0;0;0;0;1;0;0;0;0
"22/12/2024";"10:18:43";"72";"Sem vítima";"67,000";"BR-101/RS";"Decrescente";"Choque";1;0;0;0;0;0;0;0;0;0;1;0;0;0;0
"22/12/2024";"10:48:05";"76";"Sem vítima";"6,200";"BR-290/RS";"Crescente";"Saída de pista";1;0;0;0;0;0;0;0;0;0;1;0;0;0;0
"22/12/2024";"11:09:04";"80";"Com vítima";"437,000";"BR-386/RS";"Crescente";"Colisão lateral no mesmo sentido";2;0;0;0;0;0;0;0;0;0;5;0;1;0;0
"22/12/2024";"11:31:19";"83";"Sem vítima";"76,000";"BR-101/RS";"Crescente";"Saída de pista";1;0;0;0;0;0;0;0;0;0;1;0;0;0;0
"22/12/2024";"11:32:45";"84";"Sem vítima";"296,000";"BR-386/RS";"Crescente";"Colisão traseira";1;0;0;0;0;0;0;0;0;0;1;0;0;0;0
"22/12/2024";"11:52:31";"89";"Sem vítima";"22,000";"BR-448/RS";"Crescente";"Choque";1;0;0;0;0;0;0;0;0;0;1;0;0;0;0
"22/12/2024";"12:10:56";"92";"Sem vítima";"22,000";"BR-448/RS";"Crescente";"Choque";1;0;0;0;0;0;0;0;0;0;1;0;0;0;0
"22/12/2024";"13:40:00";"107";"Com vítima";"347,000";"BR-386/RS";"Crescente";"Colisão transversal";0;0;0;1;0;0;0;0;0;0;0;0;1;0;0
"22/12/2024";"13:59:32";"113";"Sem vítima";"15,000";"BR-448/RS";"Decrescente";"Choque";1;0;0;0;0;0;0;0;0;0;1;0;0;0;0
"22/12/2024";"15:05:24";"122";"Sem vítima";"40,000";"BR-101/RS";"Crescente";"Saída de pista";1;0;0;0;0;0;0;0;0;0;1;0;0;0;0
"22/12/2024";"15:33:35";"127";"Sem vítima";"61,000";"BR-101/RS";"Crescente";"Colisão traseira";1;0;0;0;0;0;0;0;0;0;1;0;0;0;0
"22/12/2024";"15:45:19";"131";"Sem vítima";"40,000";"BR-101/RS";"Crescente";"Choque";1;0;0;0;0;0;0;0;0;0;1;0;0;0;0
"22/12/2024";"16:18:42";"139";"Com vítima";"271,900";"BR-386/RS";"Crescente";"Queda de moto";0;0;0;1;0;0;0;0;0;0;0;0;0;1;0
"22/12/2024";"21:09:47";"189";"Sem vítima";"89,000";"BR-290/RS";"Crescente";"Queda de moto";0;0;0;1;0;0;0;0;0;0;1;0;0;0;0
"22/12/2024";"21:16:44";"190";"Sem vítima";"85,000";"BR-290/RS";"Crescente";"Colisão lateral no mesmo sentido";1;0;0;0;0;0;0;0;0;0;1;0;0;0;0
"23/12/2024";"05:31:19";"13";"Sem vítima";"10,000";"BR-290/RS";"Decrescente";"Colisão transversal";1;0;0;0;0;0;0;0;0;0;1;0;0;0;0
"23/12/2024";"08:16:41";"96";"Sem vítima";"19,000";"BR-290/RS";"Crescente";"Colisão lateral no mesmo sentido";1;0;0;0;0;0;0;0;0;0;1;0;0;0;0
"23/12/2024";"12:13:05";"163";"Com vítima";"57,000";"BR-290/RS";"Decrescente";"Choque";1;0;0;0;0;0;0;0;0;0;0;0;1;0;0
"23/12/2024";"13:50:09";"181";"Sem vítima";"437,000";"BR-386/RS";"Crescente";"Colisão traseira";1;0;0;0;0;0;0;0;0;0;1;0;0;0;0
"23/12/2024";"14:02:11";"184";"Sem vítima";"345,000";"BR-386/RS";"Decrescente";"Colisão traseira";1;0;0;0;0;0;0;0;0;0;1;0;0;0;0
"23/12/2024";"14:17:36";"187";"Sem vítima";"216,000";"BR-386/RS";"Crescente";"Choque";1;0;0;0;0;0;0;0;0;0;1;0;0;0;0
"23/12/2024";"14:53:41";"195";"Sem vítima";"49,000";"BR-290/RS";"Decrescente";"Colisão lateral no mesmo sentido";1;0;0;0;0;0;0;0;0;0;1;0;0;0;0
"23/12/2024";"15:04:08";"197";"Com vítima";"49,000";"BR-290/RS";"Decrescente";"Capotamento";1;0;0;0;0;0;0;0;0;0;0;0;1;0;0
"23/12/2024";"17:21:34";"218";"Sem vítima";"442,000";"BR-386/RS";"Crescente";"Colisão traseira";1;0;0;0;0;0;0;0;0;0;1;0;0;0;0
"23/12/2024";"17:29:53";"221";"Com vítima";"62,000";"BR-101/RS";"Crescente";"Choque";1;0;0;0;0;0;0;0;0;0;2;1;0;0;0
"23/12/2024";"23:20:01";"277";"Com vítima";"76,000";"BR-290/RS";"Decrescente";"Queda de moto";0;0;0;1;0;0;0;0;0;0;0;1;0;0;0
"24/12/2024";"11:31:36";"141";"Sem vítima";"66,000";"BR-101/RS";"Decrescente";"Colisão lateral no mesmo sentido";1;0;0;0;0;0;0;0;0;0;1;0;0;0;0
"24/12/2024";"11:52:33";"144";"Com vítima";"322,300";"BR-386/RS";"Crescente";"Colisão frontal";1;0;0;0;0;0;0;0;0;0;0;0;1;0;0
"24/12/2024";"19:34:24";"224";"Sem vítima";"414,000";"BR-386/RS";"Decrescente";"Choque";1;0;0;0;0;0;0;0;0;0;1;0;0;0;0
"24/12/2024";"20:17:10";"233";"Com vítima";"351,000";"BR-386/RS";"Decrescente";"Queda de moto";0;0;0;1;0;0;0;0;0;0;0;1;0;0;0
"24/12/2024";"21:04:06";"237";"Sem vítima";"26,000";"BR-290/RS";"Decrescente";"Saída de pista";1;0;0;0;0;0;0;0;0;0;1;0;0;0;0
"25/12/2024";"00:37:24";"6";"Sem vítima";"86,000";"BR-290/RS";"Decrescente";"Choque";1;0;0;0;0;0;0;0;0;0;1;0;0;0;0
"25/12/2024";"07:26:13";"26";"Com vítima";"272,000";"BR-386/RS";"Decrescente";"Saída de pista";0;0;1;0;0;0;0;0;0;0;0;1;0;0;0
"25/12/2024";"08:44:05";"35";"Sem vítima";"307,000";"BR-386/RS";"Crescente";"Saída de pista";1;0;0;0;0;0;0;0;0;0;1;0;0;0;0
"25/12/2024";"08:53:33";"36";"Sem vítima";"10,000";"BR-448/RS";"Decrescente";"Saída de pista";1;0;0;0;0;0;0;0;0;0;1;0;0;0;0
"25/12/2024";"10:13:55";"43";"Sem vítima";"36,000";"BR-101/RS";"Crescente";"Choque";1;0;0;0;0;0;0;0;0;0;1;0;0;0;0
"25/12/2024";"11:11:00";"58";"Com vítima";"40,000";"BR-101/RS";"Decrescente";"Saída de pista";1;0;0;0;0;0;0;0;0;0;0;0;1;0;0
"25/12/2024";"14:21:38";"83";"Sem vítima";"75,000";"BR-290/RS";"Decrescente";"Choque";1;0;0;0;0;0;0;0;0;0;1;0;0;0;0
"25/12/2024";"14:49:45";"88";"Com vítima";"10,000";"BR-448/RS";"Decrescente";"Choque";1;0;0;0;0;0;0;0;0;0;0;1;0;0;0
"25/12/2024";"15:07:12";"90";"Sem vítima";"57,000";"BR-290/RS";"Decrescente";"Saída de pista";1;0;0;0;0;0;0;0;0;0;1;0;0;0;0
"25/12/2024";"15:35:47";"92";"Com vítima";"75,000";"BR-290/RS";"Decrescente";"Colisão lateral no mesmo sentido";0;0;0;1;0;0;0;0;0;0;0;0;1;0;0
"25/12/2024";"18:22:54";"133";"Sem vítima";"19,900";"BR-290/RS";"Decrescente";"Engavetamento";1;0;0;0;0;0;0;0;0;0;1;0;0;0;0
"26/12/2024";"07:57:14";"94";"Sem vítima";"374,000";"BR-386/RS";"Crescente";"Colisão traseira";0;0;0;1;0;0;0;0;0;0;1;0;0;0;0
"26/12/2024";"08:43:33";"109";"Sem vítima";"204,000";"BR-386/RS";"Crescente";"Colisão lateral no mesmo sentido";1;0;0;0;0;0;0;0;0;0;1;0;0;0;0
"26/12/2024";"10:36:56";"143";"Sem vítima";"13,000";"BR-101/RS";"Decrescente";"Colisão traseira";1;0;0;0;0;0;0;0;0;0;1;0;0;0;0
"26/12/2024";"11:14:31";"153";"Sem vítima";"61,000";"BR-290/RS";"Decrescente";"Colisão traseira";1;0;0;0;0;0;0;0;0;0;1;0;0;0;0
"26/12/2024";"11:50:36";"164";"Com vítima";"305,000";"BR-386/RS";"Decrescente";"Queda de moto";0;0;0;1;0;0;0;0;0;0;0;0;1;0;0
"26/12/2024";"11:53:05";"166";"Sem vítima";"65,000";"BR-290/RS";"Decrescente";"Engavetamento";1;0;0;0;0;0;0;0;0;0;1;0;0;0;0
"26/12/2024";"13:11:39";"187";"Sem vítima";"26,000";"BR-290/RS";"Decrescente";"Colisão lateral no mesmo sentido";1;0;0;0;0;0;0;0;0;0;1;0;0;0;0
"26/12/2024";"13:50:50";"198";"Sem vítima";"333,980";"BR-386/RS";"Decrescente";"Colisão frontal";1;0;0;0;0;0;0;0;0;0;1;0;0;0;0
"26/12/2024";"15:41:18";"222";"Sem vítima";"426,000";"BR-386/RS";"Decrescente";"Colisão traseira";1;0;0;0;0;0;0;0;0;0;1;0;0;0;0
"26/12/2024";"16:39:30";"238";"Com vítima";"92,000";"BR-290/RS";"Decrescente";"Colisão lateral no mesmo sentido";2;0;0;0;0;0;0;0;0;0;3;2;0;0;0
"26/12/2024";"18:02:25";"266";"Com vítima";"53,200";"BR-290/RS";"Crescente";"Colisão transversal";2;0;0;0;0;0;0;0;0;0;1;1;0;0;0
"26/12/2024";"18:19:11";"270";"Sem vítima";"24,000";"BR-290/RS";"Decrescente";"Colisão traseira";1;0;0;0;0;0;0;0;0;0;1;0;0;0;0
"26/12/2024";"19:30:36";"291";"Sem vítima";"216,400";"BR-386/RS";"Decrescente";"Choque";1;0;0;0;0;0;0;0;0;0;1;0;0;0;0
"27/12/2024";"01:43:05";"7";"Sem vítima";"75,000";"BR-290/RS";"Decrescente";"Choque";1;0;0;0;0;0;0;0;0;0;1;0;0;0;0
"27/12/2024";"02:21:50";"9";"Sem vítima";"370,000";"BR-386/RS";"Decrescente";"Choque";1;0;0;0;0;0;0;0;0;0;1;0;0;0;0
"27/12/2024";"04:57:42";"19";"Sem vítima";"45,000";"BR-290/RS";"Crescente";"Saída de pista";1;0;0;0;0;0;0;0;0;0;1;0;0;0;0
"27/12/2024";"11:39:49";"182";"Sem vítima";"92,000";"BR-290/RS";"Crescente";"Colisão lateral no mesmo sentido";1;0;0;0;0;0;0;0;0;0;1;0;0;0;0
"27/12/2024";"11:40:59";"183";"Sem vítima";"22,000";"BR-290/RS";"Decrescente";"Colisão traseira";1;0;0;0;0;0;0;0;0;0;1;0;0;0;0
"27/12/2024";"13:52:48";"219";"Com vítima";"19,000";"BR-290/RS";"Decrescente";"Engavetamento";4;0;0;0;0;0;0;0;0;0;7;1;0;0;0
"27/12/2024";"14:31:04";"226";"Sem vítima";"262,000";"BR-386/RS";"Crescente";"Colisão lateral no mesmo sentido";1;0;0;0;0;0;0;0;0;0;1;0;0;0;0
"27/12/2024";"15:24:07";"235";"Sem vítima";"19,000";"BR-101/RS";"Decrescente";"Capotamento";1;0;0;0;0;0;0;0;0;0;1;0;0;0;0
"27/12/2024";"21:07:05";"338";"Sem vítima";"386,000";"BR-386/RS";"Decrescente";"Colisão traseira";1;0;0;0;0;0;0;0;0;0;1;0;0;0;0
"28/12/2024";"07:31:27";"84";"Sem vítima";"28,000";"BR-290/RS";"Decrescente";"Colisão traseira";1;0;0;0;0;0;0;0;0;0;1;0;0;0;0
"28/12/2024";"07:34:49";"86";"Sem vítima";"18,000";"BR-290/RS";"Crescente";"Tombamento";1;0;0;0;0;0;0;0;0;0;1;0;0;0;0