data;horario;n_da_ocorrencia;tipo_de_ocorrencia;km;trecho;sentido;tipo_de_acidente;automovel;bicicleta;caminhao;moto;onibus;outros;tracao_animal;transporte_de_cargas_especiais;trator_maquinas;utilitarios;ilesos;levemente_feridos;moderadamente_feridos;gravemente_feridos;mortos
"16/02/2025";"10:17:09";"54";"Com vítima";"248,000";"BR-386/RS";"Decrescente";"Saída de pista";1;0;0;0;0;0;0;0;0;0;0;1;0;0;0
"16/02/2025";"11:08:01";"66";"Sem vítima";"8,000";"BR-101/RS";"Decrescente";"Engavetamento";2;0;0;0;0;0;0;0;0;0;9;0;0;0;0
"16/02/2025";"14:01:17";"93";"Sem vítima";"296,000";"BR-386/RS";"Decrescente";"Choque";1;0;0;0;0;0;0;0;0;0;2;0;0;0;0
"16/02/2025";"14:15:46";"96";"Com vítima";"60,000";"BR-290/RS";"Crescente";"Colisão lateral no mesmo sentido";1;0;0;1;0;0;0;0;0;0;1;1;0;0;0
"16/02/2025";"14:55:10";"108";"Com vítima";"307,000";"BR-386/RS";"Decrescente";"Saída de pista";2;0;0;0;0;0;0;0;0;0;3;0;3;0;0
"16/02/2025";"17:17:55";"135";"Sem vítima";"93,000";"BR-290/RS";"Decrescente";"Choque";1;0;0;0;0;0;0;0;0;0;2;0;0;0;0
"16/02/2025";"18:49:37";"161";"Com vítima";"238,000";"BR-386/RS";"Decrescente";"Saída de pista";1;0;0;0;0;0;0;0;0;0;0;1;0;0;0
"16/02/2025";"18:53:47";"163";"Sem vítima";"438,000";"BR-386/RS";"Crescente";"Colisão lateral no mesmo sentido";1;0;0;0;0;0;0;0;0;0;3;0;0;0;0
"16/02/2025";"21:39:46";"201";"Com vítima";"10,000";"BR-290/RS";"Crescente";"Choque";1;0;0;0;0;0;0;0;0;0;4;0;0;1;0
"16/02/2025";"21:46:57";"205";"Sem vítima";"5,000";"BR-290/RS";"Crescente";"Saída de pista";1;0;0;0;0;0;0;0;0;0;1;0;0;0;0
"16/02/2025";"21:47:58";"204";"Sem vítima";"358,000";"BR-386/RS";"Crescente";"Choque";1;0;0;0;0;0;0;0;0;0;1;0;0;0;0
"16/02/2025";"21:50:49";"209";"Sem vítima";"4,000";"BR-290/RS";"Crescente";"Engavetamento";2;0;1;0;0;0;0;0;0;0;11;0;0;0;0
"16/02/2025";"22:04:59";"214";"Sem vítima";"411,000";"BR-386/RS";"Decrescente";"Choque";1;0;0;0;0;0;0;0;0;0;3;0;0;0;0
"16/02/2025";"22:15:20";"219";"Sem vítima";"9,000";"BR-448/RS";"Crescente";"Saída de pista";1;0;0;0;0;0;0;0;0;0;2;0;0;0;0
"16/02/2025";"22:26:43";"223";"Sem vítima";"308,000";"BR-386/RS";"Crescente";"Saída de pista";1;0;0;0;0;0;0;0;0;0;3;0;0;0;0
"16/02/2025";"22:47:39";"228";"Sem vítima";"70,000";"BR-101/RS";"Decrescente";"Saída de pista";1;0;0;0;0;0;0;0;0;0;1;0;0;0;0
"17/02/2025";"00:02:17";"1";"Sem vítima";"350,000";"BR-386/RS";"Decrescente";"Saída de pista";1;0;0;0;0;0;0;0;0;0;1;0;0;0;0
"17/02/2025";"02:12:55";"13";"Sem vítima";"95,000";"BR-290/RS";"Decrescente";"Choque";1;0;0;0;0;0;0;0;0;0;3;0;0;0;0
"17/02/2025";"07:12:46";"65";"Sem vítima";"344,000";"BR-386/RS";"Crescente";"Colisão traseira";2;0;0;0;0;0;0;0;0;0;2;0;0;0;0
"17/02/2025";"07:22:58";"74";"Com vítima";"50,000";"BR-101/RS";"Decrescente";"Capotamento";1;0;0;0;0;0;0;0;0;0;1;2;1;0;0
"17/02/2025";"08:16:19";"108";"Com vítima";"92,000";"BR-290/RS";"Decrescente";"Colisão traseira";1;0;0;1;0;0;0;0;0;0;1;1;0;0;0
"17/02/2025";"12:00:19";"167";"Sem vítima";"35,000";"BR-101/RS";"Decrescente";"Colisão traseira";2;0;0;0;0;0;0;0;0;0;4;0;0;0;0
"17/02/2025";"12:21:34";"171";"Sem vítima";"19,000";"BR-290/RS";"Crescente";"Saída de pista";1;0;0;0;0;0;0;0;0;0;2;0;0;0;0
"17/02/2025";"13:48:29";"196";"Sem vítima";"22,000";"BR-448/RS";"Decrescente";"Saída de pista";1;0;0;0;0;0;0;0;0;0;2;0;0;0;0
"17/02/2025";"14:28:17";"216";"Sem vítima";"411,000";"BR-386/RS";"Decrescente";"Saída de pista";1;0;0;0;0;0;0;0;0;0;1;0;0;0;0
"17/02/2025";"15:03:08";"234";"Sem vítima";"2,000";"BR-290/RS";"Decrescente";"Choque";1;0;0;0;0;0;0;0;0;0;2;0;0;0;0
"17/02/2025";"15:12:21";"241";"Sem vítima";"11,000";"BR-290/RS";"Decrescente";"Saída de pista";1;0;0;0;0;0;0;0;0;0;1;0;0;0;0
"17/02/2025";"19:06:15";"280";"Sem vítima";"347,000";"BR-386/RS";"Crescente";"Engavetamento";1;0;1;0;0;0;0;0;0;0;2;0;0;0;0
"17/02/2025";"19:25:39";"282";"Sem vítima";"357,000";"BR-386/RS";"Decrescente";"Choque";1;0;0;0;0;0;0;0;0;0;1;0;0;0;0
"18/02/2025";"04:15:43";"25";"Com vítima";"226,000";"BR-386/RS";"Crescente";"Queda de moto";0;0;0;1;0;0;0;0;0;0;0;0;1;0;0
"18/02/2025";"06:43:57";"45";"Com vítima";"427,000";"BR-386/RS";"Decrescente";"Saída de pista";0;0;1;0;0;0;0;0;0;0;0;1;0;0;0
"18/02/2025";"08:43:07";"127";"Sem vítima";"17,000";"BR-101/RS";"Decrescente";"Atropelamento de animal";1;0;0;0;0;0;0;0;0;0;1;0;0;0;0
"18/02/2025";"08:47:06";"128";"Sem vítima";"60,000";"BR-290/RS";"Decrescente";"Colisão lateral no mesmo sentido";1;0;0;0;0;0;0;0;0;0;2;0;0;0;0
"18/02/2025";"13:23:56";"212";"Sem vítima";"70,000";"BR-101/RS";"Crescente";"Saída de pista";1;0;0;0;0;0;0;0;0;0;1;0;0;0;0
"18/02/2025";"15:45:56";"240";"Sem vítima";"350,000";"BR-386/RS";"Decrescente";"Colisão traseira";1;0;1;0;0;0;0;0;0;0;2;0;0;0;0
"18/02/2025";"16:15:33";"244";"Sem vítima";"231,000";"BR-386/RS";"Decrescente";"Colisão lateral no mesmo sentido";1;0;1;0;0;0;0;0;0;0;4;0;0;0;0
"18/02/2025";"18:41:38";"270";"Com vítima";"92,000";"BR-290/RS";"Crescente";"Queda de moto";0;0;0;1;0;0;0;0;0;0;0;1;0;0;0
"18/02/2025";"22:34:15";"293";"Sem vítima";"227,000";"BR-386/RS";"Decrescente";"Saída de pista";1;0;0;0;0;0;0;0;0;0;1;0;0;0;0
"19/02/2025";"04:31:14";"20";"Sem vítima";"30,000";"BR-290/RS";"Decrescente";"Saída de pista";1;0;0;0;0;0;0;0;0;0;1;0;0;0;0
"19/02/2025";"08:25:06";"125";"Com vítima";"234,000";"BR-386/RS";"Decrescente";"Colisão traseira";0;0;2;0;0;0;0;0;0;0;1;0;1;0;0
"19/02/2025";"08:49:13";"132";"Sem vítima";"60,000";"BR-290/RS";"Decrescente";"Colisão traseira";2;0;0;0;0;0;0;0;0;0;6;0;0;0;0
"19/02/2025";"15:02:09";"207";"Com vítima";"354,000";"BR-386/RS";"Crescente";"Colisão lateral no mesmo sentido";1;0;1;0;0;0;0;0;0;0;3;1;0;0;0
"19/02/2025";"17:03:44";"227";"Com vítima";"66,000";"BR-101/RS";"Crescente";"Colisão frontal";0;0;1;1;0;0;0;0;0;0;1;0;1;0;0
"19/02/2025";"18:21:34";"237";"Com vítima";"4,400";"BR-448/RS";"Decrescente";"Colisão traseira";2;0;0;0;0;0;0;0;0;0;3;0;1;0;0
"19/02/2025";"23:33:29";"272";"Sem vítima";"32,000";"BR-290/RS";"Crescente";"Saída de pista";1;0;0;0;0;0;0;0;0;0;1;0;0;0;0
"20/02/2025";"04:07:27";"8";"Com vítima";"43,600";"BR-290/RS";"Crescente";"Queda de moto";0;0;0;1;0;0;0;0;0;0;0;1;0;0;0
"20/02/2025";"10:50:28";"158";"Sem vítima";"35,000";"BR-101/RS";"Decrescente";"Colisão traseira";2;0;0;0;0;0;0;0;0;0;3;0;0;0;0
"20/02/2025";"13:18:03";"191";"Sem vítima";"35,000";"BR-101/RS";"Decrescente";"Colisão lateral no mesmo sentido";2;0;0;0;0;0;0;0;0;0;6;0;0;0;0
"20/02/2025";"19:32:28";"275";"Sem vítima";"19,000";"BR-290/RS";"Crescente";"Colisão traseira";1;0;0;0;0;0;0;0;0;0;1;0;0;0;0
"20/02/2025";"20:18:40";"282";"Sem vítima";"329,200";"BR-386/RS";"Crescente";"Colisão traseira";0;0;2;0;0;0;0;0;0;0;2;0;0;0;0
"20/02/2025";"20:28:34";"284";"Com vítima";"26,000";"BR-290/RS";"Decrescente";"Colisão traseira";2;0;0;0;0;0;0;0;0;0;2;0;2;0;0
"20/02/2025";"22:04:54";"303";"Sem vítima";"328,500";"BR-386/RS";"Crescente";"Choque";1;0;0;0;0;0;0;0;0;0;3;0;0;0;0
"21/02/2025";"05:12:26";"15";"Sem vítima";"90,000";"BR-290/RS";"Decrescente";"Colisão traseira";1;0;0;0;0;0;0;0;0;0;1;0;0;0;0
"21/02/2025";"05:37:02";"17";"Sem vítima";"435,400";"BR-386/RS";"Decrescente";"Colisão transversal";1;0;1;0;0;0;0;0;0;0;3;0;0;0;0
"21/02/2025";"08:32:48";"111";"Com vítima";"77,000";"BR-290/RS";"Decrescente";"Colisão traseira";1;0;0;0;0;0;0;0;0;0;0;0;1;0;0
"21/02/2025";"09:13:09";"122";"Com vítima";"95,000";"BR-290/RS";"Crescente";"Colisão traseira";0;0;0;1;0;0;0;0;0;0;0;1;0;0;0
"21/02/2025";"09:53:14";"131";"Sem vítima";"19,000";"BR-290/RS";"Decrescente";"Colisão lateral no mesmo sentido";1;0;1;0;0;0;0;0;0;0;2;0;0;0;0
"21/02/2025";"15:22:27";"185";"Sem vítima";"375,000";"BR-386/RS";"Crescente";"Colisão traseira";1;0;1;0;0;0;0;0;0;0;2;0;0;0;0
"21/02/2025";"17:56:33";"214";"Sem vítima";"1,000";"BR-448/RS";"Decrescente";"Colisão lateral no mesmo sentido";2;0;0;0;0;0;0;0;0;0;6;0;0;0;0
"21/02/2025";"20:23:58";"238";"Sem vítima";"429,000";"BR-386/RS";"Crescente";"Colisão traseira";1;0;0;1;0;0;0;0;0;0;7;0;0;0;0
"22/02/2025";"06:37:27";"30";"Sem vítima";"73,000";"BR-290/RS";"Crescente";"Colisão traseira";2;0;0;0;0;0;0;0;0;0;3;0;0;0;0
"22/02/2025";"11:24:42";"157";"Sem vítima";"350,000";"BR-386/RS";"Decrescente";"Colisão traseira";1;0;1;0;0;0;0;0;0;0;3;0;0;0;0
"22/02/2025";"11:57:36";"161";"Sem vítima";"44,000";"BR-101/RS";"Decrescente";"Colisão traseira";2;0;0;0;0;0;0;0;0;0;4;0;0;0;0
"22/02/2025";"12:42:53";"170";"Sem vítima";"418,000";"BR-386/RS";"Crescente";"Colisão lateral no mesmo sentido";1;0;1;0;0;0;0;0;0;0;4;0;0;0;0
"22/02/2025";"14:18:40";"190";"Com vítima";"294,000";"BR-386/RS";"Crescente";"Colisão frontal";1;0;1;0;0;0;0;0;0;0;2;0;2;0;0
"22/02/2025";"15:25:01";"207";"Sem vítima";"431,000";"BR-386/RS";"Decrescente";"Colisão traseira";1;0;0;0;0;0;0;1;0;0;2;0;0;0;0
"22/02/2025";"18:09:57";"245";"Sem vítima";"36,000";"BR-101/RS";"Decrescente";"Choque";1;0;0;0;0;0;0;0;0;0;2;0;0;0;0
"22/02/2025";"20:54:31";"276";"Sem vítima";"76,000";"BR-290/RS";"Crescente";"Queda de moto";0;0;0;1;0;0;0;0;0;0;2;0;0;0;0
"23/02/2025";"06:57:46";"28";"Sem vítima";"34,700";"BR-101/RS";"Decrescente";"Choque";0;0;1;0;0;0;0;0;0;0;1;0;0;0;0
"23/02/2025";"14:29:39";"137";"Com vítima";"310,000";"BR-386/RS";"Crescente";"Acidentes de outra natureza";1;0;0;0;0;0;0;0;0;0;0;0;0;1;0
"23/02/2025";"18:06:25";"209";"Com vítima";"19,000";"BR-101/RS";"Decrescente";"Queda de moto";0;0;0;1;0;0;0;0;0;0;0;1;0;0;0
"23/02/2025";"19:33:55";"234";"Sem vítima";"355,000";"BR-386/RS";"Decrescente";"Colisão lateral no mesmo sentido";1;0;0;0;0;0;0;0;0;0;2;0;0;0;0
"23/02/2025";"20:42:09";"248";"Com vítima";"349,000";"BR-386/RS";"Crescente";"Acidentes de outra natureza";1;0;0;0;0;0;0;0;0;0;1;0;1;0;0
"23/02/2025";"21:13:00";"255";"Com vítima";"21,000";"BR-290/RS";"Crescente";"Colisão traseira";1;0;1;0;0;0;0;0;0;0;3;1;0;0;0
"23/02/2025";"22:07:58";"267";"Com vítima";"349,000";"BR-386/RS";"Crescente";"Queda de moto";0;0;0;1;0;0;0;0;0;0;0;0;1;0;0
"23/02/2025";"23:56:32";"284";"Sem vítima";"18,000";"BR-101/RS";"Crescente";"Saída de pista";0;0;1;0;0;0;0;0;0;0;1;0;0;0;0
"24/02/2025";"06:38:09";"29";"Com vítima";"70,000";"BR-101/RS";"Crescente";"Saída de pista";1;0;0;0;0;0;0;0;0;0;1;2;0;0;0
"24/02/2025";"07:29:08";"78";"Sem vítima";"333,000";"BR-386/RS";"Decrescente";"Colisão traseira";1;0;1;0;0;0;0;0;0;0;4;0;0;0;0
"24/02/2025";"09:09:56";"124";"Sem vítima";"435,400";"BR-386/RS";"Decrescente";"Colisão lateral no mesmo sentido";1;0;1;0;0;0;0;0;0;0;4;0;0;0;0
"24/02/2025";"11:12:24";"162";"Com vítima";"435,000";"BR-386/RS";"Decrescente";"Colisão lateral no mesmo sentido";1;0;1;0;0;0;0;0;0;0;2;3;0;0;0
"24/02/2025";"12:49:18";"174";"Sem vítima";"230,000";"BR-386/RS";"Decrescente";"Colisão traseira";1;0;1;0;0;0;0;0;0;0;3;0;0;0;0
"24/02/2025";"16:24:03";"232";"Com vítima";"350,000";"BR-386/RS";"Decrescente";"Colisão traseira";1;0;0;0;0;0;0;0;0;0;0;0;1;0;0
"24/02/2025";"16:44:24";"236";"Sem vítima";"29,000";"BR-101/RS";"Crescente";"Saída de pista";1;0;0;0;0;0;0;0;0;0;1;0;0;0;0
"25/02/2025";"06:43:26";"27";"Sem vítima";"57,000";"BR-101/RS";"Decrescente";"Saída de pista";1;0;0;0;0;0;0;0;0;0;2;0;0;0;0
"25/02/2025";"07:52:20";"80";"Sem vítima";"21,000";"BR-448/RS";"Crescente";"Colisão traseira";1;0;0;0;0;0;0;0;0;0;1;0;0;0;0
"25/02/2025";"08:01:05";"88";"Sem vítima";"2,000";"BR-448/RS";"Decrescente";"Choque";1;0;0;0;0;0;0;0;0;0;1;0;0;0;0
"25/02/2025";"08:19:46";"100";"Sem vítima";"92,000";"BR-290/RS";"Crescente";"Colisão traseira";1;0;0;0;0;0;0;0;0;0;1;0;0;0;0
"25/02/2025";"12:14:23";"164";"Com vítima";"87,000";"BR-290/RS";"Crescente";"Choque";1;0;0;0;0;0;0;0;0;0;0;1;0;0;0
"25/02/2025";"17:35:01";"235";"Sem vítima";"305,000";"BR-386/RS";"Crescente";"Queda de moto";0;0;0;1;0;0;0;0;0;0;1;0;0;0;0
"26/02/2025";"15:40:34";"253";"Sem vítima";"264,000";"BR-386/RS";"Crescente";"Colisão traseira";2;0;0;0;0;0;0;0;0;0;4;0;0;0;0
"26/02/2025";"19:11:57";"301";"Sem vítima";"417,000";"BR-386/RS";"Crescente";"Saída de pista";1;0;0;0;0;0;0;0;0;0;1;0;0;0;0
"26/02/2025";"19:27:49";"306";"Sem vítima";"360,000";"BR-386/RS";"Crescente";"Choque";1;0;0;0;0;0;0;0;0;0;4;0;0;0;0
"26/02/2025";"19:35:54";"309";"Sem vítima";"34,000";"BR-101/RS";"Crescente";"Saída de pista";0;0;1;0;0;0;0;0;0;0;3;0;0;0;0
"27/02/2025";"05:24:01";"19";"Sem vítima";"265,000";"BR-386/RS";"Decrescente";"Saída de pista";1;0;0;0;0;0;0;0;0;0;4;0;0;0;0
"27/02/2025";"08:36:11";"119";"Com vítima";"96,000";"BR-290/RS";"Crescente";"Colisão lateral no mesmo sentido";0;0;0;1;0;0;0;0;0;0;0;1;0;0;0
"27/02/2025";"09:52:28";"146";"Sem vítima";"217,000";"BR-386/RS";"Crescente";"Colisão traseira";1;0;0;0;0;0;0;0;0;0;1;0;0;0;0
"27/02/2025";"17:28:26";"235";"Com vítima";"246,000";"BR-386/RS";"Crescente";"Colisão traseira";2;0;0;0;0;0;0;0;0;0;3;1;0;0;0
"27/02/2025";"17:31:22";"236";"Sem vítima";"4,000";"BR-101/RS";"Decrescente";"Choque";1;0;0;0;0;0;0;0;0;0;1;0;0;0;0
"27/02/2025";"22:54:56";"285";"Sem vítima";"30,000";"BR-290/RS";"Decrescente";"Choque";1;0;0;0;0;0;0;0;0;0;1;0;0;0;0
"27/02/2025";"23:03:01";"286";"Com vítima";"77,000";"BR-101/RS";"Crescente";"Colisão traseira";1;0;0;0;0;0;0;0;0;0;0;1;0;0;0
"28/02/2025";"05:29:52";"30";"Sem vítima";"59,000";"BR-290/RS";"Decrescente";"Colisão traseira";3;0;0;0;0;0;0;0;0;0;4;0;0;0;0
"28/02/2025";"10:44:24";"152";"Sem vítima";"404,000";"BR-386/RS";"Crescente";"Colisão traseira";1;0;1;0;0;0;0;0;0;0;3;0;0;0;0
"28/02/2025";"10:52:27";"155";"Sem vítima";"408,000";"BR-386/RS";"Crescente";"Engavetamento";3;0;0;0;0;0;0;0;0;0;7;0;0;0;0
"28/02/2025";"14:22:15";"212";"Sem vítima";"86,000";"BR-290/RS";"Decrescente";"Engavetamento";3;0;0;0;0;0;0;0;0;0;3;0;0;0;0
"28/02/2025";"14:49:25";"221";"Sem vítima";"306,000";"BR-386/RS";"Decrescente";"Choque";1;0;0;0;0;0;0;0;0;0;3;0;0;0;0
"28/02/2025";"14:59:40";"224";"Sem vítima";"89,000";"BR-290/RS";"Decrescente";"Colisão traseira";1;0;0;0;0;0;0;0;0;0;5;0;0;0;0
"28/02/2025";"15:03:22";"225";"Com vítima";"289,000";"BR-386/RS";"Decrescente";"Capotamento";1;0;0;0;0;0;0;0;0;0;2;2;0;0;0
"28/02/2025";"16:21:36";"249";"Sem vítima";"92,000";"BR-290/RS";"Crescente";"Choque";1;0;0;0;0;0;0;0;0;0;1;0;0;0;0
"28/02/2025";"16:53:58";"262";"Sem vítima";"14,000";"BR-101/RS";"Decrescente";"Colisão lateral no mesmo sentido";1;0;1;0;0;0;0;0;0;0;3;0;0;0;0
"28/02/2025";"17:28:21";"274";"Sem vítima";"53,000";"BR-290/RS";"Decrescente";"Colisão traseira";2;0;0;0;0;0;0;0;0;0;3;0;0;0;0
"28/02/2025";"17:37:27";"279";"Sem vítima";"262,800";"BR-386/RS";"Decrescente";"Colisão traseira";2;0;0;0;0;0;0;0;0;0;6;0;0;0;0
"28/02/2025";"18:23:39";"297";"Sem vítima";"307,500";"BR-386/RS";"Crescente";"Tombamento";0;0;1;0;0;0;0;0;0;0;2;0;0;0;0
"28/02/2025";"20:45:50";"335";"Sem vítima";"216,250";"BR-386/RS";"Decrescente";"Colisão traseira";1;0;0;0;0;0;0;0;0;0;3;0;0;0;0
"01/03/2025";"00:01:23";"1";"Sem vítima";"307,900";"BR-386/RS";"Decrescente";"Saída de pista";0;0;1;0;0;0;0;0;0;0;1;0;0;0;0
"01/03/2025";"05:10:00";"37";"Sem vítima";"60,000";"BR-290/RS";"Decrescente";"Colisão lateral no mesmo sentido";1;0;0;0;0;0;0;0;0;0;1;0;0;0;0
"01/03/2025";"05:45:46";"46";"Com vítima";"13,000";"BR-101/RS";"Decrescente";"Choque";1;0;0;0;0;0;0;0;0;0;2;1;0;0;0
"01/03/2025";"06:12:12";"50";"Sem vítima";"85,000";"BR-101/RS";"Decrescente";"Engavetamento";1;0;0;0;0;0;0;0;0;0;3;0;0;0;0
"01/03/2025";"08:36:16";"112";"Sem vítima";"238,000";"BR-386/RS";"Crescente";"Colisão traseira";2;0;0;0;0;0;0;0;0;0;8;0;0;0;0
"01/03/2025";"08:38:16";"114";"Sem vítima";"53,000";"BR-290/RS";"Decrescente";"Colisão traseira";2;0;0;0;0;0;0;0;0;0;4;0;0;0;0
"01/03/2025";"09:14:58";"126";"Sem vítima";"302,000";"BR-386/RS";"Crescente";"Colisão traseira";2;0;0;0;0;0;0;0;0;0;10;0;0;0;0
"01/03/2025";"12:05:03";"179";"Sem vítima";"39,900";"BR-290/RS";"Decrescente";"Colisão traseira";2;0;0;0;0;0;0;0;0;0;6;0;0;0;0
"01/03/2025";"13:24:43";"207";"Sem vítima";"24,400";"BR-290/RS";"Decrescente";"Colisão lateral no mesmo sentido";1;0;0;0;0;0;0;0;0;0;3;0;0;0;0
"01/03/2025";"14:36:25";"235";"Sem vítima";"426,000";"BR-386/RS";"Decrescente";"Colisão traseira";1;0;1;0;0;0;0;0;0;0;1;0;0;0;0
"01/03/2025";"15:10:12";"250";"Sem vítima";"342,000";"BR-386/RS";"Decrescente";"Colisão lateral no mesmo sentido";1;0;1;0;0;0;0;0;0;0;4;0;0;0;0
"01/03/2025";"17:33:40";"293";"Sem vítima";"60,000";"BR-290/RS";"Crescente";"Colisão traseira";1;0;0;0;0;0;0;0;0;0;5;0;0;0;0
"01/03/2025";"21:05:58";"336";"Com vítima";"81,400";"BR-101/RS";"Decrescente";"Saída de pista";1;0;0;0;0;0;0;0;0;0;1;0;1;0;0
"02/03/2025";"02:44:18";"15";"Com vítima";"40,000";"BR-290/RS";"Crescente";"Choque";1;0;0;0;0;0;0;0;0;0;2;1;0;0;0
"02/03/2025";"03:54:49";"22";"Sem vítima";"326,600";"BR-386/RS";"Decrescente";"Choque";1;0;0;0;0;0;0;0;0;0;1;0;0;0;0
"02/03/2025";"07:21:06";"40";"Sem vítima";"86,000";"BR-290/RS";"Crescente";"Colisão traseira";1;0;0;0;0;0;0;0;0;0;2;0;0;0;0
"02/03/2025";"11:08:12";"93";"Com vítima";"53,000";"BR-290/RS";"Decrescente";"Queda de moto";0;0;0;1;0;0;0;0;0;0;0;1;0;0;0
"02/03/2025";"12:04:54";"103";"Sem vítima";"19,000";"BR-290/RS";"Crescente";"Colisão traseira";0;0;1;0;0;0;0;0;0;0;1;0;0;0;0
"02/03/2025";"14:34:53";"117";"Com vítima";"18,000";"BR-448/RS";"Crescente";"Colisão lateral no mesmo sentido";2;0;0;0;0;0;0;0;0;0;2;0;2;0;0
"02/03/2025";"17:43:14";"146";"Sem vítima";"21,000";"BR-290/RS";"Decrescente";"Choque";1;0;0;0;0;0;0;0;0;0;3;0;0;0;0
"02/03/2025";"17:47:04";"148";"Sem vítima";"21,000";"BR-290/RS";"Decrescente";"Choque";1;0;0;0;0;0;0;0;0;0;2;0;0;0;0
"02/03/2025";"17:55:30";"155";"Com vítima";"29,000";"BR-290/RS";"Crescente";"Queda de moto";0;0;0;1;0;0;0;0;0;0;1;0;1;0;0
"02/03/2025";"19:10:08";"175";"Sem vítima";"43,000";"BR-290/RS";"Decrescente";"Saída de pista";1;0;0;0;0;0;0;0;0;0;2;0;0;0;0
"02/03/2025";"19:37:50";"185";"Sem vítima";"21,000";"BR-448/RS";"Decrescente";"Atropelamento de pedestre";1;0;0;0;0;0;0;0;0;0;1;0;0;0;0
"02/03/2025";"19:54:44";"187";"Sem vítima";"2,000";"BR-101/RS";"Decrescente";"Engavetamento";4;0;0;0;0;0;0;0;0;0;12;0;0;0;0
"03/03/2025";"00:40:46";"5";"Sem vítima";"41,000";"BR-290/RS";"Crescente";"Choque";0;0;1;0;0;0;0;0;0;0;1;0;0;0;0
"03/03/2025";"03:34:22";"17";"Sem vítima";"46,000";"BR-290/RS";"Crescente";"Capotamento";1;0;0;0;0;0;0;0;0;0;3;0;0;0;0
"03/03/2025";"03:56:58";"18";"Sem vítima";"64,100";"BR-290/RS";"Decrescente";"Tombamento";0;0;1;0;0;0;0;0;0;0;1;0;0;0;0
"03/03/2025";"08:41:28";"96";"Sem vítima";"39,000";"BR-290/RS";"Decrescente";"Queda de moto";0;0;0;1;0;0;0;0;0;0;2;0;0;0;0
"03/03/2025";"09:35:26";"107";"Sem vítima";"313,000";"BR-386/RS";"Crescente";"Saída de pista";1;0;0;0;0;0;0;0;0;0;2;0;0;0;0
"03/03/2025";"18:31:48";"229";"Com vítima";"20,000";"BR-290/RS";"Crescente";"Colisão transversal";2;0;0;0;0;0;0;0;0;0;3;1;0;0;0
"03/03/2025";"18:38:09";"232";"Sem vítima";"63,000";"BR-290/RS";"Crescente";"Capotamento";1;0;0;0;0;0;0;0;0;0;5;0;0;0;0
"03/03/2025";"20:49:35";"266";"Com vítima";"92,147";"BR-290/RS";"Crescente";"Atropelamento de pedestre";1;0;0;0;0;0;0;0;0;0;4;0;0;0;1
"04/03/2025";"05:39:45";"23";"Sem vítima";"258,000";"BR-386/RS";"Decrescente";"Saída de pista";0;0;1;0;0;0;0;0;0;0;2;0;0;0;0
"04/03/2025";"07:02:04";"45";"Com vítima";"36,000";"BR-290/RS";"Decrescente";"Queda de moto";0;0;0;1;0;0;0;0;0;0;0;1;0;0;0
"04/03/2025";"09:58:38";"124";"Sem vítima";"1,000";"BR-101/RS";"Crescente";"Colisão traseira";2;0;0;0;0;0;0;0;0;0;5;0;0;0;0
"04/03/2025";"10:49:51";"134";"Sem vítima";"72,000";"BR-101/RS";"Crescente";"Engavetamento";5;0;0;0;0;0;0;0;0;0;5;0;0;0;0
"04/03/2025";"16:51:58";"207";"Com vítima";"421,000";"BR-386/RS";"Crescente";"Queda de moto";0;0;0;1;0;0;0;0;0;0;0;0;1;0;0
"04/03/2025";"16:53:04";"208";"Com vítima";"24,000";"BR-290/RS";"Crescente";"Colisão lateral no mesmo sentido";1;0;0;0;0;0;0;0;0;0;0;0;0;1;0
"04/03/2025";"17:07:59";"211";"Sem vítima";"421,000";"BR-386/RS";"Crescente";"Colisão traseira";2;0;0;0;0;0;0;0;0;0;4;0;0;0;0
"04/03/2025";"18:15:52";"223";"Com vítima";"26,000";"BR-290/RS";"Crescente";"Queda de moto";0;0;0;1;0;0;0;0;0;0;0;0;1;0;0
"04/03/2025";"18:34:03";"229";"Sem vítima";"426,000";"BR-386/RS";"Crescente";"Colisão traseira";2;0;0;0;0;0;0;0;0;0;3;0;0;0;0
"04/03/2025";"22:47:19";"283";"Sem vítima";"299,000";"BR-386/RS";"Crescente";"Choque";0;0;1;0;0;0;0;0;0;0;1;0;0;0;0
"04/03/2025";"23:21:07";"290";"Com vítima";"258,000";"BR-386/RS";"Decrescente";"Colisão frontal";1;0;0;0;0;0;0;0;0;0;0;0;0;0;1
"05/03/2025";"00:15:48";"2";"Sem vítima";"73,000";"BR-290/RS";"Crescente";"Capotamento";1;0;0;0;0;0;0;0;0;0;4;0;0;0;0
"05/03/2025";"01:53:11";"15";"Com vítima";"86,000";"BR-290/RS";"Decrescente";"Capotamento";1;0;0;0;0;0;0;0;0;0;0;0;1;0;0