data;horario;n_da_ocorrencia;tipo_de_ocorrencia;km;trecho;sentido;tipo_de_acidente;automovel;bicicleta;caminhao;moto;onibus;outros;tracao_animal;transporte_de_cargas_especiais;trator_maquinas;utilitarios;ilesos;levemente_feridos;moderadamente_feridos;gravemente_feridos;mortos
"05/03/2025";"04:54:44";"29";"Sem vítima";"24,000";"BR-290/RS";"Crescente";"Colisão traseira";2;0;0;0;0;0;0;0;0;0;2;0;0;0;0
"05/03/2025";"09:41:07";"130";"Sem vítima";"262,000";"BR-386/RS";"Crescente";"Colisão traseira";2;0;0;0;0;0;0;0;0;0;9;0;0;0;0
"05/03/2025";"10:50:15";"150";"Sem vítima";"9,000";"BR-290/RS";"Decrescente";"Saída de pista";1;0;0;0;0;0;0;0;0;0;1;0;0;0;0
"05/03/2025";"13:36:58";"190";"Sem vítima";"60,000";"BR-290/RS";"Crescente";"Colisão lateral no mesmo sentido";2;0;0;0;0;0;0;0;0;0;5;0;0;0;0
"05/03/2025";"14:20:08";"198";"Sem vítima";"15,000";"BR-101/RS";"Crescente";"Choque";2;0;0;0;0;0;0;0;0;0;4;0;0;0;0
"05/03/2025";"17:54:17";"256";"Com vítima";"35,000";"BR-290/RS";"Crescente";"Choque";1;0;0;0;0;0;0;0;0;0;3;1;2;0;0
"05/03/2025";"19:18:01";"273";"Com vítima";"75,000";"BR-290/RS";"Decrescente";"Colisão traseira";0;0;0;1;0;0;0;0;0;0;0;0;1;0;0
"05/03/2025";"21:54:02";"315";"Sem vítima";"57,000";"BR-101/RS";"Decrescente";"Choque";1;0;0;0;0;0;0;0;0;0;3;0;0;0;0
"06/03/2025";"07:48:59";"70";"Sem vítima";"92,000";"BR-290/RS";"Crescente";"Engavetamento";2;0;1;0;0;0;0;0;0;0;4;0;0;0;0
"06/03/2025";"09:48:54";"123";"Sem vítima";"344,000";"BR-386/RS";"Crescente";"Colisão lateral no mesmo sentido";2;0;0;0;0;0;0;0;0;0;4;0;0;0;0
"06/03/2025";"11:29:12";"153";"Com vítima";"339,000";"BR-386/RS";"Decrescente";"Tombamento";0;0;1;0;0;0;0;0;0;0;0;0;1;0;0
"06/03/2025";"14:28:24";"193";"Com vítima";"15,000";"BR-448/RS";"Crescente";"Choque";1;0;0;0;0;0;0;0;0;0;0;1;0;0;0
"06/03/2025";"15:49:58";"208";"Com vítima";"440,000";"BR-386/RS";"Crescente";"Colisão traseira";0;0;1;1;0;0;0;0;0;0;1;1;0;0;0
"06/03/2025";"17:39:53";"225";"Com vítima";"306,600";"BR-386/RS";"Decrescente";"Colisão traseira";0;0;2;0;0;0;0;0;0;0;1;0;1;0;0
"06/03/2025";"20:38:46";"247";"Com vítima";"92,200";"BR-290/RS";"Crescente";"Colisão traseira";1;0;0;1;0;0;0;0;0;0;2;0;2;0;0
"07/03/2025";"07:23:55";"51";"Sem vítima";"92,000";"BR-290/RS";"Crescente";"Colisão lateral no mesmo sentido";2;0;1;0;0;0;0;0;0;0;4;0;0;0;0
"07/03/2025";"08:13:29";"87";"Sem vítima";"96,000";"BR-290/RS";"Crescente";"Colisão traseira";2;0;0;0;0;0;0;0;0;0;2;0;0;0;0
"07/03/2025";"08:27:47";"96";"Com vítima";"95,800";"BR-290/RS";"Crescente";"Colisão lateral no mesmo sentido";0;0;0;1;0;0;0;0;0;0;0;0;1;0;0
"07/03/2025";"08:35:53";"100";"Com vítima";"42,000";"BR-290/RS";"Crescente";"Colisão traseira";1;0;0;0;0;0;0;0;0;0;0;0;1;0;0
"07/03/2025";"12:35:57";"160";"Sem vítima";"93,000";"BR-290/RS";"Decrescente";"Colisão lateral no mesmo sentido";1;0;1;0;0;0;0;0;0;0;4;0;0;0;0
"07/03/2025";"15:20:34";"205";"Sem vítima";"94,000";"BR-290/RS";"Decrescente";"Colisão traseira";2;0;1;0;0;0;0;0;0;0;4;0;0;0;0
"07/03/2025";"15:40:57";"209";"Com vítima";"17,000";"BR-448/RS";"Crescente";"Colisão lateral no mesmo sentido";0;0;0;1;0;0;0;0;0;0;0;0;1;0;0
"07/03/2025";"18:05:31";"243";"Sem vítima";"419,000";"BR-386/RS";"Crescente";"Colisão lateral no mesmo sentido";1;0;1;0;0;0;0;0;0;0;2;0;0;0;0
"07/03/2025";"18:44:26";"251";"Sem vítima";"87,000";"BR-290/RS";"Decrescente";"Colisão traseira";2;0;0;1;0;0;0;0;0;0;3;0;0;0;0
"07/03/2025";"21:02:02";"279";"Sem vítima";"246,000";"BR-386/RS";"Decrescente";"Colisão frontal";2;0;0;0;0;0;0;0;0;0;2;0;0;0;0
"07/03/2025";"22:10:24";"283";"Com vítima";"29,976";"BR-290/RS";"Decrescente";"Acidentes de outra natureza";2;0;0;0;0;0;0;0;0;0;5;0;0;0;1
"08/03/2025";"01:11:45";"6";"Com vítima";"347,000";"BR-386/RS";"Crescente";"Choque";1;0;0;0;0;0;0;0;0;0;0;1;0;0;0
"08/03/2025";"05:52:29";"26";"Sem vítima";"349,000";"BR-386/RS";"Crescente";"Saída de pista";1;0;0;0;0;0;0;0;0;0;2;0;0;0;0
"08/03/2025";"06:36:51";"38";"Sem vítima";"15,000";"BR-290/RS";"Decrescente";"Queda de moto";0;0;0;1;0;0;0;0;0;0;2;0;0;0;0
"08/03/2025";"08:10:25";"82";"Sem vítima";"92,000";"BR-290/RS";"Decrescente";"Colisão lateral no mesmo sentido";2;0;0;0;0;0;0;0;0;0;4;0;0;0;0
"08/03/2025";"09:09:39";"92";"Sem vítima";"57,000";"BR-290/RS";"Crescente";"Choque";1;0;0;0;0;0;0;0;0;0;1;0;0;0;0
"08/03/2025";"15:50:36";"180";"Sem vítima";"426,000";"BR-386/RS";"Crescente";"Colisão traseira";2;0;0;0;0;0;0;0;0;0;5;0;0;0;0
"08/03/2025";"16:02:35";"182";"Sem vítima";"77,000";"BR-290/RS";"Crescente";"Colisão traseira";2;0;0;0;0;0;0;0;0;0;3;0;0;0;0
"08/03/2025";"16:06:55";"184";"Com vítima";"343,000";"BR-386/RS";"Decrescente";"Colisão lateral no mesmo sentido";1;0;0;1;0;0;0;0;0;0;3;1;0;0;0
"08/03/2025";"20:55:37";"249";"Com vítima";"306,000";"BR-386/RS";"Decrescente";"Capotamento";0;0;1;0;0;0;0;0;0;0;0;0;0;1;0
"08/03/2025";"21:45:12";"252";"Com vítima";"53,500";"BR-101/RS";"Decrescente";"Acidentes de outra natureza";0;0;0;0;0;0;0;0;0;0;0;0;0;0;1
"09/03/2025";"07:03:23";"18";"Sem vítima";"75,000";"BR-290/RS";"Decrescente";"Choque";1;0;0;0;0;0;0;0;0;0;1;0;0;0;0
"09/03/2025";"07:57:16";"25";"Sem vítima";"94,000";"BR-290/RS";"Decrescente";"Choque";1;0;0;0;0;0;0;0;0;0;1;0;0;0;0
"09/03/2025";"08:00:32";"26";"Com vítima";"26,000";"BR-290/RS";"Crescente";"Queda de moto";0;0;0;1;0;0;0;0;0;0;0;1;0;0;0
"09/03/2025";"08:56:27";"34";"Sem vítima";"9,000";"BR-448/RS";"Decrescente";"Saída de pista";1;0;0;0;0;0;0;0;0;0;2;0;0;0;0
"09/03/2025";"10:05:07";"42";"Com vítima";"86,600";"BR-290/RS";"Decrescente";"Choque";1;0;0;0;0;0;0;0;0;0;0;1;0;0;0
"09/03/2025";"10:27:17";"45";"Sem vítima";"25,000";"BR-290/RS";"Decrescente";"Saída de pista";1;0;0;0;0;0;0;0;0;0;1;0;0;0;0
"09/03/2025";"10:34:24";"47";"Com vítima";"306,000";"BR-386/RS";"Decrescente";"Colisão transversal";1;0;0;0;0;0;0;0;0;0;0;1;0;0;0
"09/03/2025";"11:11:17";"56";"Sem vítima";"306,000";"BR-386/RS";"Decrescente";"Saída de pista";1;0;0;0;0;0;0;0;0;0;1;0;0;0;0
"09/03/2025";"11:33:49";"60";"Sem vítima";"80,000";"BR-290/RS";"Crescente";"Choque";1;0;0;0;0;0;0;0;0;0;1;0;0;0;0
"09/03/2025";"12:35:01";"71";"Sem vítima";"10,800";"BR-290/RS";"Decrescente";"Saída de pista";1;0;0;0;0;0;0;0;0;0;4;0;0;0;0
"09/03/2025";"13:07:36";"78";"Sem vítima";"346,000";"BR-386/RS";"Decrescente";"Choque";1;0;0;0;0;0;0;0;0;0;1;0;0;0;0
"09/03/2025";"13:32:10";"82";"Sem vítima";"440,000";"BR-386/RS";"Crescente";"Capotamento";1;0;0;0;0;0;0;0;0;0;2;0;0;0;0
"09/03/2025";"13:34:01";"83";"Sem vítima";"16,000";"BR-290/RS";"Decrescente";"Saída de pista";1;0;0;0;0;0;0;0;0;0;1;0;0;0;0
"09/03/2025";"14:47:59";"101";"Sem vítima";"22,000";"BR-448/RS";"Crescente";"Choque";1;0;0;0;0;0;0;0;0;0;2;0;0;0;0
"09/03/2025";"14:59:42";"104";"Sem vítima";"10,000";"BR-448/RS";"Decrescente";"Saída de pista";1;0;0;0;0;0;0;0;0;0;1;0;0;0;0
"09/03/2025";"15:34:02";"111";"Sem vítima";"4,000";"BR-290/RS";"Crescente";"Engavetamento";5;0;0;0;0;0;0;0;0;0;5;0;0;0;0
"09/03/2025";"15:44:41";"115";"Sem vítima";"411,000";"BR-386/RS";"Decrescente";"Saída de pista";0;0;0;1;0;0;0;0;0;0;1;0;0;0;0
"09/03/2025";"15:55:30";"116";"Sem vítima";"35,800";"BR-290/RS";"Crescente";"Colisão traseira";2;0;0;0;0;0;0;0;0;0;2;0;0;0;0
"09/03/2025";"16:40:36";"129";"Sem vítima";"304,000";"BR-386/RS";"Crescente";"Colisão lateral no mesmo sentido";3;0;0;0;0;0;0;0;0;0;3;0;0;0;0
"09/03/2025";"16:41:52";"132";"Sem vítima";"83,000";"BR-101/RS";"Crescente";"Engavetamento";3;0;0;0;0;0;0;0;0;0;7;0;0;0;0
"09/03/2025";"16:48:44";"134";"Com vítima";"306,000";"BR-386/RS";"Decrescente";"Colisão frontal";1;0;0;0;0;0;0;0;0;0;0;0;0;1;0
"09/03/2025";"17:04:13";"135";"Sem vítima";"22,000";"BR-448/RS";"Crescente";"Colisão lateral no mesmo sentido";2;0;0;0;0;0;0;0;0;0;2;0;0;0;0
"09/03/2025";"17:06:31";"136";"Sem vítima";"5,000";"BR-290/RS";"Crescente";"Saída de pista";1;0;0;0;0;0;0;0;0;0;1;0;0;0;0
"09/03/2025";"17:16:04";"137";"Sem vítima";"94,000";"BR-290/RS";"Crescente";"Choque";1;0;0;0;0;0;0;0;0;0;2;0;0;0;0
"09/03/2025";"17:20:19";"138";"Sem vítima";"10,000";"BR-290/RS";"Crescente";"Engavetamento";3;0;0;0;0;0;0;0;0;0;9;0;0;0;0
"09/03/2025";"18:50:44";"158";"Sem vítima";"309,000";"BR-386/RS";"Crescente";"Colisão traseira";2;0;0;0;0;0;0;0;0;0;2;0;0;0;0
"09/03/2025";"18:56:14";"162";"Com vítima";"22,000";"BR-448/RS";"Decrescente";"Colisão frontal";2;0;0;0;0;0;0;0;0;0;4;1;0;0;0
"09/03/2025";"19:09:56";"167";"Com vítima";"69,000";"BR-290/RS";"Crescente";"Colisão traseira";1;0;0;0;0;0;0;0;0;0;0;0;1;0;0
"09/03/2025";"19:26:52";"172";"Sem vítima";"10,000";"BR-448/RS";"Decrescente";"Saída de pista";1;0;0;0;0;0;0;0;0;0;2;0;0;0;0
"09/03/2025";"21:10:48";"183";"Sem vítima";"35,000";"BR-101/RS";"Decrescente";"Colisão traseira";1;0;1;0;0;0;0;0;0;0;5;0;0;0;0
"09/03/2025";"22:20:35";"193";"Sem vítima";"219,000";"BR-386/RS";"Decrescente";"Colisão transversal";2;0;0;0;0;0;0;0;0;0;3;0;0;0;0
"10/03/2025";"03:14:48";"7";"Sem vítima";"307,000";"BR-386/RS";"Crescente";"Saída de pista";1;0;0;0;0;0;0;0;0;0;1;0;0;0;0
"10/03/2025";"05:03:28";"14";"Sem vítima";"343,000";"BR-386/RS";"Decrescente";"Colisão traseira";2;0;0;0;0;0;0;0;0;0;2;0;0;0;0
"10/03/2025";"06:19:11";"19";"Com vítima";"362,000";"BR-386/RS";"Decrescente";"Colisão lateral no mesmo sentido";1;0;1;0;0;0;0;0;0;0;2;2;0;0;0
"10/03/2025";"07:18:11";"59";"Sem vítima";"90,000";"BR-290/RS";"Crescente";"Engavetamento";3;0;0;0;0;0;0;0;0;0;5;0;0;0;0
"10/03/2025";"07:23:00";"62";"Sem vítima";"89,000";"BR-290/RS";"Crescente";"Engavetamento";5;0;0;0;0;0;0;0;0;0;7;0;0;0;0
"10/03/2025";"08:51:11";"104";"Com vítima";"84,000";"BR-290/RS";"Crescente";"Colisão traseira";1;0;0;0;0;0;0;0;0;0;0;1;0;0;0
"10/03/2025";"10:23:55";"129";"Sem vítima";"60,000";"BR-290/RS";"Crescente";"Colisão lateral no mesmo sentido";2;0;0;0;0;0;0;0;0;0;7;0;0;0;0
"10/03/2025";"14:46:15";"179";"Com vítima";"232,000";"BR-386/RS";"Crescente";"Colisão traseira";1;0;0;0;0;0;0;0;0;0;0;1;0;0;0
"10/03/2025";"15:18:30";"184";"Sem vítima";"88,000";"BR-290/RS";"Crescente";"Queda de moto";0;0;0;1;0;0;0;0;0;0;1;0;0;0;0
"10/03/2025";"16:06:15";"191";"Sem vítima";"35,000";"BR-101/RS";"Crescente";"Colisão traseira";1;0;0;1;0;0;0;0;0;0;5;0;0;0;0
"11/03/2025";"03:17:43";"13";"Sem vítima";"87,000";"BR-290/RS";"Decrescente";"Tombamento";0;0;1;0;0;0;0;0;0;0;2;0;0;0;0
"11/03/2025";"06:35:09";"29";"Sem vítima";"346,000";"BR-386/RS";"Crescente";"Colisão traseira";1;0;1;0;0;0;0;0;0;0;2;0;0;0;0
"11/03/2025";"07:53:26";"92";"Sem vítima";"91,000";"BR-290/RS";"Crescente";"Engavetamento";3;0;0;0;0;0;0;0;0;0;5;0;0;0;0
"11/03/2025";"08:03:39";"104";"Sem vítima";"60,000";"BR-290/RS";"Crescente";"Colisão traseira";2;0;0;0;0;0;0;0;0;0;2;0;0;0;0
"11/03/2025";"10:40:01";"147";"Sem vítima";"338,000";"BR-386/RS";"Decrescente";"Colisão traseira";1;0;0;0;0;0;0;0;0;0;2;0;0;0;0
"11/03/2025";"12:18:35";"161";"Com vítima";"58,000";"BR-290/RS";"Crescente";"Queda de moto";0;0;0;1;0;0;0;0;0;0;0;1;0;0;0
"11/03/2025";"16:00:38";"190";"Com vítima";"83,000";"BR-290/RS";"Crescente";"Colisão lateral no mesmo sentido";1;0;0;0;0;0;0;0;0;0;0;1;0;0;0
"11/03/2025";"18:24:04";"210";"Com vítima";"251,350";"BR-386/RS";"Crescente";"Engavetamento";1;0;1;0;0;0;0;0;0;0;4;1;0;0;0
"12/03/2025";"01:31:56";"3";"Sem vítima";"21,000";"BR-101/RS";"Decrescente";"Choque";1;0;0;0;0;0;0;0;0;0;1;0;0;0;0
"12/03/2025";"01:49:42";"4";"Sem vítima";"369,200";"BR-386/RS";"Crescente";"Colisão traseira";0;0;2;0;0;0;0;0;0;0;2;0;0;0;0
"12/03/2025";"13:45:30";"194";"Sem vítima";"423,000";"BR-386/RS";"Crescente";"Saída de pista";1;0;0;0;0;0;0;0;0;0;1;0;0;0;0
"12/03/2025";"15:56:33";"218";"Sem vítima";"248,000";"BR-386/RS";"Crescente";"Colisão frontal";1;0;0;0;0;0;0;0;0;0;1;0;0;0;0
"12/03/2025";"21:10:27";"265";"Sem vítima";"19,000";"BR-290/RS";"Crescente";"Colisão traseira";1;0;1;0;0;0;0;0;0;0;2;0;0;0;0
"12/03/2025";"23:24:25";"281";"Sem vítima";"56,000";"BR-290/RS";"Decrescente";"Colisão traseira";0;0;2;0;0;0;0;0;0;0;2;0;0;0;0
"12/03/2025";"23:45:39";"282";"Sem vítima";"436,000";"BR-386/RS";"Crescente";"Saída de pista";1;0;0;0;0;0;0;0;0;0;1;0;0;0;0
"13/03/2025";"08:37:00";"111";"Sem vítima";"351,000";"BR-386/RS";"Decrescente";"Colisão traseira";2;0;0;0;0;0;0;0;0;0;2;0;0;0;0
"13/03/2025";"10:09:27";"135";"Sem vítima";"252,000";"BR-386/RS";"Decrescente";"Choque";0;0;1;0;0;0;0;0;0;0;1;0;0;0;0
"13/03/2025";"14:18:26";"182";"Sem vítima";"332,000";"BR-386/RS";"Crescente";"Saída de pista";0;0;1;0;0;0;0;0;0;0;1;0;0;0;0
"13/03/2025";"15:05:48";"188";"Sem vítima";"351,000";"BR-386/RS";"Decrescente";"Colisão lateral no mesmo sentido";1;0;1;0;0;0;0;0;0;0;3;0;0;0;0
"13/03/2025";"19:18:11";"235";"Com vítima";"64,000";"BR-101/RS";"Decrescente";"Colisão traseira";0;0;2;0;0;0;0;0;0;0;3;0;1;0;0
"13/03/2025";"19:36:59";"239";"Sem vítima";"65,000";"BR-101/RS";"Decrescente";"Colisão traseira";3;0;0;0;0;0;0;0;0;0;5;0;0;0;0
"13/03/2025";"23:31:45";"273";"Sem vítima";"349,000";"BR-386/RS";"Decrescente";"Tombamento";0;0;1;0;0;0;0;0;0;0;1;0;0;0;0
"14/03/2025";"08:18:17";"94";"Com vítima";"435,000";"BR-386/RS";"Crescente";"Colisão traseira";2;0;0;0;0;0;0;0;0;0;1;1;0;0;0
"14/03/2025";"08:21:26";"98";"Com vítima";"347,000";"BR-386/RS";"Decrescente";"Colisão traseira";0;0;1;1;0;0;0;0;0;0;2;1;0;0;0
"14/03/2025";"09:09:37";"126";"Com vítima";"382,000";"BR-386/RS";"Decrescente";"Queda de moto";0;0;0;1;0;0;0;0;0;0;1;1;0;0;0
"14/03/2025";"11:58:36";"164";"Com vítima";"14,000";"BR-290/RS";"Crescente";"Colisão traseira";0;0;1;0;0;0;0;0;0;0;0;0;1;0;0
"14/03/2025";"12:05:48";"167";"Com vítima";"305,000";"BR-386/RS";"Crescente";"Colisão traseira";0;0;0;1;0;0;0;0;0;0;0;0;1;0;0
"14/03/2025";"15:06:51";"198";"Sem vítima";"336,000";"BR-386/RS";"Decrescente";"Saída de pista";1;0;0;0;0;0;0;0;0;0;1;0;0;0;0
"14/03/2025";"15:16:19";"200";"Sem vítima";"76,000";"BR-290/RS";"Crescente";"Queda de moto";0;0;0;1;0;0;0;0;0;0;1;0;0;0;0
"14/03/2025";"17:20:17";"219";"Sem vítima";"75,000";"BR-290/RS";"Decrescente";"Tombamento";2;0;1;0;0;0;0;0;0;0;3;0;0;0;0
"14/03/2025";"20:10:35";"247";"Com vítima";"349,100";"BR-386/RS";"Decrescente";"Colisão traseira";1;0;0;1;0;0;0;0;0;0;2;1;0;0;0
"15/03/2025";"01:50:36";"3";"Com vítima";"74,000";"BR-290/RS";"Crescente";"Choque";0;0;0;1;0;0;0;0;0;0;0;0;1;0;0
"15/03/2025";"05:02:34";"9";"Com vítima";"360,000";"BR-386/RS";"Crescente";"Saída de pista";1;0;0;0;0;0;0;0;0;0;0;1;0;0;0
"15/03/2025";"09:05:04";"94";"Com vítima";"342,000";"BR-386/RS";"Crescente";"Queda de moto";0;0;0;1;0;0;0;0;0;0;0;1;0;0;0
"15/03/2025";"09:42:12";"98";"Sem vítima";"25,000";"BR-290/RS";"Crescente";"Colisão lateral no mesmo sentido";2;0;0;0;0;0;0;0;0;0;9;0;0;0;0
"15/03/2025";"10:31:13";"114";"Sem vítima";"75,000";"BR-290/RS";"Decrescente";"Choque";1;0;0;0;0;0;0;0;0;0;3;0;0;0;0
"15/03/2025";"13:11:39";"127";"Sem vítima";"349,000";"BR-386/RS";"Decrescente";"Colisão lateral no mesmo sentido";0;0;2;0;0;0;0;0;0;0;2;0;0;0;0
"15/03/2025";"14:28:27";"137";"Com vítima";"307,000";"BR-386/RS";"Crescente";"Colisão frontal";0;0;0;1;0;0;0;0;0;0;0;0;0;0;1
"15/03/2025";"20:00:42";"166";"Sem vítima";"90,500";"BR-290/RS";"Crescente";"Capotamento";2;0;0;0;0;0;0;0;0;0;7;0;0;0;0
"15/03/2025";"20:49:18";"174";"Com vítima";"356,450";"BR-386/RS";"Crescente";"Saída de pista";1;0;0;0;0;0;0;0;0;0;0;0;1;0;0
"16/03/2025";"00:04:23";"1";"Com vítima";"26,000";"BR-290/RS";"Crescente";"Colisão traseira";1;0;0;0;0;0;0;0;0;0;0;1;0;0;0
"16/03/2025";"04:57:50";"8";"Sem vítima";"217,500";"BR-386/RS";"Crescente";"Choque";1;0;0;0;0;0;0;0;0;0;1;0;0;0;0
"16/03/2025";"10:25:50";"53";"Sem vítima";"236,000";"BR-386/RS";"Decrescente";"Colisão traseira";3;0;1;0;0;0;0;0;0;0;8;0;0;0;0
"16/03/2025";"12:11:15";"65";"Sem vítima";"215,000";"BR-386/RS";"Crescente";"Colisão traseira";2;0;0;0;0;0;0;0;0;0;5;0;0;0;0
"16/03/2025";"15:24:25";"94";"Com vítima";"373,000";"BR-386/RS";"Crescente";"Queda de moto";1;0;0;0;0;0;0;0;0;0;0;1;0;0;0
"16/03/2025";"21:40:23";"171";"Com vítima";"13,000";"BR-101/RS";"Crescente";"Capotamento";1;0;0;0;0;0;0;0;0;0;0;1;0;0;0
"17/03/2025";"01:28:23";"2";"Sem vítima";"21,800";"BR-448/RS";"Crescente";"Choque";1;0;0;0;0;0;0;0;0;0;3;0;0;0;0
"17/03/2025";"07:36:24";"68";"Com vítima";"354,000";"BR-386/RS";"Crescente";"Colisão traseira";1;0;0;0;0;0;0;0;0;0;0;1;0;0;0
"17/03/2025";"07:59:29";"94";"Sem vítima";"76,000";"BR-290/RS";"Crescente";"Choque";1;0;0;0;0;0;0;0;0;0;1;0;0;0;0
"17/03/2025";"09:19:35";"119";"Sem vítima";"87,000";"BR-290/RS";"Decrescente";"Colisão traseira";2;0;0;0;0;0;0;0;0;0;4;0;0;0;0
"17/03/2025";"10:00:24";"135";"Sem vítima";"86,600";"BR-290/RS";"Decrescente";"Engavetamento";3;0;0;0;0;0;0;0;0;0;5;0;0;0;0
"17/03/2025";"11:11:33";"155";"Sem vítima";"60,000";"BR-290/RS";"Crescente";"Colisão traseira";2;0;0;0;0;0;0;0;0;0;4;0;0;0;0
"17/03/2025";"12:03:09";"171";"Sem vítima";"10,000";"BR-101/RS";"Decrescente";"Colisão traseira";2;0;0;0;0;0;0;0;0;0;4;0;0;0;0
"17/03/2025";"16:46:00";"226";"Com vítima";"96,000";"BR-290/RS";"Crescente";"Colisão lateral no mesmo sentido";0;0;0;1;0;0;0;0;0;0;0;0;1;0;0
"17/03/2025";"16:50:35";"228";"Sem vítima";"370,000";"BR-386/RS";"Crescente";"Saída de pista";0;0;1;0;0;0;0;0;0;0;1;0;0;0;0
"17/03/2025";"18:26:19";"242";"Sem vítima";"245,000";"BR-386/RS";"Crescente";"Colisão frontal";2;0;0;0;0;0;0;0;0;0;3;0;0;0;0
"17/03/2025";"23:56:17";"280";"Sem vítima";"17,000";"BR-290/RS";"Crescente";"Saída de pista";0;0;1;0;0;0;0;0;0;0;2;0;0;0;0
"18/03/2025";"07:56:10";"86";"Sem vítima";"348,200";"BR-386/RS";"Decrescente";"Colisão lateral no mesmo sentido";2;0;0;0;0;0;0;0;0;0;2;0;0;0;0
"18/03/2025";"08:50:03";"117";"Sem vítima";"75,000";"BR-290/RS";"Decrescente";"Colisão traseira";0;0;1;1;0;0;0;0;0;0;2;0;0;0;0
"18/03/2025";"12:52:57";"176";"Sem vítima";"440,000";"BR-386/RS";"Crescente";"Choque";0;0;1;0;0;0;0;0;0;0;1;0;0;0;0
"18/03/2025";"13:41:23";"187";"Sem vítima";"229,000";"BR-386/RS";"Crescente";"Colisão traseira";2;0;0;0;0;0;0;0;0;0;4;0;0;0;0
"18/03/2025";"18:26:56";"244";"Sem vítima";"15,000";"BR-101/RS";"Crescente";"Capotamento";1;0;0;0;0;0;0;0;0;0;1;0;0;0;0
"18/03/2025";"18:58:54";"249";"Sem vítima";"80,000";"BR-290/RS";"Crescente";"Saída de pista";1;0;0;0;0;0;0;0;0;0;1;0;0;0;0
"18/03/2025";"19:00:35";"250";"Com vítima";"60,000";"BR-290/RS";"Decrescente";"Colisão traseira";1;0;0;0;0;0;0;0;0;0;0;1;0;0;0
"18/03/2025";"21:07:28";"268";"Sem vítima";"391,000";"BR-386/RS";"Crescente";"Atropelamento de pedestre";1;0;0;0;0;0;0;0;0;0;2;0;0;0;0
"18/03/2025";"23:14:02";"280";"Com vítima";"4,000";"BR-290/RS";"Crescente";"Tombamento";0;0;1;0;0;0;0;0;0;0;0;1;0;0;0
"19/03/2025";"06:40:03";"27";"Sem vítima";"85,000";"BR-290/RS";"Decrescente";"Saída de pista";1;0;0;0;0;0;0;0;0;0;2;0;0;0;0
"19/03/2025";"09:16:20";"122";"Sem vítima";"90,000";"BR-290/RS";"Crescente";"Colisão traseira";2;0;0;0;0;0;0;0;0;0;3;0;0;0;0
"19/03/2025";"10:40:49";"148";"Com vítima";"4,600";"BR-290/RS";"Crescente";"Colisão traseira";1;0;0;1;0;0;0;0;0;0;4;1;0;0;0
"20/03/2025";"08:39:24";"117";"Com vítima";"435,000";"BR-386/RS";"Decrescente";"Colisão lateral no mesmo sentido";2;0;0;0;0;0;0;0;0;0;1;1;0;0;0
"20/03/2025";"09:11:02";"127";"Sem vítima";"235,000";"BR-386/RS";"Decrescente";"Saída de pista";0;0;1;0;0;0;0;0;0;0;1;0;0;0;0
"21/03/2025";"04:18:47";"13";"Sem vítima";"347,000";"BR-386/RS";"Decrescente";"Capotamento";1;0;0;0;0;0;0;0;0;0;1;0;0;0;0
"21/03/2025";"05:04:06";"15";"Sem vítima";"260,300";"BR-386/RS";"Crescente";"Saída de pista";1;0;0;0;0;0;0;0;0;0;1;0;0;0;0
"21/03/2025";"15:49:56";"237";"Com vítima";"245,800";"BR-386/RS";"Decrescente";"Colisão traseira";0;0;0;1;0;0;0;0;0;0;0;0;1;0;0
"21/03/2025";"17:46:35";"261";"Com vítima";"95,000";"BR-290/RS";"Crescente";"Choque";0;0;0;1;0;0;0;0;0;0;0;0;1;0;0
"21/03/2025";"18:18:36";"266";"Com vítima";"375,000";"BR-386/RS";"Crescente";"Colisão lateral no mesmo sentido";1;0;0;1;0;0;0;0;0;0;1;1;0;0;0
"21/03/2025";"19:10:51";"277";"Com vítima";"86,000";"BR-101/RS";"Decrescente";"Colisão lateral no mesmo sentido";1;0;0;1;0;0;0;0;0;0;3;1;0;0;0
"21/03/2025";"21:37:19";"297";"Sem vítima";"276,000";"BR-386/RS";"Decrescente";"Capotamento";1;0;0;0;0;0;0;0;0;0;1;0;0;0;0
"22/03/2025";"12:19:49";"92";"Sem vítima";"75,000";"BR-290/RS";"Crescente";"Capotamento";1;0;0;0;0;0;0;0;0;0;1;0;0;0;0
"22/03/2025";"15:52:41";"131";"Sem vítima";"226,000";"BR-386/RS";"Decrescente";"Colisão lateral no mesmo sentido";0;0;2;0;0;0;0;0;0;0;2;0;0;0;0
"22/03/2025";"16:41:22";"140";"Sem vítima";"216,900";"BR-386/RS";"Crescente";"Choque";1;0;0;0;0;0;0;0;0;0;1;0;0;0;0