data;horario;n_da_ocorrencia;tipo_de_ocorrencia;km;trecho;sentido;tipo_de_acidente;automovel;bicicleta;caminhao;moto;onibus;outros;tracao_animal;transporte_de_cargas_especiais;trator_maquinas;utilitarios;ilesos;levemente_feridos;moderadamente_feridos;gravemente_feridos;mortos
"22/03/2025";"18:06:06";"149";"Sem vítima";"350,000";"BR-386/RS";"Decrescente";"Colisão traseira";2;0;0;0;0;0;0;0;0;0;3;0;0;0;0
"22/03/2025";"23:49:42";"183";"Com vítima";"10,000";"BR-290/RS";"Decrescente";"Saída de pista";1;0;0;0;0;0;0;0;0;0;3;1;0;0;0
"23/03/2025";"03:02:07";"9";"Com vítima";"76,000";"BR-290/RS";"Crescente";"Saída de pista";1;0;0;0;0;0;0;0;0;0;0;0;0;1;0
"23/03/2025";"05:03:20";"13";"Sem vítima";"349,000";"BR-386/RS";"Crescente";"Choque";1;0;0;0;0;0;0;0;0;0;1;0;0;0;0
"23/03/2025";"11:51:23";"58";"Sem vítima";"96,000";"BR-290/RS";"Decrescente";"Engavetamento";3;0;0;0;0;0;0;0;0;0;6;0;0;0;0
"23/03/2025";"16:27:40";"86";"Sem vítima";"426,000";"BR-386/RS";"Decrescente";"Colisão transversal";2;0;0;0;0;0;0;0;0;0;6;0;0;0;0
"23/03/2025";"16:38:18";"90";"Sem vítima";"336,000";"BR-386/RS";"Decrescente";"Colisão lateral no mesmo sentido";1;0;0;0;0;0;0;0;0;0;1;0;0;0;0
"23/03/2025";"16:57:49";"96";"Sem vítima";"19,000";"BR-101/RS";"Crescente";"Engavetamento";2;0;0;0;0;0;0;0;0;0;2;0;0;0;0
"23/03/2025";"21:24:35";"147";"Com vítima";"25,000";"BR-101/RS";"Crescente";"Capotamento";1;0;0;0;0;0;0;0;0;0;1;0;4;0;0
"24/03/2025";"06:12:20";"15";"Sem vítima";"349,000";"BR-386/RS";"Decrescente";"Choque";1;0;0;0;0;0;0;0;0;0;2;0;0;0;0
"24/03/2025";"07:18:43";"43";"Com vítima";"283,430";"BR-386/RS";"Decrescente";"Queda de moto";0;0;0;1;0;0;0;0;0;0;0;1;0;0;0
"24/03/2025";"07:31:25";"52";"Sem vítima";"333,000";"BR-386/RS";"Decrescente";"Colisão lateral no mesmo sentido";2;0;0;0;0;0;0;0;0;0;4;0;0;0;0
"24/03/2025";"16:26:11";"193";"Sem vítima";"297,000";"BR-386/RS";"Decrescente";"Choque";1;0;0;0;0;0;0;0;0;0;2;0;0;0;0
"24/03/2025";"17:20:11";"202";"Com vítima";"92,000";"BR-290/RS";"Decrescente";"Colisão lateral no mesmo sentido";1;0;0;1;0;0;0;0;0;0;1;1;0;0;0
"24/03/2025";"17:39:07";"207";"Sem vítima";"95,000";"BR-290/RS";"Decrescente";"Engavetamento";3;0;0;0;0;0;0;0;0;0;3;0;0;0;0
"24/03/2025";"19:56:33";"230";"Sem vítima";"372,000";"BR-386/RS";"Decrescente";"Capotamento";1;0;0;0;0;0;0;0;0;0;3;0;0;0;0
"25/03/2025";"02:18:58";"7";"Com vítima";"283,900";"BR-386/RS";"Crescente";"Tombamento";0;0;1;0;0;0;0;0;0;0;0;0;0;1;0
"25/03/2025";"05:50:01";"18";"Sem vítima";"401,000";"BR-386/RS";"Crescente";"Choque";0;0;1;0;0;0;0;0;0;0;1;0;0;0;0
"25/03/2025";"08:24:20";"104";"Sem vítima";"39,000";"BR-290/RS";"Crescente";"Colisão traseira";2;0;0;0;0;0;0;0;0;0;3;0;0;0;0
"25/03/2025";"12:31:25";"155";"Com vítima";"392,000";"BR-386/RS";"Decrescente";"Colisão lateral no mesmo sentido";1;0;0;1;0;0;0;0;0;0;2;1;0;0;0
"25/03/2025";"13:47:06";"168";"Com vítima";"333,000";"BR-386/RS";"Decrescente";"Choque";1;0;0;0;0;0;0;0;0;0;0;1;0;0;0
"25/03/2025";"14:19:29";"171";"Sem vítima";"344,000";"BR-386/RS";"Decrescente";"Colisão lateral no mesmo sentido";1;0;1;0;0;0;0;0;0;0;2;0;0;0;0
"25/03/2025";"14:58:59";"185";"Sem vítima";"385,000";"BR-386/RS";"Crescente";"Saída de pista";0;0;1;0;0;0;0;0;0;0;1;0;0;0;0
"25/03/2025";"17:32:10";"204";"Sem vítima";"92,000";"BR-290/RS";"Decrescente";"Colisão traseira";2;0;0;0;0;0;0;0;0;0;3;0;0;0;0
"25/03/2025";"18:30:23";"207";"Sem vítima";"435,000";"BR-386/RS";"Decrescente";"Colisão transversal";1;0;0;1;0;0;0;0;0;0;3;0;0;0;0
"26/03/2025";"07:25:22";"57";"Sem vítima";"9,000";"BR-448/RS";"Crescente";"Capotamento";1;0;0;0;0;0;0;0;0;0;2;0;0;0;0
"26/03/2025";"19:03:32";"228";"Sem vítima";"96,000";"BR-290/RS";"Crescente";"Saída de pista";1;0;0;0;0;0;0;0;0;0;2;0;0;0;0
"27/03/2025";"08:10:09";"82";"Sem vítima";"351,000";"BR-386/RS";"Decrescente";"Colisão transversal";1;0;0;0;0;0;0;0;0;0;2;0;0;0;0
"27/03/2025";"12:48:32";"151";"Sem vítima";"60,000";"BR-290/RS";"Crescente";"Colisão lateral no mesmo sentido";2;0;0;0;0;0;0;0;0;0;3;0;0;0;0
"27/03/2025";"17:00:25";"194";"Sem vítima";"7,000";"BR-101/RS";"Decrescente";"Saída de pista";1;0;0;0;0;0;0;0;0;0;1;0;0;0;0
"27/03/2025";"17:44:49";"203";"Sem vítima";"436,000";"BR-386/RS";"Decrescente";"Colisão traseira";1;0;1;0;0;0;0;0;0;0;3;0;0;0;0
"27/03/2025";"20:32:13";"223";"Com vítima";"91,000";"BR-290/RS";"Decrescente";"Queda de moto";0;0;0;1;0;0;0;0;0;0;0;1;0;0;0
"27/03/2025";"20:38:19";"224";"Sem vítima";"306,000";"BR-386/RS";"Crescente";"Saída de pista";1;0;0;0;0;0;0;0;0;0;1;0;0;0;0
"27/03/2025";"21:24:49";"233";"Sem vítima";"86,000";"BR-290/RS";"Crescente";"Saída de pista";1;0;0;0;0;0;0;0;0;0;1;0;0;0;0
"28/03/2025";"05:33:57";"14";"Com vítima";"52,000";"BR-101/RS";"Decrescente";"Tombamento";0;0;1;0;0;0;0;0;0;0;0;1;0;0;0
"28/03/2025";"07:52:51";"91";"Sem vítima";"362,000";"BR-386/RS";"Decrescente";"Colisão lateral no mesmo sentido";2;0;0;0;0;0;0;0;0;0;2;0;0;0;0
"28/03/2025";"09:28:58";"130";"Sem vítima";"401,000";"BR-386/RS";"Decrescente";"Saída de pista";1;0;0;0;0;0;0;0;0;0;2;0;0;0;0
"28/03/2025";"17:27:46";"214";"Sem vítima";"349,000";"BR-386/RS";"Crescente";"Engavetamento";1;0;1;0;0;0;0;0;0;0;2;0;0;0;0
"28/03/2025";"20:16:24";"238";"Sem vítima";"51,000";"BR-290/RS";"Crescente";"Colisão traseira";2;0;0;0;0;0;0;0;0;0;3;0;0;0;0
"28/03/2025";"21:12:28";"250";"Com vítima";"245,000";"BR-386/RS";"Decrescente";"Colisão transversal";1;0;1;0;0;0;0;0;0;0;2;1;0;0;0
"28/03/2025";"22:13:43";"258";"Sem vítima";"432,000";"BR-386/RS";"Decrescente";"Colisão transversal";0;0;2;0;0;0;0;0;0;0;2;0;0;0;0
"28/03/2025";"23:00:57";"260";"Sem vítima";"350,000";"BR-386/RS";"Decrescente";"Colisão traseira";3;0;0;0;0;0;0;0;0;0;5;0;0;0;0
"29/03/2025";"15:11:48";"150";"Com vítima";"58,000";"BR-290/RS";"Crescente";"Capotamento";1;0;0;0;0;0;0;0;0;0;0;1;2;0;1
"29/03/2025";"17:23:44";"166";"Sem vítima";"60,000";"BR-290/RS";"Crescente";"Choque";1;0;0;0;0;0;0;0;0;0;1;0;0;0;0
"29/03/2025";"18:39:23";"176";"Com vítima";"92,000";"BR-290/RS";"Decrescente";"Colisão lateral no mesmo sentido";2;0;0;0;0;0;0;0;0;0;5;1;0;0;0
"29/03/2025";"19:43:37";"190";"Com vítima";"33,000";"BR-290/RS";"Crescente";"Colisão traseira";1;0;0;1;0;0;0;0;0;0;2;1;0;0;0
"30/03/2025";"00:02:43";"1";"Sem vítima";"86,000";"BR-290/RS";"Crescente";"Capotamento";1;0;0;0;0;0;0;0;0;0;1;0;0;0;0
"30/03/2025";"11:11:05";"51";"Sem vítima";"86,000";"BR-290/RS";"Crescente";"Choque";1;0;0;0;0;0;0;0;0;0;1;0;0;0;0
"30/03/2025";"11:15:29";"53";"Sem vítima";"5,000";"BR-290/RS";"Decrescente";"Colisão traseira";2;0;0;0;0;0;0;0;0;0;2;0;0;0;0
"30/03/2025";"19:40:50";"134";"Com vítima";"66,000";"BR-101/RS";"Crescente";"Colisão frontal";2;0;0;0;0;0;0;0;0;0;3;1;0;0;0
"30/03/2025";"19:54:30";"139";"Sem vítima";"288,100";"BR-386/RS";"Crescente";"Colisão traseira";2;0;0;0;0;0;0;0;0;0;5;0;0;0;0
"30/03/2025";"19:58:05";"140";"Sem vítima";"80,000";"BR-290/RS";"Decrescente";"Choque";1;0;0;0;0;0;0;0;0;0;2;0;0;0;0
"30/03/2025";"21:15:50";"159";"Sem vítima";"34,000";"BR-101/RS";"Crescente";"Saída de pista";1;0;0;0;0;0;0;0;0;0;2;0;0;0;0
"30/03/2025";"21:33:49";"161";"Sem vítima";"323,000";"BR-386/RS";"Decrescente";"Choque";1;0;0;0;0;0;0;0;0;0;3;0;0;0;0
"31/03/2025";"00:19:02";"2";"Com vítima";"89,100";"BR-290/RS";"Decrescente";"Colisão traseira";1;0;0;0;0;0;0;0;0;0;0;0;1;0;0
"31/03/2025";"05:32:11";"20";"Sem vítima";"80,000";"BR-290/RS";"Decrescente";"Saída de pista";1;0;0;0;0;0;0;0;0;0;1;0;0;0;0
"31/03/2025";"08:53:09";"103";"Sem vítima";"95,000";"BR-290/RS";"Decrescente";"Colisão lateral no mesmo sentido";1;0;1;0;0;0;0;0;0;0;2;0;0;0;0
"31/03/2025";"09:08:12";"108";"Sem vítima";"70,000";"BR-101/RS";"Decrescente";"Choque";1;0;0;0;0;0;0;0;0;0;4;0;0;0;0
"31/03/2025";"15:53:43";"196";"Com vítima";"92,000";"BR-290/RS";"Crescente";"Queda de moto";0;0;0;1;0;0;0;0;0;0;0;1;1;0;0
"31/03/2025";"17:37:15";"217";"Sem vítima";"18,000";"BR-101/RS";"Crescente";"Choque";1;0;0;0;0;0;0;0;0;0;1;0;0;0;0
"31/03/2025";"17:39:24";"218";"Sem vítima";"60,000";"BR-290/RS";"Crescente";"Colisão lateral no mesmo sentido";2;0;0;0;0;0;0;0;0;0;5;0;0;0;0
"31/03/2025";"18:09:09";"222";"Sem vítima";"397,000";"BR-386/RS";"Crescente";"Saída de pista";0;0;1;0;0;0;0;0;0;0;2;0;0;0;0
"31/03/2025";"19:23:20";"232";"Sem vítima";"94,000";"BR-290/RS";"Decrescente";"Engavetamento";0;0;3;0;0;0;0;0;0;0;3;0;0;0;0
"01/04/2025";"06:28:46";"21";"Sem vítima";"24,000";"BR-290/RS";"Crescente";"Saída de pista";1;0;0;0;0;0;0;0;0;0;1;0;0;0;0
"01/04/2025";"07:12:13";"39";"Sem vítima";"308,000";"BR-386/RS";"Decrescente";"Saída de pista";0;0;1;0;0;0;0;0;0;0;1;0;0;0;0
"01/04/2025";"07:38:10";"56";"Com vítima";"306,000";"BR-386/RS";"Decrescente";"Colisão frontal";2;0;0;0;0;0;0;0;0;0;0;0;2;0;0
"01/04/2025";"08:38:06";"90";"Com vítima";"259,000";"BR-386/RS";"Decrescente";"Queda de moto";0;0;0;1;0;0;0;0;0;0;0;1;0;0;0
"01/04/2025";"10:47:11";"125";"Sem vítima";"19,000";"BR-290/RS";"Crescente";"Tombamento";1;0;0;0;0;0;0;0;0;0;1;0;0;0;0
"01/04/2025";"11:03:48";"127";"Sem vítima";"246,000";"BR-386/RS";"Crescente";"Colisão transversal";0;0;2;0;0;0;0;0;0;0;2;0;0;0;0
"01/04/2025";"12:17:16";"136";"Com vítima";"15,000";"BR-101/RS";"Crescente";"Saída de pista";1;0;0;0;0;0;0;0;0;0;0;1;0;0;0
"01/04/2025";"14:11:06";"167";"Sem vítima";"37,000";"BR-101/RS";"Decrescente";"Choque";1;0;0;0;0;0;0;0;0;0;1;0;0;0;0
"01/04/2025";"15:06:18";"185";"Sem vítima";"352,000";"BR-386/RS";"Decrescente";"Colisão traseira";0;0;2;0;0;0;0;0;0;0;2;0;0;0;0
"01/04/2025";"17:24:35";"217";"Sem vítima";"321,000";"BR-386/RS";"Decrescente";"Engavetamento";2;0;1;0;0;0;0;0;0;0;3;0;0;0;0
"01/04/2025";"19:50:56";"227";"Sem vítima";"304,000";"BR-386/RS";"Decrescente";"Choque";1;0;0;0;0;0;0;0;0;0;2;0;0;0;0
"01/04/2025";"20:13:20";"229";"Sem vítima";"15,000";"BR-448/RS";"Decrescente";"Colisão traseira";1;0;0;0;0;0;0;0;0;0;2;0;0;0;0
"02/04/2025";"06:03:18";"14";"Sem vítima";"362,000";"BR-386/RS";"Decrescente";"Queda de moto";1;0;0;0;0;0;0;0;0;0;1;0;0;0;0
"02/04/2025";"09:09:24";"111";"Sem vítima";"52,000";"BR-290/RS";"Crescente";"Colisão traseira";0;0;2;0;0;0;0;0;0;0;2;0;0;0;0
"02/04/2025";"12:08:14";"153";"Com vítima";"236,000";"BR-386/RS";"Decrescente";"Colisão traseira";1;0;0;0;0;0;0;0;0;0;0;1;0;0;0
"02/04/2025";"13:23:01";"165";"Com vítima";"296,000";"BR-386/RS";"Decrescente";"Saída de pista";1;0;0;0;0;0;0;0;0;0;0;1;0;0;0
"02/04/2025";"15:35:22";"189";"Sem vítima";"269,000";"BR-386/RS";"Decrescente";"Colisão lateral no mesmo sentido";2;0;0;0;0;0;0;0;0;0;3;0;0;0;0
"02/04/2025";"15:57:34";"192";"Com vítima";"268,000";"BR-386/RS";"Decrescente";"Colisão frontal";4;0;0;0;0;0;0;0;0;0;4;4;3;1;0
"02/04/2025";"16:34:45";"198";"Com vítima";"349,000";"BR-386/RS";"Decrescente";"Colisão traseira";2;0;1;0;0;0;0;0;0;0;5;1;0;0;0
"02/04/2025";"16:52:03";"201";"Sem vítima";"275,000";"BR-386/RS";"Decrescente";"Colisão traseira";1;0;1;0;0;0;0;0;0;0;2;0;0;0;0
"02/04/2025";"17:38:17";"207";"Sem vítima";"2,000";"BR-290/RS";"Decrescente";"Saída de pista";1;0;0;0;0;0;0;0;0;0;1;0;0;0;0
"02/04/2025";"21:10:02";"232";"Sem vítima";"433,000";"BR-386/RS";"Decrescente";"Saída de pista";1;0;0;0;0;0;0;0;0;0;1;0;0;0;0
"03/04/2025";"00:09:10";"2";"Sem vítima";"41,000";"BR-101/RS";"Crescente";"Saída de pista";0;0;1;0;0;0;0;0;0;0;1;0;0;0;0
"03/04/2025";"06:46:19";"30";"Sem vítima";"307,000";"BR-386/RS";"Decrescente";"Saída de pista";0;0;1;0;0;0;0;0;0;0;2;0;0;0;0
"04/04/2025";"01:56:31";"6";"Sem vítima";"4,000";"BR-290/RS";"Decrescente";"Saída de pista";1;0;0;0;0;0;0;0;0;0;1;0;0;0;0
"04/04/2025";"06:37:14";"23";"Com vítima";"219,000";"BR-386/RS";"Decrescente";"Colisão lateral no mesmo sentido";2;0;0;0;0;0;0;0;0;0;1;1;0;0;0
"04/04/2025";"06:57:53";"37";"Sem vítima";"426,000";"BR-386/RS";"Decrescente";"Choque";1;0;0;0;0;0;0;0;0;0;1;0;0;0;0
"04/04/2025";"07:21:08";"61";"Sem vítima";"438,800";"BR-386/RS";"Crescente";"Colisão traseira";0;0;1;0;0;0;0;0;0;0;1;0;0;0;0
"04/04/2025";"07:43:53";"83";"Sem vítima";"438,800";"BR-386/RS";"Crescente";"Colisão lateral no mesmo sentido";1;0;1;0;0;0;0;0;0;0;2;0;0;0;0
"04/04/2025";"11:27:31";"159";"Sem vítima";"349,000";"BR-386/RS";"Crescente";"Colisão traseira";1;0;1;0;0;0;0;0;0;0;2;0;0;0;0
"04/04/2025";"15:50:41";"199";"Sem vítima";"379,000";"BR-386/RS";"Decrescente";"Colisão traseira";1;0;1;0;0;0;0;0;0;0;4;0;0;0;0
"04/04/2025";"21:20:08";"255";"Sem vítima";"49,000";"BR-290/RS";"Crescente";"Colisão traseira";2;0;0;0;0;0;0;0;0;0;3;0;0;0;0
"04/04/2025";"22:13:54";"261";"Com vítima";"438,200";"BR-386/RS";"Crescente";"Atropelamento de pedestre";1;0;0;0;0;0;0;0;0;0;0;0;1;0;0
"05/04/2025";"00:58:34";"8";"Sem vítima";"427,000";"BR-386/RS";"Crescente";"Atropelamento de animal";1;0;0;0;0;0;0;0;0;0;2;0;0;0;0
"05/04/2025";"03:29:07";"14";"Sem vítima";"314,000";"BR-386/RS";"Decrescente";"Saída de pista";1;0;0;0;0;0;0;0;0;0;3;0;0;0;0
"05/04/2025";"09:13:46";"90";"Sem vítima";"86,000";"BR-290/RS";"Decrescente";"Capotamento";1;0;0;0;0;0;0;0;0;0;1;0;0;0;0
"05/04/2025";"17:48:52";"170";"Sem vítima";"67,000";"BR-290/RS";"Decrescente";"Colisão frontal";2;0;0;0;0;0;0;0;0;0;7;0;0;0;0
"06/04/2025";"06:59:52";"13";"Sem vítima";"75,000";"BR-290/RS";"Decrescente";"Colisão traseira";2;0;0;0;0;0;0;0;0;0;5;0;0;0;0
"06/04/2025";"08:50:05";"24";"Sem vítima";"75,000";"BR-290/RS";"Decrescente";"Saída de pista";1;0;0;0;0;0;0;0;0;0;1;0;0;0;0
"06/04/2025";"09:49:19";"32";"Com vítima";"92,000";"BR-290/RS";"Decrescente";"Colisão traseira";1;0;0;1;0;0;0;0;0;0;1;2;0;0;0
"06/04/2025";"12:52:04";"56";"Com vítima";"80,000";"BR-290/RS";"Crescente";"Capotamento";1;0;0;0;0;0;0;0;0;0;0;0;1;0;0
"06/04/2025";"16:55:58";"75";"Sem vítima";"436,000";"BR-386/RS";"Crescente";"Colisão traseira";2;0;0;0;0;0;0;0;0;0;7;0;0;0;0
"06/04/2025";"17:05:14";"77";"Sem vítima";"240,000";"BR-386/RS";"Crescente";"Colisão transversal";1;0;0;1;0;0;0;0;0;0;2;0;0;0;0
"06/04/2025";"17:28:28";"78";"Sem vítima";"439,000";"BR-386/RS";"Decrescente";"Engavetamento";2;0;0;0;0;0;0;0;0;0;4;0;0;0;0
"06/04/2025";"19:48:38";"103";"Sem vítima";"406,000";"BR-386/RS";"Decrescente";"Atropelamento de animal";1;0;0;0;0;0;0;0;0;0;3;0;0;0;0
"06/04/2025";"21:02:45";"113";"Sem vítima";"361,000";"BR-386/RS";"Crescente";"Saída de pista";1;0;0;0;0;0;0;0;0;0;1;0;0;0;0
"06/04/2025";"22:54:10";"125";"Sem vítima";"373,000";"BR-386/RS";"Crescente";"Atropelamento de animal";1;0;0;0;0;0;0;0;0;0;2;0;0;0;0
"07/04/2025";"05:35:57";"17";"Sem vítima";"92,000";"BR-290/RS";"Decrescente";"Saída de pista";1;0;0;0;0;0;0;0;0;0;1;0;0;0;0
"07/04/2025";"06:00:36";"19";"Com vítima";"22,000";"BR-290/RS";"Crescente";"Queda de moto";0;0;0;1;0;0;0;0;0;0;0;2;0;0;0
"07/04/2025";"12:01:23";"147";"Sem vítima";"306,000";"BR-386/RS";"Decrescente";"Colisão traseira";1;0;0;0;0;0;0;0;0;0;1;0;0;0;0
"07/04/2025";"12:24:43";"150";"Sem vítima";"307,000";"BR-386/RS";"Decrescente";"Saída de pista";1;0;0;0;0;0;0;0;0;0;1;0;0;0;0
"07/04/2025";"14:44:50";"170";"Sem vítima";"396,000";"BR-386/RS";"Decrescente";"Tombamento";1;0;0;0;0;0;0;0;0;0;2;0;0;0;0
"07/04/2025";"15:09:20";"174";"Sem vítima";"10,000";"BR-448/RS";"Decrescente";"Capotamento";1;0;0;0;0;0;0;0;0;0;1;0;0;0;0
"07/04/2025";"16:12:44";"182";"Sem vítima";"10,000";"BR-101/RS";"Decrescente";"Colisão traseira";2;0;0;0;0;0;0;0;0;0;3;0;0;0;0
"07/04/2025";"17:20:21";"190";"Sem vítima";"94,000";"BR-290/RS";"Decrescente";"Saída de pista";1;0;0;0;0;0;0;0;0;0;2;0;0;0;0
"07/04/2025";"17:48:34";"193";"Sem vítima";"63,000";"BR-290/RS";"Decrescente";"Saída de pista";1;0;0;0;0;0;0;0;0;0;1;0;0;0;0
"07/04/2025";"20:39:13";"213";"Sem vítima";"261,000";"BR-386/RS";"Decrescente";"Colisão lateral no mesmo sentido";2;0;0;0;0;0;0;0;0;0;4;0;0;0;0
"07/04/2025";"21:46:13";"219";"Com vítima";"286,600";"BR-386/RS";"Decrescente";"Tombamento";0;0;0;0;0;0;0;1;0;0;0;0;1;0;0
"08/04/2025";"02:06:05";"7";"Sem vítima";"384,600";"BR-386/RS";"Crescente";"Saída de pista";0;0;1;0;0;0;0;0;0;0;1;0;0;0;0
"08/04/2025";"04:00:41";"11";"Sem vítima";"91,000";"BR-290/RS";"Crescente";"Saída de pista";1;0;0;0;0;0;0;0;0;0;1;0;0;0;0
"08/04/2025";"06:10:25";"18";"Sem vítima";"347,000";"BR-386/RS";"Decrescente";"Saída de pista";1;0;0;0;0;0;0;0;0;0;1;0;0;0;0
"08/04/2025";"06:39:40";"27";"Sem vítima";"36,000";"BR-290/RS";"Crescente";"Colisão traseira";1;0;1;0;0;0;0;0;0;0;4;0;0;0;0
"08/04/2025";"06:46:24";"30";"Com vítima";"35,800";"BR-101/RS";"Decrescente";"Tombamento";0;0;1;0;0;0;0;0;0;0;0;0;1;0;0
"08/04/2025";"08:56:00";"91";"Sem vítima";"22,000";"BR-448/RS";"Decrescente";"Saída de pista";1;0;0;0;0;0;0;0;0;0;1;0;0;0;0
"08/04/2025";"10:42:12";"115";"Sem vítima";"21,000";"BR-448/RS";"Decrescente";"Saída de pista";1;0;0;0;0;0;0;0;0;0;1;0;0;0;0
"08/04/2025";"14:55:19";"161";"Sem vítima";"426,000";"BR-386/RS";"Decrescente";"Colisão traseira";2;0;0;0;0;0;0;0;0;0;2;0;0;0;0
"08/04/2025";"17:26:55";"186";"Sem vítima";"302,000";"BR-386/RS";"Decrescente";"Colisão lateral no mesmo sentido";2;0;0;0;0;0;0;0;0;0;3;0;0;0;0
"08/04/2025";"19:52:39";"209";"Sem vítima";"220,550";"BR-386/RS";"Decrescente";"Colisão transversal";1;0;1;0;0;0;0;0;0;0;2;0;0;0;0
"08/04/2025";"22:13:14";"227";"Sem vítima";"368,600";"BR-386/RS";"Crescente";"Saída de pista";1;0;0;0;0;0;0;0;0;0;1;0;0;0;0
"09/04/2025";"07:01:50";"41";"Com vítima";"259,000";"BR-386/RS";"Crescente";"Colisão frontal";2;0;0;0;0;0;0;0;0;0;0;2;0;0;0
"09/04/2025";"09:31:34";"123";"Sem vítima";"212,000";"BR-386/RS";"Crescente";"Tombamento";0;0;1;0;0;0;0;0;0;0;2;0;0;0;0
"09/04/2025";"12:12:11";"171";"Sem vítima";"431,000";"BR-386/RS";"Decrescente";"Colisão transversal";1;0;1;0;0;0;0;0;0;0;3;0;0;0;0
"09/04/2025";"14:15:54";"207";"Sem vítima";"306,000";"BR-386/RS";"Decrescente";"Colisão traseira";0;0;2;0;0;0;0;0;0;0;2;0;0;0;0
"09/04/2025";"19:20:18";"262";"Sem vítima";"86,000";"BR-290/RS";"Decrescente";"Colisão lateral no mesmo sentido";1;0;0;0;0;0;0;0;0;0;1;0;0;0;0
"10/04/2025";"06:56:19";"35";"Com vítima";"193,000";"BR-386/RS";"Decrescente";"Saída de pista";1;0;0;0;0;0;0;0;0;0;0;1;0;0;0
"10/04/2025";"11:09:36";"167";"Com vítima";"80,000";"BR-290/RS";"Decrescente";"Saída de pista";1;0;0;0;0;0;0;0;0;0;1;1;1;0;0
"10/04/2025";"11:40:39";"174";"Sem vítima";"92,000";"BR-290/RS";"Decrescente";"Colisão traseira";2;0;0;0;0;0;0;0;0;0;4;0;0;0;0
"10/04/2025";"11:53:24";"176";"Sem vítima";"439,000";"BR-386/RS";"Crescente";"Colisão traseira";1;0;0;1;0;0;0;0;0;0;3;0;0;0;0
"10/04/2025";"15:15:49";"213";"Sem vítima";"230,000";"BR-386/RS";"Crescente";"Colisão traseira";0;0;2;0;0;0;0;0;0;0;2;0;0;0;0
"10/04/2025";"17:02:48";"238";"Sem vítima";"282,000";"BR-386/RS";"Crescente";"Colisão traseira";1;0;0;0;0;0;0;0;0;0;2;0;0;0;0
"10/04/2025";"18:22:38";"254";"Sem vítima";"89,000";"BR-290/RS";"Decrescente";"Colisão lateral no mesmo sentido";3;0;0;0;0;0;0;0;0;0;3;0;0;0;0
"10/04/2025";"22:05:32";"283";"Sem vítima";"358,000";"BR-386/RS";"Decrescente";"Choque";1;0;0;0;0;0;0;0;0;0;1;0;0;0;0
"11/04/2025";"01:51:41";"8";"Sem vítima";"55,000";"BR-290/RS";"Crescente";"Saída de pista";1;0;0;0;0;0;0;0;0;0;2;0;0;0;0
"11/04/2025";"05:13:13";"17";"Com vítima";"432,000";"BR-386/RS";"Decrescente";"Atropelamento de animal";1;0;0;0;0;0;0;0;0;0;2;0;0;1;0
"11/04/2025";"10:14:15";"132";"Sem vítima";"15,000";"BR-448/RS";"Crescente";"Saída de pista";1;0;0;0;0;0;0;0;0;0;1;0;0;0;0
"11/04/2025";"10:37:18";"138";"Sem vítima";"40,000";"BR-101/RS";"Decrescente";"Saída de pista";1;0;0;0;0;0;0;0;0;0;2;0;0;0;0
"11/04/2025";"13:25:37";"164";"Sem vítima";"439,000";"BR-386/RS";"Crescente";"Colisão lateral no mesmo sentido";1;0;1;0;0;0;0;0;0;0;2;0;0;0;0
"11/04/2025";"16:38:18";"188";"Sem vítima";"278,000";"BR-386/RS";"Decrescente";"Colisão traseira";2;0;0;0;0;0;0;0;0;0;3;0;0;0;0
"11/04/2025";"18:54:02";"202";"Sem vítima";"247,000";"BR-386/RS";"Crescente";"Colisão lateral no mesmo sentido";1;0;0;0;0;0;0;0;0;0;3;0;0;0;0
"12/04/2025";"01:53:56";"12";"Com vítima";"86,000";"BR-290/RS";"Crescente";"Choque";1;0;0;0;0;0;0;0;0;0;2;1;0;0;0
"12/04/2025";"02:33:33";"21";"Sem vítima";"246,000";"BR-386/RS";"Crescente";"Choque";1;0;0;0;0;0;0;0;0;0;2;0;0;0;0
"12/04/2025";"07:22:08";"54";"Com vítima";"94,000";"BR-290/RS";"Crescente";"Colisão traseira";2;0;0;0;0;0;0;0;0;0;3;0;1;0;0
"12/04/2025";"08:38:20";"73";"Sem vítima";"2,300";"BR-101/RS";"Decrescente";"Saída de pista";1;0;0;0;0;0;0;0;0;0;5;0;0;0;0
"12/04/2025";"13:09:49";"135";"Sem vítima";"349,000";"BR-386/RS";"Decrescente";"Colisão lateral no mesmo sentido";1;0;1;0;0;0;0;0;0;0;2;0;0;0;0
"12/04/2025";"18:43:01";"184";"Com vítima";"444,000";"BR-386/RS";"Crescente";"Colisão transversal";3;0;0;0;0;0;0;0;0;0;1;1;1;0;0