data;horario;n_da_ocorrencia;tipo_de_ocorrencia;km;trecho;sentido;tipo_de_acidente;automovel;bicicleta;caminhao;moto;onibus;outros;tracao_animal;transporte_de_cargas_especiais;trator_maquinas;utilitarios;ilesos;levemente_feridos;moderadamente_feridos;gravemente_feridos;mortos
"12/04/2025";"20:40:03";"202";"Sem vítima";"350,000";"BR-386/RS";"Decrescente";"Colisão traseira";0;0;1;1;0;0;0;0;0;0;2;0;0;0;0
"13/04/2025";"00:44:23";"5";"Sem vítima";"354,900";"BR-386/RS";"Decrescente";"Choque";1;0;0;0;0;0;0;0;0;0;1;0;0;0;0
"13/04/2025";"02:57:25";"21";"Sem vítima";"242,000";"BR-386/RS";"Decrescente";"Capotamento";1;0;0;0;0;0;0;0;0;0;1;0;0;0;0
"13/04/2025";"05:32:12";"26";"Sem vítima";"78,000";"BR-290/RS";"Crescente";"Choque";1;0;0;0;0;0;0;0;0;0;1;0;0;0;0
"13/04/2025";"06:27:39";"28";"Com vítima";"76,600";"BR-290/RS";"Decrescente";"Colisão traseira";1;0;1;0;0;0;0;0;0;0;1;0;1;0;0
"13/04/2025";"07:04:33";"29";"Com vítima";"42,000";"BR-290/RS";"Crescente";"Tombamento";0;0;1;0;0;0;0;0;0;0;0;0;1;0;0
"13/04/2025";"19:57:02";"120";"Sem vítima";"92,150";"BR-290/RS";"Crescente";"Atropelamento de pedestre";1;0;0;0;0;0;0;0;0;0;1;0;0;1;0
"13/04/2025";"20:40:34";"127";"Sem vítima";"76,300";"BR-101/RS";"Crescente";"Saída de pista";1;0;0;0;0;0;0;0;0;0;1;0;0;0;0
"13/04/2025";"22:17:04";"138";"Sem vítima";"333,000";"BR-386/RS";"Crescente";"Atropelamento de animal";1;0;0;0;0;0;0;0;0;0;3;0;0;0;0
"13/04/2025";"22:56:56";"143";"Sem vítima";"89,400";"BR-290/RS";"Decrescente";"Choque";1;0;0;0;0;0;0;0;0;0;1;0;0;0;0
"14/04/2025";"02:19:44";"6";"Sem vítima";"66,000";"BR-101/RS";"Crescente";"Colisão traseira";0;0;2;0;0;0;0;0;0;0;2;0;0;0;0
"14/04/2025";"04:22:26";"9";"Sem vítima";"9,200";"BR-448/RS";"Decrescente";"Acidentes de outra natureza";2;0;0;0;0;0;0;0;0;0;1;0;0;0;0
"14/04/2025";"06:29:09";"21";"Com vítima";"349,000";"BR-386/RS";"Crescente";"Colisão lateral no mesmo sentido";1;0;0;1;0;0;0;0;0;0;1;1;0;0;0
"14/04/2025";"06:41:42";"26";"Com vítima";"94,200";"BR-290/RS";"Crescente";"Choque";1;0;0;0;0;0;0;0;0;0;0;1;0;0;0
"14/04/2025";"08:02:43";"76";"Com vítima";"94,000";"BR-290/RS";"Crescente";"Colisão traseira";2;0;0;0;0;0;0;0;0;0;1;1;0;0;0
"14/04/2025";"08:44:50";"112";"Sem vítima";"77,000";"BR-290/RS";"Decrescente";"Saída de pista";1;0;0;0;0;0;0;0;0;0;1;0;0;0;0
"14/04/2025";"08:55:28";"117";"Sem vítima";"95,000";"BR-290/RS";"Crescente";"Colisão lateral no mesmo sentido";1;0;0;1;0;0;0;0;0;0;2;0;0;0;0
"14/04/2025";"10:36:30";"155";"Com vítima";"337,000";"BR-386/RS";"Decrescente";"Colisão lateral no mesmo sentido";0;0;2;0;0;0;0;0;0;0;1;1;0;0;0
"14/04/2025";"10:37:50";"156";"Sem vítima";"89,000";"BR-290/RS";"Crescente";"Colisão lateral no mesmo sentido";0;0;1;1;0;0;0;0;0;0;2;0;0;0;0
"14/04/2025";"12:23:25";"179";"Sem vítima";"320,000";"BR-386/RS";"Crescente";"Saída de pista";0;0;1;0;0;0;0;0;0;0;1;0;0;0;0
"14/04/2025";"13:45:21";"189";"Sem vítima";"262,000";"BR-386/RS";"Crescente";"Colisão traseira";1;0;0;0;0;0;0;0;0;0;1;0;0;0;0
"15/04/2025";"06:16:26";"47";"Sem vítima";"52,400";"BR-101/RS";"Decrescente";"Atropelamento de animal";1;0;0;0;0;0;0;0;0;0;2;0;0;0;0
"15/04/2025";"06:47:32";"63";"Sem vítima";"52,400";"BR-101/RS";"Decrescente";"Atropelamento de animal";1;0;0;0;0;0;0;0;0;0;3;0;0;0;0
"15/04/2025";"09:06:39";"143";"Sem vítima";"92,000";"BR-290/RS";"Crescente";"Colisão traseira";1;0;1;0;0;0;0;0;0;0;2;0;0;0;0
"15/04/2025";"09:35:02";"151";"Com vítima";"349,000";"BR-386/RS";"Crescente";"Queda de moto";0;0;0;1;0;0;0;0;0;0;0;0;1;0;0
"15/04/2025";"14:36:43";"203";"Sem vítima";"16,000";"BR-101/RS";"Decrescente";"Colisão traseira";2;0;0;0;0;0;0;0;0;0;5;0;0;0;0
"15/04/2025";"17:02:16";"228";"Sem vítima";"25,700";"BR-290/RS";"Decrescente";"Colisão traseira";0;0;2;0;0;0;0;0;0;0;2;0;0;0;0
"15/04/2025";"17:05:53";"229";"Com vítima";"18,000";"BR-448/RS";"Crescente";"Queda de moto";0;0;0;1;0;0;0;0;0;0;0;2;0;0;0
"15/04/2025";"20:12:29";"256";"Sem vítima";"2,000";"BR-101/RS";"Decrescente";"Tombamento";0;0;1;0;0;0;0;0;0;0;0;0;0;0;0
"15/04/2025";"23:21:13";"274";"Sem vítima";"435,000";"BR-386/RS";"Crescente";"Choque";1;0;0;0;0;0;0;0;0;0;1;0;0;0;0
"16/04/2025";"05:19:24";"6";"Sem vítima";"225,000";"BR-386/RS";"Decrescente";"Colisão lateral no mesmo sentido";1;0;1;0;0;0;0;0;0;0;3;0;0;0;0
"16/04/2025";"05:46:43";"8";"Com vítima";"393,000";"BR-386/RS";"Decrescente";"Capotamento";1;0;0;0;0;0;0;0;0;0;1;1;0;0;0
"16/04/2025";"06:23:52";"12";"Sem vítima";"331,000";"BR-386/RS";"Crescente";"Choque";1;0;0;0;0;0;0;0;0;0;1;0;0;0;0
"16/04/2025";"11:22:27";"140";"Sem vítima";"345,000";"BR-386/RS";"Crescente";"Colisão lateral no mesmo sentido";1;0;1;0;0;0;0;0;0;0;3;0;0;0;0
"16/04/2025";"16:45:27";"209";"Sem vítima";"257,000";"BR-386/RS";"Decrescente";"Colisão traseira";2;0;0;0;0;0;0;0;0;0;3;0;0;0;0
"16/04/2025";"18:16:54";"228";"Com vítima";"347,000";"BR-386/RS";"Decrescente";"Colisão traseira";0;0;0;2;0;0;0;0;0;0;1;1;0;0;0
"16/04/2025";"18:31:05";"231";"Sem vítima";"430,000";"BR-386/RS";"Crescente";"Choque";1;0;0;0;0;0;0;0;0;0;1;0;0;0;0
"16/04/2025";"19:50:19";"245";"Sem vítima";"438,000";"BR-386/RS";"Decrescente";"Colisão lateral no mesmo sentido";1;0;1;0;0;0;0;0;0;0;3;0;0;0;0
"17/04/2025";"04:28:25";"14";"Sem vítima";"20,400";"BR-101/RS";"Crescente";"Colisão traseira";1;0;1;0;0;0;0;0;0;0;2;0;0;0;0
"17/04/2025";"07:11:14";"44";"Sem vítima";"426,000";"BR-386/RS";"Decrescente";"Colisão traseira";2;0;0;0;0;0;0;0;0;0;2;0;0;0;0
"17/04/2025";"09:12:19";"96";"Sem vítima";"256,000";"BR-386/RS";"Decrescente";"Colisão traseira";2;0;1;0;0;0;0;0;0;0;3;0;0;0;0
"17/04/2025";"10:42:42";"127";"Com vítima";"434,000";"BR-386/RS";"Decrescente";"Colisão traseira";2;0;0;0;0;0;0;0;0;0;3;1;0;0;0
"17/04/2025";"12:20:40";"145";"Sem vítima";"262,000";"BR-386/RS";"Crescente";"Choque";0;0;1;0;0;0;0;0;0;0;1;0;0;0;0
"17/04/2025";"15:03:24";"184";"Sem vítima";"427,000";"BR-386/RS";"Decrescente";"Colisão traseira";3;0;0;0;0;0;0;0;0;0;4;0;0;0;0
"17/04/2025";"15:12:40";"187";"Sem vítima";"90,000";"BR-290/RS";"Decrescente";"Colisão traseira";2;0;0;0;0;0;0;0;0;0;4;0;0;0;0
"17/04/2025";"16:46:56";"203";"Sem vítima";"415,000";"BR-386/RS";"Decrescente";"Acidentes de outra natureza";1;0;0;0;0;0;0;0;0;0;1;0;0;0;0
"17/04/2025";"17:18:05";"211";"Sem vítima";"74,000";"BR-290/RS";"Decrescente";"Colisão traseira";1;0;0;0;0;0;0;0;0;0;1;0;0;0;0
"17/04/2025";"17:56:08";"221";"Sem vítima";"249,000";"BR-386/RS";"Decrescente";"Colisão traseira";1;0;0;0;0;0;0;0;0;0;2;0;0;0;0
"17/04/2025";"19:12:04";"244";"Com vítima";"389,000";"BR-386/RS";"Crescente";"Colisão transversal";2;0;0;0;0;0;0;0;0;0;2;1;2;0;0
"17/04/2025";"22:24:20";"294";"Sem vítima";"390,000";"BR-386/RS";"Crescente";"Colisão traseira";2;0;0;0;0;0;0;0;0;0;3;0;0;0;0
"17/04/2025";"23:40:11";"311";"Com vítima";"50,800";"BR-290/RS";"Crescente";"Saída de pista";1;0;0;0;0;0;0;0;0;0;1;1;0;0;0
"18/04/2025";"04:50:48";"26";"Sem vítima";"10,600";"BR-290/RS";"Decrescente";"Colisão lateral no mesmo sentido";2;0;0;0;0;0;0;0;0;0;6;0;0;0;0
"18/04/2025";"05:29:37";"31";"Sem vítima";"348,000";"BR-386/RS";"Decrescente";"Colisão traseira";2;0;0;0;0;0;0;0;0;0;7;0;0;0;0
"18/04/2025";"05:36:58";"33";"Sem vítima";"74,800";"BR-290/RS";"Crescente";"Choque";1;0;0;0;0;0;0;0;0;0;1;0;0;0;0
"18/04/2025";"06:20:14";"42";"Sem vítima";"326,000";"BR-386/RS";"Decrescente";"Colisão traseira";2;0;0;0;0;0;0;0;0;0;5;0;0;0;0
"18/04/2025";"07:40:55";"64";"Sem vítima";"10,000";"BR-101/RS";"Decrescente";"Choque";1;0;0;0;0;0;0;0;0;0;3;0;0;0;0
"18/04/2025";"08:03:10";"67";"Sem vítima";"40,000";"BR-101/RS";"Decrescente";"Colisão traseira";2;0;0;0;0;0;0;0;0;0;6;0;0;0;0
"18/04/2025";"08:07:23";"68";"Sem vítima";"341,000";"BR-386/RS";"Crescente";"Colisão lateral no mesmo sentido";1;0;1;0;0;0;0;0;0;0;5;0;0;0;0
"18/04/2025";"08:23:35";"78";"Sem vítima";"44,000";"BR-101/RS";"Decrescente";"Colisão traseira";2;0;0;0;0;0;0;0;0;0;8;0;0;0;0
"18/04/2025";"08:24:48";"80";"Com vítima";"292,000";"BR-386/RS";"Crescente";"Tombamento";0;0;1;0;0;0;0;0;0;0;0;1;0;0;0
"18/04/2025";"08:45:36";"83";"Sem vítima";"206,000";"BR-386/RS";"Decrescente";"Colisão traseira";2;0;0;0;0;0;0;0;0;0;7;0;0;0;0
"18/04/2025";"09:08:21";"86";"Sem vítima";"339,000";"BR-386/RS";"Decrescente";"Colisão transversal";2;0;0;0;0;0;0;0;0;0;3;0;0;0;0
"18/04/2025";"10:21:32";"100";"Com vítima";"324,000";"BR-386/RS";"Decrescente";"Engavetamento";1;0;0;0;0;0;0;0;0;0;2;2;0;0;0
"18/04/2025";"11:24:43";"114";"Sem vítima";"288,000";"BR-386/RS";"Crescente";"Colisão traseira";1;0;0;0;0;0;0;0;0;0;4;0;0;0;0
"18/04/2025";"11:36:14";"117";"Sem vítima";"367,000";"BR-386/RS";"Decrescente";"Colisão traseira";2;0;0;0;0;0;0;0;0;0;5;0;0;0;0
"18/04/2025";"12:18:05";"131";"Sem vítima";"329,000";"BR-386/RS";"Crescente";"Colisão traseira";1;0;1;0;0;0;0;0;0;0;3;0;0;0;0
"18/04/2025";"12:40:28";"135";"Sem vítima";"43,000";"BR-101/RS";"Decrescente";"Colisão lateral no mesmo sentido";1;0;1;0;0;0;0;0;0;0;3;0;0;0;0
"18/04/2025";"13:05:57";"141";"Sem vítima";"25,000";"BR-290/RS";"Decrescente";"Engavetamento";1;0;0;0;0;0;0;0;0;0;2;0;0;0;0
"18/04/2025";"13:06:44";"142";"Com vítima";"417,000";"BR-386/RS";"Decrescente";"Colisão traseira";2;0;0;0;0;0;0;0;0;0;5;0;2;0;0
"18/04/2025";"17:37:22";"198";"Sem vítima";"304,200";"BR-386/RS";"Decrescente";"Colisão traseira";2;0;0;0;0;0;0;0;0;0;8;0;0;0;0
"19/04/2025";"07:58:23";"31";"Sem vítima";"307,000";"BR-386/RS";"Crescente";"Saída de pista";1;0;0;0;0;0;0;0;0;0;2;0;0;0;0
"19/04/2025";"08:49:34";"38";"Sem vítima";"305,500";"BR-386/RS";"Decrescente";"Capotamento";1;0;0;0;0;0;0;0;0;0;1;0;0;0;0
"19/04/2025";"19:31:54";"129";"Com vítima";"266,000";"BR-386/RS";"Decrescente";"Capotamento";1;0;0;0;0;0;0;0;0;0;0;2;0;0;0
"20/04/2025";"02:20:24";"10";"Sem vítima";"73,000";"BR-290/RS";"Decrescente";"Capotamento";1;0;0;0;0;0;0;0;0;0;1;0;0;0;0
"20/04/2025";"19:35:54";"118";"Sem vítima";"92,000";"BR-290/RS";"Crescente";"Capotamento";1;0;0;0;0;0;0;0;0;0;4;0;0;0;0
"20/04/2025";"20:26:41";"127";"Sem vítima";"67,000";"BR-290/RS";"Crescente";"Saída de pista";1;0;0;0;0;0;0;0;0;0;1;0;0;0;0
"20/04/2025";"20:53:12";"133";"Sem vítima";"2,000";"BR-290/RS";"Decrescente";"Saída de pista";1;0;0;0;0;0;0;0;0;0;1;0;0;0;0
"21/04/2025";"00:44:34";"4";"Sem vítima";"43,000";"BR-290/RS";"Crescente";"Choque";0;0;1;0;0;0;0;0;0;0;1;0;0;0;0
"21/04/2025";"04:01:05";"9";"Sem vítima";"344,000";"BR-386/RS";"Crescente";"Saída de pista";2;0;0;0;0;0;0;0;0;0;2;0;0;0;0
"21/04/2025";"05:39:27";"12";"Sem vítima";"346,000";"BR-386/RS";"Crescente";"Saída de pista";1;0;0;0;0;0;0;0;0;0;1;0;0;0;0
"21/04/2025";"09:03:23";"49";"Com vítima";"308,000";"BR-386/RS";"Decrescente";"Engavetamento";3;0;0;0;0;0;0;0;0;0;7;1;0;0;0
"21/04/2025";"10:15:18";"59";"Sem vítima";"285,000";"BR-386/RS";"Decrescente";"Colisão traseira";1;0;0;0;0;0;0;0;0;0;3;0;0;0;0
"21/04/2025";"10:55:39";"69";"Sem vítima";"392,000";"BR-386/RS";"Crescente";"Colisão traseira";1;0;0;0;0;0;0;0;0;0;3;0;0;0;0
"21/04/2025";"11:35:38";"77";"Com vítima";"284,000";"BR-386/RS";"Decrescente";"Engavetamento";3;0;0;0;0;0;0;0;0;0;10;2;0;0;0
"21/04/2025";"11:39:41";"78";"Sem vítima";"67,000";"BR-101/RS";"Decrescente";"Colisão traseira";2;0;0;0;0;0;0;0;0;0;4;0;0;0;0
"21/04/2025";"11:54:15";"80";"Com vítima";"215,000";"BR-386/RS";"Decrescente";"Colisão traseira";2;0;0;0;0;0;0;0;0;0;3;2;0;0;0
"21/04/2025";"12:40:27";"92";"Sem vítima";"87,000";"BR-101/RS";"Crescente";"Colisão traseira";2;0;0;0;0;0;0;0;0;0;2;0;0;0;0
"21/04/2025";"13:04:18";"98";"Sem vítima";"204,000";"BR-386/RS";"Decrescente";"Colisão traseira";2;0;0;0;0;0;0;0;0;0;5;0;0;0;0
"21/04/2025";"13:43:30";"109";"Sem vítima";"250,000";"BR-386/RS";"Crescente";"Colisão traseira";2;0;0;0;0;0;0;0;0;0;5;0;0;0;0
"21/04/2025";"13:50:25";"110";"Sem vítima";"40,000";"BR-290/RS";"Crescente";"Saída de pista";1;0;0;0;0;0;0;0;0;0;4;0;0;0;0
"21/04/2025";"15:13:34";"125";"Sem vítima";"408,000";"BR-386/RS";"Crescente";"Colisão traseira";2;0;0;0;0;0;0;0;0;0;2;0;0;0;0
"21/04/2025";"15:18:40";"128";"Sem vítima";"356,000";"BR-386/RS";"Crescente";"Saída de pista";1;0;0;0;0;0;0;0;0;0;3;0;0;0;0
"21/04/2025";"15:21:46";"130";"Sem vítima";"205,000";"BR-386/RS";"Crescente";"Colisão traseira";1;0;1;0;0;0;0;0;0;0;4;0;0;0;0
"21/04/2025";"15:54:00";"138";"Sem vítima";"250,000";"BR-386/RS";"Crescente";"Colisão traseira";3;0;0;0;0;0;0;0;0;0;3;0;0;0;0
"21/04/2025";"16:05:28";"142";"Sem vítima";"204,000";"BR-386/RS";"Crescente";"Colisão traseira";2;0;0;0;0;0;0;0;0;0;7;0;0;0;0
"21/04/2025";"16:45:41";"152";"Sem vítima";"420,000";"BR-386/RS";"Crescente";"Colisão traseira";2;0;0;0;0;0;0;0;0;0;3;0;0;0;0
"21/04/2025";"18:21:55";"172";"Sem vítima";"436,000";"BR-386/RS";"Crescente";"Colisão transversal";2;0;0;0;0;0;0;0;0;0;6;0;0;0;0
"21/04/2025";"20:18:00";"200";"Sem vítima";"250,000";"BR-386/RS";"Decrescente";"Colisão traseira";1;0;0;0;0;0;0;0;0;0;2;0;0;0;0
"21/04/2025";"20:45:29";"204";"Sem vítima";"332,600";"BR-386/RS";"Crescente";"Engavetamento";3;0;0;0;0;0;0;0;0;0;3;0;0;0;0
"21/04/2025";"21:46:30";"215";"Sem vítima";"263,000";"BR-386/RS";"Crescente";"Colisão lateral no mesmo sentido";2;0;0;0;0;0;0;0;0;0;7;0;0;0;0
"22/04/2025";"00:28:13";"9";"Sem vítima";"47,000";"BR-290/RS";"Decrescente";"Choque";0;0;1;0;0;0;0;0;0;0;1;0;0;0;0
"22/04/2025";"00:41:17";"12";"Sem vítima";"39,000";"BR-101/RS";"Crescente";"Atropelamento de animal";1;0;0;0;0;0;0;0;0;0;4;0;0;0;0
"22/04/2025";"00:50:37";"14";"Sem vítima";"401,000";"BR-386/RS";"Decrescente";"Choque";1;0;0;0;0;0;0;0;0;0;2;0;0;0;0
"22/04/2025";"01:32:15";"15";"Sem vítima";"249,000";"BR-386/RS";"Decrescente";"Choque";0;0;1;0;0;0;0;0;0;0;1;0;0;0;0
"22/04/2025";"07:09:15";"47";"Sem vítima";"74,600";"BR-290/RS";"Crescente";"Colisão lateral no mesmo sentido";1;0;0;1;0;0;0;0;0;0;4;0;0;0;0
"22/04/2025";"09:09:06";"98";"Sem vítima";"54,000";"BR-290/RS";"Crescente";"Saída de pista";1;0;0;0;0;0;0;0;0;0;2;0;0;0;0
"22/04/2025";"09:38:34";"106";"Sem vítima";"95,000";"BR-290/RS";"Crescente";"Engavetamento";2;0;0;0;0;0;0;0;0;0;2;0;0;0;0
"22/04/2025";"11:02:48";"127";"Sem vítima";"426,000";"BR-386/RS";"Crescente";"Colisão traseira";0;0;2;0;0;0;0;0;0;0;2;0;0;0;0
"22/04/2025";"11:14:54";"130";"Sem vítima";"270,000";"BR-386/RS";"Crescente";"Engavetamento";4;0;0;0;0;0;0;0;0;0;8;0;0;0;0
"22/04/2025";"14:55:33";"169";"Sem vítima";"439,000";"BR-386/RS";"Decrescente";"Capotamento";1;0;1;0;0;0;0;0;0;0;2;0;0;0;0
"22/04/2025";"15:42:08";"176";"Sem vítima";"244,000";"BR-386/RS";"Decrescente";"Saída de pista";1;0;0;0;0;0;0;0;0;0;1;0;0;0;0
"22/04/2025";"16:32:22";"185";"Com vítima";"14,000";"BR-448/RS";"Decrescente";"Colisão traseira";1;0;1;0;0;0;0;0;0;0;1;1;0;0;0
"22/04/2025";"17:08:17";"193";"Sem vítima";"69,000";"BR-290/RS";"Decrescente";"Tombamento";1;0;0;0;0;0;0;0;0;0;1;0;0;0;0
"23/04/2025";"01:59:48";"10";"Com vítima";"231,500";"BR-386/RS";"Decrescente";"Colisão traseira";0;0;2;0;0;0;0;0;0;0;1;0;0;0;1
"23/04/2025";"07:10:21";"50";"Sem vítima";"304,000";"BR-386/RS";"Decrescente";"Colisão lateral no mesmo sentido";1;0;0;0;0;0;0;0;0;0;4;0;0;0;0
"23/04/2025";"10:17:28";"131";"Sem vítima";"8,000";"BR-101/RS";"Crescente";"Engavetamento";3;0;0;0;0;0;0;0;0;0;8;0;0;0;0
"23/04/2025";"14:27:48";"166";"Com vítima";"350,000";"BR-386/RS";"Decrescente";"Colisão lateral no mesmo sentido";1;0;1;0;0;0;0;0;0;0;1;1;0;0;0
"23/04/2025";"21:46:08";"241";"Com vítima";"243,000";"BR-386/RS";"Decrescente";"Colisão transversal";1;0;1;0;0;0;0;0;0;0;1;1;0;0;0
"24/04/2025";"03:44:30";"13";"Sem vítima";"431,000";"BR-386/RS";"Crescente";"Atropelamento de animal";0;0;1;0;0;0;0;0;0;0;1;0;0;0;0
"24/04/2025";"08:04:41";"80";"Sem vítima";"71,000";"BR-290/RS";"Crescente";"Saída de pista";1;0;0;0;0;0;0;0;0;0;1;0;0;0;0
"24/04/2025";"13:27:03";"174";"Com vítima";"395,000";"BR-386/RS";"Crescente";"Capotamento";3;0;0;0;0;0;0;0;0;0;0;4;0;0;1
"24/04/2025";"18:19:02";"223";"Com vítima";"6,000";"BR-448/RS";"Decrescente";"Colisão lateral no mesmo sentido";1;0;0;1;0;0;0;0;0;0;4;0;1;0;0
"24/04/2025";"19:02:30";"228";"Com vítima";"401,000";"BR-386/RS";"Decrescente";"Choque";1;0;0;0;0;0;0;0;0;0;0;1;0;0;0
"24/04/2025";"21:33:34";"239";"Sem vítima";"75,000";"BR-290/RS";"Decrescente";"Colisão traseira";2;0;0;0;0;0;0;0;0;0;2;0;0;0;0
"24/04/2025";"23:59:10";"245";"Sem vítima";"251,000";"BR-386/RS";"Decrescente";"Choque";1;0;0;0;0;0;0;0;0;0;4;0;0;0;0
"25/04/2025";"06:10:09";"9";"Sem vítima";"55,000";"BR-290/RS";"Crescente";"Colisão lateral no mesmo sentido";1;0;1;0;0;0;0;0;0;0;3;0;0;0;0
"25/04/2025";"07:16:56";"31";"Sem vítima";"71,000";"BR-290/RS";"Crescente";"Queda de moto";0;0;0;1;0;0;0;0;0;0;1;0;0;0;0
"25/04/2025";"09:09:55";"93";"Com vítima";"92,000";"BR-290/RS";"Crescente";"Colisão traseira";0;0;1;1;0;0;0;0;0;0;1;1;0;0;0
"25/04/2025";"13:45:10";"150";"Com vítima";"31,000";"BR-101/RS";"Crescente";"Colisão transversal";1;0;1;0;0;0;0;0;0;0;1;1;0;0;0
"25/04/2025";"16:03:30";"178";"Sem vítima";"53,000";"BR-101/RS";"Crescente";"Saída de pista";1;0;0;0;0;0;0;0;0;0;2;0;0;0;0
"25/04/2025";"17:43:00";"205";"Com vítima";"86,600";"BR-290/RS";"Decrescente";"Colisão lateral no mesmo sentido";2;0;0;0;0;0;0;0;0;0;2;1;0;0;0
"26/04/2025";"03:52:34";"9";"Sem vítima";"242,000";"BR-386/RS";"Crescente";"Choque";1;0;0;0;0;0;0;0;0;0;3;0;0;0;0
"26/04/2025";"04:07:39";"10";"Com vítima";"93,500";"BR-290/RS";"Decrescente";"Saída de pista";1;0;0;0;0;0;0;0;0;0;1;1;0;0;0
"26/04/2025";"05:28:34";"14";"Com vítima";"362,000";"BR-386/RS";"Decrescente";"Queda de moto";0;0;0;1;0;0;0;0;0;0;0;0;1;0;0
"26/04/2025";"05:51:34";"16";"Sem vítima";"426,000";"BR-386/RS";"Crescente";"Colisão lateral no mesmo sentido";1;0;1;0;0;0;0;0;0;0;3;0;0;0;0
"26/04/2025";"08:05:55";"63";"Sem vítima";"350,000";"BR-386/RS";"Crescente";"Queda de moto";0;0;0;1;0;0;0;0;0;0;1;0;0;0;0
"26/04/2025";"09:59:45";"89";"Sem vítima";"293,000";"BR-386/RS";"Crescente";"Colisão lateral no mesmo sentido";1;0;1;0;0;0;0;0;0;0;6;0;0;0;0
"26/04/2025";"11:25:26";"104";"Sem vítima";"1,000";"BR-101/RS";"Decrescente";"Colisão traseira";0;0;2;0;0;0;0;0;0;0;2;0;0;0;0
"26/04/2025";"12:54:27";"111";"Sem vítima";"26,400";"BR-290/RS";"Decrescente";"Colisão lateral no mesmo sentido";1;0;1;0;0;0;0;0;0;0;2;0;0;0;0
"26/04/2025";"14:18:24";"123";"Sem vítima";"15,000";"BR-448/RS";"Crescente";"Colisão traseira";3;0;0;0;0;0;0;0;0;0;8;0;0;0;0
"26/04/2025";"18:31:51";"155";"Sem vítima";"424,000";"BR-386/RS";"Decrescente";"Colisão transversal";2;0;0;0;0;0;0;0;0;0;4;0;0;0;0
"26/04/2025";"18:59:39";"162";"Sem vítima";"431,000";"BR-386/RS";"Decrescente";"Choque";1;0;0;0;0;0;0;0;0;0;4;0;0;0;0
"27/04/2025";"00:23:15";"2";"Sem vítima";"311,000";"BR-386/RS";"Decrescente";"Choque";1;0;0;0;0;0;0;0;0;0;1;0;0;0;0
"27/04/2025";"03:59:29";"7";"Sem vítima";"278,700";"BR-386/RS";"Decrescente";"Saída de pista";1;0;0;0;0;0;0;0;0;0;1;0;0;0;0
"27/04/2025";"08:46:42";"23";"Sem vítima";"357,000";"BR-386/RS";"Crescente";"Saída de pista";1;0;0;0;0;0;0;0;0;0;1;0;0;0;0
"27/04/2025";"15:22:04";"49";"Sem vítima";"306,000";"BR-386/RS";"Decrescente";"Colisão transversal";2;0;0;0;0;0;0;0;0;0;4;0;0;0;0
"27/04/2025";"15:43:03";"54";"Sem vítima";"307,000";"BR-386/RS";"Decrescente";"Capotamento";1;0;0;0;0;0;0;0;0;0;5;0;0;0;0
"27/04/2025";"17:08:39";"65";"Sem vítima";"424,000";"BR-386/RS";"Crescente";"Colisão lateral no mesmo sentido";1;0;0;0;0;0;0;0;0;0;3;0;0;0;0
"27/04/2025";"17:55:46";"72";"Sem vítima";"311,000";"BR-386/RS";"Crescente";"Colisão lateral no mesmo sentido";2;0;1;0;0;0;0;0;0;0;7;0;0;0;0
"27/04/2025";"17:56:31";"71";"Sem vítima";"397,000";"BR-386/RS";"Decrescente";"Capotamento";1;0;0;0;0;0;0;0;0;0;1;0;0;0;0
"27/04/2025";"17:59:11";"74";"Sem vítima";"331,000";"BR-386/RS";"Decrescente";"Choque";1;0;0;0;0;0;0;0;0;0;3;0;0;0;0
"27/04/2025";"20:12:58";"88";"Sem vítima";"440,000";"BR-386/RS";"Decrescente";"Saída de pista";1;0;0;0;0;0;0;0;0;0;1;0;0;0;0
"27/04/2025";"20:29:29";"91";"Sem vítima";"9,000";"BR-448/RS";"Decrescente";"Capotamento";1;0;0;0;0;0;0;0;0;0;1;0;0;0;0
"27/04/2025";"21:53:48";"103";"Com vítima";"89,250";"BR-290/RS";"Crescente";"Queda de moto";0;0;0;1;0;0;0;0;0;0;0;0;1;0;0
"27/04/2025";"22:24:58";"105";"Sem vítima";"440,000";"BR-386/RS";"Decrescente";"Capotamento";1;0;0;0;0;0;0;0;0;0;1;0;0;0;0
"27/04/2025";"23:31:21";"113";"Com vítima";"22,000";"BR-448/RS";"Crescente";"Capotamento";1;0;0;0;0;0;0;0;0;0;1;0;1;0;0
"28/04/2025";"04:32:28";"4";"Sem vítima";"367,000";"BR-386/RS";"Crescente";"Colisão traseira";1;0;0;0;0;0;0;0;0;0;1;0;0;0;0
"28/04/2025";"05:28:50";"6";"Sem vítima";"253,000";"BR-386/RS";"Decrescente";"Saída de pista";0;0;1;0;0;0;0;0;0;0;2;0;0;0;0