data;horario;n_da_ocorrencia;tipo_de_ocorrencia;km;trecho;sentido;tipo_de_acidente;automovel;bicicleta;caminhao;moto;onibus;outros;tracao_animal;transporte_de_cargas_especiais;trator_maquinas;utilitarios;ilesos;levemente_feridos;moderadamente_feridos;gravemente_feridos;mortos
"18/05/2025";"17:19:59";"87";"Sem vítima";"412,000";"BR-386/RS";"Crescente";"Colisão traseira";1;0;0;0;0;0;0;0;0;0;2;0;0;0;0
"18/05/2025";"18:18:20";"102";"Sem vítima";"49,000";"BR-101/RS";"Decrescente";"Colisão lateral no mesmo sentido";2;0;0;0;0;0;0;0;0;0;2;0;0;0;0
"18/05/2025";"18:37:58";"106";"Sem vítima";"75,000";"BR-290/RS";"Crescente";"Colisão lateral no mesmo sentido";2;0;0;0;0;0;0;0;0;0;3;0;0;0;0
"18/05/2025";"19:13:17";"110";"Sem vítima";"60,000";"BR-290/RS";"Crescente";"Colisão traseira";1;0;0;0;0;0;0;0;0;0;2;0;0;0;0
"19/05/2025";"07:18:48";"74";"Sem vítima";"89,000";"BR-290/RS";"Crescente";"Engavetamento";3;0;0;0;0;0;0;0;0;0;6;0;0;0;0
"19/05/2025";"07:45:23";"87";"Sem vítima";"431,000";"BR-386/RS";"Decrescente";"Colisão traseira";2;0;0;0;0;0;0;0;0;0;2;0;0;0;0
"19/05/2025";"18:58:06";"229";"Sem vítima";"23,000";"BR-290/RS";"Decrescente";"Choque";1;0;0;0;0;0;0;0;0;0;2;0;0;0;0
"19/05/2025";"20:45:18";"241";"Sem vítima";"268,000";"BR-386/RS";"Decrescente";"Colisão lateral no mesmo sentido";0;0;2;0;0;0;0;1;0;0;3;0;0;0;0
"20/05/2025";"03:49:47";"4";"Com vítima";"80,000";"BR-290/RS";"Decrescente";"Saída de pista";1;0;0;0;0;0;0;0;0;0;0;0;1;0;0
"20/05/2025";"05:38:27";"7";"Sem vítima";"433,000";"BR-386/RS";"Crescente";"Saída de pista";1;0;0;0;0;0;0;0;0;0;1;0;0;0;0
"20/05/2025";"06:26:55";"11";"Sem vítima";"439,000";"BR-386/RS";"Crescente";"Colisão traseira";1;0;1;0;0;0;0;0;0;0;2;0;0;0;0
"20/05/2025";"07:17:08";"51";"Sem vítima";"257,000";"BR-386/RS";"Decrescente";"Choque";1;0;0;0;0;0;0;0;0;0;1;0;0;0;0
"20/05/2025";"08:21:33";"81";"Sem vítima";"305,000";"BR-386/RS";"Crescente";"Saída de pista";1;0;0;0;0;0;0;0;0;0;1;0;0;0;0
"20/05/2025";"08:32:53";"89";"Sem vítima";"19,000";"BR-290/RS";"Crescente";"Saída de pista";0;0;1;0;0;0;0;0;0;0;1;0;0;0;0
"20/05/2025";"09:49:39";"101";"Sem vítima";"94,000";"BR-290/RS";"Decrescente";"Saída de pista";1;0;0;0;0;0;0;0;0;0;1;0;0;0;0
"20/05/2025";"10:33:45";"110";"Sem vítima";"302,000";"BR-386/RS";"Decrescente";"Choque";1;0;0;0;0;0;0;0;0;0;1;0;0;0;0
"20/05/2025";"15:45:30";"162";"Com vítima";"91,000";"BR-290/RS";"Decrescente";"Colisão lateral no mesmo sentido";1;0;0;0;0;0;0;0;0;0;0;0;1;0;0
"20/05/2025";"20:22:35";"203";"Sem vítima";"37,000";"BR-290/RS";"Decrescente";"Saída de pista";1;0;0;0;0;0;0;0;0;0;1;0;0;0;0
"21/05/2025";"06:54:18";"29";"Sem vítima";"86,000";"BR-290/RS";"Crescente";"Saída de pista";1;0;0;0;0;0;0;0;0;0;1;0;0;0;0
"21/05/2025";"10:52:28";"119";"Sem vítima";"207,550";"BR-386/RS";"Decrescente";"Colisão lateral no mesmo sentido";1;0;1;0;0;0;0;0;0;0;3;0;0;0;0
"21/05/2025";"15:17:26";"156";"Sem vítima";"88,000";"BR-290/RS";"Decrescente";"Queda de moto";0;0;0;1;0;0;0;0;0;0;1;0;0;0;0
"21/05/2025";"19:18:34";"181";"Sem vítima";"259,000";"BR-386/RS";"Crescente";"Saída de pista";1;0;0;0;0;0;0;0;0;0;1;0;0;0;0
"21/05/2025";"21:06:42";"197";"Com vítima";"45,000";"BR-290/RS";"Crescente";"Saída de pista";2;0;0;0;0;0;0;0;0;0;4;1;0;0;0
"21/05/2025";"23:40:00";"204";"Sem vítima";"62,000";"BR-101/RS";"Decrescente";"Saída de pista";1;0;0;0;0;0;0;0;0;0;1;0;0;0;0
"22/05/2025";"10:25:12";"134";"Sem vítima";"62,000";"BR-290/RS";"Crescente";"Saída de pista";1;0;0;0;0;0;0;0;0;0;1;0;0;0;0
"22/05/2025";"12:07:13";"151";"Com vítima";"19,520";"BR-448/RS";"Crescente";"Engavetamento";2;0;1;0;0;0;0;0;0;0;4;1;2;0;0
"22/05/2025";"13:42:40";"161";"Sem vítima";"72,000";"BR-101/RS";"Crescente";"Colisão traseira";1;0;1;0;0;0;0;0;0;0;2;0;0;0;0
"22/05/2025";"17:04:10";"194";"Sem vítima";"84,000";"BR-290/RS";"Decrescente";"Colisão lateral no mesmo sentido";1;0;1;0;0;0;0;0;0;0;2;0;0;0;0
"22/05/2025";"17:31:11";"196";"Sem vítima";"351,000";"BR-386/RS";"Crescente";"Colisão traseira";1;0;1;0;0;0;0;0;0;0;3;0;0;0;0
"22/05/2025";"18:06:53";"205";"Com vítima";"437,000";"BR-386/RS";"Crescente";"Colisão transversal";1;0;2;0;0;0;0;0;0;0;2;0;1;0;0
"22/05/2025";"22:58:22";"233";"Sem vítima";"352,000";"BR-386/RS";"Decrescente";"Atropelamento de animal";1;0;0;0;0;0;0;0;0;0;1;0;0;0;0
"23/05/2025";"07:23:01";"63";"Sem vítima";"80,000";"BR-290/RS";"Decrescente";"Capotamento";1;0;0;0;0;0;0;0;0;0;1;0;0;0;0
"23/05/2025";"07:30:39";"70";"Sem vítima";"246,000";"BR-386/RS";"Decrescente";"Saída de pista";1;0;0;0;0;0;0;0;0;0;1;0;0;0;0
"23/05/2025";"08:46:52";"110";"Sem vítima";"226,000";"BR-386/RS";"Crescente";"Colisão lateral no mesmo sentido";2;0;0;0;0;0;0;0;0;0;7;0;0;0;0
"23/05/2025";"10:14:01";"143";"Com vítima";"86,000";"BR-290/RS";"Decrescente";"Choque";1;0;0;0;0;0;0;0;0;0;0;1;1;0;0
"23/05/2025";"19:03:47";"238";"Com vítima";"92,000";"BR-290/RS";"Decrescente";"Colisão traseira";1;0;0;1;0;0;0;0;0;0;1;0;1;0;0
"23/05/2025";"19:41:57";"246";"Sem vítima";"92,000";"BR-290/RS";"Decrescente";"Colisão lateral no mesmo sentido";1;0;1;0;0;0;0;0;0;0;2;0;0;0;0
"24/05/2025";"06:50:18";"19";"Com vítima";"310,000";"BR-386/RS";"Decrescente";"Colisão frontal";1;0;0;0;0;0;0;1;0;0;1;0;0;2;0
"24/05/2025";"11:07:01";"105";"Com vítima";"14,000";"BR-101/RS";"Decrescente";"Tombamento";0;0;1;0;0;0;0;0;0;0;0;0;1;0;0
"24/05/2025";"15:24:59";"146";"Com vítima";"14,000";"BR-101/RS";"Crescente";"Capotamento";1;0;0;0;0;0;0;0;0;0;0;1;0;0;0
"24/05/2025";"15:58:22";"149";"Sem vítima";"307,000";"BR-386/RS";"Decrescente";"Choque";1;0;0;0;0;0;0;0;0;0;4;0;0;0;0
"24/05/2025";"16:09:09";"150";"Com vítima";"215,000";"BR-386/RS";"Crescente";"Colisão traseira";2;0;0;0;0;0;0;0;0;0;5;1;0;0;0
"24/05/2025";"16:24:30";"152";"Com vítima";"215,000";"BR-386/RS";"Decrescente";"Colisão traseira";2;0;0;0;0;0;0;0;0;0;1;1;0;0;0
"25/05/2025";"00:39:15";"3";"Sem vítima";"22,000";"BR-101/RS";"Decrescente";"Saída de pista";1;0;0;0;0;0;0;0;0;0;1;0;0;0;0
"25/05/2025";"00:55:56";"6";"Com vítima";"78,000";"BR-290/RS";"Crescente";"Capotamento";1;0;0;0;0;0;0;0;0;0;0;0;1;0;0
"25/05/2025";"02:27:06";"13";"Sem vítima";"349,980";"BR-386/RS";"Crescente";"Saída de pista";1;0;0;0;0;0;0;0;0;0;1;0;0;0;0
"25/05/2025";"02:50:56";"14";"Sem vítima";"343,400";"BR-386/RS";"Decrescente";"Choque";0;0;1;0;0;0;0;0;0;0;1;0;0;0;0
"25/05/2025";"03:45:26";"20";"Com vítima";"346,000";"BR-386/RS";"Decrescente";"Saída de pista";1;0;0;0;0;0;0;0;0;0;1;1;0;0;0
"25/05/2025";"06:48:06";"26";"Sem vítima";"427,000";"BR-386/RS";"Crescente";"Atropelamento de animal";1;0;0;0;0;0;0;0;0;0;4;0;0;0;0
"25/05/2025";"18:39:11";"105";"Sem vítima";"251,800";"BR-386/RS";"Decrescente";"Saída de pista";1;0;0;0;0;0;0;0;0;0;1;0;0;0;0
"25/05/2025";"19:21:15";"114";"Com vítima";"82,300";"BR-101/RS";"Crescente";"Queda de moto";0;0;0;1;0;0;0;0;0;0;0;0;2;0;0
"26/05/2025";"06:50:25";"39";"Sem vítima";"373,000";"BR-386/RS";"Crescente";"Colisão lateral no mesmo sentido";1;0;0;0;0;0;0;0;0;0;1;0;0;0;0
"26/05/2025";"08:05:42";"65";"Com vítima";"440,000";"BR-386/RS";"Decrescente";"Engavetamento";2;0;0;0;0;0;0;0;0;0;2;1;0;0;0
"26/05/2025";"09:33:43";"95";"Sem vítima";"411,000";"BR-386/RS";"Decrescente";"Saída de pista";1;0;0;0;0;0;0;0;0;0;1;0;0;0;0
"26/05/2025";"10:54:42";"112";"Com vítima";"445,000";"BR-386/RS";"Decrescente";"Colisão traseira";1;0;0;0;0;0;0;0;0;0;0;0;0;1;0
"26/05/2025";"15:26:44";"143";"Com vítima";"307,000";"BR-386/RS";"Decrescente";"Saída de pista";1;0;1;0;0;0;0;0;0;0;2;1;0;0;0
"26/05/2025";"19:10:39";"176";"Sem vítima";"307,000";"BR-386/RS";"Crescente";"Saída de pista";1;0;0;0;0;0;0;0;0;0;3;0;0;0;0
"26/05/2025";"20:32:19";"184";"Sem vítima";"273,000";"BR-386/RS";"Crescente";"Saída de pista";1;0;0;0;0;0;0;0;0;0;1;0;0;0;0
"27/05/2025";"08:30:00";"87";"Sem vítima";"97,000";"BR-290/RS";"Crescente";"Colisão traseira";2;0;0;0;0;0;0;0;0;0;2;0;0;0;0
"27/05/2025";"14:16:16";"175";"Com vítima";"305,700";"BR-386/RS";"Decrescente";"Saída de pista";1;0;0;0;0;0;0;0;0;0;1;1;0;0;0
"27/05/2025";"15:00:19";"180";"Sem vítima";"80,000";"BR-290/RS";"Decrescente";"Choque";1;0;0;0;0;0;0;0;0;0;1;0;0;0;0
"27/05/2025";"15:10:24";"182";"Sem vítima";"396,000";"BR-386/RS";"Crescente";"Colisão traseira";1;0;1;0;0;0;0;0;0;0;2;0;0;0;0
"27/05/2025";"15:43:54";"188";"Sem vítima";"396,500";"BR-386/RS";"Decrescente";"Saída de pista";1;0;0;0;0;0;0;0;0;0;1;0;0;0;0
"27/05/2025";"17:13:24";"197";"Sem vítima";"387,000";"BR-386/RS";"Decrescente";"Colisão traseira";1;0;1;0;0;0;0;0;0;0;2;0;0;0;0
"27/05/2025";"18:03:30";"201";"Sem vítima";"436,000";"BR-386/RS";"Decrescente";"Colisão traseira";0;0;1;0;0;0;0;0;0;0;1;0;0;0;0
"27/05/2025";"18:23:35";"204";"Sem vítima";"265,000";"BR-386/RS";"Crescente";"Saída de pista";1;0;0;0;0;0;0;0;0;0;1;0;0;0;0
"27/05/2025";"18:59:04";"212";"Sem vítima";"305,000";"BR-386/RS";"Crescente";"Colisão traseira";1;0;1;0;0;0;0;0;0;0;2;0;0;0;0
"27/05/2025";"19:15:08";"215";"Sem vítima";"254,000";"BR-386/RS";"Decrescente";"Choque";1;0;2;0;0;0;0;0;0;0;3;0;0;0;0
"27/05/2025";"19:53:44";"223";"Sem vítima";"248,000";"BR-386/RS";"Crescente";"Colisão traseira";1;0;1;0;0;0;0;0;0;0;2;0;0;0;0
"28/05/2025";"04:51:23";"8";"Com vítima";"94,000";"BR-290/RS";"Decrescente";"Choque";1;0;0;0;0;0;0;0;0;0;0;0;1;0;0
"28/05/2025";"07:20:57";"41";"Sem vítima";"80,000";"BR-290/RS";"Decrescente";"Colisão lateral no mesmo sentido";1;0;1;0;0;0;0;0;0;0;2;0;0;0;0
"28/05/2025";"09:10:28";"100";"Com vítima";"260,000";"BR-386/RS";"Decrescente";"Capotamento";1;0;0;0;0;0;0;0;0;0;1;0;1;0;0
"28/05/2025";"12:09:02";"127";"Sem vítima";"262,200";"BR-386/RS";"Decrescente";"Capotamento";1;0;0;0;0;0;0;0;0;0;2;0;0;0;0
"28/05/2025";"15:05:41";"153";"Sem vítima";"259,000";"BR-386/RS";"Crescente";"Saída de pista";1;0;0;0;0;0;0;0;0;0;1;0;0;0;0
"28/05/2025";"18:31:51";"173";"Com vítima";"95,000";"BR-290/RS";"Crescente";"Engavetamento";3;0;0;0;0;0;0;0;0;0;5;1;0;0;0
"28/05/2025";"21:10:50";"205";"Sem vítima";"424,500";"BR-386/RS";"Decrescente";"Choque";1;0;0;0;0;0;0;0;0;0;1;0;0;0;0
"29/05/2025";"08:01:54";"77";"Com vítima";"336,000";"BR-386/RS";"Decrescente";"Choque";1;0;0;0;0;0;0;0;0;0;0;0;1;0;0
"29/05/2025";"08:15:10";"87";"Sem vítima";"21,000";"BR-290/RS";"Crescente";"Saída de pista";1;0;0;0;0;0;0;0;0;0;1;0;0;0;0
"29/05/2025";"08:34:35";"95";"Sem vítima";"6,000";"BR-290/RS";"Decrescente";"Saída de pista";1;0;0;0;0;0;0;0;0;0;1;0;0;0;0
"29/05/2025";"09:57:49";"127";"Sem vítima";"93,000";"BR-290/RS";"Crescente";"Colisão lateral no mesmo sentido";1;0;1;0;0;0;0;0;0;0;2;0;0;0;0
"29/05/2025";"10:04:46";"130";"Sem vítima";"19,000";"BR-290/RS";"Crescente";"Saída de pista";0;0;1;0;0;0;0;0;0;0;3;0;0;0;0
"29/05/2025";"16:24:27";"210";"Com vítima";"250,000";"BR-386/RS";"Decrescente";"Colisão transversal";1;0;1;0;0;0;0;0;0;0;1;0;0;2;0
"29/05/2025";"17:44:10";"231";"Com vítima";"13,500";"BR-448/RS";"Crescente";"Queda de moto";1;0;0;0;0;0;0;0;0;0;0;2;0;0;0
"29/05/2025";"21:23:54";"270";"Sem vítima";"73,000";"BR-290/RS";"Crescente";"Colisão traseira";2;0;0;0;0;0;0;0;0;0;2;0;0;0;0
"30/05/2025";"05:48:27";"18";"Com vítima";"306,800";"BR-386/RS";"Decrescente";"Queda de moto";0;0;0;1;0;0;0;0;0;0;0;1;0;0;0
"30/05/2025";"11:34:40";"180";"Sem vítima";"251,900";"BR-386/RS";"Crescente";"Colisão transversal";1;0;1;0;0;0;0;0;0;0;4;0;0;0;0
"30/05/2025";"16:03:32";"223";"Com vítima";"24,000";"BR-101/RS";"Crescente";"Colisão transversal";0;0;1;1;0;0;0;0;0;0;1;0;1;0;0
"30/05/2025";"18:41:00";"248";"Sem vítima";"361,000";"BR-386/RS";"Decrescente";"Colisão traseira";2;0;0;0;0;0;0;0;0;0;3;0;0;0;0
"31/05/2025";"05:24:41";"12";"Sem vítima";"89,000";"BR-290/RS";"Crescente";"Choque";1;0;0;0;0;0;0;0;0;0;2;0;0;0;0
"31/05/2025";"08:02:03";"74";"Sem vítima";"401,000";"BR-386/RS";"Decrescente";"Saída de pista";1;0;0;0;0;0;0;0;0;0;2;0;0;0;0
"31/05/2025";"12:01:34";"117";"Sem vítima";"60,000";"BR-290/RS";"Crescente";"Colisão traseira";1;0;1;0;0;0;0;0;0;0;2;0;0;0;0
"31/05/2025";"12:25:26";"118";"Sem vítima";"270,000";"BR-386/RS";"Decrescente";"Colisão traseira";1;0;0;0;0;0;0;0;0;0;1;0;0;0;0
"31/05/2025";"17:39:03";"150";"Sem vítima";"435,000";"BR-386/RS";"Decrescente";"Colisão lateral no mesmo sentido";2;0;0;0;0;0;0;0;0;0;3;0;0;0;0
"01/06/2025";"04:45:26";"8";"Sem vítima";"360,000";"BR-386/RS";"Crescente";"Choque";1;0;0;0;0;0;0;0;0;0;1;0;0;0;0
"01/06/2025";"15:34:06";"60";"Com vítima";"35,000";"BR-290/RS";"Decrescente";"Colisão traseira";2;0;0;0;0;0;0;0;0;0;3;1;0;0;0
"01/06/2025";"15:48:40";"62";"Sem vítima";"43,000";"BR-101/RS";"Crescente";"Choque";1;0;0;0;0;0;0;0;0;0;1;0;0;0;0
"01/06/2025";"17:20:51";"71";"Com vítima";"280,000";"BR-386/RS";"Crescente";"Colisão frontal";2;0;0;0;0;0;0;0;0;0;2;0;3;0;0
"01/06/2025";"17:22:36";"72";"Com vítima";"257,000";"BR-386/RS";"Crescente";"Saída de pista";0;0;1;0;0;0;0;0;0;0;0;1;0;0;0
"01/06/2025";"22:13:30";"112";"Sem vítima";"41,000";"BR-101/RS";"Crescente";"Saída de pista";0;0;1;0;0;0;0;0;0;0;1;0;0;0;0
"02/06/2025";"00:45:05";"2";"Sem vítima";"337,000";"BR-386/RS";"Decrescente";"Capotamento";1;0;0;0;0;0;0;0;0;0;1;0;0;0;0
"02/06/2025";"01:25:38";"5";"Com vítima";"10,000";"BR-448/RS";"Decrescente";"Choque";1;0;0;0;0;0;0;0;0;0;0;0;2;0;0
"02/06/2025";"10:04:54";"140";"Com vítima";"435,000";"BR-386/RS";"Decrescente";"Colisão lateral no mesmo sentido";1;0;1;0;0;0;0;0;0;0;1;1;0;0;0
"02/06/2025";"10:33:12";"148";"Sem vítima";"232,000";"BR-386/RS";"Decrescente";"Engavetamento";3;0;1;0;0;0;0;0;0;0;8;0;0;0;0
"02/06/2025";"11:39:05";"167";"Sem vítima";"432,000";"BR-386/RS";"Decrescente";"Engavetamento";3;0;0;0;0;0;0;0;0;0;4;0;0;0;0
"02/06/2025";"13:07:33";"180";"Com vítima";"65,000";"BR-290/RS";"Decrescente";"Capotamento";1;0;0;0;0;0;0;0;0;0;1;2;0;0;0
"02/06/2025";"14:44:32";"199";"Com vítima";"249,000";"BR-386/RS";"Crescente";"Colisão transversal";1;0;1;0;0;0;0;0;0;0;1;0;2;0;0
"02/06/2025";"16:22:23";"222";"Sem vítima";"86,000";"BR-290/RS";"Crescente";"Queda de moto";0;0;0;1;0;0;0;0;0;0;1;0;0;0;0
"02/06/2025";"18:21:02";"236";"Com vítima";"47,000";"BR-290/RS";"Decrescente";"Colisão traseira";1;0;1;0;0;0;0;0;0;0;3;1;0;0;0
"02/06/2025";"19:53:29";"250";"Com vítima";"80,000";"BR-290/RS";"Decrescente";"Saída de pista";1;0;0;0;0;0;0;0;0;0;4;0;1;0;0
"02/06/2025";"20:03:37";"254";"Sem vítima";"350,000";"BR-386/RS";"Decrescente";"Colisão lateral no mesmo sentido";1;0;0;0;0;0;0;0;0;0;1;0;0;0;0
"02/06/2025";"20:08:30";"255";"Com vítima";"298,000";"BR-386/RS";"Decrescente";"Colisão frontal";1;0;1;0;0;0;0;0;0;0;0;0;2;0;0
"03/06/2025";"05:45:28";"9";"Com vítima";"344,400";"BR-386/RS";"Decrescente";"Queda de moto";0;0;0;1;0;0;0;0;0;0;0;0;1;0;0
"03/06/2025";"07:41:37";"74";"Com vítima";"8,000";"BR-448/RS";"Decrescente";"Colisão lateral no mesmo sentido";1;0;0;1;0;0;0;0;0;0;1;0;1;0;0
"03/06/2025";"18:15:45";"210";"Sem vítima";"352,000";"BR-386/RS";"Crescente";"Capotamento";1;0;0;0;0;0;0;0;0;0;2;0;0;0;0
"03/06/2025";"19:05:46";"219";"Com vítima";"351,000";"BR-386/RS";"Decrescente";"Saída de pista";1;0;0;0;0;0;0;0;0;0;1;1;0;0;0
"03/06/2025";"19:49:22";"227";"Com vítima";"5,200";"BR-101/RS";"Decrescente";"Colisão frontal";1;0;0;0;0;0;0;0;0;0;1;0;0;0;0
"04/06/2025";"07:54:43";"84";"Com vítima";"435,000";"BR-386/RS";"Decrescente";"Colisão transversal";2;0;0;0;0;0;0;0;0;0;3;0;1;0;0
"04/06/2025";"10:52:06";"148";"Com vítima";"389,000";"BR-386/RS";"Decrescente";"Choque";1;0;0;0;0;0;0;0;0;0;0;1;0;0;0
"04/06/2025";"13:56:38";"182";"Com vítima";"92,150";"BR-290/RS";"Crescente";"Colisão traseira";2;0;0;0;0;0;0;0;0;0;2;1;0;0;0
"04/06/2025";"16:57:27";"217";"Sem vítima";"351,000";"BR-386/RS";"Decrescente";"Colisão lateral no mesmo sentido";1;0;1;0;0;0;0;0;0;0;7;0;0;0;0
"04/06/2025";"16:57:38";"218";"Sem vítima";"92,000";"BR-290/RS";"Decrescente";"Colisão transversal";2;0;0;0;0;0;0;0;0;0;2;0;0;0;0
"04/06/2025";"17:58:01";"229";"Com vítima";"4,700";"BR-448/RS";"Decrescente";"Colisão traseira";2;0;0;0;0;0;0;0;0;0;2;1;0;0;0
"04/06/2025";"20:30:05";"245";"Sem vítima";"350,200";"BR-386/RS";"Decrescente";"Saída de pista";1;0;0;0;0;0;0;0;0;0;1;0;0;0;0
"04/06/2025";"20:55:04";"247";"Sem vítima";"344,800";"BR-386/RS";"Decrescente";"Saída de pista";0;0;1;0;0;0;0;0;0;0;1;0;0;0;0
"05/06/2025";"07:07:55";"49";"Com vítima";"92,000";"BR-290/RS";"Crescente";"Colisão traseira";1;0;0;0;0;0;0;0;0;0;0;1;0;0;0
"05/06/2025";"07:48:58";"82";"Sem vítima";"84,000";"BR-290/RS";"Decrescente";"Colisão traseira";1;0;1;0;0;0;0;0;0;0;2;0;0;0;0
"05/06/2025";"15:09:23";"190";"Sem vítima";"258,000";"BR-386/RS";"Decrescente";"Choque";0;0;1;0;0;0;0;0;0;0;1;0;0;0;0
"05/06/2025";"16:12:08";"192";"Sem vítima";"426,000";"BR-386/RS";"Crescente";"Colisão traseira";0;0;2;0;0;0;0;0;0;0;2;0;0;0;0
"05/06/2025";"17:14:38";"199";"Sem vítima";"391,000";"BR-386/RS";"Decrescente";"Colisão lateral no mesmo sentido";0;0;2;0;0;0;0;0;0;0;2;0;0;0;0
"05/06/2025";"18:30:14";"207";"Sem vítima";"77,000";"BR-290/RS";"Decrescente";"Queda de moto";0;0;0;1;0;0;0;0;0;0;1;0;0;0;0
"06/06/2025";"07:52:11";"75";"Sem vítima";"350,000";"BR-386/RS";"Crescente";"Colisão traseira";2;0;0;0;0;0;0;0;0;0;2;0;0;0;0
"06/06/2025";"14:05:13";"162";"Com vítima";"308,000";"BR-386/RS";"Crescente";"Colisão transversal";2;0;0;0;0;0;0;0;0;0;1;2;0;0;0
"06/06/2025";"14:47:50";"167";"Sem vítima";"91,000";"BR-290/RS";"Decrescente";"Colisão transversal";2;0;0;0;0;0;0;0;0;0;4;0;0;0;0
"06/06/2025";"16:39:49";"183";"Sem vítima";"80,000";"BR-290/RS";"Decrescente";"Colisão transversal";1;0;1;0;0;0;0;0;0;0;2;0;0;0;0
"06/06/2025";"17:05:48";"187";"Com vítima";"21,000";"BR-448/RS";"Crescente";"Tombamento";0;0;1;0;0;0;0;0;0;0;0;0;0;1;0
"06/06/2025";"18:23:27";"203";"Com vítima";"435,000";"BR-386/RS";"Decrescente";"Colisão transversal";1;0;1;0;0;0;0;0;0;0;3;2;0;0;0
"06/06/2025";"18:45:29";"205";"Sem vítima";"432,900";"BR-386/RS";"Decrescente";"Colisão traseira";2;0;0;0;0;0;0;0;0;0;2;0;0;0;0
"06/06/2025";"19:20:01";"210";"Sem vítima";"2,900";"BR-448/RS";"Decrescente";"Engavetamento";1;0;2;0;0;0;0;0;0;0;3;0;0;0;0
"06/06/2025";"20:58:15";"228";"Sem vítima";"86,000";"BR-290/RS";"Decrescente";"Colisão traseira";2;0;0;0;0;0;0;0;0;0;4;0;0;0;0
"07/06/2025";"02:43:02";"12";"Sem vítima";"423,000";"BR-386/RS";"Crescente";"Atropelamento de animal";1;0;0;0;0;0;0;0;0;0;2;0;0;0;0
"07/06/2025";"08:45:57";"81";"Com vítima";"10,000";"BR-448/RS";"Crescente";"Engavetamento";3;0;0;0;0;0;0;0;0;0;4;0;1;0;0
"07/06/2025";"08:52:07";"85";"Com vítima";"348,000";"BR-386/RS";"Decrescente";"Choque";1;0;0;0;0;0;0;0;0;0;0;1;2;0;0
"07/06/2025";"11:14:09";"112";"Com vítima";"95,000";"BR-290/RS";"Crescente";"Queda de moto";0;0;0;1;0;0;0;0;0;0;1;0;1;0;0
"07/06/2025";"14:06:36";"135";"Sem vítima";"20,000";"BR-448/RS";"Crescente";"Colisão traseira";2;0;0;0;0;0;0;0;0;0;5;0;0;0;0
"07/06/2025";"14:34:42";"140";"Sem vítima";"398,000";"BR-386/RS";"Crescente";"Choque";1;0;0;0;0;0;0;0;0;0;3;0;0;0;0
"07/06/2025";"17:42:50";"162";"Sem vítima";"392,000";"BR-386/RS";"Crescente";"Colisão lateral no mesmo sentido";2;0;0;0;0;0;0;0;0;0;5;0;0;0;0
"07/06/2025";"18:42:57";"171";"Com vítima";"91,200";"BR-290/RS";"Decrescente";"Colisão traseira";2;0;0;0;0;0;0;0;0;0;2;0;1;0;0
"08/06/2025";"00:08:04";"1";"Sem vítima";"91,000";"BR-290/RS";"Decrescente";"Choque";1;0;0;0;0;0;0;0;0;0;2;0;0;0;0
"08/06/2025";"05:13:29";"16";"Sem vítima";"247,000";"BR-386/RS";"Decrescente";"Colisão lateral no mesmo sentido";1;0;1;0;0;0;0;0;0;0;16;0;0;0;0
"08/06/2025";"09:36:11";"38";"Sem vítima";"308,000";"BR-386/RS";"Crescente";"Saída de pista";1;0;0;0;0;0;0;0;0;0;2;0;0;0;0
"08/06/2025";"17:12:57";"87";"Com vítima";"86,000";"BR-290/RS";"Decrescente";"Acidentes de outra natureza";1;0;0;0;0;0;0;0;0;0;0;1;0;0;0
"09/06/2025";"06:34:01";"22";"Com vítima";"92,800";"BR-290/RS";"Crescente";"Engavetamento";3;0;0;1;0;0;0;0;0;0;4;1;0;0;0
"09/06/2025";"08:17:06";"90";"Sem vítima";"343,000";"BR-386/RS";"Crescente";"Colisão lateral no mesmo sentido";1;0;1;0;0;0;0;0;0;0;2;0;0;0;0
"09/06/2025";"15:32:18";"195";"Sem vítima";"271,000";"BR-386/RS";"Decrescente";"Saída de pista";0;0;1;0;0;0;0;0;0;0;1;0;0;0;0
"09/06/2025";"23:42:35";"244";"Sem vítima";"37,000";"BR-290/RS";"Decrescente";"Atropelamento de animal";1;0;0;0;0;0;0;0;0;0;3;0;0;0;0
"10/06/2025";"04:46:51";"5";"Com vítima";"419,000";"BR-386/RS";"Crescente";"Atropelamento de animal";1;0;0;0;0;0;0;0;0;0;2;1;0;0;0
"10/06/2025";"10:11:40";"139";"Sem vítima";"307,500";"BR-386/RS";"Crescente";"Saída de pista";0;0;1;0;0;0;0;0;0;0;1;0;0;0;0
"10/06/2025";"12:50:14";"166";"Sem vítima";"426,000";"BR-386/RS";"Decrescente";"Colisão lateral no mesmo sentido";2;0;0;0;0;0;0;0;0;0;4;0;0;0;0