data;horario;n_da_ocorrencia;tipo_de_ocorrencia;km;trecho;sentido;tipo_de_acidente;automovel;bicicleta;caminhao;moto;onibus;outros;tracao_animal;transporte_de_cargas_especiais;trator_maquinas;utilitarios;ilesos;levemente_feridos;moderadamente_feridos;gravemente_feridos;mortos
"21/07/2025";"08:39:32";"86";"Sem vítima";"390,000";"BR-386/RS";"Decrescente";"Colisão lateral no mesmo sentido";1;0;0;0;0;0;0;0;0;0;1;0;0;0;0
"21/07/2025";"10:23:09";"115";"Com vítima";"21,000";"BR-448/RS";"Crescente";"Saída de pista";1;0;0;0;0;0;0;0;0;0;0;3;0;0;0
"21/07/2025";"11:05:53";"127";"Sem vítima";"61,000";"BR-290/RS";"Crescente";"Tombamento";0;0;1;0;0;0;0;0;0;0;1;0;0;0;0
"21/07/2025";"11:58:03";"140";"Sem vítima";"250,000";"BR-386/RS";"Crescente";"Engavetamento";3;0;0;0;0;0;0;0;0;0;10;0;0;0;0
"21/07/2025";"14:54:39";"178";"Com vítima";"437,000";"BR-386/RS";"Decrescente";"Colisão lateral no mesmo sentido";1;0;1;0;0;0;0;0;0;0;2;1;0;0;0
"21/07/2025";"17:30:35";"197";"Sem vítima";"256,000";"BR-386/RS";"Decrescente";"Engavetamento";3;0;1;0;0;0;0;0;0;0;9;0;0;0;0
"21/07/2025";"18:01:07";"201";"Com vítima";"82,000";"BR-101/RS";"Crescente";"Colisão traseira";1;0;0;0;0;0;0;0;0;0;0;1;0;0;0
"21/07/2025";"18:16:00";"204";"Com vítima";"246,000";"BR-386/RS";"Decrescente";"Choque";1;0;0;0;0;0;0;0;0;0;0;1;0;0;0
"22/07/2025";"05:30:37";"6";"Sem vítima";"47,000";"BR-101/RS";"Crescente";"Choque";0;0;1;0;0;0;0;0;0;0;1;0;0;0;0
"22/07/2025";"06:06:46";"7";"Sem vítima";"209,000";"BR-386/RS";"Crescente";"Atropelamento de animal";1;0;0;0;0;0;0;0;0;0;4;0;0;0;0
"22/07/2025";"09:12:53";"103";"Sem vítima";"242,000";"BR-386/RS";"Crescente";"Colisão lateral no mesmo sentido";1;0;1;0;0;0;0;0;0;0;3;0;0;0;0
"22/07/2025";"13:17:43";"145";"Sem vítima";"251,000";"BR-386/RS";"Decrescente";"Colisão transversal";1;0;0;0;0;0;0;1;0;0;2;0;0;0;0
"22/07/2025";"16:18:54";"173";"Com vítima";"437,000";"BR-386/RS";"Crescente";"Colisão lateral no mesmo sentido";0;0;1;1;0;0;0;0;0;0;1;0;1;0;0
"22/07/2025";"17:36:03";"179";"Com vítima";"388,000";"BR-386/RS";"Decrescente";"Colisão lateral no mesmo sentido";1;0;0;1;0;0;0;0;0;0;1;0;1;0;0
"22/07/2025";"17:36:36";"178";"Sem vítima";"94,000";"BR-290/RS";"Decrescente";"Colisão lateral no mesmo sentido";1;0;1;0;0;0;0;0;0;0;2;0;0;0;0
"22/07/2025";"22:01:15";"202";"Com vítima";"278,000";"BR-386/RS";"Crescente";"Colisão frontal";1;0;1;0;0;0;0;0;0;0;0;1;0;0;1
"23/07/2025";"06:27:11";"28";"Sem vítima";"434,000";"BR-386/RS";"Decrescente";"Colisão lateral no mesmo sentido";1;0;1;0;0;0;0;0;0;0;2;0;0;0;0
"23/07/2025";"09:17:14";"92";"Com vítima";"66,000";"BR-101/RS";"Crescente";"Colisão frontal";2;0;0;0;0;0;0;0;0;0;1;1;0;0;0
"23/07/2025";"12:12:21";"129";"Sem vítima";"350,000";"BR-386/RS";"Decrescente";"Colisão lateral no mesmo sentido";1;0;0;0;0;0;0;0;0;0;1;0;0;0;0
"23/07/2025";"14:50:15";"159";"Sem vítima";"251,000";"BR-386/RS";"Crescente";"Colisão lateral no mesmo sentido";1;0;1;0;0;0;0;0;0;0;2;0;0;0;0
"23/07/2025";"18:11:57";"191";"Com vítima";"234,100";"BR-386/RS";"Crescente";"Colisão frontal";1;0;1;0;0;0;0;0;0;0;0;0;1;0;1
"23/07/2025";"21:09:58";"228";"Sem vítima";"85,400";"BR-290/RS";"Crescente";"Colisão lateral no mesmo sentido";1;0;1;0;0;0;0;0;0;0;2;0;0;0;0
"23/07/2025";"21:43:41";"231";"Sem vítima";"429,000";"BR-386/RS";"Crescente";"Saída de pista";1;0;0;0;0;0;0;0;0;0;1;0;0;0;0
"24/07/2025";"08:10:25";"74";"Sem vítima";"429,000";"BR-386/RS";"Crescente";"Choque";1;0;0;0;0;0;0;0;0;0;1;0;0;0;0
"24/07/2025";"08:48:25";"91";"Sem vítima";"94,000";"BR-290/RS";"Decrescente";"Saída de pista";1;0;0;0;0;0;0;0;0;0;1;0;0;0;0
"24/07/2025";"16:50:17";"207";"Sem vítima";"437,000";"BR-386/RS";"Decrescente";"Colisão traseira";2;0;0;0;0;0;0;0;0;0;2;0;0;0;0
"24/07/2025";"22:10:32";"250";"Com vítima";"401,000";"BR-386/RS";"Decrescente";"Saída de pista";1;0;0;0;0;0;0;0;0;0;1;0;4;0;0
"25/07/2025";"02:29:55";"4";"Com vítima";"237,000";"BR-386/RS";"Decrescente";"Capotamento";1;0;0;0;0;0;0;0;0;0;0;1;1;0;0
"25/07/2025";"06:06:00";"8";"Sem vítima";"360,000";"BR-386/RS";"Decrescente";"Saída de pista";1;0;0;0;0;0;0;0;0;0;1;0;0;0;0
"25/07/2025";"06:57:08";"41";"Sem vítima";"92,000";"BR-290/RS";"Decrescente";"Colisão transversal";2;0;0;0;0;0;0;0;0;0;3;0;0;0;0
"25/07/2025";"11:08:38";"150";"Sem vítima";"376,000";"BR-386/RS";"Crescente";"Colisão lateral no mesmo sentido";1;0;0;0;0;0;0;0;0;0;1;0;0;0;0
"25/07/2025";"13:24:19";"172";"Sem vítima";"431,000";"BR-386/RS";"Decrescente";"Colisão traseira";2;0;0;0;0;0;0;0;0;0;2;0;0;0;0
"25/07/2025";"22:08:46";"275";"Sem vítima";"52,000";"BR-101/RS";"Decrescente";"Saída de pista";0;0;1;0;0;0;0;0;0;0;1;0;0;0;0
"26/07/2025";"07:18:10";"49";"Sem vítima";"50,500";"BR-290/RS";"Decrescente";"Capotamento";1;0;0;0;0;0;0;0;0;0;4;0;0;0;0
"26/07/2025";"08:54:28";"76";"Sem vítima";"15,700";"BR-290/RS";"Decrescente";"Choque";1;0;0;0;0;0;0;0;0;0;3;0;0;0;0
"26/07/2025";"12:46:56";"106";"Com vítima";"351,000";"BR-386/RS";"Decrescente";"Colisão traseira";1;0;0;2;0;0;0;0;0;0;2;1;0;0;0
"26/07/2025";"16:36:59";"148";"Sem vítima";"74,800";"BR-290/RS";"Decrescente";"Choque";1;0;0;0;0;0;0;0;0;0;3;0;0;0;0
"26/07/2025";"20:09:04";"181";"Sem vítima";"67,000";"BR-290/RS";"Crescente";"Saída de pista";1;0;0;0;0;0;0;0;0;0;5;0;0;0;0
"26/07/2025";"21:24:05";"198";"Sem vítima";"94,000";"BR-290/RS";"Crescente";"Saída de pista";1;0;0;0;0;0;0;0;0;0;5;0;0;0;0
"26/07/2025";"23:53:42";"203";"Sem vítima";"85,000";"BR-290/RS";"Decrescente";"Saída de pista";1;0;0;0;0;0;0;0;0;0;2;0;0;0;0
"26/07/2025";"23:54:08";"204";"Sem vítima";"353,000";"BR-386/RS";"Decrescente";"Saída de pista";1;0;0;0;0;0;0;0;0;0;2;0;0;0;0
"27/07/2025";"03:23:23";"7";"Sem vítima";"332,000";"BR-386/RS";"Crescente";"Colisão traseira";1;0;0;0;0;0;0;0;0;0;1;0;0;0;0
"27/07/2025";"05:21:29";"13";"Sem vítima";"350,000";"BR-386/RS";"Crescente";"Capotamento";1;0;0;0;0;0;0;0;0;0;1;0;0;0;0
"27/07/2025";"05:54:45";"16";"Sem vítima";"21,600";"BR-448/RS";"Decrescente";"Saída de pista";1;0;0;0;0;0;0;0;0;0;1;0;0;0;0
"27/07/2025";"07:18:57";"21";"Sem vítima";"80,000";"BR-290/RS";"Decrescente";"Choque";1;0;0;0;0;0;0;0;0;0;1;0;0;0;0
"27/07/2025";"10:04:17";"36";"Com vítima";"411,000";"BR-386/RS";"Decrescente";"Saída de pista";1;0;0;0;0;0;0;0;0;0;0;2;0;0;0
"27/07/2025";"10:43:15";"42";"Sem vítima";"10,800";"BR-290/RS";"Decrescente";"Atropelamento de animal";1;0;0;0;0;0;0;0;0;0;4;0;0;0;0
"27/07/2025";"11:05:41";"44";"Sem vítima";"25,000";"BR-290/RS";"Crescente";"Colisão lateral no mesmo sentido";2;0;0;0;0;0;0;0;0;0;6;0;0;0;0
"27/07/2025";"12:05:10";"53";"Com vítima";"355,000";"BR-386/RS";"Decrescente";"Saída de pista";1;0;0;0;0;0;0;0;0;0;0;0;1;0;0
"27/07/2025";"12:52:47";"59";"Com vítima";"411,000";"BR-386/RS";"Decrescente";"Choque";1;0;0;0;0;0;0;0;0;0;0;1;0;0;0
"27/07/2025";"14:19:42";"68";"Sem vítima";"379,000";"BR-386/RS";"Crescente";"Saída de pista";1;0;0;0;0;0;0;0;0;0;4;0;0;0;0
"27/07/2025";"14:33:56";"70";"Sem vítima";"307,000";"BR-386/RS";"Crescente";"Saída de pista";1;0;0;0;0;0;0;0;0;0;3;0;0;0;0
"27/07/2025";"15:00:46";"77";"Sem vítima";"306,000";"BR-386/RS";"Crescente";"Saída de pista";1;0;0;0;0;0;0;0;0;0;1;0;0;0;0
"27/07/2025";"15:14:37";"79";"Sem vítima";"1,000";"BR-290/RS";"Crescente";"Saída de pista";1;0;0;0;0;0;0;0;0;0;1;0;0;0;0
"27/07/2025";"15:22:15";"81";"Sem vítima";"306,000";"BR-386/RS";"Decrescente";"Colisão traseira";1;0;0;0;0;0;0;0;0;0;3;0;0;0;0
"27/07/2025";"15:24:59";"82";"Sem vítima";"426,000";"BR-386/RS";"Crescente";"Engavetamento";3;0;0;0;0;0;0;0;0;0;11;0;0;0;0
"27/07/2025";"16:16:02";"95";"Sem vítima";"86,000";"BR-290/RS";"Crescente";"Choque";1;0;0;0;0;0;0;0;0;0;4;0;0;0;0
"27/07/2025";"16:16:03";"96";"Sem vítima";"307,000";"BR-386/RS";"Crescente";"Saída de pista";1;0;0;0;0;0;0;0;0;0;1;0;0;0;0
"27/07/2025";"16:39:06";"101";"Sem vítima";"421,000";"BR-386/RS";"Decrescente";"Tombamento";1;0;0;0;0;0;0;0;0;0;1;0;0;0;0
"27/07/2025";"17:39:27";"119";"Sem vítima";"309,000";"BR-386/RS";"Decrescente";"Colisão traseira";1;0;0;0;0;0;0;0;0;0;1;0;0;0;0
"27/07/2025";"19:00:39";"131";"Sem vítima";"430,000";"BR-386/RS";"Crescente";"Choque";1;0;0;0;0;0;0;0;0;0;1;0;0;0;0
"27/07/2025";"19:14:20";"136";"Sem vítima";"19,000";"BR-290/RS";"Crescente";"Colisão lateral no mesmo sentido";1;0;0;0;0;0;0;0;0;0;1;0;0;0;0
"27/07/2025";"20:47:53";"150";"Sem vítima";"307,000";"BR-386/RS";"Crescente";"Choque";1;0;0;0;0;0;0;0;0;0;3;0;0;0;0
"27/07/2025";"22:30:12";"165";"Sem vítima";"19,000";"BR-290/RS";"Crescente";"Saída de pista";1;0;0;0;0;0;0;0;0;0;2;0;0;0;0
"27/07/2025";"22:31:33";"166";"Sem vítima";"2,000";"BR-101/RS";"Decrescente";"Saída de pista";1;0;0;0;0;0;0;0;0;0;1;0;0;0;0
"27/07/2025";"22:51:45";"169";"Sem vítima";"38,000";"BR-290/RS";"Decrescente";"Saída de pista";1;0;0;0;0;0;0;0;0;0;3;0;0;0;0
"28/07/2025";"09:25:57";"72";"Com vítima";"80,000";"BR-290/RS";"Decrescente";"Saída de pista";0;0;1;0;0;0;0;0;0;0;1;0;2;0;0
"28/07/2025";"15:25:21";"144";"Sem vítima";"406,000";"BR-386/RS";"Crescente";"Saída de pista";1;0;0;0;0;0;0;0;0;0;1;0;0;0;0
"28/07/2025";"15:51:14";"148";"Com vítima";"19,000";"BR-290/RS";"Crescente";"Capotamento";1;0;0;0;0;0;0;0;0;0;0;1;0;0;0
"28/07/2025";"16:20:28";"158";"Com vítima";"421,000";"BR-386/RS";"Decrescente";"Queda de moto";0;0;0;1;0;0;0;0;0;0;0;0;1;0;0
"29/07/2025";"04:17:25";"4";"Com vítima";"293,600";"BR-386/RS";"Decrescente";"Acidentes de outra natureza";1;0;0;0;0;0;0;0;0;0;0;2;0;0;0
"29/07/2025";"16:52:56";"212";"Sem vítima";"92,000";"BR-290/RS";"Decrescente";"Colisão traseira";1;0;0;0;0;0;0;0;0;0;1;0;0;0;0
"29/07/2025";"17:13:19";"214";"Sem vítima";"234,000";"BR-386/RS";"Decrescente";"Colisão traseira";2;0;0;0;0;0;0;0;0;0;5;0;0;0;0
"29/07/2025";"17:47:38";"220";"Sem vítima";"92,000";"BR-290/RS";"Decrescente";"Colisão traseira";2;0;0;0;0;0;0;0;0;0;3;0;0;0;0
"29/07/2025";"22:26:44";"247";"Com vítima";"442,000";"BR-386/RS";"Crescente";"Colisão transversal";2;0;0;0;0;0;0;0;0;0;2;0;1;0;0
"30/07/2025";"07:26:46";"57";"Sem vítima";"426,000";"BR-386/RS";"Crescente";"Colisão traseira";1;0;1;0;0;0;0;0;0;0;3;0;0;0;0
"30/07/2025";"11:18:39";"156";"Sem vítima";"262,000";"BR-386/RS";"Decrescente";"Colisão transversal";1;0;1;0;0;0;0;0;0;0;3;0;0;0;0
"30/07/2025";"12:52:02";"164";"Sem vítima";"431,000";"BR-386/RS";"Crescente";"Colisão lateral no mesmo sentido";1;0;1;0;0;0;0;0;0;0;5;0;0;0;0
"30/07/2025";"13:33:05";"172";"Com vítima";"92,150";"BR-290/RS";"Crescente";"Colisão transversal";1;0;0;1;0;0;0;0;0;0;3;1;0;0;0
"30/07/2025";"17:40:19";"217";"Sem vítima";"349,000";"BR-386/RS";"Crescente";"Colisão lateral no mesmo sentido";1;0;1;0;0;0;0;0;0;0;2;0;0;0;0
"30/07/2025";"21:07:48";"239";"Sem vítima";"360,000";"BR-386/RS";"Crescente";"Choque";1;0;0;0;0;0;0;0;0;0;2;0;0;0;0
"31/07/2025";"01:44:00";"3";"Sem vítima";"86,000";"BR-290/RS";"Crescente";"Saída de pista";1;0;0;0;0;0;0;0;0;0;1;0;0;0;0
"31/07/2025";"07:20:32";"51";"Com vítima";"86,900";"BR-290/RS";"Decrescente";"Colisão transversal";0;0;0;1;0;0;0;0;0;0;0;0;1;0;0
"31/07/2025";"07:39:35";"58";"Sem vítima";"19,000";"BR-290/RS";"Crescente";"Colisão traseira";1;0;1;0;0;0;0;0;0;0;5;0;0;0;0
"31/07/2025";"11:50:48";"146";"Sem vítima";"248,000";"BR-386/RS";"Crescente";"Colisão traseira";1;0;0;0;0;0;0;0;0;0;4;0;0;0;0
"31/07/2025";"14:06:39";"175";"Sem vítima";"8,000";"BR-290/RS";"Crescente";"Colisão lateral no mesmo sentido";1;0;1;0;0;0;0;0;0;0;2;0;0;0;0
"31/07/2025";"16:09:36";"202";"Sem vítima";"342,000";"BR-386/RS";"Decrescente";"Colisão traseira";2;0;0;0;0;0;0;0;0;0;4;0;0;0;0
"31/07/2025";"16:37:06";"209";"Com vítima";"180,000";"BR-386/RS";"Crescente";"Colisão lateral no mesmo sentido";2;0;1;0;0;0;0;0;0;0;2;1;0;0;0
"31/07/2025";"18:02:27";"224";"Sem vítima";"60,000";"BR-290/RS";"Crescente";"Colisão traseira";2;0;0;0;0;0;0;0;0;0;4;0;0;0;0
"31/07/2025";"18:34:20";"230";"Com vítima";"93,000";"BR-290/RS";"Decrescente";"Colisão traseira";1;0;0;1;0;0;0;0;0;0;1;0;2;0;0
"31/07/2025";"19:14:45";"240";"Sem vítima";"302,000";"BR-386/RS";"Crescente";"Colisão lateral no mesmo sentido";1;0;1;0;0;0;0;0;0;0;3;0;0;0;0
"31/07/2025";"19:50:19";"246";"Sem vítima";"23,000";"BR-101/RS";"Crescente";"Colisão traseira";1;0;1;0;0;0;0;0;0;0;2;0;0;0;0
"31/07/2025";"22:51:44";"267";"Com vítima";"68,000";"BR-290/RS";"Crescente";"Colisão lateral no mesmo sentido";1;0;0;1;0;0;0;0;0;0;1;0;2;0;0
"01/08/2025";"07:06:15";"37";"Sem vítima";"92,000";"BR-290/RS";"Decrescente";"Engavetamento";3;0;0;0;0;0;0;0;0;0;7;0;0;0;0
"01/08/2025";"11:56:05";"172";"Sem vítima";"432,000";"BR-386/RS";"Decrescente";"Colisão lateral no mesmo sentido";1;0;1;0;0;0;0;0;0;0;4;0;0;0;0
"01/08/2025";"14:36:09";"200";"Sem vítima";"94,200";"BR-290/RS";"Crescente";"Colisão traseira";2;0;0;0;0;0;0;0;0;0;2;0;0;0;0
"01/08/2025";"15:43:51";"220";"Sem vítima";"434,000";"BR-386/RS";"Crescente";"Colisão traseira";2;0;0;0;0;0;0;0;0;0;7;0;0;0;0
"01/08/2025";"17:59:13";"249";"Sem vítima";"350,000";"BR-386/RS";"Decrescente";"Colisão traseira";1;0;1;0;0;0;0;0;0;0;2;0;0;0;0
"01/08/2025";"20:01:13";"270";"Com vítima";"53,000";"BR-290/RS";"Crescente";"Engavetamento";4;0;0;0;0;0;0;0;0;0;13;0;1;0;0
"01/08/2025";"22:04:39";"289";"Com vítima";"249,000";"BR-386/RS";"Decrescente";"Colisão traseira";1;0;1;0;0;0;0;0;0;0;1;0;1;0;0
"02/08/2025";"01:48:08";"7";"Sem vítima";"333,000";"BR-386/RS";"Decrescente";"Choque";0;0;1;0;0;0;0;0;0;0;1;0;0;0;0
"02/08/2025";"15:44:13";"113";"Com vítima";"261,000";"BR-386/RS";"Decrescente";"Colisão lateral no mesmo sentido";2;0;0;0;0;0;0;0;0;0;2;1;0;0;0
"03/08/2025";"04:27:56";"11";"Sem vítima";"94,170";"BR-290/RS";"Decrescente";"Choque";1;0;0;0;0;0;0;0;0;0;1;0;0;0;0
"03/08/2025";"05:14:50";"14";"Sem vítima";"85,000";"BR-290/RS";"Decrescente";"Choque";1;0;0;0;0;0;0;0;0;0;2;0;0;0;0
"03/08/2025";"06:07:55";"20";"Sem vítima";"84,000";"BR-290/RS";"Crescente";"Queda de moto";0;0;0;1;0;0;0;0;0;0;1;0;0;0;0
"03/08/2025";"07:03:02";"25";"Sem vítima";"188,000";"BR-386/RS";"Decrescente";"Atropelamento de animal";1;0;0;0;0;0;0;0;0;0;1;0;0;0;0
"03/08/2025";"08:06:53";"32";"Sem vítima";"276,000";"BR-386/RS";"Decrescente";"Capotamento";1;0;0;0;0;0;0;0;0;0;1;0;0;0;0
"03/08/2025";"08:56:55";"37";"Sem vítima";"398,000";"BR-386/RS";"Crescente";"Choque";1;0;0;0;0;0;0;0;0;0;5;0;0;0;0
"03/08/2025";"09:05:46";"38";"Com vítima";"306,000";"BR-386/RS";"Decrescente";"Colisão lateral no mesmo sentido";1;0;1;0;0;0;0;0;0;0;1;5;0;0;0
"03/08/2025";"09:54:14";"45";"Sem vítima";"78,000";"BR-290/RS";"Crescente";"Capotamento";1;0;0;0;0;0;0;0;0;0;2;0;0;0;0
"03/08/2025";"10:20:59";"51";"Sem vítima";"64,000";"BR-290/RS";"Crescente";"Capotamento";1;0;0;0;0;0;0;0;0;0;1;0;0;0;0
"03/08/2025";"10:30:13";"54";"Com vítima";"11,000";"BR-290/RS";"Decrescente";"Capotamento";1;0;0;0;0;0;0;0;0;0;0;1;0;0;0
"03/08/2025";"11:59:35";"67";"Sem vítima";"24,000";"BR-290/RS";"Crescente";"Saída de pista";1;0;0;0;0;0;0;0;0;0;1;0;0;0;0
"03/08/2025";"15:56:10";"115";"Sem vítima";"14,000";"BR-101/RS";"Crescente";"Colisão traseira";1;0;0;1;0;0;0;0;0;0;2;0;0;0;0
"03/08/2025";"16:14:46";"119";"Sem vítima";"320,000";"BR-386/RS";"Decrescente";"Tombamento";0;0;1;0;0;0;0;0;0;0;3;0;0;0;0
"03/08/2025";"16:18:30";"122";"Com vítima";"362,000";"BR-386/RS";"Crescente";"Colisão lateral no mesmo sentido";1;0;1;0;0;0;0;0;0;0;2;2;0;0;0
"03/08/2025";"17:54:32";"134";"Sem vítima";"262,000";"BR-386/RS";"Crescente";"Colisão lateral no mesmo sentido";1;0;1;0;0;0;0;0;0;0;3;0;0;0;0
"03/08/2025";"23:05:58";"172";"Sem vítima";"87,000";"BR-290/RS";"Decrescente";"Colisão traseira";2;0;0;0;0;0;0;0;0;0;6;0;0;0;0
"04/08/2025";"06:38:50";"28";"Com vítima";"76,400";"BR-101/RS";"Crescente";"Tombamento";0;0;1;0;0;0;0;0;0;0;0;0;1;0;0
"04/08/2025";"06:57:15";"34";"Sem vítima";"396,000";"BR-386/RS";"Decrescente";"Engavetamento";3;0;0;0;0;0;0;0;0;0;8;0;0;0;0
"04/08/2025";"07:04:52";"35";"Sem vítima";"355,000";"BR-386/RS";"Decrescente";"Saída de pista";1;0;0;0;0;0;0;0;0;0;1;0;0;0;0
"04/08/2025";"08:42:59";"77";"Com vítima";"40,000";"BR-101/RS";"Crescente";"Colisão transversal";1;0;0;0;0;0;0;0;0;0;3;1;0;0;0
"04/08/2025";"08:46:43";"78";"Com vítima";"307,000";"BR-386/RS";"Decrescente";"Colisão transversal";2;0;1;0;0;0;0;0;0;0;9;0;2;0;0
"04/08/2025";"09:34:31";"84";"Sem vítima";"429,000";"BR-386/RS";"Decrescente";"Colisão traseira";0;0;2;0;0;0;0;0;0;0;2;0;0;0;0
"04/08/2025";"09:59:59";"86";"Sem vítima";"48,000";"BR-290/RS";"Crescente";"Colisão traseira";2;0;0;0;0;0;0;0;0;0;2;0;0;0;0
"04/08/2025";"12:31:42";"107";"Sem vítima";"79,500";"BR-290/RS";"Crescente";"Saída de pista";1;0;0;0;0;0;0;0;0;0;1;0;0;0;0
"04/08/2025";"16:55:58";"138";"Sem vítima";"19,000";"BR-290/RS";"Crescente";"Tombamento";1;0;0;0;0;0;0;0;0;0;2;0;0;0;0
"04/08/2025";"17:00:35";"141";"Sem vítima";"397,000";"BR-386/RS";"Decrescente";"Colisão lateral no mesmo sentido";2;0;0;0;0;0;0;0;0;0;4;0;0;0;0
"04/08/2025";"18:28:52";"152";"Sem vítima";"272,000";"BR-386/RS";"Decrescente";"Colisão traseira";2;0;0;0;0;0;0;0;0;0;2;0;0;0;0
"04/08/2025";"19:22:59";"158";"Sem vítima";"411,000";"BR-386/RS";"Decrescente";"Tombamento";1;0;0;0;0;0;0;0;0;0;2;0;0;0;0
"04/08/2025";"21:12:27";"177";"Sem vítima";"226,000";"BR-386/RS";"Decrescente";"Saída de pista";1;0;0;0;0;0;0;0;0;0;2;0;0;0;0
"04/08/2025";"21:47:35";"182";"Sem vítima";"69,000";"BR-290/RS";"Crescente";"Saída de pista";1;0;0;0;0;0;0;0;0;0;4;0;0;0;0
"04/08/2025";"23:42:11";"194";"Sem vítima";"213,000";"BR-386/RS";"Decrescente";"Colisão traseira";0;0;1;0;0;0;0;0;0;0;1;0;0;0;0
"05/08/2025";"07:09:45";"42";"Sem vítima";"418,000";"BR-386/RS";"Crescente";"Saída de pista";1;0;0;0;0;0;0;0;0;0;2;0;0;0;0
"05/08/2025";"07:58:43";"63";"Sem vítima";"306,000";"BR-386/RS";"Crescente";"Choque";1;0;0;0;0;0;0;0;0;0;1;0;0;0;0
"05/08/2025";"08:51:45";"98";"Sem vítima";"306,000";"BR-386/RS";"Decrescente";"Saída de pista";1;0;0;0;0;0;0;0;0;0;5;0;0;0;0
"05/08/2025";"18:24:15";"224";"Sem vítima";"348,000";"BR-386/RS";"Decrescente";"Colisão traseira";3;0;0;0;0;0;0;0;0;0;4;0;0;0;0
"05/08/2025";"18:37:02";"227";"Sem vítima";"80,000";"BR-290/RS";"Decrescente";"Engavetamento";2;0;0;0;0;0;0;0;0;0;2;0;0;0;0
"06/08/2025";"01:25:24";"3";"Com vítima";"81,000";"BR-290/RS";"Decrescente";"Atropelamento de animal";1;0;0;0;0;0;0;0;0;0;0;0;1;0;0
"06/08/2025";"08:06:43";"78";"Com vítima";"356,000";"BR-386/RS";"Crescente";"Colisão lateral no mesmo sentido";2;0;0;0;0;0;0;0;0;0;0;0;1;0;0
"06/08/2025";"10:12:41";"138";"Sem vítima";"435,000";"BR-386/RS";"Crescente";"Colisão traseira";1;0;1;0;0;0;0;0;0;0;2;0;0;0;0
"06/08/2025";"13:44:42";"190";"Com vítima";"295,000";"BR-386/RS";"Decrescente";"Engavetamento";3;0;3;0;0;0;0;0;0;0;7;1;1;0;0
"06/08/2025";"20:45:39";"240";"Com vítima";"359,000";"BR-386/RS";"Decrescente";"Atropelamento de pedestre";0;0;0;1;0;0;0;0;0;0;0;0;0;1;1
"07/08/2025";"05:38:22";"11";"Sem vítima";"89,000";"BR-290/RS";"Decrescente";"Capotamento";1;0;0;0;0;0;0;0;0;0;2;0;0;0;0
"07/08/2025";"12:10:42";"130";"Com vítima";"48,000";"BR-101/RS";"Crescente";"Saída de pista";0;0;1;0;0;0;0;0;0;0;0;1;0;0;0
"07/08/2025";"13:09:29";"140";"Sem vítima";"436,000";"BR-386/RS";"Decrescente";"Colisão lateral no mesmo sentido";3;0;0;0;0;0;0;0;0;0;4;0;0;0;0
"07/08/2025";"19:04:34";"201";"Sem vítima";"90,000";"BR-290/RS";"Decrescente";"Engavetamento";4;0;1;0;0;0;0;0;0;0;5;0;0;0;0
"07/08/2025";"19:07:15";"202";"Sem vítima";"69,000";"BR-290/RS";"Decrescente";"Saída de pista";1;0;0;0;0;0;0;0;0;0;2;0;0;0;0
"07/08/2025";"19:45:04";"207";"Sem vítima";"392,000";"BR-386/RS";"Decrescente";"Saída de pista";1;0;0;0;0;0;0;0;0;0;3;0;0;0;0
"08/08/2025";"04:52:00";"18";"Com vítima";"356,000";"BR-386/RS";"Crescente";"Choque";1;0;0;0;0;0;0;0;0;0;0;1;0;0;0
"08/08/2025";"08:05:08";"50";"Sem vítima";"252,000";"BR-386/RS";"Crescente";"Capotamento";1;0;0;0;0;0;0;0;0;0;4;0;0;0;0
"08/08/2025";"08:10:11";"53";"Com vítima";"84,000";"BR-290/RS";"Crescente";"Colisão traseira";4;0;0;0;0;0;0;0;0;0;3;1;1;0;0
"08/08/2025";"08:40:38";"67";"Com vítima";"18,500";"BR-448/RS";"Decrescente";"Choque";1;0;0;0;0;0;0;0;0;0;0;0;1;0;0
"08/08/2025";"08:56:29";"72";"Sem vítima";"46,000";"BR-290/RS";"Crescente";"Choque";1;0;0;0;0;0;0;0;0;0;4;0;0;0;0
"08/08/2025";"10:21:56";"95";"Sem vítima";"434,600";"BR-386/RS";"Crescente";"Choque";1;0;0;0;0;0;0;0;0;0;1;0;0;0;0
"09/08/2025";"02:09:02";"7";"Sem vítima";"382,000";"BR-386/RS";"Crescente";"Saída de pista";0;0;1;0;0;0;0;0;0;0;1;0;0;0;0
"09/08/2025";"08:15:41";"54";"Sem vítima";"403,000";"BR-386/RS";"Decrescente";"Colisão traseira";2;0;0;0;0;0;0;0;0;0;10;0;0;0;0
"09/08/2025";"10:00:30";"83";"Sem vítima";"432,000";"BR-386/RS";"Decrescente";"Colisão transversal";2;0;0;0;0;0;0;0;0;0;4;0;0;0;0