data;horario;n_da_ocorrencia;tipo_de_ocorrencia;km;trecho;sentido;tipo_de_acidente;automovel;bicicleta;caminhao;moto;onibus;outros;tracao_animal;transporte_de_cargas_especiais;trator_maquinas;utilitarios;ilesos;levemente_feridos;moderadamente_feridos;gravemente_feridos;mortos
"09/08/2025";"19:44:40";"153";"Sem vítima";"350,000";"BR-386/RS";"Decrescente";"Colisão lateral no mesmo sentido";2;0;0;0;0;0;0;0;0;0;3;0;0;0;0
"10/08/2025";"05:42:34";"22";"Sem vítima";"350,000";"BR-386/RS";"Decrescente";"Atropelamento de animal";1;0;0;0;0;0;0;0;0;0;1;0;0;0;0
"10/08/2025";"12:37:26";"67";"Com vítima";"304,000";"BR-386/RS";"Decrescente";"Colisão transversal";3;0;0;0;0;0;0;0;0;0;6;1;0;0;0
"10/08/2025";"18:05:14";"99";"Sem vítima";"86,000";"BR-101/RS";"Crescente";"Colisão traseira";2;0;0;0;0;0;0;0;0;0;2;0;0;0;0
"10/08/2025";"19:14:57";"119";"Sem vítima";"92,000";"BR-290/RS";"Crescente";"Engavetamento";4;0;0;0;0;0;0;0;0;0;8;0;0;0;0
"10/08/2025";"19:28:54";"120";"Sem vítima";"92,000";"BR-290/RS";"Crescente";"Colisão traseira";1;0;0;0;0;0;0;0;0;0;1;0;0;0;0
"10/08/2025";"20:13:49";"134";"Com vítima";"19,000";"BR-101/RS";"Crescente";"Colisão frontal";2;0;0;0;0;0;0;0;0;0;1;0;0;1;0
"10/08/2025";"20:24:37";"137";"Com vítima";"273,000";"BR-386/RS";"Crescente";"Colisão traseira";2;0;1;0;0;0;0;0;0;0;1;0;1;1;0
"11/08/2025";"02:24:32";"8";"Com vítima";"333,000";"BR-386/RS";"Decrescente";"Saída de pista";1;0;0;0;0;0;0;0;0;0;0;1;0;0;0
"11/08/2025";"03:09:38";"12";"Sem vítima";"60,000";"BR-290/RS";"Crescente";"Saída de pista";1;0;0;0;0;0;0;0;0;0;3;0;0;0;0
"11/08/2025";"07:22:01";"41";"Sem vítima";"262,000";"BR-386/RS";"Crescente";"Colisão traseira";2;0;0;0;0;0;0;0;0;0;6;0;0;0;0
"11/08/2025";"08:00:14";"61";"Com vítima";"95,000";"BR-290/RS";"Crescente";"Colisão lateral no mesmo sentido";1;0;0;1;0;0;0;0;0;0;5;1;0;0;0
"11/08/2025";"09:00:07";"90";"Sem vítima";"426,000";"BR-386/RS";"Crescente";"Colisão traseira";1;0;1;0;0;0;0;0;0;0;3;0;0;0;0
"11/08/2025";"11:10:17";"135";"Sem vítima";"428,000";"BR-386/RS";"Decrescente";"Colisão traseira";1;0;0;0;0;0;0;0;0;0;2;0;0;0;0
"11/08/2025";"15:08:18";"163";"Com vítima";"345,000";"BR-386/RS";"Crescente";"Colisão lateral no mesmo sentido";0;0;0;1;0;0;0;0;0;0;0;0;1;0;0
"11/08/2025";"17:58:36";"191";"Sem vítima";"60,960";"BR-101/RS";"Decrescente";"Saída de pista";1;0;0;0;0;0;0;0;0;0;1;0;0;0;0
"11/08/2025";"20:08:03";"210";"Com vítima";"282,600";"BR-386/RS";"Decrescente";"Colisão transversal";1;0;1;0;0;0;0;0;0;0;1;0;1;0;0
"11/08/2025";"21:16:03";"218";"Com vítima";"68,100";"BR-290/RS";"Decrescente";"Capotamento";1;0;0;0;0;0;0;0;0;0;0;0;0;1;0
"12/08/2025";"05:25:15";"10";"Sem vítima";"398,400";"BR-386/RS";"Crescente";"Saída de pista";1;0;0;0;0;0;0;0;0;0;1;0;0;0;0
"12/08/2025";"18:54:13";"221";"Com vítima";"443,000";"BR-386/RS";"Decrescente";"Colisão transversal";2;0;0;1;0;0;0;0;0;0;2;0;1;0;0
"12/08/2025";"19:38:38";"226";"Com vítima";"367,000";"BR-386/RS";"Crescente";"Colisão transversal";1;0;0;1;0;0;0;0;0;0;1;0;1;0;0
"12/08/2025";"20:13:21";"230";"Sem vítima";"257,800";"BR-386/RS";"Decrescente";"Choque";0;0;1;0;0;0;0;0;0;0;1;0;0;0;0
"13/08/2025";"06:25:11";"12";"Sem vítima";"273,000";"BR-386/RS";"Crescente";"Colisão lateral no mesmo sentido";1;0;0;0;0;0;0;0;0;0;3;0;0;0;0
"13/08/2025";"08:27:07";"74";"Sem vítima";"20,000";"BR-448/RS";"Crescente";"Colisão lateral no mesmo sentido";1;0;0;0;0;0;0;0;0;0;3;0;0;0;0
"13/08/2025";"09:37:02";"113";"Sem vítima";"54,000";"BR-290/RS";"Crescente";"Saída de pista";1;0;0;0;0;0;0;0;0;0;1;0;0;0;0
"13/08/2025";"15:04:43";"162";"Com vítima";"244,000";"BR-386/RS";"Decrescente";"Colisão transversal";2;0;0;0;0;0;0;0;0;0;1;3;0;0;0
"13/08/2025";"15:42:32";"166";"Sem vítima";"245,000";"BR-386/RS";"Decrescente";"Colisão transversal";2;0;0;0;0;0;0;0;0;0;2;0;0;0;0
"13/08/2025";"19:00:53";"196";"Sem vítima";"338,000";"BR-386/RS";"Decrescente";"Colisão lateral no mesmo sentido";1;0;1;0;0;0;0;0;0;0;4;0;0;0;0
"13/08/2025";"20:02:10";"202";"Com vítima";"50,000";"BR-290/RS";"Crescente";"Saída de pista";1;0;0;0;0;0;0;0;0;0;2;2;0;0;0
"14/08/2025";"07:19:38";"49";"Com vítima";"435,000";"BR-386/RS";"Crescente";"Colisão transversal";1;0;1;0;0;0;0;0;0;0;2;0;1;0;0
"14/08/2025";"08:29:51";"83";"Sem vítima";"92,000";"BR-290/RS";"Crescente";"Colisão transversal";2;0;0;0;0;0;0;0;0;0;2;0;0;0;0
"14/08/2025";"12:55:37";"149";"Sem vítima";"245,000";"BR-386/RS";"Decrescente";"Colisão transversal";2;0;1;0;0;0;0;0;0;0;4;0;0;0;0
"14/08/2025";"13:34:21";"155";"Com vítima";"40,000";"BR-101/RS";"Decrescente";"Colisão lateral no mesmo sentido";1;0;0;0;0;0;0;0;0;0;0;1;0;0;0
"14/08/2025";"14:09:13";"159";"Sem vítima";"60,000";"BR-290/RS";"Decrescente";"Colisão traseira";2;0;0;0;0;0;0;0;0;0;4;0;0;0;0
"14/08/2025";"14:21:59";"162";"Sem vítima";"307,000";"BR-386/RS";"Crescente";"Colisão traseira";0;0;2;0;0;0;0;0;0;0;3;0;0;0;0
"14/08/2025";"16:00:19";"176";"Sem vítima";"348,000";"BR-386/RS";"Decrescente";"Colisão traseira";2;0;0;0;0;0;0;0;0;0;3;0;0;0;0
"14/08/2025";"18:09:51";"197";"Com vítima";"88,000";"BR-290/RS";"Decrescente";"Colisão lateral no mesmo sentido";1;0;0;1;0;0;0;0;0;0;1;1;0;0;0
"14/08/2025";"18:14:52";"198";"Com vítima";"79,000";"BR-290/RS";"Decrescente";"Queda de moto";0;0;0;1;0;0;0;0;0;0;1;0;1;0;0
"14/08/2025";"19:33:39";"209";"Sem vítima";"444,000";"BR-386/RS";"Crescente";"Saída de pista";1;0;0;0;0;0;0;0;0;0;1;0;0;0;0
"15/08/2025";"05:24:19";"9";"Sem vítima";"32,000";"BR-290/RS";"Crescente";"Colisão traseira";0;0;1;0;0;0;0;0;0;0;2;0;0;0;0
"15/08/2025";"07:14:47";"39";"Sem vítima";"94,400";"BR-290/RS";"Crescente";"Colisão lateral no mesmo sentido";1;0;0;1;0;0;0;0;0;0;2;0;0;0;0
"15/08/2025";"15:48:27";"163";"Sem vítima";"69,000";"BR-290/RS";"Crescente";"Colisão traseira";1;0;1;0;0;0;0;0;0;0;2;0;0;0;0
"15/08/2025";"17:08:39";"174";"Sem vítima";"433,000";"BR-386/RS";"Crescente";"Colisão traseira";1;0;0;0;0;0;0;0;0;0;4;0;0;0;0
"15/08/2025";"17:37:43";"182";"Sem vítima";"432,000";"BR-386/RS";"Decrescente";"Colisão traseira";0;0;2;0;0;0;0;0;0;0;3;0;0;0;0
"15/08/2025";"17:59:22";"184";"Sem vítima";"74,000";"BR-290/RS";"Decrescente";"Colisão frontal";1;0;1;0;0;0;0;0;0;0;4;0;0;0;0
"16/08/2025";"00:05:08";"1";"Sem vítima";"262,000";"BR-386/RS";"Crescente";"Queda de carga";0;0;1;0;0;0;0;0;0;0;1;0;0;0;0
"16/08/2025";"00:35:02";"4";"Sem vítima";"20,400";"BR-101/RS";"Crescente";"Choque";1;0;0;0;0;0;0;0;0;0;1;0;0;0;0
"16/08/2025";"13:51:48";"125";"Com vítima";"362,000";"BR-386/RS";"Crescente";"Queda de moto";0;0;0;1;0;0;0;0;0;0;0;1;0;0;0
"16/08/2025";"17:57:04";"156";"Sem vítima";"386,200";"BR-386/RS";"Crescente";"Colisão lateral no mesmo sentido";2;0;0;0;0;0;0;0;0;0;5;0;0;0;0
"16/08/2025";"21:24:04";"185";"Sem vítima";"80,000";"BR-290/RS";"Decrescente";"Saída de pista";1;0;0;0;0;0;0;0;0;0;2;0;0;0;0
"17/08/2025";"01:14:07";"4";"Sem vítima";"352,000";"BR-386/RS";"Decrescente";"Choque";1;0;0;0;0;0;0;0;0;0;1;0;0;0;0
"17/08/2025";"17:55:12";"100";"Com vítima";"395,475";"BR-386/RS";"Crescente";"Saída de pista";1;0;0;0;0;0;0;0;0;0;1;1;0;0;0
"17/08/2025";"18:23:26";"107";"Com vítima";"395,475";"BR-386/RS";"Crescente";"Colisão traseira";2;0;0;0;0;0;0;0;0;0;2;0;1;0;0
"17/08/2025";"19:42:05";"126";"Sem vítima";"411,000";"BR-386/RS";"Decrescente";"Colisão traseira";1;0;0;0;0;0;0;0;0;0;9;0;0;0;0
"17/08/2025";"20:03:13";"129";"Sem vítima";"222,000";"BR-386/RS";"Decrescente";"Choque";1;0;0;0;0;0;0;0;0;0;1;0;0;0;0
"17/08/2025";"23:56:55";"160";"Sem vítima";"80,000";"BR-290/RS";"Decrescente";"Saída de pista";1;0;0;0;0;0;0;0;0;0;4;0;0;0;0
"18/08/2025";"06:20:18";"23";"Sem vítima";"67,300";"BR-101/RS";"Crescente";"Choque";1;0;0;0;0;0;0;0;0;0;1;0;0;0;0
"18/08/2025";"13:30:15";"141";"Com vítima";"32,000";"BR-101/RS";"Crescente";"Colisão traseira";2;0;0;0;0;0;0;0;0;0;4;2;1;0;0
"18/08/2025";"17:51:20";"170";"Com vítima";"83,000";"BR-290/RS";"Decrescente";"Colisão traseira";0;0;0;1;0;0;0;0;0;0;0;0;1;0;0
"18/08/2025";"18:29:00";"179";"Sem vítima";"343,000";"BR-386/RS";"Crescente";"Colisão lateral no mesmo sentido";1;0;0;0;0;0;0;0;0;0;3;0;0;0;0
"18/08/2025";"18:29:55";"180";"Sem vítima";"86,000";"BR-290/RS";"Decrescente";"Colisão traseira";2;0;0;0;0;0;0;0;0;0;2;0;0;0;0
"18/08/2025";"20:38:49";"195";"Sem vítima";"304,000";"BR-386/RS";"Crescente";"Colisão traseira";0;0;1;0;0;0;0;0;0;0;1;0;0;0;0
"19/08/2025";"12:19:55";"119";"Com vítima";"281,900";"BR-386/RS";"Crescente";"Tombamento";0;0;1;0;0;0;0;0;0;0;0;2;0;0;0
"19/08/2025";"15:18:37";"144";"Com vítima";"62,000";"BR-101/RS";"Decrescente";"Acidentes de outra natureza";1;0;0;0;0;0;0;0;0;0;0;4;0;0;0
"19/08/2025";"18:24:03";"161";"Com vítima";"246,000";"BR-386/RS";"Crescente";"Colisão traseira";1;0;0;1;0;0;0;0;0;0;1;1;0;0;0
"19/08/2025";"18:35:31";"164";"Sem vítima";"15,000";"BR-448/RS";"Decrescente";"Colisão lateral no mesmo sentido";1;0;1;0;0;0;0;0;0;0;5;0;0;0;0
"20/08/2025";"01:02:21";"3";"Sem vítima";"437,000";"BR-386/RS";"Crescente";"Colisão frontal";1;0;0;1;0;0;0;0;0;0;2;0;0;0;0
"20/08/2025";"12:47:14";"146";"Sem vítima";"96,000";"BR-290/RS";"Crescente";"Colisão lateral no mesmo sentido";1;0;0;0;1;0;0;0;0;0;4;0;0;0;0
"20/08/2025";"14:15:07";"159";"Com vítima";"40,000";"BR-290/RS";"Crescente";"Colisão traseira";1;0;0;1;0;0;0;0;0;0;1;1;0;0;0
"20/08/2025";"18:55:10";"208";"Sem vítima";"90,600";"BR-290/RS";"Decrescente";"Colisão lateral no mesmo sentido";2;0;0;1;0;0;0;0;0;0;3;0;0;0;0
"21/08/2025";"04:41:41";"14";"Sem vítima";"348,000";"BR-386/RS";"Decrescente";"Choque";1;0;0;0;0;0;0;0;0;0;1;0;0;0;0
"21/08/2025";"07:18:08";"53";"Sem vítima";"426,000";"BR-386/RS";"Decrescente";"Colisão lateral no mesmo sentido";1;0;0;1;0;0;0;0;0;0;3;0;0;0;0
"21/08/2025";"12:16:19";"139";"Com vítima";"437,000";"BR-386/RS";"Crescente";"Colisão lateral no mesmo sentido";1;0;0;1;0;0;0;0;0;0;2;0;1;0;0
"21/08/2025";"17:05:04";"183";"Sem vítima";"60,000";"BR-290/RS";"Decrescente";"Colisão lateral no mesmo sentido";1;0;0;0;0;0;0;0;0;0;1;0;0;0;0
"21/08/2025";"19:23:11";"199";"Sem vítima";"358,240";"BR-386/RS";"Crescente";"Colisão traseira";0;0;2;0;0;0;0;0;0;0;2;0;0;0;0
"21/08/2025";"21:17:14";"216";"Com vítima";"246,800";"BR-386/RS";"Crescente";"Colisão transversal";2;0;2;0;0;0;0;0;0;0;3;0;0;2;0
"22/08/2025";"02:22:22";"15";"Sem vítima";"18,500";"BR-448/RS";"Decrescente";"Choque";1;0;0;0;0;0;0;0;0;0;1;0;0;0;0
"22/08/2025";"04:45:43";"20";"Sem vítima";"307,400";"BR-386/RS";"Crescente";"Saída de pista";1;0;0;0;0;0;0;0;0;0;1;0;0;0;0
"22/08/2025";"06:13:39";"26";"Sem vítima";"414,500";"BR-386/RS";"Decrescente";"Saída de pista";1;0;0;0;0;0;0;0;0;0;2;0;0;0;0
"22/08/2025";"09:12:30";"89";"Sem vítima";"94,000";"BR-290/RS";"Decrescente";"Choque";1;0;0;0;0;0;0;0;0;0;1;0;0;0;0
"22/08/2025";"12:33:10";"122";"Sem vítima";"84,000";"BR-290/RS";"Crescente";"Colisão traseira";2;0;0;0;0;0;0;0;0;0;2;0;0;0;0
"22/08/2025";"22:14:16";"207";"Sem vítima";"81,000";"BR-101/RS";"Decrescente";"Colisão traseira";1;0;0;0;0;0;0;0;0;0;1;0;0;0;0
"23/08/2025";"01:17:34";"8";"Sem vítima";"258,000";"BR-386/RS";"Crescente";"Saída de pista";1;0;0;0;0;0;0;0;0;0;2;0;0;0;0
"23/08/2025";"05:18:16";"13";"Com vítima";"369,000";"BR-386/RS";"Crescente";"Saída de pista";0;0;0;1;0;0;0;0;0;0;0;1;1;0;0
"23/08/2025";"06:40:34";"23";"Sem vítima";"342,000";"BR-386/RS";"Crescente";"Saída de pista";1;0;0;0;0;0;0;0;0;0;2;0;0;0;0
"23/08/2025";"09:25:42";"49";"Sem vítima";"396,000";"BR-386/RS";"Crescente";"Choque";1;0;0;0;0;0;0;0;0;0;2;0;0;0;0
"23/08/2025";"10:27:53";"56";"Com vítima";"296,000";"BR-386/RS";"Decrescente";"Colisão transversal";3;0;0;0;0;0;0;0;0;0;7;4;0;0;0
"23/08/2025";"11:07:59";"60";"Sem vítima";"279,000";"BR-386/RS";"Crescente";"Choque";1;0;0;0;0;0;0;0;0;0;2;0;0;0;0
"23/08/2025";"11:10:06";"61";"Com vítima";"356,000";"BR-386/RS";"Decrescente";"Capotamento";1;0;0;0;0;0;0;0;0;0;1;2;0;0;0
"23/08/2025";"12:22:24";"67";"Sem vítima";"332,000";"BR-386/RS";"Crescente";"Capotamento";1;0;0;0;0;0;0;0;0;0;1;0;0;0;0
"23/08/2025";"12:48:24";"70";"Sem vítima";"396,000";"BR-386/RS";"Crescente";"Saída de pista";1;0;0;0;0;0;0;0;0;0;1;0;0;0;0
"23/08/2025";"12:53:24";"71";"Com vítima";"290,000";"BR-386/RS";"Crescente";"Colisão frontal";2;0;0;0;0;0;0;0;0;0;0;1;0;3;3
"23/08/2025";"13:03:21";"73";"Sem vítima";"10,000";"BR-290/RS";"Decrescente";"Choque";1;0;0;0;0;0;0;0;0;0;2;0;0;0;0
"23/08/2025";"13:19:29";"78";"Sem vítima";"22,000";"BR-448/RS";"Crescente";"Choque";1;0;0;0;0;0;0;0;0;0;2;0;0;0;0
"23/08/2025";"13:28:23";"80";"Sem vítima";"434,000";"BR-386/RS";"Crescente";"Colisão traseira";2;0;0;0;0;0;0;0;0;0;3;0;0;0;0
"23/08/2025";"13:41:39";"83";"Sem vítima";"411,000";"BR-386/RS";"Decrescente";"Saída de pista";1;0;0;0;0;0;0;0;0;0;2;0;0;0;0
"23/08/2025";"16:02:30";"88";"Sem vítima";"411,000";"BR-386/RS";"Decrescente";"Saída de pista";1;0;0;0;0;0;0;0;0;0;1;0;0;0;0
"23/08/2025";"16:06:26";"90";"Sem vítima";"295,000";"BR-386/RS";"Decrescente";"Colisão lateral no mesmo sentido";1;0;0;0;0;0;0;0;0;0;2;0;0;0;0
"23/08/2025";"21:11:32";"125";"Sem vítima";"91,000";"BR-290/RS";"Crescente";"Colisão traseira";2;0;0;0;0;0;0;0;0;0;11;0;0;0;0
"23/08/2025";"22:46:45";"133";"Sem vítima";"9,000";"BR-448/RS";"Crescente";"Choque";1;0;0;0;0;0;0;0;0;0;1;0;0;0;0
"23/08/2025";"23:54:30";"136";"Sem vítima";"9,000";"BR-448/RS";"Crescente";"Saída de pista";1;0;0;0;0;0;0;0;0;0;1;0;0;0;0
"24/08/2025";"03:03:22";"8";"Sem vítima";"19,000";"BR-290/RS";"Crescente";"Saída de pista";1;0;0;0;0;0;0;0;0;0;1;0;0;0;0
"24/08/2025";"05:38:00";"13";"Sem vítima";"86,000";"BR-290/RS";"Decrescente";"Choque";1;0;0;0;0;0;0;0;0;0;1;0;0;0;0
"24/08/2025";"11:15:30";"49";"Sem vítima";"307,000";"BR-386/RS";"Crescente";"Saída de pista";1;0;0;0;0;0;0;0;0;0;3;0;0;0;0
"24/08/2025";"15:24:29";"77";"Sem vítima";"1,000";"BR-290/RS";"Decrescente";"Saída de pista";1;0;0;0;0;0;0;0;0;0;2;0;0;0;0
"24/08/2025";"19:07:38";"106";"Sem vítima";"1,000";"BR-290/RS";"Decrescente";"Saída de pista";1;0;0;0;0;0;0;0;0;0;1;0;0;0;0
"24/08/2025";"19:18:11";"108";"Sem vítima";"16,000";"BR-290/RS";"Crescente";"Choque";1;0;0;0;0;0;0;0;0;0;1;0;0;0;0
"24/08/2025";"22:38:15";"127";"Sem vítima";"37,000";"BR-101/RS";"Crescente";"Saída de pista";0;0;1;0;0;0;0;0;0;0;1;0;0;0;0
"25/08/2025";"08:03:35";"75";"Sem vítima";"56,000";"BR-290/RS";"Decrescente";"Atropelamento de animal";1;0;0;0;0;0;0;0;0;0;2;0;0;0;0
"25/08/2025";"19:22:49";"225";"Sem vítima";"366,000";"BR-386/RS";"Decrescente";"Colisão traseira";1;0;0;0;0;0;0;0;0;0;1;0;0;0;0
"26/08/2025";"05:37:02";"11";"Sem vítima";"19,600";"BR-101/RS";"Decrescente";"Choque";1;0;0;0;0;0;0;0;0;0;1;0;0;0;0
"26/08/2025";"05:51:14";"14";"Sem vítima";"41,700";"BR-290/RS";"Crescente";"Colisão traseira";0;0;2;0;0;0;0;0;0;0;4;0;0;0;0
"26/08/2025";"07:22:06";"50";"Com vítima";"347,000";"BR-386/RS";"Decrescente";"Colisão lateral no mesmo sentido";1;0;0;1;0;0;0;0;0;0;2;1;0;0;0
"26/08/2025";"10:37:07";"139";"Sem vítima";"81,000";"BR-290/RS";"Crescente";"Choque";1;0;0;0;0;0;0;0;0;0;1;0;0;0;0
"26/08/2025";"14:42:45";"185";"Sem vítima";"392,000";"BR-386/RS";"Crescente";"Saída de pista";1;0;0;0;0;0;0;0;0;0;2;0;0;0;0
"26/08/2025";"15:06:58";"189";"Sem vítima";"48,000";"BR-290/RS";"Decrescente";"Colisão lateral no mesmo sentido";2;0;0;0;0;0;0;0;0;0;0;0;0;0;0
"26/08/2025";"15:41:06";"192";"Sem vítima";"379,000";"BR-386/RS";"Decrescente";"Colisão traseira";1;0;1;0;0;0;0;0;0;0;5;0;0;0;0
"26/08/2025";"17:13:42";"203";"Sem vítima";"265,000";"BR-386/RS";"Decrescente";"Saída de pista";1;0;0;0;0;0;0;0;0;0;1;0;0;0;0
"26/08/2025";"21:54:33";"231";"Sem vítima";"26,000";"BR-290/RS";"Decrescente";"Colisão lateral no mesmo sentido";0;0;0;1;0;0;0;0;0;0;1;0;0;0;0
"27/08/2025";"06:30:49";"28";"Sem vítima";"362,000";"BR-386/RS";"Crescente";"Colisão lateral no mesmo sentido";2;0;0;0;0;0;0;0;0;0;2;0;0;0;0
"27/08/2025";"06:52:21";"39";"Com vítima";"345,000";"BR-386/RS";"Crescente";"Choque";1;0;0;0;0;0;0;0;0;0;0;1;0;0;0
"27/08/2025";"08:08:13";"70";"Com vítima";"96,500";"BR-290/RS";"Crescente";"Colisão traseira";1;0;0;1;0;0;0;0;0;0;1;1;0;0;0
"27/08/2025";"14:46:53";"172";"Com vítima";"349,000";"BR-386/RS";"Decrescente";"Colisão lateral no mesmo sentido";1;0;0;1;0;0;0;0;0;0;1;1;0;0;0
"27/08/2025";"22:35:54";"245";"Com vítima";"8,000";"BR-448/RS";"Crescente";"Colisão traseira";1;0;0;2;0;0;0;0;0;0;1;0;1;1;0
"28/08/2025";"02:32:59";"3";"Sem vítima";"19,000";"BR-290/RS";"Crescente";"Choque";0;0;1;0;0;0;0;0;0;0;1;0;0;0;0
"28/08/2025";"07:31:46";"48";"Sem vítima";"95,000";"BR-290/RS";"Crescente";"Colisão traseira";1;0;1;0;0;0;0;0;0;0;3;0;0;0;0
"28/08/2025";"08:00:11";"60";"Com vítima";"354,000";"BR-386/RS";"Crescente";"Colisão lateral no mesmo sentido";1;0;1;0;0;0;0;0;0;0;0;1;1;0;0
"28/08/2025";"14:48:22";"158";"Com vítima";"417,000";"BR-386/RS";"Decrescente";"Colisão frontal";2;0;0;0;0;0;0;0;0;0;1;2;0;0;0
"28/08/2025";"19:29:35";"185";"Com vítima";"371,000";"BR-386/RS";"Decrescente";"Acidentes de outra natureza";1;0;0;0;0;0;0;0;0;0;0;1;0;0;0
"28/08/2025";"23:18:32";"208";"Com vítima";"214,000";"BR-386/RS";"Decrescente";"Colisão lateral no mesmo sentido";2;0;0;0;0;0;0;0;0;0;1;0;0;2;0
"29/08/2025";"05:35:04";"17";"Sem vítima";"354,000";"BR-386/RS";"Decrescente";"Choque";1;0;0;0;0;0;0;0;0;0;2;0;0;0;0
"29/08/2025";"12:42:36";"153";"Com vítima";"435,000";"BR-386/RS";"Decrescente";"Colisão lateral no mesmo sentido";1;0;0;1;0;0;0;0;0;0;2;1;0;0;0
"29/08/2025";"15:09:34";"182";"Sem vítima";"346,000";"BR-386/RS";"Crescente";"Colisão traseira";2;0;0;0;0;0;0;0;0;0;2;0;0;0;0
"29/08/2025";"15:47:15";"189";"Sem vítima";"90,000";"BR-290/RS";"Decrescente";"Colisão lateral no mesmo sentido";1;0;1;0;0;0;0;0;0;0;4;0;0;0;0
"29/08/2025";"18:04:44";"213";"Com vítima";"11,800";"BR-290/RS";"Decrescente";"Tombamento";0;0;1;0;0;0;0;0;0;0;0;1;0;0;0
"29/08/2025";"19:53:37";"230";"Com vítima";"429,000";"BR-386/RS";"Decrescente";"Colisão transversal";2;0;0;0;0;0;0;0;0;0;2;0;2;0;0
"30/08/2025";"03:21:56";"13";"Sem vítima";"57,000";"BR-101/RS";"Decrescente";"Saída de pista";0;0;1;0;0;0;0;0;0;0;1;0;0;0;0
"30/08/2025";"10:31:57";"85";"Com vítima";"71,200";"BR-290/RS";"Decrescente";"Queda de moto";0;0;0;1;0;0;0;0;0;0;1;1;0;0;0
"30/08/2025";"15:57:33";"136";"Com vítima";"71,000";"BR-290/RS";"Crescente";"Choque";1;0;0;0;0;0;0;0;0;0;0;0;1;0;0
"30/08/2025";"19:05:14";"156";"Sem vítima";"76,000";"BR-290/RS";"Decrescente";"Tombamento";1;0;0;0;0;0;0;0;0;0;2;0;0;0;0
"30/08/2025";"19:09:33";"159";"Sem vítima";"21,000";"BR-290/RS";"Decrescente";"Saída de pista";1;0;0;0;0;0;0;0;0;0;2;0;0;0;0
"31/08/2025";"01:59:48";"5";"Com vítima";"50,000";"BR-101/RS";"Crescente";"Atropelamento de animal";1;0;0;0;0;0;0;0;0;0;0;1;0;0;0
"31/08/2025";"08:33:49";"39";"Com vítima";"4,000";"BR-290/RS";"Crescente";"Choque";1;0;0;0;0;0;0;0;0;0;1;0;1;3;0
"31/08/2025";"11:29:24";"67";"Com vítima";"352,000";"BR-386/RS";"Crescente";"Colisão traseira";2;0;0;1;0;0;0;0;0;0;2;1;1;0;0
"31/08/2025";"12:00:51";"71";"Sem vítima";"41,000";"BR-290/RS";"Decrescente";"Colisão lateral no mesmo sentido";1;0;1;0;0;0;0;0;0;0;3;0;0;0;0
"31/08/2025";"12:01:55";"72";"Sem vítima";"410,000";"BR-386/RS";"Crescente";"Saída de pista";1;0;0;0;0;0;0;0;0;0;3;0;0;0;0
"31/08/2025";"17:22:04";"117";"Sem vítima";"427,000";"BR-386/RS";"Decrescente";"Colisão traseira";1;0;0;0;0;0;0;0;0;0;1;0;0;0;0
"31/08/2025";"18:52:08";"134";"Com vítima";"86,000";"BR-290/RS";"Crescente";"Colisão lateral no mesmo sentido";1;0;0;1;0;0;0;0;0;0;1;1;0;0;0
"01/09/2025";"00:36:54";"1";"Com vítima";"29,000";"BR-290/RS";"Crescente";"Colisão traseira";0;0;2;0;0;0;0;0;0;0;1;0;1;0;0
"01/09/2025";"01:48:12";"3";"Com vítima";"39,000";"BR-101/RS";"Decrescente";"Queda de moto";0;0;0;1;0;0;0;0;0;0;0;0;1;0;0
"01/09/2025";"01:48:53";"4";"Com vítima";"89,200";"BR-290/RS";"Crescente";"Colisão lateral no mesmo sentido";2;0;0;0;0;0;0;0;0;0;0;0;1;1;0
"01/09/2025";"02:00:18";"7";"Sem vítima";"353,000";"BR-386/RS";"Decrescente";"Saída de pista";1;0;0;0;0;0;0;0;0;0;2;0;0;0;0
"01/09/2025";"03:31:32";"12";"Sem vítima";"415,000";"BR-386/RS";"Crescente";"Choque";1;0;0;0;0;0;0;0;0;0;2;0;0;0;0
"01/09/2025";"04:49:43";"13";"Sem vítima";"413,000";"BR-386/RS";"Decrescente";"Tombamento";0;0;1;0;0;0;0;0;0;0;1;0;0;0;0
"01/09/2025";"07:56:04";"60";"Sem vítima";"86,000";"BR-290/RS";"Crescente";"Engavetamento";2;0;0;0;0;0;0;0;0;0;6;0;0;0;0
"01/09/2025";"08:23:59";"74";"Sem vítima";"85,000";"BR-290/RS";"Crescente";"Colisão traseira";1;0;1;0;0;0;0;0;0;0;2;0;0;0;0
"01/09/2025";"09:13:53";"97";"Com vítima";"22,000";"BR-448/RS";"Decrescente";"Queda de moto";0;0;0;1;0;0;0;0;0;0;0;1;0;0;0