data;horario;n_da_ocorrencia;tipo_de_ocorrencia;km;trecho;sentido;tipo_de_acidente;automovel;bicicleta;caminhao;moto;onibus;outros;tracao_animal;transporte_de_cargas_especiais;trator_maquinas;utilitarios;ilesos;levemente_feridos;moderadamente_feridos;gravemente_feridos;mortos
"01/09/2025";"09:27:56";"101";"Sem vítima";"86,000";"BR-290/RS";"Crescente";"Colisão lateral no mesmo sentido";1;0;0;0;0;0;0;0;0;0;1;0;0;0;0
"01/09/2025";"11:36:27";"142";"Sem vítima";"279,000";"BR-386/RS";"Decrescente";"Tombamento";0;0;1;0;0;0;0;0;0;0;1;0;0;0;0
"01/09/2025";"17:04:42";"204";"Sem vítima";"80,000";"BR-101/RS";"Decrescente";"Capotamento";1;0;0;0;0;0;0;0;0;0;1;0;0;0;0
"01/09/2025";"17:46:15";"210";"Sem vítima";"345,000";"BR-386/RS";"Decrescente";"Colisão lateral no mesmo sentido";1;0;1;0;0;0;0;0;0;0;2;0;0;0;0
"01/09/2025";"21:20:05";"241";"Sem vítima";"197,000";"BR-386/RS";"Crescente";"Choque";1;0;0;0;0;0;0;0;0;0;1;0;0;0;0
"01/09/2025";"23:48:09";"249";"Sem vítima";"62,000";"BR-290/RS";"Decrescente";"Saída de pista";1;0;0;0;0;0;0;0;0;0;1;0;0;0;0
"02/09/2025";"07:03:53";"38";"Sem vítima";"86,000";"BR-290/RS";"Decrescente";"Capotamento";1;0;0;0;0;0;0;0;0;0;2;0;0;0;0
"02/09/2025";"10:19:48";"111";"Sem vítima";"229,400";"BR-386/RS";"Decrescente";"Tombamento";0;0;1;0;0;0;0;0;0;0;1;0;0;0;0
"02/09/2025";"13:01:07";"148";"Com vítima";"242,000";"BR-386/RS";"Decrescente";"Colisão traseira";1;0;1;0;0;0;0;0;0;0;2;1;0;0;0
"02/09/2025";"21:00:55";"220";"Sem vítima";"414,000";"BR-386/RS";"Decrescente";"Capotamento";1;0;0;0;0;0;0;0;0;0;1;0;0;0;0
"03/09/2025";"10:05:07";"92";"Sem vítima";"3,000";"BR-290/RS";"Crescente";"Colisão transversal";0;0;1;0;0;0;0;0;0;0;1;0;0;0;0
"03/09/2025";"11:04:46";"104";"Sem vítima";"2,000";"BR-101/RS";"Decrescente";"Colisão lateral no mesmo sentido";1;0;0;0;0;0;0;0;0;0;1;0;0;0;0
"03/09/2025";"15:24:15";"148";"Sem vítima";"411,000";"BR-386/RS";"Decrescente";"Saída de pista";1;0;0;0;0;0;0;0;0;0;2;0;0;0;0
"03/09/2025";"17:34:17";"167";"Sem vítima";"266,000";"BR-386/RS";"Decrescente";"Tombamento";0;0;1;0;0;0;0;0;0;0;1;0;0;0;0
"03/09/2025";"19:21:22";"189";"Sem vítima";"21,600";"BR-290/RS";"Decrescente";"Choque";1;0;0;0;0;0;0;0;0;0;2;0;0;0;0
"03/09/2025";"21:33:45";"213";"Sem vítima";"52,000";"BR-101/RS";"Decrescente";"Saída de pista";1;0;0;0;0;0;0;0;0;0;3;0;0;0;0
"04/09/2025";"03:48:35";"11";"Com vítima";"14,000";"BR-101/RS";"Decrescente";"Tombamento";0;0;1;0;0;0;0;0;0;0;0;1;0;0;0
"04/09/2025";"06:42:19";"17";"Com vítima";"325,000";"BR-386/RS";"Decrescente";"Colisão traseira";1;0;1;0;0;0;0;0;0;0;3;1;0;0;0
"04/09/2025";"07:48:14";"25";"Sem vítima";"346,000";"BR-386/RS";"Decrescente";"Colisão traseira";1;0;1;0;0;0;0;0;0;0;7;0;0;0;0
"04/09/2025";"08:08:00";"31";"Sem vítima";"38,000";"BR-290/RS";"Decrescente";"Choque";1;0;0;0;0;0;0;0;0;0;1;0;0;0;0
"04/09/2025";"08:51:14";"49";"Sem vítima";"366,000";"BR-386/RS";"Crescente";"Choque";1;0;0;0;0;0;0;0;0;0;1;0;0;0;0
"04/09/2025";"08:51:15";"48";"Sem vítima";"411,000";"BR-386/RS";"Decrescente";"Saída de pista";1;0;0;0;0;0;0;0;0;0;1;0;0;0;0
"04/09/2025";"08:58:34";"50";"Com vítima";"96,000";"BR-290/RS";"Decrescente";"Tombamento";1;0;0;0;0;0;0;0;0;0;0;2;1;0;0
"04/09/2025";"09:09:46";"54";"Sem vítima";"82,000";"BR-290/RS";"Crescente";"Colisão lateral no mesmo sentido";2;0;0;0;0;0;0;0;0;0;2;0;0;0;0
"04/09/2025";"11:53:33";"73";"Sem vítima";"365,000";"BR-386/RS";"Crescente";"Saída de pista";1;0;0;0;0;0;0;0;0;0;1;0;0;0;0
"04/09/2025";"12:09:22";"75";"Sem vítima";"23,000";"BR-290/RS";"Decrescente";"Saída de pista";1;0;0;0;0;0;0;0;0;0;3;0;0;0;0
"04/09/2025";"12:12:05";"77";"Sem vítima";"403,000";"BR-386/RS";"Decrescente";"Colisão traseira";1;0;1;0;0;0;0;0;0;0;2;0;0;0;0
"04/09/2025";"13:49:11";"83";"Com vítima";"24,000";"BR-290/RS";"Crescente";"Colisão traseira";1;0;0;0;0;0;0;0;0;0;0;1;0;0;0
"04/09/2025";"14:27:47";"88";"Sem vítima";"11,000";"BR-290/RS";"Crescente";"Saída de pista";1;0;0;0;0;0;0;0;0;0;1;0;0;0;0
"04/09/2025";"14:34:10";"89";"Sem vítima";"362,000";"BR-386/RS";"Crescente";"Capotamento";1;0;0;0;0;0;0;0;0;0;1;0;0;0;0
"04/09/2025";"15:17:25";"99";"Sem vítima";"397,000";"BR-386/RS";"Decrescente";"Choque";1;0;0;0;0;0;0;0;0;0;2;0;0;0;0
"04/09/2025";"17:52:25";"118";"Sem vítima";"435,000";"BR-386/RS";"Decrescente";"Colisão lateral no mesmo sentido";1;0;0;1;0;0;0;0;0;0;2;0;0;0;0
"04/09/2025";"18:00:42";"121";"Sem vítima";"361,000";"BR-386/RS";"Crescente";"Choque";1;0;0;0;0;0;0;0;0;0;2;0;0;0;0
"04/09/2025";"20:05:35";"144";"Sem vítima";"335,000";"BR-386/RS";"Crescente";"Choque";1;0;0;0;0;0;0;0;0;0;2;0;0;0;0
"04/09/2025";"20:42:34";"149";"Sem vítima";"268,000";"BR-386/RS";"Crescente";"Colisão lateral no mesmo sentido";1;0;1;0;0;0;0;0;0;0;5;0;0;0;0
"05/09/2025";"02:04:10";"5";"Sem vítima";"303,000";"BR-386/RS";"Crescente";"Saída de pista";1;0;0;0;0;0;0;0;0;0;1;0;0;0;0
"05/09/2025";"02:41:19";"8";"Sem vítima";"303,000";"BR-386/RS";"Crescente";"Saída de pista";1;0;0;0;0;0;0;0;0;0;1;0;0;0;0
"05/09/2025";"03:43:13";"11";"Sem vítima";"49,500";"BR-290/RS";"Crescente";"Choque";0;0;1;0;0;0;0;0;0;0;1;0;0;0;0
"05/09/2025";"07:01:01";"33";"Sem vítima";"24,000";"BR-290/RS";"Crescente";"Saída de pista";1;0;0;0;0;0;0;0;0;0;1;0;0;0;0
"05/09/2025";"07:52:15";"50";"Sem vítima";"22,000";"BR-448/RS";"Crescente";"Engavetamento";5;0;0;0;0;0;0;0;0;0;5;0;0;0;0
"05/09/2025";"09:29:45";"84";"Sem vítima";"86,000";"BR-290/RS";"Crescente";"Colisão lateral no mesmo sentido";1;0;1;0;0;0;0;0;0;0;2;0;0;0;0
"05/09/2025";"13:34:10";"126";"Com vítima";"67,700";"BR-101/RS";"Decrescente";"Choque";1;0;0;0;0;0;0;0;0;0;2;2;0;0;0
"05/09/2025";"13:36:12";"128";"Com vítima";"318,000";"BR-386/RS";"Crescente";"Colisão lateral no mesmo sentido";2;0;0;0;0;0;0;0;0;0;3;1;0;0;0
"05/09/2025";"15:03:42";"145";"Sem vítima";"432,000";"BR-386/RS";"Decrescente";"Colisão lateral no mesmo sentido";1;0;2;0;0;0;0;0;0;0;4;0;0;0;0
"05/09/2025";"16:41:10";"155";"Sem vítima";"427,000";"BR-386/RS";"Decrescente";"Engavetamento";1;0;0;0;0;0;0;0;0;0;1;0;0;0;0
"05/09/2025";"17:21:58";"162";"Sem vítima";"429,000";"BR-386/RS";"Decrescente";"Colisão traseira";2;0;0;0;0;0;0;0;0;0;4;0;0;0;0
"05/09/2025";"18:23:16";"170";"Sem vítima";"435,000";"BR-386/RS";"Decrescente";"Engavetamento";3;0;0;0;0;0;0;0;0;0;3;0;0;0;0
"05/09/2025";"22:16:17";"211";"Sem vítima";"246,000";"BR-386/RS";"Decrescente";"Saída de pista";1;0;0;0;0;0;0;0;0;0;4;0;0;0;0
"05/09/2025";"22:52:32";"215";"Sem vítima";"71,000";"BR-101/RS";"Crescente";"Saída de pista";1;0;0;0;0;0;0;0;0;0;2;0;0;0;0
"05/09/2025";"23:38:28";"226";"Sem vítima";"347,000";"BR-386/RS";"Crescente";"Queda de moto";0;0;0;1;0;0;0;0;0;0;1;0;0;0;0
"06/09/2025";"10:43:54";"76";"Sem vítima";"88,000";"BR-290/RS";"Crescente";"Choque";1;0;0;0;0;0;0;0;0;0;2;0;0;0;0
"06/09/2025";"13:18:25";"90";"Sem vítima";"359,000";"BR-386/RS";"Crescente";"Choque";1;0;0;0;0;0;0;0;0;0;3;0;0;0;0
"06/09/2025";"17:34:57";"125";"Sem vítima";"55,900";"BR-290/RS";"Crescente";"Choque";1;0;0;0;0;0;0;0;0;0;6;0;0;0;0
"06/09/2025";"18:51:50";"138";"Sem vítima";"428,000";"BR-386/RS";"Crescente";"Saída de pista";1;0;0;0;0;0;0;0;0;0;2;0;0;0;0
"06/09/2025";"19:10:06";"140";"Sem vítima";"92,000";"BR-290/RS";"Decrescente";"Capotamento";1;0;0;0;0;0;0;0;0;0;2;0;0;0;0
"06/09/2025";"19:52:04";"148";"Sem vítima";"30,000";"BR-101/RS";"Decrescente";"Choque";1;0;0;0;0;0;0;0;0;0;1;0;0;0;0
"07/09/2025";"11:33:20";"53";"Sem vítima";"229,000";"BR-386/RS";"Decrescente";"Colisão lateral no mesmo sentido";1;0;0;1;0;0;0;0;0;0;2;0;0;0;0
"07/09/2025";"15:55:59";"77";"Sem vítima";"87,000";"BR-290/RS";"Decrescente";"Colisão traseira";2;0;0;0;0;0;0;0;0;0;3;0;0;0;0
"07/09/2025";"16:10:59";"82";"Com vítima";"89,100";"BR-290/RS";"Decrescente";"Engavetamento";3;0;0;0;0;0;0;0;0;0;8;1;0;0;0
"07/09/2025";"18:48:54";"124";"Sem vítima";"337,500";"BR-386/RS";"Decrescente";"Colisão traseira";2;0;0;0;0;0;0;0;0;0;3;0;0;0;0
"08/09/2025";"04:36:27";"4";"Com vítima";"68,000";"BR-290/RS";"Decrescente";"Capotamento";1;0;0;0;0;0;0;0;0;0;0;2;0;0;0
"08/09/2025";"08:02:46";"30";"Sem vítima";"351,000";"BR-386/RS";"Decrescente";"Saída de pista";1;0;0;0;0;0;0;0;0;0;3;0;0;0;0
"08/09/2025";"08:10:26";"33";"Com vítima";"426,000";"BR-386/RS";"Decrescente";"Colisão traseira";1;0;1;0;0;0;0;0;0;0;2;0;2;0;0
"08/09/2025";"10:35:48";"82";"Sem vítima";"94,200";"BR-290/RS";"Decrescente";"Choque";1;0;0;0;0;0;0;0;0;0;2;0;0;0;0
"08/09/2025";"11:42:17";"100";"Sem vítima";"14,000";"BR-448/RS";"Crescente";"Colisão transversal";2;0;0;0;0;0;0;0;0;0;4;0;0;0;0
"08/09/2025";"11:48:11";"101";"Sem vítima";"22,000";"BR-448/RS";"Decrescente";"Saída de pista";1;0;0;0;0;0;0;0;0;0;1;0;0;0;0
"08/09/2025";"14:45:54";"112";"Sem vítima";"93,000";"BR-290/RS";"Crescente";"Choque";1;0;0;0;0;0;0;0;0;0;1;0;0;0;0
"08/09/2025";"15:10:43";"115";"Com vítima";"16,000";"BR-101/RS";"Crescente";"Capotamento";1;0;0;0;0;0;0;0;0;0;1;1;0;0;0
"08/09/2025";"15:18:14";"117";"Sem vítima";"15,800";"BR-101/RS";"Crescente";"Colisão traseira";0;0;1;0;0;0;0;0;0;0;1;0;0;0;0
"08/09/2025";"17:31:10";"131";"Sem vítima";"445,000";"BR-386/RS";"Crescente";"Saída de pista";1;0;0;0;0;0;0;0;0;0;1;0;0;0;0
"08/09/2025";"17:34:57";"134";"Com vítima";"10,000";"BR-290/RS";"Decrescente";"Saída de pista";1;0;0;0;0;0;0;0;0;0;0;1;0;0;0
"08/09/2025";"17:52:10";"138";"Sem vítima";"53,000";"BR-290/RS";"Decrescente";"Colisão lateral no mesmo sentido";2;0;0;0;0;0;0;0;0;0;3;0;0;0;0
"08/09/2025";"18:33:06";"145";"Sem vítima";"241,000";"BR-386/RS";"Crescente";"Saída de pista";0;0;1;0;0;0;0;0;0;0;1;0;0;0;0
"08/09/2025";"23:44:25";"174";"Com vítima";"301,600";"BR-386/RS";"Decrescente";"Colisão frontal";0;0;1;1;0;0;0;0;0;0;1;0;0;0;1
"09/09/2025";"02:04:39";"4";"Sem vítima";"259,000";"BR-386/RS";"Decrescente";"Colisão traseira";0;0;2;0;0;0;0;0;0;0;2;0;0;0;0
"09/09/2025";"07:30:34";"28";"Sem vítima";"293,000";"BR-386/RS";"Decrescente";"Colisão traseira";2;0;0;0;0;0;0;0;0;0;6;0;0;0;0
"09/09/2025";"07:51:12";"30";"Sem vítima";"396,000";"BR-386/RS";"Crescente";"Saída de pista";1;0;0;0;0;0;0;0;0;0;1;0;0;0;0
"09/09/2025";"08:09:07";"40";"Sem vítima";"440,000";"BR-386/RS";"Crescente";"Saída de pista";1;0;0;0;0;0;0;0;0;0;0;0;0;0;0
"09/09/2025";"09:02:42";"71";"Sem vítima";"7,000";"BR-448/RS";"Decrescente";"Saída de pista";1;0;0;0;0;0;0;0;0;0;1;0;0;0;0
"09/09/2025";"09:15:19";"76";"Sem vítima";"22,000";"BR-448/RS";"Crescente";"Saída de pista";1;0;0;0;0;0;0;0;0;0;1;0;0;0;0
"09/09/2025";"10:10:00";"99";"Sem vítima";"42,050";"BR-290/RS";"Crescente";"Choque";1;0;0;0;0;0;0;0;0;0;2;0;0;0;0
"09/09/2025";"10:40:02";"107";"Sem vítima";"247,000";"BR-386/RS";"Decrescente";"Colisão lateral no mesmo sentido";1;0;1;0;0;0;0;0;0;0;2;0;0;0;0
"09/09/2025";"11:05:53";"114";"Sem vítima";"91,000";"BR-290/RS";"Decrescente";"Colisão traseira";2;0;0;0;0;0;0;0;0;0;2;0;0;0;0
"09/09/2025";"12:33:06";"130";"Sem vítima";"94,000";"BR-290/RS";"Decrescente";"Queda de moto";0;0;0;1;0;0;0;0;0;0;1;0;0;0;0
"09/09/2025";"16:39:16";"170";"Com vítima";"62,000";"BR-101/RS";"Decrescente";"Colisão traseira";0;0;2;0;0;0;0;0;0;0;1;1;0;0;0
"09/09/2025";"21:05:00";"198";"Sem vítima";"262,200";"BR-386/RS";"Crescente";"Choque";2;0;2;0;0;0;0;0;0;0;15;0;0;0;0
"10/09/2025";"08:02:26";"52";"Sem vítima";"434,000";"BR-386/RS";"Crescente";"Colisão traseira";2;0;0;0;0;0;0;0;0;0;6;0;0;0;0
"10/09/2025";"08:43:42";"65";"Sem vítima";"431,000";"BR-386/RS";"Decrescente";"Colisão traseira";1;0;0;0;0;0;0;0;0;0;1;0;0;0;0
"10/09/2025";"09:08:23";"71";"Sem vítima";"242,000";"BR-386/RS";"Crescente";"Colisão traseira";1;0;1;0;0;0;0;0;0;0;3;0;0;0;0
"10/09/2025";"10:05:57";"83";"Sem vítima";"333,000";"BR-386/RS";"Decrescente";"Engavetamento";1;0;2;0;0;0;0;0;0;0;5;0;0;0;0
"10/09/2025";"14:13:57";"153";"Com vítima";"365,000";"BR-386/RS";"Crescente";"Saída de pista";1;0;0;0;0;0;0;0;0;0;0;1;0;0;0
"10/09/2025";"14:18:24";"154";"Sem vítima";"37,000";"BR-290/RS";"Decrescente";"Colisão traseira";0;0;1;0;0;0;0;0;0;0;1;0;0;0;0
"11/09/2025";"07:51:33";"52";"Com vítima";"95,000";"BR-290/RS";"Crescente";"Engavetamento";3;0;0;0;0;0;0;0;0;0;2;3;0;0;0
"11/09/2025";"08:52:57";"80";"Com vítima";"89,000";"BR-290/RS";"Crescente";"Colisão lateral no mesmo sentido";1;0;0;1;0;0;0;0;0;0;0;3;0;0;0
"11/09/2025";"10:14:45";"102";"Sem vítima";"92,000";"BR-290/RS";"Crescente";"Colisão lateral no mesmo sentido";2;0;0;0;0;0;0;0;0;0;3;0;0;0;0
"11/09/2025";"10:32:10";"105";"Sem vítima";"258,000";"BR-386/RS";"Decrescente";"Choque";1;0;0;0;0;0;0;0;0;0;1;0;0;0;0
"11/09/2025";"11:09:51";"117";"Sem vítima";"92,000";"BR-290/RS";"Decrescente";"Colisão lateral no mesmo sentido";1;0;1;0;0;0;0;0;0;0;3;0;0;0;0
"11/09/2025";"13:33:20";"139";"Com vítima";"66,000";"BR-101/RS";"Decrescente";"Colisão traseira";1;0;1;0;0;0;0;0;0;0;1;0;1;0;0
"11/09/2025";"16:19:27";"171";"Sem vítima";"30,000";"BR-290/RS";"Decrescente";"Colisão traseira";0;0;2;0;0;0;0;0;0;0;2;0;0;0;0
"11/09/2025";"18:07:42";"186";"Sem vítima";"3,000";"BR-448/RS";"Decrescente";"Colisão traseira";2;0;0;0;0;0;0;0;0;0;2;0;0;0;0
"11/09/2025";"18:16:59";"189";"Sem vítima";"436,000";"BR-386/RS";"Decrescente";"Colisão traseira";1;0;0;1;0;0;0;0;0;0;4;0;0;0;0
"11/09/2025";"18:31:50";"192";"Sem vítima";"6,000";"BR-448/RS";"Crescente";"Colisão traseira";1;0;1;0;0;0;0;0;0;0;1;0;0;0;0
"11/09/2025";"19:32:06";"197";"Sem vítima";"348,000";"BR-386/RS";"Crescente";"Colisão traseira";2;0;0;0;0;0;0;0;0;0;2;0;0;0;0
"12/09/2025";"08:05:02";"65";"Sem vítima";"87,000";"BR-290/RS";"Crescente";"Colisão traseira";1;0;0;0;0;0;0;0;0;0;1;0;0;0;0
"12/09/2025";"08:10:45";"71";"Sem vítima";"21,000";"BR-101/RS";"Crescente";"Saída de pista";1;0;0;0;0;0;0;0;0;0;2;0;0;0;0
"12/09/2025";"10:38:47";"129";"Sem vítima";"54,000";"BR-290/RS";"Crescente";"Queda de moto";0;0;0;1;0;0;0;0;0;0;1;0;0;0;0
"12/09/2025";"15:37:14";"191";"Sem vítima";"91,000";"BR-290/RS";"Crescente";"Engavetamento";2;0;0;0;0;0;0;0;0;0;2;0;0;0;0
"12/09/2025";"16:59:28";"209";"Sem vítima";"308,000";"BR-386/RS";"Decrescente";"Colisão traseira";2;0;0;0;0;0;0;0;0;0;4;0;0;0;0
"12/09/2025";"18:36:55";"221";"Com vítima";"307,800";"BR-386/RS";"Crescente";"Acidentes de outra natureza";0;0;0;0;0;0;0;1;0;0;0;1;0;0;0
"12/09/2025";"21:47:30";"253";"Com vítima";"352,800";"BR-386/RS";"Crescente";"Choque";0;0;0;1;0;0;0;0;0;0;0;0;0;0;1
"13/09/2025";"00:58:39";"2";"Com vítima";"347,000";"BR-386/RS";"Decrescente";"Colisão traseira";2;0;1;0;0;0;0;0;0;0;3;0;1;0;0
"13/09/2025";"04:36:23";"10";"Sem vítima";"278,200";"BR-386/RS";"Decrescente";"Choque";1;0;0;0;0;0;0;0;0;0;2;0;0;0;0
"13/09/2025";"09:07:51";"64";"Sem vítima";"35,000";"BR-101/RS";"Crescente";"Colisão traseira";1;0;1;0;0;0;0;0;0;0;3;0;0;0;0
"13/09/2025";"21:45:03";"171";"Sem vítima";"404,000";"BR-386/RS";"Crescente";"Tombamento";0;0;1;0;0;0;0;0;0;0;1;0;0;0;0
"14/09/2025";"01:42:57";"3";"Com vítima";"212,000";"BR-386/RS";"Decrescente";"Queda de moto";0;0;0;1;0;0;0;0;0;0;0;1;0;0;0
"14/09/2025";"03:12:09";"6";"Sem vítima";"60,000";"BR-101/RS";"Decrescente";"Choque";0;0;1;0;0;0;0;0;0;0;1;0;0;0;0
"14/09/2025";"15:21:32";"94";"Com vítima";"95,000";"BR-290/RS";"Decrescente";"Colisão traseira";2;0;0;0;0;0;0;0;0;0;1;0;1;0;0
"14/09/2025";"18:07:17";"128";"Com vítima";"367,100";"BR-386/RS";"Decrescente";"Colisão transversal";2;0;0;0;0;0;0;0;0;0;3;0;1;0;0
"14/09/2025";"18:09:02";"129";"Sem vítima";"435,000";"BR-386/RS";"Decrescente";"Colisão traseira";1;0;0;0;0;0;0;0;0;0;7;0;0;0;0
"14/09/2025";"18:31:32";"136";"Sem vítima";"240,250";"BR-386/RS";"Crescente";"Saída de pista";1;0;0;0;0;0;0;0;0;0;1;0;0;0;0
"15/09/2025";"13:49:54";"143";"Com vítima";"41,000";"BR-101/RS";"Decrescente";"Saída de pista";1;0;0;0;0;0;0;0;0;0;1;1;0;0;0
"15/09/2025";"16:06:46";"166";"Sem vítima";"42,000";"BR-290/RS";"Decrescente";"Choque";1;0;0;0;0;0;0;0;0;0;2;0;0;0;0
"15/09/2025";"16:37:31";"169";"Sem vítima";"75,000";"BR-290/RS";"Decrescente";"Choque";1;0;0;0;0;0;0;0;0;0;1;0;0;0;0
"15/09/2025";"17:04:22";"170";"Sem vítima";"440,000";"BR-386/RS";"Crescente";"Saída de pista";1;0;0;0;0;0;0;0;0;0;1;0;0;0;0
"15/09/2025";"18:57:13";"186";"Sem vítima";"306,000";"BR-386/RS";"Crescente";"Colisão traseira";2;0;0;0;0;0;0;0;0;0;3;0;0;0;0
"15/09/2025";"20:23:38";"196";"Sem vítima";"440,000";"BR-386/RS";"Decrescente";"Saída de pista";1;0;0;0;0;0;0;0;0;0;2;0;0;0;0
"16/09/2025";"00:59:06";"2";"Com vítima";"75,000";"BR-290/RS";"Decrescente";"Colisão traseira";2;0;0;0;0;0;0;0;0;0;3;1;0;0;0
"16/09/2025";"06:03:01";"11";"Com vítima";"5,800";"BR-101/RS";"Decrescente";"Acidentes de outra natureza";1;0;0;0;0;0;0;0;0;0;1;0;0;0;1
"16/09/2025";"07:16:32";"40";"Sem vítima";"264,000";"BR-386/RS";"Decrescente";"Saída de pista";0;0;1;0;0;0;0;0;0;0;1;0;0;0;0
"16/09/2025";"11:38:49";"114";"Com vítima";"36,000";"BR-101/RS";"Crescente";"Colisão traseira";1;0;0;0;0;0;0;0;0;0;0;2;1;0;0
"16/09/2025";"12:45:40";"124";"Sem vítima";"21,600";"BR-290/RS";"Crescente";"Colisão traseira";1;0;1;0;0;0;0;0;0;0;2;0;0;0;0
"16/09/2025";"14:10:26";"136";"Sem vítima";"37,200";"BR-101/RS";"Crescente";"Colisão traseira";2;0;0;0;0;0;0;0;0;0;2;0;0;0;0
"16/09/2025";"14:15:21";"137";"Sem vítima";"376,000";"BR-386/RS";"Decrescente";"Colisão traseira";1;0;1;0;0;0;0;0;0;0;2;0;0;0;0
"16/09/2025";"14:40:35";"142";"Sem vítima";"15,000";"BR-290/RS";"Decrescente";"Choque";1;0;0;0;0;0;0;0;0;0;1;0;0;0;0
"16/09/2025";"14:58:21";"148";"Sem vítima";"261,000";"BR-386/RS";"Crescente";"Colisão lateral no mesmo sentido";1;0;0;0;0;0;0;0;0;0;1;0;0;0;0
"16/09/2025";"15:55:33";"156";"Sem vítima";"14,700";"BR-290/RS";"Decrescente";"Choque";0;0;0;0;0;0;0;1;0;0;1;0;0;0;0
"16/09/2025";"18:30:35";"176";"Sem vítima";"420,000";"BR-386/RS";"Crescente";"Choque";1;0;0;0;0;0;0;0;0;0;1;0;0;0;0
"17/09/2025";"05:21:08";"10";"Com vítima";"301,000";"BR-386/RS";"Decrescente";"Queda de moto";0;0;0;1;0;0;0;0;0;0;0;1;0;0;0
"17/09/2025";"06:57:34";"38";"Com vítima";"75,000";"BR-290/RS";"Crescente";"Colisão traseira";2;0;0;0;0;0;0;0;0;0;2;1;0;0;0
"17/09/2025";"09:53:08";"115";"Sem vítima";"216,000";"BR-386/RS";"Decrescente";"Colisão traseira";0;0;2;0;0;0;0;0;0;0;2;0;0;0;0
"17/09/2025";"16:24:45";"182";"Sem vítima";"92,000";"BR-290/RS";"Decrescente";"Colisão traseira";1;0;0;0;0;0;0;0;0;0;1;0;0;0;0
"17/09/2025";"16:52:55";"186";"Sem vítima";"91,000";"BR-290/RS";"Decrescente";"Colisão traseira";1;0;0;0;0;0;0;0;0;0;1;0;0;0;0
"17/09/2025";"17:08:08";"189";"Sem vítima";"82,000";"BR-290/RS";"Decrescente";"Colisão traseira";2;0;0;0;0;0;0;0;0;0;2;0;0;0;0
"18/09/2025";"07:33:25";"47";"Sem vítima";"4,000";"BR-448/RS";"Crescente";"Colisão traseira";5;0;0;0;0;0;0;0;0;0;7;0;0;0;0
"18/09/2025";"07:52:12";"63";"Sem vítima";"89,000";"BR-290/RS";"Crescente";"Engavetamento";3;0;0;0;0;0;0;0;0;0;3;0;0;0;0
"18/09/2025";"09:20:28";"94";"Sem vítima";"96,000";"BR-290/RS";"Crescente";"Colisão traseira";2;0;0;0;0;0;0;0;0;0;2;0;0;0;0
"18/09/2025";"09:37:07";"103";"Sem vítima";"308,000";"BR-386/RS";"Crescente";"Colisão traseira";2;0;0;0;0;0;0;0;0;0;7;0;0;0;0
"18/09/2025";"09:49:17";"108";"Com vítima";"64,600";"BR-290/RS";"Crescente";"Capotamento";1;0;0;0;0;0;0;0;0;0;0;1;0;0;0
"18/09/2025";"11:04:19";"126";"Com vítima";"307,800";"BR-386/RS";"Crescente";"Colisão lateral no mesmo sentido";4;0;3;0;0;0;0;0;0;0;7;0;3;0;0
"18/09/2025";"15:50:48";"183";"Sem vítima";"41,000";"BR-101/RS";"Crescente";"Colisão lateral no mesmo sentido";1;0;0;0;0;0;0;0;0;0;2;0;0;0;0
"18/09/2025";"17:49:12";"202";"Sem vítima";"229,000";"BR-386/RS";"Decrescente";"Colisão lateral no mesmo sentido";0;0;2;0;0;0;0;0;0;0;3;0;0;0;0
"19/09/2025";"07:20:25";"33";"Sem vítima";"79,000";"BR-101/RS";"Crescente";"Colisão traseira";1;0;1;0;0;0;0;0;0;0;1;0;0;0;0
"19/09/2025";"09:22:04";"92";"Com vítima";"92,000";"BR-290/RS";"Crescente";"Colisão transversal";1;0;0;0;0;0;0;0;0;0;3;0;1;0;0
"19/09/2025";"13:42:41";"136";"Sem vítima";"426,000";"BR-386/RS";"Decrescente";"Colisão lateral no mesmo sentido";2;0;0;0;0;0;0;0;0;0;4;0;0;0;0
"19/09/2025";"16:34:55";"167";"Sem vítima";"91,000";"BR-290/RS";"Decrescente";"Saída de pista";1;0;0;0;0;0;0;0;0;0;1;0;0;0;0
"19/09/2025";"16:53:41";"171";"Sem vítima";"350,000";"BR-386/RS";"Decrescente";"Colisão traseira";1;0;0;0;0;0;0;0;0;0;2;0;0;0;0
"19/09/2025";"17:23:10";"178";"Sem vítima";"48,000";"BR-290/RS";"Crescente";"Choque";1;0;0;0;0;0;0;0;0;0;2;0;0;0;0
"19/09/2025";"19:28:45";"192";"Sem vítima";"429,000";"BR-386/RS";"Crescente";"Saída de pista";1;0;0;0;0;0;0;0;0;0;4;0;0;0;0
"20/09/2025";"03:02:20";"10";"Com vítima";"306,000";"BR-386/RS";"Crescente";"Saída de pista";1;0;0;0;0;0;0;0;0;0;0;0;1;2;0